PatientID,ArrivalTime,TriageLevel,WaitTimeMinutes,Status,StaffID
1,2026-07-19 03:20,Verde,104,In Asteptare,NULL
2,2026-07-02 03:23,Galben,159,Preluat,46
3,2026-07-26 19:40,Verde,214,Externat,NULL
4,2026-07-28 16:07,Rosu,5,Externat,NULL
5,2026-07-19 16:15,Galben,215,Externat,NULL
6,2026-07-01 11:33,Verde,240,Externat,NULL
7,2026-07-04 22:02,Galben,78,Preluat,39
8,2026-07-11 04:28,Rosu,9,Preluat,18
9,2026-07-17 12:02,Galben,45,Preluat,14
10,2026-07-19 17:05,Galben,162,Externat,NULL
11,2026-07-22 05:16,Verde,233,Externat,NULL
12,2026-07-19 11:21,Verde,58,Preluat,34
13,2026-07-09 18:24,Galben,155,Preluat,45
14,2026-07-22 01:27,Verde,151,Preluat,49
15,2026-07-29 23:28,Galben,35,Externat,NULL
16,2026-07-12 20:40,Verde,147,Preluat,2
17,2026-07-22 20:08,Verde,78,Externat,NULL
18,2026-07-07 23:49,Verde,36,Externat,NULL
19,2026-07-21 11:26,Verde,207,Externat,NULL
20,2026-07-05 05:16,Rosu,29,In Asteptare,NULL
21,2026-07-10 11:32,Verde,231,Externat,NULL
22,2026-07-01 21:41,Albastru,236,Preluat,32
23,2026-07-17 12:48,Galben,162,Preluat,33
24,2026-07-18 07:06,Galben,181,Externat,NULL
25,2026-07-01 15:34,Verde,79,In Asteptare,NULL
26,2026-07-18 13:37,Galben,197,In Asteptare,NULL
27,2026-07-30 18:11,Verde,49,In Asteptare,NULL
28,2026-07-15 23:44,Albastru,158,Preluat,22
29,2026-07-04 23:22,Galben,136,Preluat,26
30,2026-07-20 20:05,Verde,213,Externat,NULL
31,2026-07-08 22:26,Galben,135,Externat,NULL
32,2026-07-24 16:36,Galben,102,Externat,NULL
33,2026-07-01 19:56,Rosu,13,Externat,NULL
34,2026-07-03 12:54,Galben,58,In Asteptare,NULL
35,2026-07-25 03:27,Verde,112,Preluat,20
36,2026-07-14 21:29,Albastru,128,Externat,NULL
37,2026-07-13 13:23,Rosu,15,Externat,NULL
38,2026-07-06 13:10,Verde,197,Preluat,24
39,2026-07-09 20:19,Verde,213,Externat,NULL
40,2026-07-20 15:47,Verde,47,Externat,NULL
41,2026-07-30 18:40,Galben,105,Preluat,1
42,2026-07-22 22:31,Albastru,87,Preluat,23
43,2026-07-20 19:56,Verde,24,Externat,NULL
44,2026-07-01 12:23,Galben,23,In Asteptare,NULL
45,2026-07-16 02:00,Verde,72,In Asteptare,NULL
46,2026-07-17 07:12,Albastru,87,In Asteptare,NULL
47,2026-07-04 19:21,Rosu,8,Preluat,12
48,2026-07-15 00:59,Verde,139,Preluat,2
49,2026-07-19 09:27,Verde,98,Preluat,35
50,2026-07-14 12:31,Verde,217,Externat,NULL
51,2026-07-09 04:12,Verde,170,Externat,NULL
52,2026-07-30 21:51,Verde,5,Externat,NULL
53,2026-07-08 05:47,Verde,224,Preluat,5
54,2026-07-12 11:28,Galben,82,Externat,NULL
55,2026-07-10 19:08,Verde,131,Externat,NULL
56,2026-07-22 17:09,Rosu,24,Preluat,43
57,2026-07-11 07:55,Rosu,14,In Asteptare,NULL
58,2026-07-30 23:47,Galben,95,Externat,NULL
59,2026-07-17 19:37,Verde,106,Externat,NULL
60,2026-07-10 09:58,Galben,57,In Asteptare,NULL
61,2026-07-12 22:48,Verde,231,Preluat,14
62,2026-07-13 11:04,Galben,217,Preluat,39
63,2026-07-12 09:27,Verde,15,Externat,NULL
64,2026-07-28 09:47,Verde,220,Preluat,17
65,2026-07-16 03:19,Galben,68,Externat,NULL
66,2026-07-06 16:00,Verde,40,Preluat,3
67,2026-07-08 11:57,Verde,113,Externat,NULL
68,2026-07-10 12:39,Galben,77,Externat,NULL
69,2026-07-15 12:30,Galben,166,In Asteptare,NULL
70,2026-07-28 02:27,Albastru,22,In Asteptare,NULL
71,2026-07-02 00:48,Galben,176,In Asteptare,NULL
72,2026-07-05 02:52,Galben,164,Preluat,39
73,2026-07-25 21:27,Albastru,55,Externat,NULL
74,2026-07-11 21:35,Verde,88,Externat,NULL
75,2026-07-29 11:18,Verde,18,Externat,NULL
76,2026-07-23 07:24,Rosu,20,Preluat,43
77,2026-07-20 16:25,Galben,190,In Asteptare,NULL
78,2026-07-29 03:46,Verde,119,Externat,NULL
79,2026-07-15 07:15,Galben,10,In Asteptare,NULL
80,2026-07-10 19:23,Galben,76,Externat,NULL
81,2026-07-20 04:43,Verde,65,Externat,NULL
82,2026-07-06 18:39,Verde,140,Externat,NULL
83,2026-07-12 05:26,Verde,89,Preluat,23
84,2026-07-20 04:00,Verde,148,Preluat,25
85,2026-07-15 04:39,Galben,75,In Asteptare,NULL
86,2026-07-22 22:52,Verde,144,Preluat,26
87,2026-07-26 17:55,Verde,233,Externat,NULL
88,2026-07-07 19:49,Albastru,117,In Asteptare,NULL
89,2026-07-22 22:07,Albastru,190,In Asteptare,NULL
90,2026-07-08 06:52,Galben,86,Preluat,22
91,2026-07-06 16:14,Verde,105,Externat,NULL
92,2026-07-08 06:33,Albastru,207,Externat,NULL
93,2026-07-18 22:49,Galben,100,In Asteptare,NULL
94,2026-07-21 17:57,Albastru,171,Externat,NULL
95,2026-07-10 22:06,Albastru,114,Externat,NULL
96,2026-07-07 08:44,Albastru,125,Externat,NULL
97,2026-07-03 22:58,Verde,208,Preluat,41
98,2026-07-04 09:27,Rosu,26,Preluat,27
99,2026-07-21 10:27,Verde,206,In Asteptare,NULL
100,2026-07-24 23:44,Albastru,212,In Asteptare,NULL
101,2026-07-06 14:48,Verde,146,Externat,NULL
102,2026-07-06 13:32,Verde,35,Externat,NULL
103,2026-07-15 06:36,Verde,100,In Asteptare,NULL
104,2026-07-28 01:11,Galben,141,Externat,NULL
105,2026-07-13 04:48,Verde,156,Preluat,47
106,2026-07-11 13:46,Galben,207,Preluat,32
107,2026-07-07 17:02,Galben,13,Externat,NULL
108,2026-07-15 02:21,Galben,199,In Asteptare,NULL
109,2026-07-11 19:04,Galben,213,Externat,NULL
110,2026-07-26 15:10,Galben,142,In Asteptare,NULL
111,2026-07-09 10:09,Galben,170,In Asteptare,NULL
112,2026-07-21 10:57,Rosu,1,Preluat,28
113,2026-07-19 19:51,Galben,104,Preluat,26
114,2026-07-08 20:28,Galben,195,Externat,NULL
115,2026-07-22 13:16,Galben,49,In Asteptare,NULL
116,2026-07-26 00:49,Verde,29,Preluat,37
117,2026-07-29 07:43,Galben,186,Externat,NULL
118,2026-07-17 00:41,Verde,171,Externat,NULL
119,2026-07-19 06:41,Verde,87,In Asteptare,NULL
120,2026-07-20 05:02,Rosu,22,Externat,NULL
121,2026-07-22 16:25,Verde,200,Externat,NULL
122,2026-07-17 12:47,Rosu,14,Externat,NULL
123,2026-07-30 19:47,Galben,184,Preluat,20
124,2026-07-20 06:51,Galben,124,Preluat,28
125,2026-07-16 13:56,Verde,159,Externat,NULL
126,2026-07-21 22:53,Galben,72,Externat,NULL
127,2026-07-10 06:29,Rosu,16,Preluat,8
128,2026-07-21 16:40,Galben,148,Externat,NULL
129,2026-07-11 17:27,Rosu,30,In Asteptare,NULL
130,2026-07-27 13:23,Galben,51,In Asteptare,NULL
131,2026-07-09 06:24,Albastru,179,Externat,NULL
132,2026-07-05 11:46,Albastru,92,Externat,NULL
133,2026-07-23 04:24,Verde,16,Preluat,5
134,2026-07-12 03:24,Galben,140,Externat,NULL
135,2026-07-25 13:40,Galben,238,Externat,NULL
136,2026-07-22 04:21,Galben,238,Externat,NULL
137,2026-07-23 07:01,Verde,50,Externat,NULL
138,2026-07-15 10:35,Galben,212,In Asteptare,NULL
139,2026-07-15 17:01,Verde,176,Preluat,10
140,2026-07-12 01:57,Albastru,57,In Asteptare,NULL
141,2026-07-03 21:27,Verde,164,In Asteptare,NULL
142,2026-07-02 05:17,Verde,135,Externat,NULL
143,2026-07-01 20:17,Galben,152,Externat,NULL
144,2026-07-14 21:57,Albastru,192,Preluat,8
145,2026-07-18 06:06,Galben,135,Preluat,23
146,2026-07-20 11:29,Verde,144,Preluat,10
147,2026-07-02 17:58,Verde,29,Preluat,14
148,2026-07-20 16:42,Verde,33,Preluat,21
149,2026-07-29 09:30,Verde,57,Preluat,49
150,2026-07-21 22:37,Galben,13,In Asteptare,NULL
151,2026-07-14 13:59,Verde,71,Externat,NULL
152,2026-07-22 16:31,Galben,121,Externat,NULL
153,2026-07-08 13:20,Galben,220,In Asteptare,NULL
154,2026-07-12 12:12,Galben,28,Externat,NULL
155,2026-07-02 10:09,Verde,113,Externat,NULL
156,2026-07-15 14:19,Albastru,90,Externat,NULL
157,2026-07-17 09:10,Verde,117,Externat,NULL
158,2026-07-30 05:10,Rosu,24,In Asteptare,NULL
159,2026-07-14 09:24,Galben,48,Externat,NULL
160,2026-07-18 20:56,Verde,139,Externat,NULL
161,2026-07-02 23:14,Galben,198,Externat,NULL
162,2026-07-01 14:51,Albastru,7,Preluat,23
163,2026-07-27 23:16,Verde,64,Externat,NULL
164,2026-07-04 09:46,Galben,162,Preluat,29
165,2026-07-02 12:44,Albastru,151,Externat,NULL
166,2026-07-10 23:16,Verde,171,In Asteptare,NULL
167,2026-07-07 12:27,Verde,136,Externat,NULL
168,2026-07-15 09:13,Verde,132,Preluat,30
169,2026-07-09 17:05,Galben,60,Preluat,25
170,2026-07-27 11:20,Verde,119,Preluat,14
171,2026-07-17 18:56,Verde,95,Externat,NULL
172,2026-07-28 11:34,Verde,185,Preluat,40
173,2026-07-22 11:31,Verde,28,Externat,NULL
174,2026-07-19 03:03,Albastru,62,Preluat,48
175,2026-07-11 00:15,Verde,75,Preluat,11
176,2026-07-26 04:25,Verde,95,Externat,NULL
177,2026-07-16 13:14,Verde,164,Externat,NULL
178,2026-07-30 19:27,Galben,106,Externat,NULL
179,2026-07-21 08:17,Verde,151,Externat,NULL
180,2026-07-14 21:39,Verde,111,In Asteptare,NULL
181,2026-07-26 16:37,Verde,156,Externat,NULL
182,2026-07-03 02:42,Galben,99,Externat,NULL
183,2026-07-02 16:25,Rosu,11,Preluat,18
184,2026-07-13 12:13,Albastru,76,Externat,NULL
185,2026-07-04 18:01,Rosu,26,Preluat,2
186,2026-07-13 03:54,Verde,222,Externat,NULL
187,2026-07-01 19:49,Verde,127,Externat,NULL
188,2026-07-26 02:55,Galben,44,Preluat,20
189,2026-07-30 13:10,Verde,58,Externat,NULL
190,2026-07-13 02:48,Galben,131,Preluat,37
191,2026-07-15 03:56,Verde,73,Externat,NULL
192,2026-07-20 00:10,Verde,210,Preluat,15
193,2026-07-09 07:01,Verde,233,Externat,NULL
194,2026-07-16 08:59,Verde,216,Preluat,47
195,2026-07-21 01:02,Verde,59,Preluat,7
196,2026-07-06 22:43,Verde,143,Externat,NULL
197,2026-07-04 15:34,Verde,235,Preluat,46
198,2026-07-01 03:08,Verde,129,In Asteptare,NULL
199,2026-07-14 16:25,Verde,237,Preluat,18
200,2026-07-24 19:42,Galben,130,Preluat,13
201,2026-07-18 13:30,Rosu,6,Externat,NULL
202,2026-07-26 15:55,Galben,223,Externat,NULL
203,2026-07-22 13:02,Galben,102,Preluat,8
204,2026-07-15 03:33,Galben,228,Externat,NULL
205,2026-07-25 09:44,Verde,21,Preluat,28
206,2026-07-13 05:21,Verde,195,Preluat,20
207,2026-07-05 11:48,Galben,95,Preluat,5
208,2026-07-26 18:35,Verde,89,Externat,NULL
209,2026-07-17 20:12,Galben,185,Externat,NULL
210,2026-07-30 18:31,Verde,17,Preluat,5
211,2026-07-26 23:53,Verde,20,Externat,NULL
212,2026-07-13 21:02,Verde,224,In Asteptare,NULL
213,2026-07-01 01:50,Galben,135,Externat,NULL
214,2026-07-28 18:58,Albastru,161,In Asteptare,NULL
215,2026-07-11 13:44,Verde,217,Preluat,6
216,2026-07-26 02:50,Verde,78,Preluat,31
217,2026-07-16 14:41,Albastru,211,Externat,NULL
218,2026-07-11 18:04,Albastru,205,Preluat,49
219,2026-07-23 21:45,Galben,41,Externat,NULL
220,2026-07-05 18:43,Galben,173,In Asteptare,NULL
221,2026-07-15 07:13,Rosu,18,Externat,NULL
222,2026-07-01 14:31,Verde,15,Externat,NULL
223,2026-07-03 07:20,Verde,212,Externat,NULL
224,2026-07-02 01:45,Verde,92,Externat,NULL
225,2026-07-21 04:00,Verde,44,In Asteptare,NULL
226,2026-07-02 06:47,Verde,154,Preluat,47
227,2026-07-05 21:33,Verde,37,Preluat,15
228,2026-07-19 06:48,Albastru,217,Externat,NULL
229,2026-07-15 04:33,Verde,96,Preluat,43
230,2026-07-11 15:35,Galben,101,Preluat,40
231,2026-07-06 23:07,Verde,181,Preluat,33
232,2026-07-08 03:28,Albastru,89,Preluat,33
233,2026-07-14 21:13,Galben,85,Externat,NULL
234,2026-07-20 07:55,Verde,32,Preluat,46
235,2026-07-09 10:07,Verde,143,In Asteptare,NULL
236,2026-07-20 06:24,Verde,58,Preluat,26
237,2026-07-22 02:21,Verde,198,Externat,NULL
238,2026-07-09 05:41,Verde,158,Preluat,46
239,2026-07-07 04:16,Verde,233,Externat,NULL
240,2026-07-03 10:45,Verde,156,Externat,NULL
241,2026-07-09 12:22,Galben,150,Preluat,35
242,2026-07-24 03:40,Albastru,62,Externat,NULL
243,2026-07-22 17:25,Verde,120,In Asteptare,NULL
244,2026-07-27 02:18,Verde,72,Preluat,17
245,2026-07-19 16:02,Verde,90,Externat,NULL
246,2026-07-26 01:14,Verde,127,Preluat,38
247,2026-07-29 16:50,Verde,85,Preluat,24
248,2026-07-30 20:39,Verde,86,Externat,NULL
249,2026-07-06 21:42,Verde,84,Preluat,21
250,2026-07-06 23:54,Verde,86,Externat,NULL
251,2026-07-04 11:17,Verde,112,Externat,NULL
252,2026-07-10 13:02,Galben,205,Externat,NULL
253,2026-07-10 12:46,Rosu,16,In Asteptare,NULL
254,2026-07-12 22:51,Verde,223,Externat,NULL
255,2026-07-05 19:44,Verde,94,Externat,NULL
256,2026-07-26 13:12,Verde,156,In Asteptare,NULL
257,2026-07-03 20:44,Galben,43,Externat,NULL
258,2026-07-25 23:22,Rosu,10,In Asteptare,NULL
259,2026-07-08 11:30,Verde,153,Preluat,13
260,2026-07-16 12:51,Galben,109,Preluat,26
261,2026-07-18 08:53,Verde,93,Externat,NULL
262,2026-07-23 12:16,Verde,219,Externat,NULL
263,2026-07-21 11:28,Galben,61,Externat,NULL
264,2026-07-07 09:23,Verde,199,Externat,NULL
265,2026-07-16 03:38,Verde,189,In Asteptare,NULL
266,2026-07-29 11:45,Galben,152,In Asteptare,NULL
267,2026-07-24 06:21,Rosu,26,Externat,NULL
268,2026-07-05 07:15,Galben,134,Externat,NULL
269,2026-07-27 23:38,Verde,85,Preluat,9
270,2026-07-23 19:42,Galben,29,In Asteptare,NULL
271,2026-07-22 01:28,Verde,202,Preluat,4
272,2026-07-14 08:32,Galben,225,Externat,NULL
273,2026-07-08 04:20,Galben,134,In Asteptare,NULL
274,2026-07-18 20:25,Verde,152,In Asteptare,NULL
275,2026-07-27 01:40,Rosu,2,Externat,NULL
276,2026-07-29 20:42,Verde,132,Externat,NULL
277,2026-07-18 18:18,Verde,108,Preluat,15
278,2026-07-17 03:26,Verde,175,In Asteptare,NULL
279,2026-07-22 20:29,Verde,74,In Asteptare,NULL
280,2026-07-04 11:48,Galben,153,Externat,NULL
281,2026-07-18 06:59,Galben,239,In Asteptare,NULL
282,2026-07-26 22:54,Rosu,16,Externat,NULL
283,2026-07-19 15:00,Verde,99,Externat,NULL
284,2026-07-27 08:47,Verde,220,In Asteptare,NULL
285,2026-07-07 13:19,Verde,120,Preluat,27
286,2026-07-02 02:08,Galben,149,Externat,NULL
287,2026-07-05 20:13,Rosu,15,Externat,NULL
288,2026-07-16 05:54,Galben,209,Preluat,4
289,2026-07-02 23:38,Verde,156,Preluat,7
290,2026-07-29 11:10,Albastru,225,Externat,NULL
291,2026-07-19 01:48,Verde,170,Externat,NULL
292,2026-07-15 13:28,Rosu,18,Externat,NULL
293,2026-07-28 22:30,Galben,41,Externat,NULL
294,2026-07-01 03:37,Verde,131,Preluat,11
295,2026-07-29 22:26,Verde,212,Preluat,47
296,2026-07-28 20:09,Verde,156,Externat,NULL
297,2026-07-04 21:25,Galben,201,Externat,NULL
298,2026-07-16 03:12,Rosu,15,Preluat,35
299,2026-07-12 11:26,Verde,118,Externat,NULL
300,2026-07-08 12:20,Albastru,35,Externat,NULL
301,2026-07-04 09:43,Galben,198,In Asteptare,NULL
302,2026-07-18 19:35,Galben,177,Externat,NULL
303,2026-07-09 05:02,Galben,72,Preluat,49
304,2026-07-24 00:45,Galben,97,Externat,NULL
305,2026-07-03 23:02,Galben,150,Preluat,30
306,2026-07-14 08:39,Galben,213,In Asteptare,NULL
307,2026-07-16 14:58,Galben,167,Externat,NULL
308,2026-07-15 04:52,Verde,33,In Asteptare,NULL
309,2026-07-18 22:42,Rosu,18,In Asteptare,NULL
310,2026-07-26 16:17,Verde,27,Externat,NULL
311,2026-07-14 16:31,Galben,57,Externat,NULL
312,2026-07-26 12:32,Verde,82,In Asteptare,NULL
313,2026-07-15 18:36,Verde,152,Preluat,3
314,2026-07-16 12:44,Galben,13,Externat,NULL
315,2026-07-05 05:12,Rosu,19,Preluat,40
316,2026-07-17 11:18,Verde,184,Externat,NULL
317,2026-07-27 09:38,Verde,89,Externat,NULL
318,2026-07-10 22:33,Verde,217,Externat,NULL
319,2026-07-03 01:35,Rosu,0,In Asteptare,NULL
320,2026-07-16 13:21,Verde,100,Preluat,8
321,2026-07-27 17:38,Verde,95,Externat,NULL
322,2026-07-26 16:54,Verde,221,In Asteptare,NULL
323,2026-07-02 08:15,Galben,13,Externat,NULL
324,2026-07-23 17:30,Rosu,10,Preluat,44
325,2026-07-25 03:43,Galben,57,Preluat,42
326,2026-07-18 13:39,Albastru,45,In Asteptare,NULL
327,2026-07-18 02:01,Verde,164,Externat,NULL
328,2026-07-19 06:09,Verde,201,Externat,NULL
329,2026-07-10 07:41,Albastru,72,In Asteptare,NULL
330,2026-07-24 05:15,Galben,225,In Asteptare,NULL
331,2026-07-22 21:02,Galben,197,In Asteptare,NULL
332,2026-07-05 05:55,Albastru,221,Preluat,20
333,2026-07-24 08:15,Galben,9,Externat,NULL
334,2026-07-29 10:16,Galben,26,Externat,NULL
335,2026-07-11 07:33,Verde,217,Externat,NULL
336,2026-07-07 15:05,Galben,120,In Asteptare,NULL
337,2026-07-18 06:37,Verde,238,Externat,NULL
338,2026-07-16 15:14,Verde,166,Externat,NULL
339,2026-07-24 03:17,Galben,206,In Asteptare,NULL
340,2026-07-20 13:22,Verde,146,In Asteptare,NULL
341,2026-07-18 07:14,Verde,161,In Asteptare,NULL
342,2026-07-06 15:45,Galben,74,Externat,NULL
343,2026-07-24 11:07,Albastru,195,Preluat,15
344,2026-07-23 01:39,Albastru,141,Externat,NULL
345,2026-07-10 11:26,Galben,37,Preluat,41
346,2026-07-07 23:38,Rosu,30,Externat,NULL
347,2026-07-28 21:50,Verde,93,Externat,NULL
348,2026-07-14 13:44,Verde,216,Preluat,36
349,2026-07-26 06:04,Albastru,220,Externat,NULL
350,2026-07-26 16:00,Albastru,154,Externat,NULL
351,2026-07-21 17:36,Verde,201,In Asteptare,NULL
352,2026-07-29 21:58,Galben,33,Externat,NULL
353,2026-07-19 11:38,Galben,57,Preluat,19
354,2026-07-27 09:53,Verde,66,Externat,NULL
355,2026-07-28 14:26,Verde,129,Preluat,42
356,2026-07-14 05:26,Rosu,8,Externat,NULL
357,2026-07-20 09:30,Verde,80,Externat,NULL
358,2026-07-24 22:18,Galben,9,Preluat,43
359,2026-07-14 01:39,Verde,207,Externat,NULL
360,2026-07-09 19:30,Verde,95,Externat,NULL
361,2026-07-07 10:33,Verde,62,Externat,NULL
362,2026-07-06 10:10,Verde,213,Preluat,23
363,2026-07-16 12:21,Galben,109,Externat,NULL
364,2026-07-11 02:58,Galben,196,Externat,NULL
365,2026-07-23 12:39,Galben,32,Preluat,7
366,2026-07-21 08:07,Verde,174,Externat,NULL
367,2026-07-09 06:14,Verde,72,In Asteptare,NULL
368,2026-07-16 07:30,Verde,224,Preluat,35
369,2026-07-28 16:44,Galben,167,Externat,NULL
370,2026-07-18 04:15,Galben,139,In Asteptare,NULL
371,2026-07-07 23:42,Rosu,1,Preluat,33
372,2026-07-29 06:34,Rosu,16,In Asteptare,NULL
373,2026-07-02 18:49,Verde,216,Externat,NULL
374,2026-07-15 22:05,Verde,55,Externat,NULL
375,2026-07-22 23:29,Verde,174,Externat,NULL
376,2026-07-14 01:31,Albastru,14,Externat,NULL
377,2026-07-17 17:58,Verde,180,Externat,NULL
378,2026-07-17 09:55,Rosu,14,Externat,NULL
379,2026-07-21 22:19,Verde,53,In Asteptare,NULL
380,2026-07-24 21:10,Rosu,21,In Asteptare,NULL
381,2026-07-15 10:45,Verde,125,Preluat,2
382,2026-07-24 04:12,Verde,28,Preluat,16
383,2026-07-24 12:43,Verde,69,Externat,NULL
384,2026-07-11 16:55,Galben,51,Externat,NULL
385,2026-07-03 14:04,Galben,29,In Asteptare,NULL
386,2026-07-01 20:07,Galben,129,In Asteptare,NULL
387,2026-07-04 16:26,Verde,139,Externat,NULL
388,2026-07-09 12:53,Rosu,11,Externat,NULL
389,2026-07-09 10:40,Galben,39,Externat,NULL
390,2026-07-06 08:20,Verde,74,Preluat,16
391,2026-07-30 03:31,Verde,158,In Asteptare,NULL
392,2026-07-05 02:38,Galben,15,Externat,NULL
393,2026-07-21 11:51,Galben,223,Externat,NULL
394,2026-07-20 23:48,Galben,69,Externat,NULL
395,2026-07-04 20:06,Verde,167,Preluat,28
396,2026-07-02 01:09,Verde,211,Externat,NULL
397,2026-07-19 20:22,Verde,133,Externat,NULL
398,2026-07-22 11:06,Verde,228,Preluat,17
399,2026-07-30 00:47,Verde,145,Externat,NULL
400,2026-07-27 06:49,Galben,55,Externat,NULL
401,2026-07-10 16:47,Galben,177,Externat,NULL
402,2026-07-01 07:01,Albastru,215,In Asteptare,NULL
403,2026-07-15 21:21,Galben,107,Preluat,36
404,2026-07-13 14:43,Rosu,28,In Asteptare,NULL
405,2026-07-04 13:39,Verde,144,Externat,NULL
406,2026-07-29 19:35,Verde,64,Preluat,10
407,2026-07-19 10:46,Galben,164,Preluat,37
408,2026-07-07 15:19,Verde,105,Externat,NULL
409,2026-07-14 21:52,Rosu,20,Externat,NULL
410,2026-07-06 12:31,Galben,15,Externat,NULL
411,2026-07-11 22:18,Verde,180,Externat,NULL
412,2026-07-03 22:46,Galben,127,Preluat,1
413,2026-07-14 15:41,Verde,15,Externat,NULL
414,2026-07-29 02:18,Verde,53,Externat,NULL
415,2026-07-19 07:51,Galben,31,Externat,NULL
416,2026-07-16 02:34,Galben,108,Externat,NULL
417,2026-07-09 23:48,Rosu,18,Externat,NULL
418,2026-07-25 14:14,Galben,210,Preluat,34
419,2026-07-29 23:31,Verde,126,Externat,NULL
420,2026-07-24 10:55,Galben,132,Preluat,24
421,2026-07-09 16:32,Verde,202,Externat,NULL
422,2026-07-06 14:25,Verde,203,Preluat,29
423,2026-07-26 05:31,Verde,240,In Asteptare,NULL
424,2026-07-16 09:16,Verde,137,Preluat,20
425,2026-07-04 02:40,Verde,159,In Asteptare,NULL
426,2026-07-01 11:13,Galben,220,In Asteptare,NULL
427,2026-07-14 20:22,Verde,157,In Asteptare,NULL
428,2026-07-17 15:08,Albastru,209,In Asteptare,NULL
429,2026-07-28 07:24,Galben,111,In Asteptare,NULL
430,2026-07-29 23:59,Albastru,124,Preluat,39
431,2026-07-19 01:26,Galben,79,Preluat,48
432,2026-07-06 06:48,Galben,25,Externat,NULL
433,2026-07-04 02:21,Galben,80,Externat,NULL
434,2026-07-09 01:24,Galben,79,Preluat,19
435,2026-07-14 22:06,Verde,195,In Asteptare,NULL
436,2026-07-28 08:41,Verde,155,Externat,NULL
437,2026-07-30 15:12,Galben,144,Externat,NULL
438,2026-07-11 13:20,Verde,168,Externat,NULL
439,2026-07-15 06:12,Galben,138,Preluat,24
440,2026-07-10 10:43,Galben,33,Externat,NULL
441,2026-07-17 23:16,Rosu,18,In Asteptare,NULL
442,2026-07-09 00:22,Galben,168,Externat,NULL
443,2026-07-22 17:37,Rosu,27,In Asteptare,NULL
444,2026-07-22 19:41,Albastru,29,Externat,NULL
445,2026-07-06 18:42,Verde,235,Externat,NULL
446,2026-07-07 21:43,Rosu,3,In Asteptare,NULL
447,2026-07-22 14:40,Verde,51,In Asteptare,NULL
448,2026-07-29 21:29,Galben,231,Externat,NULL
449,2026-07-12 23:05,Verde,15,In Asteptare,NULL
450,2026-07-28 14:35,Verde,116,Preluat,26
451,2026-07-17 19:41,Verde,6,Preluat,10
452,2026-07-03 18:40,Verde,195,Preluat,21
453,2026-07-24 01:55,Galben,216,Externat,NULL
454,2026-07-08 11:03,Rosu,11,In Asteptare,NULL
455,2026-07-09 04:06,Galben,210,Externat,NULL
456,2026-07-24 21:45,Verde,205,Externat,NULL
457,2026-07-30 02:04,Galben,27,Externat,NULL
458,2026-07-29 01:34,Albastru,140,Externat,NULL
459,2026-07-01 03:21,Rosu,27,In Asteptare,NULL
460,2026-07-18 21:45,Albastru,59,In Asteptare,NULL
461,2026-07-23 11:48,Albastru,11,Externat,NULL
462,2026-07-29 09:23,Galben,14,Externat,NULL
463,2026-07-03 21:00,Galben,16,Preluat,46
464,2026-07-10 00:28,Rosu,19,In Asteptare,NULL
465,2026-07-25 08:35,Galben,145,Externat,NULL
466,2026-07-22 06:20,Verde,58,In Asteptare,NULL
467,2026-07-06 12:41,Verde,143,Externat,NULL
468,2026-07-17 01:44,Albastru,23,Preluat,38
469,2026-07-01 19:44,Verde,65,Preluat,19
470,2026-07-08 05:05,Galben,163,Externat,NULL
471,2026-07-21 04:49,Verde,128,Preluat,47
472,2026-07-24 06:51,Verde,105,Externat,NULL
473,2026-07-09 23:21,Galben,159,Externat,NULL
474,2026-07-27 13:22,Galben,74,In Asteptare,NULL
475,2026-07-05 08:25,Verde,119,In Asteptare,NULL
476,2026-07-11 22:23,Verde,219,Externat,NULL
477,2026-07-09 18:38,Verde,58,Externat,NULL
478,2026-07-12 04:54,Albastru,125,Externat,NULL
479,2026-07-17 19:05,Verde,119,Externat,NULL
480,2026-07-08 04:53,Verde,163,Externat,NULL
481,2026-07-01 10:48,Galben,66,Externat,NULL
482,2026-07-24 08:07,Verde,93,Preluat,26
483,2026-07-04 08:52,Galben,193,Preluat,37
484,2026-07-27 09:46,Galben,128,Preluat,25
485,2026-07-19 14:07,Galben,59,Externat,NULL
486,2026-07-08 22:16,Verde,93,Preluat,38
487,2026-07-05 06:38,Verde,176,In Asteptare,NULL
488,2026-07-23 11:25,Verde,128,Preluat,2
489,2026-07-03 00:59,Albastru,92,Preluat,33
490,2026-07-21 09:21,Verde,44,Externat,NULL
491,2026-07-30 21:40,Albastru,40,Externat,NULL
492,2026-07-01 23:55,Verde,233,In Asteptare,NULL
493,2026-07-13 16:25,Galben,107,In Asteptare,NULL
494,2026-07-17 16:11,Rosu,8,In Asteptare,NULL
495,2026-07-23 17:28,Galben,52,Externat,NULL
496,2026-07-06 15:20,Albastru,96,Externat,NULL
497,2026-07-24 07:24,Verde,54,Externat,NULL
498,2026-07-20 16:50,Albastru,97,Externat,NULL
499,2026-07-24 02:19,Albastru,48,In Asteptare,NULL
500,2026-07-29 19:29,Verde,217,Preluat,9
501,2026-07-19 19:18,Verde,44,In Asteptare,NULL
502,2026-07-28 19:43,Verde,106,In Asteptare,NULL
503,2026-07-16 23:43,Verde,81,In Asteptare,NULL
504,2026-07-02 09:16,Verde,109,Externat,NULL
505,2026-07-04 03:52,Rosu,29,In Asteptare,NULL
506,2026-07-26 22:06,Verde,51,Externat,NULL
507,2026-07-27 11:03,Galben,135,Externat,NULL
508,2026-07-09 21:19,Rosu,17,Preluat,26
509,2026-07-30 01:38,Verde,78,In Asteptare,NULL
510,2026-07-12 17:02,Galben,237,Preluat,43
511,2026-07-19 15:13,Galben,199,Preluat,17
512,2026-07-03 12:39,Verde,218,Externat,NULL
513,2026-07-14 18:32,Verde,97,Externat,NULL
514,2026-07-09 21:35,Galben,65,Preluat,28
515,2026-07-25 22:39,Galben,73,Preluat,24
516,2026-07-16 21:20,Galben,118,Externat,NULL
517,2026-07-16 19:32,Galben,44,Externat,NULL
518,2026-07-10 11:43,Rosu,20,In Asteptare,NULL
519,2026-07-27 18:24,Galben,192,Externat,NULL
520,2026-07-16 13:02,Verde,221,Externat,NULL
521,2026-07-21 00:21,Verde,127,Externat,NULL
522,2026-07-02 02:16,Verde,63,Externat,NULL
523,2026-07-04 03:13,Verde,142,Preluat,8
524,2026-07-01 21:11,Galben,203,In Asteptare,NULL
525,2026-07-17 12:27,Galben,98,Preluat,7
526,2026-07-06 02:17,Verde,35,Externat,NULL
527,2026-07-23 22:44,Verde,192,In Asteptare,NULL
528,2026-07-06 15:29,Galben,221,Preluat,25
529,2026-07-06 15:27,Verde,228,Preluat,48
530,2026-07-16 13:36,Verde,36,Preluat,48
531,2026-07-23 09:22,Galben,163,In Asteptare,NULL
532,2026-07-09 05:13,Albastru,63,Externat,NULL
533,2026-07-22 00:13,Verde,157,Preluat,32
534,2026-07-02 04:36,Galben,199,Externat,NULL
535,2026-07-14 21:25,Albastru,179,Preluat,15
536,2026-07-06 06:50,Galben,99,In Asteptare,NULL
537,2026-07-29 04:25,Galben,8,In Asteptare,NULL
538,2026-07-17 03:00,Galben,127,Preluat,11
539,2026-07-02 10:01,Verde,169,Externat,NULL
540,2026-07-17 13:20,Verde,133,In Asteptare,NULL
541,2026-07-12 01:28,Verde,102,Externat,NULL
542,2026-07-24 16:35,Verde,34,Externat,NULL
543,2026-07-22 14:56,Verde,216,Preluat,33
544,2026-07-26 15:19,Galben,14,Externat,NULL
545,2026-07-20 10:29,Galben,94,Preluat,18
546,2026-07-19 01:19,Galben,30,Externat,NULL
547,2026-07-21 15:02,Verde,15,In Asteptare,NULL
548,2026-07-04 12:48,Galben,137,Preluat,29
549,2026-07-11 06:11,Galben,167,Preluat,23
550,2026-07-29 01:17,Albastru,210,Preluat,1
551,2026-07-05 20:36,Albastru,66,Externat,NULL
552,2026-07-16 07:14,Verde,194,Externat,NULL
553,2026-07-14 15:15,Galben,38,Externat,NULL
554,2026-07-08 12:33,Verde,233,Preluat,10
555,2026-07-14 22:18,Rosu,13,Externat,NULL
556,2026-07-03 08:42,Verde,81,Preluat,45
557,2026-07-21 11:40,Verde,7,Externat,NULL
558,2026-07-02 15:45,Albastru,85,Preluat,21
559,2026-07-05 02:26,Rosu,25,In Asteptare,NULL
560,2026-07-05 11:11,Galben,162,Preluat,36
561,2026-07-14 08:50,Rosu,27,Externat,NULL
562,2026-07-03 02:52,Galben,203,Preluat,15
563,2026-07-23 07:31,Rosu,13,Preluat,23
564,2026-07-29 09:50,Verde,203,In Asteptare,NULL
565,2026-07-23 09:28,Verde,159,In Asteptare,NULL
566,2026-07-06 17:19,Rosu,9,Preluat,14
567,2026-07-27 04:38,Galben,41,Preluat,44
568,2026-07-08 17:32,Verde,162,Preluat,37
569,2026-07-18 21:57,Galben,223,In Asteptare,NULL
570,2026-07-29 07:04,Albastru,77,Externat,NULL
571,2026-07-25 03:03,Verde,25,Preluat,26
572,2026-07-02 07:44,Albastru,218,Preluat,29
573,2026-07-23 17:11,Verde,67,Externat,NULL
574,2026-07-04 09:50,Galben,130,In Asteptare,NULL
575,2026-07-18 02:10,Rosu,2,Preluat,46
576,2026-07-26 18:30,Galben,36,Externat,NULL
577,2026-07-22 08:12,Verde,119,Externat,NULL
578,2026-07-04 12:30,Albastru,192,Preluat,9
579,2026-07-29 04:24,Galben,137,Preluat,17
580,2026-07-11 21:38,Rosu,21,Externat,NULL
581,2026-07-21 16:31,Galben,41,In Asteptare,NULL
582,2026-07-25 11:44,Verde,92,Preluat,45
583,2026-07-28 14:47,Verde,151,Preluat,10
584,2026-07-24 16:29,Verde,194,Preluat,32
585,2026-07-28 18:13,Verde,80,Preluat,30
586,2026-07-23 18:12,Verde,230,In Asteptare,NULL
587,2026-07-12 02:45,Rosu,21,Externat,NULL
588,2026-07-06 11:21,Rosu,9,Externat,NULL
589,2026-07-14 00:24,Galben,150,Externat,NULL
590,2026-07-24 10:24,Verde,88,Externat,NULL
591,2026-07-05 03:11,Rosu,10,Preluat,17
592,2026-07-11 04:53,Verde,100,In Asteptare,NULL
593,2026-07-21 18:03,Verde,102,Externat,NULL
594,2026-07-22 11:56,Rosu,12,Preluat,35
595,2026-07-09 11:00,Albastru,216,Preluat,17
596,2026-07-23 03:57,Verde,36,Preluat,14
597,2026-07-06 01:09,Verde,148,Externat,NULL
598,2026-07-23 21:29,Verde,234,Externat,NULL
599,2026-07-15 05:35,Galben,53,In Asteptare,NULL
600,2026-07-18 15:24,Galben,9,In Asteptare,NULL
601,2026-07-30 07:23,Verde,79,Externat,NULL
602,2026-07-25 03:05,Galben,61,Externat,NULL
603,2026-07-11 07:51,Rosu,4,Externat,NULL
604,2026-07-26 16:02,Verde,118,Preluat,1
605,2026-07-12 11:30,Verde,183,Externat,NULL
606,2026-07-30 10:36,Verde,187,In Asteptare,NULL
607,2026-07-13 21:18,Verde,195,Externat,NULL
608,2026-07-08 12:03,Albastru,14,Externat,NULL
609,2026-07-24 23:16,Verde,214,Externat,NULL
610,2026-07-18 01:24,Verde,156,Preluat,49
611,2026-07-13 04:42,Galben,119,In Asteptare,NULL
612,2026-07-11 03:28,Galben,35,Preluat,25
613,2026-07-20 10:47,Galben,237,Externat,NULL
614,2026-07-08 20:08,Verde,160,Preluat,27
615,2026-07-27 16:03,Verde,70,In Asteptare,NULL
616,2026-07-10 22:36,Rosu,14,Preluat,3
617,2026-07-11 11:43,Verde,63,Externat,NULL
618,2026-07-01 16:28,Verde,8,Externat,NULL
619,2026-07-26 13:36,Verde,74,Externat,NULL
620,2026-07-01 23:20,Verde,109,Externat,NULL
621,2026-07-25 09:46,Verde,56,In Asteptare,NULL
622,2026-07-14 19:12,Galben,158,Preluat,18
623,2026-07-04 02:13,Galben,220,In Asteptare,NULL
624,2026-07-13 18:19,Galben,115,Externat,NULL
625,2026-07-15 12:25,Galben,18,Externat,NULL
626,2026-07-24 05:33,Galben,68,In Asteptare,NULL
627,2026-07-07 18:46,Verde,96,Externat,NULL
628,2026-07-15 16:05,Galben,145,Externat,NULL
629,2026-07-18 10:47,Galben,127,Externat,NULL
630,2026-07-30 12:22,Galben,99,Preluat,35
631,2026-07-03 01:40,Verde,9,Externat,NULL
632,2026-07-14 13:23,Verde,172,Preluat,6
633,2026-07-14 07:05,Verde,137,Externat,NULL
634,2026-07-01 06:50,Verde,160,Preluat,12
635,2026-07-20 16:45,Galben,153,Externat,NULL
636,2026-07-08 16:30,Rosu,5,Externat,NULL
637,2026-07-12 22:00,Galben,220,Externat,NULL
638,2026-07-24 01:43,Albastru,206,Externat,NULL
639,2026-07-16 10:24,Verde,147,Preluat,45
640,2026-07-17 17:04,Galben,133,Externat,NULL
641,2026-07-16 22:37,Galben,183,In Asteptare,NULL
642,2026-07-28 04:52,Galben,134,Externat,NULL
643,2026-07-29 00:29,Galben,30,Preluat,5
644,2026-07-24 09:43,Galben,158,Preluat,31
645,2026-07-08 05:01,Verde,129,Externat,NULL
646,2026-07-24 11:06,Verde,17,In Asteptare,NULL
647,2026-07-17 04:33,Verde,94,Preluat,49
648,2026-07-11 23:14,Verde,216,In Asteptare,NULL
649,2026-07-04 00:19,Galben,77,Externat,NULL
650,2026-07-20 19:03,Verde,206,Preluat,9
651,2026-07-15 23:40,Verde,44,Externat,NULL
652,2026-07-28 09:31,Verde,144,Externat,NULL
653,2026-07-19 07:06,Galben,103,Preluat,10
654,2026-07-30 12:13,Verde,225,Externat,NULL
655,2026-07-15 08:03,Verde,86,Externat,NULL
656,2026-07-20 20:09,Verde,118,Externat,NULL
657,2026-07-13 12:56,Verde,12,Externat,NULL
658,2026-07-29 15:29,Galben,195,Externat,NULL
659,2026-07-04 16:58,Galben,131,Externat,NULL
660,2026-07-27 21:31,Verde,223,Externat,NULL
661,2026-07-09 07:36,Verde,144,In Asteptare,NULL
662,2026-07-01 04:17,Albastru,161,Externat,NULL
663,2026-07-09 05:09,Galben,175,In Asteptare,NULL
664,2026-07-11 08:26,Verde,54,Externat,NULL
665,2026-07-28 13:01,Verde,183,In Asteptare,NULL
666,2026-07-18 21:58,Galben,63,Externat,NULL
667,2026-07-19 07:20,Verde,160,Externat,NULL
668,2026-07-29 12:30,Galben,92,In Asteptare,NULL
669,2026-07-25 19:23,Albastru,148,Externat,NULL
670,2026-07-30 21:47,Rosu,26,Externat,NULL
671,2026-07-27 22:28,Verde,138,Preluat,27
672,2026-07-02 09:31,Galben,117,Externat,NULL
673,2026-07-04 17:42,Albastru,187,In Asteptare,NULL
674,2026-07-19 08:15,Verde,85,Externat,NULL
675,2026-07-27 20:24,Verde,201,Externat,NULL
676,2026-07-06 03:29,Verde,67,Externat,NULL
677,2026-07-22 00:37,Verde,77,Preluat,42
678,2026-07-17 18:22,Albastru,136,Preluat,15
679,2026-07-05 12:04,Galben,74,Externat,NULL
680,2026-07-03 11:20,Verde,192,Externat,NULL
681,2026-07-16 07:08,Galben,18,Externat,NULL
682,2026-07-24 03:08,Galben,99,Preluat,13
683,2026-07-12 14:39,Verde,9,Externat,NULL
684,2026-07-14 22:43,Rosu,21,Externat,NULL
685,2026-07-11 01:27,Galben,239,Externat,NULL
686,2026-07-11 13:21,Galben,116,Preluat,2
687,2026-07-03 19:49,Galben,226,In Asteptare,NULL
688,2026-07-27 22:40,Galben,84,Externat,NULL
689,2026-07-14 23:04,Verde,237,Preluat,40
690,2026-07-20 07:01,Galben,25,Externat,NULL
691,2026-07-09 04:19,Galben,104,Externat,NULL
692,2026-07-14 19:31,Albastru,186,Externat,NULL
693,2026-07-13 05:36,Galben,113,Preluat,30
694,2026-07-13 02:04,Verde,47,Externat,NULL
695,2026-07-05 00:11,Galben,56,In Asteptare,NULL
696,2026-07-02 19:23,Verde,140,Preluat,46
697,2026-07-22 13:45,Galben,27,Externat,NULL
698,2026-07-10 00:10,Rosu,23,Externat,NULL
699,2026-07-04 01:57,Verde,54,Preluat,3
700,2026-07-24 08:47,Rosu,11,Externat,NULL
701,2026-07-11 00:08,Rosu,23,Preluat,46
702,2026-07-27 00:03,Albastru,237,Preluat,42
703,2026-07-26 17:21,Verde,201,In Asteptare,NULL
704,2026-07-08 00:55,Galben,194,Externat,NULL
705,2026-07-20 01:26,Galben,221,Externat,NULL
706,2026-07-14 21:53,Galben,237,Externat,NULL
707,2026-07-30 00:19,Verde,60,Externat,NULL
708,2026-07-18 02:21,Verde,6,Externat,NULL
709,2026-07-15 09:45,Verde,47,Preluat,8
710,2026-07-23 08:20,Verde,28,Externat,NULL
711,2026-07-08 16:58,Galben,120,Externat,NULL
712,2026-07-25 22:31,Verde,85,Externat,NULL
713,2026-07-08 06:32,Galben,69,In Asteptare,NULL
714,2026-07-06 13:43,Galben,37,Externat,NULL
715,2026-07-07 05:54,Verde,62,Preluat,25
716,2026-07-27 09:59,Galben,91,Externat,NULL
717,2026-07-26 20:41,Rosu,4,In Asteptare,NULL
718,2026-07-02 05:16,Galben,88,Externat,NULL
719,2026-07-26 17:02,Verde,201,In Asteptare,NULL
720,2026-07-24 14:53,Verde,36,Preluat,15
721,2026-07-18 14:20,Galben,10,Externat,NULL
722,2026-07-12 12:35,Rosu,14,Preluat,48
723,2026-07-09 06:39,Galben,50,Externat,NULL
724,2026-07-17 00:47,Verde,97,Externat,NULL
725,2026-07-10 01:11,Rosu,29,Externat,NULL
726,2026-07-22 06:32,Verde,52,Externat,NULL
727,2026-07-04 10:39,Albastru,205,Externat,NULL
728,2026-07-15 12:26,Albastru,50,Externat,NULL
729,2026-07-27 21:09,Verde,153,Externat,NULL
730,2026-07-03 21:32,Verde,137,Externat,NULL
731,2026-07-19 00:44,Galben,175,Preluat,39
732,2026-07-09 16:03,Verde,26,Externat,NULL
733,2026-07-09 14:39,Rosu,9,Externat,NULL
734,2026-07-23 02:24,Rosu,13,Externat,NULL
735,2026-07-18 20:58,Galben,76,In Asteptare,NULL
736,2026-07-03 01:11,Galben,237,Externat,NULL
737,2026-07-07 16:27,Galben,78,In Asteptare,NULL
738,2026-07-20 03:17,Rosu,2,Preluat,28
739,2026-07-26 14:01,Verde,22,Preluat,5
740,2026-07-30 00:43,Galben,124,Externat,NULL
741,2026-07-26 05:50,Rosu,4,Externat,NULL
742,2026-07-09 08:05,Rosu,1,Externat,NULL
743,2026-07-04 17:12,Verde,118,Externat,NULL
744,2026-07-13 18:32,Verde,227,Externat,NULL
745,2026-07-13 23:02,Galben,186,Externat,NULL
746,2026-07-28 10:17,Verde,154,Preluat,13
747,2026-07-18 18:15,Verde,174,In Asteptare,NULL
748,2026-07-15 04:48,Galben,65,In Asteptare,NULL
749,2026-07-21 21:28,Verde,217,Preluat,40
750,2026-07-06 02:52,Galben,129,Externat,NULL
751,2026-07-12 03:09,Verde,112,Externat,NULL
752,2026-07-29 02:10,Verde,58,Externat,NULL
753,2026-07-12 22:07,Galben,175,Externat,NULL
754,2026-07-15 19:11,Verde,88,In Asteptare,NULL
755,2026-07-16 03:44,Galben,208,Preluat,22
756,2026-07-23 07:31,Verde,212,Externat,NULL
757,2026-07-05 02:40,Rosu,14,Externat,NULL
758,2026-07-28 10:42,Verde,192,Externat,NULL
759,2026-07-20 09:29,Galben,147,Externat,NULL
760,2026-07-23 20:52,Verde,59,Preluat,31
761,2026-07-02 18:26,Verde,144,Preluat,18
762,2026-07-16 15:10,Verde,60,In Asteptare,NULL
763,2026-07-30 08:42,Verde,139,Externat,NULL
764,2026-07-22 03:06,Verde,123,Preluat,9
765,2026-07-03 03:27,Verde,81,In Asteptare,NULL
766,2026-07-28 07:16,Galben,129,Preluat,28
767,2026-07-06 01:33,Verde,219,Preluat,37
768,2026-07-27 06:58,Verde,14,Preluat,10
769,2026-07-08 14:09,Verde,22,Preluat,24
770,2026-07-21 20:38,Galben,161,Externat,NULL
771,2026-07-24 00:45,Verde,48,Externat,NULL
772,2026-07-30 00:20,Galben,94,Preluat,38
773,2026-07-15 22:16,Galben,111,Externat,NULL
774,2026-07-06 22:23,Galben,133,Externat,NULL
775,2026-07-05 06:38,Galben,150,Externat,NULL
776,2026-07-20 04:55,Galben,98,Externat,NULL
777,2026-07-01 02:44,Verde,41,Externat,NULL
778,2026-07-23 21:04,Verde,226,Externat,NULL
779,2026-07-29 22:48,Galben,43,Preluat,41
780,2026-07-16 03:12,Verde,70,In Asteptare,NULL
781,2026-07-10 06:27,Galben,35,In Asteptare,NULL
782,2026-07-25 10:08,Galben,168,Preluat,38
783,2026-07-04 02:47,Galben,15,Externat,NULL
784,2026-07-06 09:58,Verde,204,In Asteptare,NULL
785,2026-07-20 11:38,Verde,119,Preluat,20
786,2026-07-08 11:31,Rosu,10,Preluat,18
787,2026-07-28 11:12,Verde,150,Preluat,46
788,2026-07-25 01:32,Verde,175,Externat,NULL
789,2026-07-21 04:06,Albastru,14,Externat,NULL
790,2026-07-29 18:44,Rosu,20,Externat,NULL
791,2026-07-19 17:31,Galben,237,Preluat,36
792,2026-07-20 06:53,Galben,223,Externat,NULL
793,2026-07-11 17:22,Galben,124,Externat,NULL
794,2026-07-29 21:25,Verde,92,In Asteptare,NULL
795,2026-07-19 23:59,Verde,83,Externat,NULL
796,2026-07-07 01:49,Galben,156,Externat,NULL
797,2026-07-19 22:13,Rosu,1,Externat,NULL
798,2026-07-04 06:51,Galben,115,Externat,NULL
799,2026-07-19 11:06,Galben,93,Preluat,31
800,2026-07-02 08:42,Galben,175,Externat,NULL
801,2026-07-22 23:54,Rosu,15,Preluat,3
802,2026-07-06 19:26,Verde,22,Preluat,28
803,2026-07-12 12:05,Galben,169,Externat,NULL
804,2026-07-07 01:14,Rosu,1,Externat,NULL
805,2026-07-09 09:28,Verde,78,Externat,NULL
806,2026-07-24 16:49,Verde,85,Externat,NULL
807,2026-07-30 19:29,Verde,9,Externat,NULL
808,2026-07-30 18:50,Rosu,15,In Asteptare,NULL
809,2026-07-17 16:27,Albastru,39,In Asteptare,NULL
810,2026-07-30 15:48,Verde,10,Preluat,9
811,2026-07-10 22:13,Verde,113,Externat,NULL
812,2026-07-07 17:27,Verde,179,Externat,NULL
813,2026-07-09 04:37,Verde,133,Preluat,40
814,2026-07-04 09:01,Galben,13,Externat,NULL
815,2026-07-21 14:53,Galben,221,Externat,NULL
816,2026-07-07 04:27,Verde,107,In Asteptare,NULL
817,2026-07-30 20:24,Verde,156,Externat,NULL
818,2026-07-29 19:59,Verde,104,Externat,NULL
819,2026-07-24 21:43,Verde,179,Externat,NULL
820,2026-07-16 18:02,Rosu,10,Externat,NULL
821,2026-07-02 18:51,Verde,22,Externat,NULL
822,2026-07-28 04:56,Albastru,71,Externat,NULL
823,2026-07-11 15:29,Galben,22,Externat,NULL
824,2026-07-30 00:22,Verde,160,Preluat,8
825,2026-07-23 22:23,Galben,219,Externat,NULL
826,2026-07-21 10:54,Galben,74,Externat,NULL
827,2026-07-04 01:50,Albastru,225,Externat,NULL
828,2026-07-10 15:26,Galben,32,Externat,NULL
829,2026-07-10 06:04,Albastru,149,In Asteptare,NULL
830,2026-07-06 07:31,Galben,231,Externat,NULL
831,2026-07-19 22:03,Verde,58,Externat,NULL
832,2026-07-15 10:10,Verde,86,In Asteptare,NULL
833,2026-07-25 14:09,Verde,34,Externat,NULL
834,2026-07-28 15:13,Verde,181,Preluat,27
835,2026-07-18 10:29,Galben,143,Externat,NULL
836,2026-07-26 01:23,Galben,227,Externat,NULL
837,2026-07-27 00:45,Verde,14,Preluat,16
838,2026-07-24 10:54,Verde,74,Preluat,5
839,2026-07-29 14:58,Galben,196,Preluat,23
840,2026-07-13 13:49,Rosu,1,Externat,NULL
841,2026-07-08 10:28,Albastru,117,Preluat,10
842,2026-07-13 20:37,Galben,175,In Asteptare,NULL
843,2026-07-27 12:59,Galben,187,In Asteptare,NULL
844,2026-07-20 06:10,Galben,26,In Asteptare,NULL
845,2026-07-21 00:21,Verde,168,Preluat,36
846,2026-07-21 07:08,Verde,72,Externat,NULL
847,2026-07-23 16:36,Verde,107,Preluat,40
848,2026-07-21 15:21,Verde,145,Externat,NULL
849,2026-07-19 07:22,Verde,214,Externat,NULL
850,2026-07-15 22:31,Rosu,28,Externat,NULL
851,2026-07-18 18:45,Galben,31,Externat,NULL
852,2026-07-09 02:56,Galben,172,In Asteptare,NULL
853,2026-07-18 04:55,Verde,183,Externat,NULL
854,2026-07-20 21:28,Verde,106,Externat,NULL
855,2026-07-21 01:23,Galben,155,Preluat,13
856,2026-07-05 15:35,Verde,175,Externat,NULL
857,2026-07-28 02:56,Albastru,80,Preluat,1
858,2026-07-16 05:42,Verde,139,Externat,NULL
859,2026-07-20 18:51,Verde,183,Externat,NULL
860,2026-07-19 15:18,Galben,64,Externat,NULL
861,2026-07-01 19:56,Verde,78,Externat,NULL
862,2026-07-04 22:39,Albastru,52,In Asteptare,NULL
863,2026-07-11 22:04,Verde,236,In Asteptare,NULL
864,2026-07-16 15:22,Verde,31,In Asteptare,NULL
865,2026-07-20 15:05,Verde,202,Externat,NULL
866,2026-07-06 05:35,Galben,92,Externat,NULL
867,2026-07-13 18:52,Verde,186,In Asteptare,NULL
868,2026-07-19 21:30,Albastru,22,Externat,NULL
869,2026-07-14 10:42,Rosu,15,Externat,NULL
870,2026-07-11 05:20,Galben,212,Preluat,15
871,2026-07-22 20:52,Rosu,5,Preluat,19
872,2026-07-07 00:55,Galben,214,Preluat,18
873,2026-07-30 09:26,Galben,170,Preluat,21
874,2026-07-07 03:13,Verde,153,Preluat,9
875,2026-07-21 09:01,Verde,91,In Asteptare,NULL
876,2026-07-26 22:57,Verde,73,Externat,NULL
877,2026-07-25 10:03,Albastru,32,Preluat,14
878,2026-07-17 05:36,Rosu,7,Externat,NULL
879,2026-07-08 04:55,Verde,217,Preluat,47
880,2026-07-07 13:43,Galben,83,Preluat,29
881,2026-07-25 02:46,Rosu,29,Externat,NULL
882,2026-07-01 10:40,Galben,182,Preluat,5
883,2026-07-21 08:15,Galben,238,Preluat,29
884,2026-07-16 20:59,Rosu,30,In Asteptare,NULL
885,2026-07-14 10:00,Galben,75,Preluat,20
886,2026-07-29 02:12,Verde,214,Externat,NULL
887,2026-07-02 04:28,Galben,199,In Asteptare,NULL
888,2026-07-21 18:05,Verde,41,Preluat,19
889,2026-07-22 16:48,Galben,114,In Asteptare,NULL
890,2026-07-14 09:15,Galben,164,Externat,NULL
891,2026-07-18 20:54,Rosu,13,In Asteptare,NULL
892,2026-07-13 20:51,Albastru,223,In Asteptare,NULL
893,2026-07-04 16:48,Albastru,124,Externat,NULL
894,2026-07-10 13:10,Galben,150,Externat,NULL
895,2026-07-25 16:39,Verde,236,Externat,NULL
896,2026-07-13 22:44,Albastru,74,Externat,NULL
897,2026-07-02 04:53,Verde,47,Externat,NULL
898,2026-07-01 11:12,Verde,17,Externat,NULL
899,2026-07-13 12:16,Verde,16,Externat,NULL
900,2026-07-19 07:08,Galben,8,In Asteptare,NULL
901,2026-07-17 13:18,Galben,51,Externat,NULL
902,2026-07-21 14:08,Verde,232,Externat,NULL
903,2026-07-25 09:26,Galben,220,Externat,NULL
904,2026-07-12 05:58,Verde,47,Externat,NULL
905,2026-07-12 17:02,Albastru,238,Preluat,50
906,2026-07-22 18:10,Verde,113,Preluat,29
907,2026-07-20 02:50,Verde,108,Externat,NULL
908,2026-07-23 03:12,Rosu,15,Externat,NULL
909,2026-07-19 03:42,Albastru,193,In Asteptare,NULL
910,2026-07-18 00:53,Verde,208,Preluat,35
911,2026-07-17 22:28,Galben,171,Externat,NULL
912,2026-07-09 06:11,Galben,208,Preluat,27
913,2026-07-03 17:50,Albastru,147,In Asteptare,NULL
914,2026-07-01 23:49,Rosu,0,Preluat,38
915,2026-07-04 21:48,Verde,155,Preluat,8
916,2026-07-06 23:29,Galben,183,In Asteptare,NULL
917,2026-07-15 11:10,Verde,221,Preluat,41
918,2026-07-16 17:02,Verde,218,Externat,NULL
919,2026-07-20 21:55,Verde,88,In Asteptare,NULL
920,2026-07-06 12:01,Verde,193,Preluat,11
921,2026-07-09 16:26,Verde,217,In Asteptare,NULL
922,2026-07-12 09:32,Verde,232,Externat,NULL
923,2026-07-25 05:22,Verde,63,Preluat,40
924,2026-07-01 17:04,Verde,8,Externat,NULL
925,2026-07-14 06:52,Verde,160,In Asteptare,NULL
926,2026-07-22 23:38,Galben,153,Externat,NULL
927,2026-07-25 11:25,Verde,151,Externat,NULL
928,2026-07-16 06:25,Galben,236,Preluat,21
929,2026-07-18 14:28,Verde,107,In Asteptare,NULL
930,2026-07-30 23:23,Verde,236,Externat,NULL
931,2026-07-10 02:25,Galben,94,In Asteptare,NULL
932,2026-07-26 03:58,Verde,185,Externat,NULL
933,2026-07-20 01:46,Galben,110,Preluat,36
934,2026-07-04 17:23,Verde,98,Preluat,17
935,2026-07-07 21:14,Galben,108,Externat,NULL
936,2026-07-02 15:39,Galben,228,Externat,NULL
937,2026-07-30 03:32,Galben,147,Preluat,13
938,2026-07-26 04:54,Verde,167,Preluat,37
939,2026-07-14 17:21,Galben,63,Preluat,40
940,2026-07-27 15:47,Verde,131,Preluat,10
941,2026-07-14 10:16,Verde,139,Externat,NULL
942,2026-07-19 18:05,Galben,62,In Asteptare,NULL
943,2026-07-24 20:25,Galben,37,Externat,NULL
944,2026-07-03 21:18,Verde,39,Externat,NULL
945,2026-07-30 02:05,Verde,80,Preluat,9
946,2026-07-29 14:14,Galben,74,Externat,NULL
947,2026-07-18 06:18,Galben,11,Preluat,1
948,2026-07-13 13:24,Galben,113,Externat,NULL
949,2026-07-15 14:07,Galben,15,Preluat,1
950,2026-07-11 12:17,Galben,193,Externat,NULL
951,2026-07-05 12:57,Verde,187,Externat,NULL
952,2026-07-22 00:42,Galben,128,Externat,NULL
953,2026-07-13 14:47,Verde,156,Preluat,43
954,2026-07-08 12:42,Galben,222,Externat,NULL
955,2026-07-27 00:38,Verde,8,In Asteptare,NULL
956,2026-07-04 21:38,Galben,69,Externat,NULL
957,2026-07-23 02:30,Albastru,38,Preluat,43
958,2026-07-22 06:06,Galben,81,Preluat,27
959,2026-07-24 12:56,Verde,194,Externat,NULL
960,2026-07-10 09:09,Galben,134,Externat,NULL
961,2026-07-25 19:39,Verde,189,Preluat,3
962,2026-07-03 18:48,Verde,94,Externat,NULL
963,2026-07-07 05:01,Albastru,213,In Asteptare,NULL
964,2026-07-16 08:22,Verde,195,In Asteptare,NULL
965,2026-07-30 04:09,Verde,123,Preluat,5
966,2026-07-17 17:39,Verde,26,Externat,NULL
967,2026-07-30 06:05,Galben,66,Externat,NULL
968,2026-07-11 06:29,Galben,180,Preluat,49
969,2026-07-17 05:08,Verde,69,Externat,NULL
970,2026-07-25 06:28,Verde,207,Externat,NULL
971,2026-07-02 21:46,Verde,231,Preluat,10
972,2026-07-30 06:03,Albastru,50,Externat,NULL
973,2026-07-02 00:22,Verde,5,In Asteptare,NULL
974,2026-07-14 15:21,Galben,226,Externat,NULL
975,2026-07-20 19:09,Galben,161,In Asteptare,NULL
976,2026-07-09 15:26,Verde,21,Externat,NULL
977,2026-07-06 05:59,Galben,16,Preluat,42
978,2026-07-11 02:13,Galben,101,In Asteptare,NULL
979,2026-07-13 05:37,Verde,182,Externat,NULL
980,2026-07-15 06:17,Verde,134,Externat,NULL
981,2026-07-06 04:51,Albastru,213,Externat,NULL
982,2026-07-30 03:51,Rosu,13,Externat,NULL
983,2026-07-10 13:13,Verde,127,In Asteptare,NULL
984,2026-07-09 12:23,Rosu,5,Externat,NULL
985,2026-07-15 03:27,Rosu,22,Preluat,31
986,2026-07-24 22:34,Verde,186,Externat,NULL
987,2026-07-25 05:22,Galben,161,Preluat,24
988,2026-07-24 16:53,Albastru,103,Externat,NULL
989,2026-07-12 03:32,Rosu,27,Externat,NULL
990,2026-07-22 18:14,Galben,118,Preluat,26
991,2026-07-13 20:06,Galben,144,Externat,NULL
992,2026-07-26 05:52,Galben,184,Externat,NULL
993,2026-07-19 13:44,Galben,208,Externat,NULL
994,2026-07-03 15:06,Verde,83,In Asteptare,NULL
995,2026-07-03 03:49,Rosu,4,Externat,NULL
996,2026-07-18 09:15,Galben,30,Externat,NULL
997,2026-07-10 19:31,Galben,19,Preluat,48
998,2026-07-20 01:49,Albastru,163,Externat,NULL
999,2026-07-05 03:28,Galben,233,Preluat,49
1000,2026-07-15 14:55,Galben,41,Externat,NULL
1001,2026-07-17 09:04,Verde,12,Externat,NULL
1002,2026-07-22 17:38,Galben,141,Externat,NULL
1003,2026-07-02 03:32,Galben,101,Externat,NULL
1004,2026-07-09 02:53,Galben,178,Preluat,36
1005,2026-07-17 16:23,Galben,119,Preluat,20
1006,2026-07-16 05:57,Galben,22,Externat,NULL
1007,2026-07-13 23:02,Galben,71,Externat,NULL
1008,2026-07-29 21:45,Galben,19,In Asteptare,NULL
1009,2026-07-03 10:28,Galben,158,Preluat,11
1010,2026-07-04 00:35,Rosu,21,Preluat,28
1011,2026-07-06 09:07,Galben,124,Externat,NULL
1012,2026-07-05 16:49,Verde,51,Externat,NULL
1013,2026-07-21 23:44,Rosu,25,Preluat,10
1014,2026-07-27 13:10,Albastru,71,Externat,NULL
1015,2026-07-17 23:54,Galben,214,Preluat,46
1016,2026-07-20 18:59,Galben,50,Preluat,20
1017,2026-07-08 15:01,Albastru,79,Externat,NULL
1018,2026-07-30 17:45,Galben,166,Externat,NULL
1019,2026-07-01 08:14,Verde,113,Preluat,8
1020,2026-07-25 19:34,Verde,5,Externat,NULL
1021,2026-07-09 12:01,Galben,171,Preluat,30
1022,2026-07-14 03:20,Galben,18,Externat,NULL
1023,2026-07-15 02:38,Galben,76,Preluat,16
1024,2026-07-08 15:07,Verde,90,Preluat,42
1025,2026-07-14 19:22,Galben,90,In Asteptare,NULL
1026,2026-07-12 22:24,Verde,28,Externat,NULL
1027,2026-07-09 04:22,Verde,46,In Asteptare,NULL
1028,2026-07-01 22:28,Verde,126,Preluat,40
1029,2026-07-16 22:52,Albastru,163,Preluat,15
1030,2026-07-03 12:06,Verde,80,Externat,NULL
1031,2026-07-10 09:37,Verde,52,Externat,NULL
1032,2026-07-18 06:49,Verde,56,Preluat,40
1033,2026-07-11 00:18,Galben,100,Externat,NULL
1034,2026-07-20 21:46,Verde,8,In Asteptare,NULL
1035,2026-07-17 06:47,Rosu,17,Externat,NULL
1036,2026-07-16 23:30,Galben,123,Preluat,39
1037,2026-07-01 02:48,Albastru,62,Externat,NULL
1038,2026-07-15 13:44,Verde,157,Preluat,46
1039,2026-07-02 04:35,Verde,11,Preluat,38
1040,2026-07-28 20:56,Verde,204,Externat,NULL
1041,2026-07-26 10:32,Rosu,10,Preluat,15
1042,2026-07-16 05:31,Verde,240,Externat,NULL
1043,2026-07-01 17:31,Galben,229,In Asteptare,NULL
1044,2026-07-22 16:07,Galben,167,Externat,NULL
1045,2026-07-08 03:10,Albastru,71,Preluat,6
1046,2026-07-09 20:45,Verde,132,Preluat,16
1047,2026-07-03 02:56,Galben,194,Externat,NULL
1048,2026-07-12 03:39,Verde,238,Externat,NULL
1049,2026-07-19 22:58,Verde,212,Externat,NULL
1050,2026-07-06 06:37,Galben,89,In Asteptare,NULL
1051,2026-07-04 05:46,Galben,52,Externat,NULL
1052,2026-07-07 22:48,Verde,87,Externat,NULL
1053,2026-07-20 01:11,Galben,116,Externat,NULL
1054,2026-07-29 06:14,Rosu,13,Preluat,16
1055,2026-07-30 16:55,Verde,232,Externat,NULL
1056,2026-07-17 10:16,Rosu,3,Preluat,40
1057,2026-07-16 17:48,Galben,140,In Asteptare,NULL
1058,2026-07-10 03:51,Verde,14,In Asteptare,NULL
1059,2026-07-26 21:07,Verde,21,Externat,NULL
1060,2026-07-02 12:02,Verde,93,Externat,NULL
1061,2026-07-15 12:51,Verde,138,Externat,NULL
1062,2026-07-23 10:10,Galben,12,Preluat,4
1063,2026-07-30 01:50,Verde,141,In Asteptare,NULL
1064,2026-07-17 17:46,Galben,77,In Asteptare,NULL
1065,2026-07-30 12:53,Galben,134,In Asteptare,NULL
1066,2026-07-28 17:58,Verde,158,Preluat,45
1067,2026-07-13 18:22,Verde,166,Preluat,31
1068,2026-07-06 13:13,Rosu,13,Preluat,38
1069,2026-07-17 20:04,Verde,199,Externat,NULL
1070,2026-07-26 07:17,Rosu,24,Preluat,8
1071,2026-07-27 22:59,Verde,117,In Asteptare,NULL
1072,2026-07-07 23:48,Galben,153,Preluat,37
1073,2026-07-29 14:34,Verde,163,In Asteptare,NULL
1074,2026-07-09 13:05,Verde,182,Externat,NULL
1075,2026-07-13 05:28,Verde,49,Preluat,7
1076,2026-07-02 23:06,Verde,79,Externat,NULL
1077,2026-07-01 12:27,Galben,125,Preluat,48
1078,2026-07-16 23:08,Galben,162,Preluat,16
1079,2026-07-06 21:16,Verde,127,Preluat,23
1080,2026-07-02 07:43,Galben,106,Externat,NULL
1081,2026-07-14 22:33,Albastru,30,Externat,NULL
1082,2026-07-16 04:07,Verde,219,Externat,NULL
1083,2026-07-26 06:20,Verde,5,In Asteptare,NULL
1084,2026-07-20 11:06,Verde,76,Preluat,23
1085,2026-07-09 00:47,Verde,230,Externat,NULL
1086,2026-07-01 18:22,Galben,221,Preluat,6
1087,2026-07-23 13:26,Rosu,24,Externat,NULL
1088,2026-07-26 19:45,Verde,157,Preluat,14
1089,2026-07-06 23:55,Verde,151,In Asteptare,NULL
1090,2026-07-11 07:54,Verde,237,Externat,NULL
1091,2026-07-13 12:41,Verde,9,Preluat,16
1092,2026-07-05 13:49,Rosu,24,Preluat,39
1093,2026-07-20 15:16,Verde,228,Externat,NULL
1094,2026-07-28 09:06,Verde,6,In Asteptare,NULL
1095,2026-07-21 20:13,Galben,239,In Asteptare,NULL
1096,2026-07-07 12:35,Galben,37,Externat,NULL
1097,2026-07-03 00:37,Albastru,162,Preluat,43
1098,2026-07-19 11:38,Albastru,14,Externat,NULL
1099,2026-07-13 22:02,Verde,186,In Asteptare,NULL
1100,2026-07-11 14:37,Rosu,19,Preluat,22
1101,2026-07-04 14:31,Galben,191,Externat,NULL
1102,2026-07-11 05:37,Verde,19,Externat,NULL
1103,2026-07-14 00:42,Verde,117,In Asteptare,NULL
1104,2026-07-26 01:22,Galben,223,Preluat,48
1105,2026-07-12 15:32,Rosu,10,Externat,NULL
1106,2026-07-22 07:32,Albastru,173,Externat,NULL
1107,2026-07-29 05:52,Verde,173,Externat,NULL
1108,2026-07-30 21:45,Galben,220,Externat,NULL
1109,2026-07-12 02:07,Galben,194,Externat,NULL
1110,2026-07-06 02:44,Galben,178,Preluat,9
1111,2026-07-18 20:32,Galben,149,Externat,NULL
1112,2026-07-25 10:17,Galben,75,Externat,NULL
1113,2026-07-17 00:43,Verde,147,Preluat,42
1114,2026-07-05 01:29,Albastru,178,In Asteptare,NULL
1115,2026-07-14 15:14,Verde,24,In Asteptare,NULL
1116,2026-07-24 06:56,Galben,66,Externat,NULL
1117,2026-07-06 21:21,Verde,170,Externat,NULL
1118,2026-07-24 14:32,Rosu,10,In Asteptare,NULL
1119,2026-07-21 12:04,Verde,83,Externat,NULL
1120,2026-07-23 18:43,Galben,49,Externat,NULL
1121,2026-07-02 08:48,Verde,219,Externat,NULL
1122,2026-07-11 12:29,Verde,66,Externat,NULL
1123,2026-07-05 15:36,Galben,225,Preluat,28
1124,2026-07-19 04:17,Galben,34,Preluat,35
1125,2026-07-30 16:35,Verde,61,Externat,NULL
1126,2026-07-28 05:02,Rosu,18,In Asteptare,NULL
1127,2026-07-03 07:49,Galben,197,Externat,NULL
1128,2026-07-17 21:42,Galben,5,Externat,NULL
1129,2026-07-02 19:21,Rosu,2,Externat,NULL
1130,2026-07-06 08:29,Verde,171,Externat,NULL
1131,2026-07-09 02:42,Albastru,197,Externat,NULL
1132,2026-07-26 17:40,Verde,59,Externat,NULL
1133,2026-07-29 13:16,Albastru,45,In Asteptare,NULL
1134,2026-07-26 18:12,Verde,198,Externat,NULL
1135,2026-07-17 11:49,Verde,66,Externat,NULL
1136,2026-07-01 23:15,Verde,99,Externat,NULL
1137,2026-07-04 06:25,Verde,19,In Asteptare,NULL
1138,2026-07-04 17:33,Albastru,71,In Asteptare,NULL
1139,2026-07-25 20:15,Galben,6,Preluat,36
1140,2026-07-18 04:40,Verde,166,In Asteptare,NULL
1141,2026-07-27 00:15,Galben,138,Preluat,50
1142,2026-07-01 11:06,Verde,88,In Asteptare,NULL
1143,2026-07-02 20:48,Verde,216,Externat,NULL
1144,2026-07-16 10:33,Verde,20,Preluat,34
1145,2026-07-19 16:38,Galben,222,In Asteptare,NULL
1146,2026-07-30 12:22,Albastru,225,Externat,NULL
1147,2026-07-28 08:20,Verde,152,Preluat,22
1148,2026-07-18 04:49,Galben,114,Preluat,43
1149,2026-07-27 06:16,Verde,11,Preluat,2
1150,2026-07-18 08:26,Galben,42,Externat,NULL
1151,2026-07-04 14:29,Verde,40,Externat,NULL
1152,2026-07-15 17:44,Galben,10,Externat,NULL
1153,2026-07-24 15:01,Verde,137,Preluat,12
1154,2026-07-09 21:52,Galben,108,Externat,NULL
1155,2026-07-15 02:41,Verde,202,Preluat,15
1156,2026-07-14 16:28,Galben,103,Preluat,6
1157,2026-07-26 09:22,Albastru,116,Preluat,20
1158,2026-07-16 09:51,Rosu,8,Externat,NULL
1159,2026-07-20 12:06,Galben,78,Preluat,17
1160,2026-07-21 00:47,Verde,97,Externat,NULL
1161,2026-07-13 02:16,Galben,105,Externat,NULL
1162,2026-07-09 19:58,Galben,202,In Asteptare,NULL
1163,2026-07-30 23:35,Galben,24,In Asteptare,NULL
1164,2026-07-20 01:35,Galben,146,In Asteptare,NULL
1165,2026-07-05 01:26,Albastru,16,Externat,NULL
1166,2026-07-24 23:26,Verde,221,Externat,NULL
1167,2026-07-22 06:06,Verde,25,Externat,NULL
1168,2026-07-27 22:32,Albastru,82,In Asteptare,NULL
1169,2026-07-22 15:58,Rosu,19,Externat,NULL
1170,2026-07-24 18:34,Galben,31,Externat,NULL
1171,2026-07-30 03:01,Verde,13,Externat,NULL
1172,2026-07-27 15:28,Verde,122,Preluat,34
1173,2026-07-22 07:47,Galben,6,Externat,NULL
1174,2026-07-03 00:20,Galben,173,Externat,NULL
1175,2026-07-24 03:38,Galben,92,Externat,NULL
1176,2026-07-18 10:04,Verde,180,Preluat,12
1177,2026-07-02 22:53,Galben,18,Externat,NULL
1178,2026-07-11 05:41,Galben,157,Externat,NULL
1179,2026-07-09 20:04,Albastru,229,In Asteptare,NULL
1180,2026-07-30 21:42,Albastru,120,Preluat,23
1181,2026-07-22 03:54,Albastru,62,Externat,NULL
1182,2026-07-12 10:26,Galben,51,Preluat,14
1183,2026-07-26 15:12,Verde,216,Preluat,32
1184,2026-07-21 02:24,Rosu,24,Preluat,46
1185,2026-07-29 02:31,Verde,126,Externat,NULL
1186,2026-07-06 17:45,Albastru,11,Externat,NULL
1187,2026-07-14 10:06,Galben,97,In Asteptare,NULL
1188,2026-07-16 01:22,Albastru,135,Preluat,45
1189,2026-07-16 11:30,Albastru,55,In Asteptare,NULL
1190,2026-07-11 01:51,Rosu,22,Externat,NULL
1191,2026-07-12 21:05,Verde,202,Externat,NULL
1192,2026-07-08 19:24,Rosu,12,Externat,NULL
1193,2026-07-18 06:51,Verde,27,Preluat,6
1194,2026-07-10 08:49,Rosu,23,Externat,NULL
1195,2026-07-14 17:55,Verde,153,Preluat,11
1196,2026-07-07 03:32,Galben,238,Externat,NULL
1197,2026-07-04 00:53,Verde,81,In Asteptare,NULL
1198,2026-07-17 05:01,Verde,12,Externat,NULL
1199,2026-07-24 18:15,Verde,64,Preluat,22
1200,2026-07-08 12:17,Verde,132,Externat,NULL
1201,2026-07-10 08:37,Galben,29,Preluat,39
1202,2026-07-11 07:53,Verde,84,Preluat,18
1203,2026-07-18 15:07,Galben,98,In Asteptare,NULL
1204,2026-07-13 04:43,Galben,16,Preluat,33
1205,2026-07-22 09:29,Galben,83,Preluat,50
1206,2026-07-15 14:10,Rosu,12,Preluat,25
1207,2026-07-20 16:43,Rosu,24,Preluat,23
1208,2026-07-17 10:01,Verde,12,Externat,NULL
1209,2026-07-06 20:21,Galben,118,Externat,NULL
1210,2026-07-15 23:14,Verde,9,In Asteptare,NULL
1211,2026-07-24 02:57,Galben,190,Externat,NULL
1212,2026-07-23 08:49,Galben,90,Preluat,31
1213,2026-07-22 04:43,Albastru,91,In Asteptare,NULL
1214,2026-07-18 06:16,Verde,9,Externat,NULL
1215,2026-07-06 01:10,Rosu,21,Externat,NULL
1216,2026-07-01 11:26,Galben,52,In Asteptare,NULL
1217,2026-07-30 17:00,Galben,87,Preluat,47
1218,2026-07-05 11:42,Galben,75,In Asteptare,NULL
1219,2026-07-21 23:48,Galben,178,Externat,NULL
1220,2026-07-19 07:06,Galben,29,Externat,NULL
1221,2026-07-22 00:46,Albastru,132,Externat,NULL
1222,2026-07-06 18:48,Galben,209,Externat,NULL
1223,2026-07-15 01:08,Verde,219,Externat,NULL
1224,2026-07-12 11:12,Verde,205,In Asteptare,NULL
1225,2026-07-15 22:33,Galben,25,Externat,NULL
1226,2026-07-10 18:44,Rosu,16,Externat,NULL
1227,2026-07-19 01:33,Galben,63,Externat,NULL
1228,2026-07-20 15:26,Galben,31,In Asteptare,NULL
1229,2026-07-04 20:51,Verde,36,Externat,NULL
1230,2026-07-16 17:01,Albastru,139,Externat,NULL
1231,2026-07-13 08:12,Verde,41,Externat,NULL
1232,2026-07-22 18:40,Rosu,29,In Asteptare,NULL
1233,2026-07-12 04:41,Galben,226,Externat,NULL
1234,2026-07-07 01:19,Galben,218,Preluat,30
1235,2026-07-06 15:03,Albastru,105,Preluat,38
1236,2026-07-23 20:13,Verde,51,Preluat,9
1237,2026-07-29 22:24,Galben,37,Preluat,26
1238,2026-07-22 18:14,Rosu,3,Preluat,23
1239,2026-07-13 09:52,Verde,85,Externat,NULL
1240,2026-07-29 08:14,Galben,14,Externat,NULL
1241,2026-07-27 00:07,Rosu,2,Preluat,22
1242,2026-07-23 16:55,Galben,141,Externat,NULL
1243,2026-07-07 01:03,Verde,40,Externat,NULL
1244,2026-07-20 22:38,Verde,98,In Asteptare,NULL
1245,2026-07-03 20:23,Rosu,29,Externat,NULL
1246,2026-07-04 15:28,Galben,104,Externat,NULL
1247,2026-07-04 16:51,Verde,189,Preluat,50
1248,2026-07-06 01:40,Verde,82,Preluat,12
1249,2026-07-24 23:00,Galben,35,Preluat,30
1250,2026-07-24 00:32,Galben,156,Externat,NULL
1251,2026-07-14 01:08,Galben,69,In Asteptare,NULL
1252,2026-07-29 04:44,Rosu,4,Externat,NULL
1253,2026-07-13 19:42,Verde,46,In Asteptare,NULL
1254,2026-07-12 15:12,Albastru,97,Externat,NULL
1255,2026-07-03 06:22,Verde,75,Externat,NULL
1256,2026-07-20 00:53,Verde,135,Externat,NULL
1257,2026-07-23 13:49,Albastru,89,Externat,NULL
1258,2026-07-30 20:56,Verde,45,Externat,NULL
1259,2026-07-26 21:40,Verde,231,Preluat,10
1260,2026-07-11 18:22,Albastru,130,Externat,NULL
1261,2026-07-12 14:33,Verde,74,Externat,NULL
1262,2026-07-16 11:08,Verde,182,In Asteptare,NULL
1263,2026-07-11 02:30,Galben,127,Preluat,44
1264,2026-07-25 06:27,Galben,43,In Asteptare,NULL
1265,2026-07-23 07:27,Rosu,9,Externat,NULL
1266,2026-07-12 00:25,Verde,58,Externat,NULL
1267,2026-07-17 06:41,Albastru,209,Externat,NULL
1268,2026-07-05 10:08,Verde,52,In Asteptare,NULL
1269,2026-07-25 06:21,Verde,214,Preluat,37
1270,2026-07-18 19:49,Galben,97,In Asteptare,NULL
1271,2026-07-06 11:03,Verde,89,Preluat,1
1272,2026-07-13 10:32,Galben,25,Externat,NULL
1273,2026-07-13 11:35,Verde,156,In Asteptare,NULL
1274,2026-07-03 08:29,Galben,75,Externat,NULL
1275,2026-07-22 13:46,Galben,206,Externat,NULL
1276,2026-07-26 11:34,Albastru,221,In Asteptare,NULL
1277,2026-07-27 17:17,Galben,166,Externat,NULL
1278,2026-07-19 19:54,Verde,13,Externat,NULL
1279,2026-07-01 19:28,Albastru,62,Externat,NULL
1280,2026-07-29 07:38,Verde,170,Externat,NULL
1281,2026-07-19 18:25,Verde,200,Externat,NULL
1282,2026-07-14 13:48,Albastru,195,In Asteptare,NULL
1283,2026-07-25 03:32,Verde,32,Externat,NULL
1284,2026-07-21 20:24,Verde,114,Externat,NULL
1285,2026-07-06 18:02,Verde,144,Externat,NULL
1286,2026-07-13 12:18,Verde,77,Externat,NULL
1287,2026-07-18 02:54,Galben,94,Externat,NULL
1288,2026-07-19 18:11,Verde,150,Externat,NULL
1289,2026-07-06 18:34,Galben,50,Externat,NULL
1290,2026-07-03 10:44,Galben,159,In Asteptare,NULL
1291,2026-07-01 19:27,Verde,5,Preluat,28
1292,2026-07-29 23:41,Rosu,20,Preluat,12
1293,2026-07-17 17:53,Albastru,108,Externat,NULL
1294,2026-07-09 21:42,Verde,13,Externat,NULL
1295,2026-07-27 13:16,Albastru,26,Externat,NULL
1296,2026-07-03 19:02,Verde,107,Preluat,26
1297,2026-07-23 21:34,Galben,148,Preluat,36
1298,2026-07-24 20:53,Galben,221,Externat,NULL
1299,2026-07-28 23:47,Galben,238,Preluat,15
1300,2026-07-20 11:00,Verde,37,Preluat,29
1301,2026-07-06 04:03,Verde,162,Externat,NULL
1302,2026-07-12 06:21,Galben,119,Preluat,36
1303,2026-07-19 17:49,Verde,85,Externat,NULL
1304,2026-07-26 08:36,Galben,86,Externat,NULL
1305,2026-07-22 06:43,Galben,121,Externat,NULL
1306,2026-07-11 12:29,Galben,75,Preluat,2
1307,2026-07-25 05:31,Galben,168,Externat,NULL
1308,2026-07-06 16:00,Rosu,11,Externat,NULL
1309,2026-07-24 15:23,Verde,208,In Asteptare,NULL
1310,2026-07-24 20:33,Verde,55,Externat,NULL
1311,2026-07-11 16:51,Albastru,84,In Asteptare,NULL
1312,2026-07-14 12:39,Verde,203,In Asteptare,NULL
1313,2026-07-29 00:06,Verde,209,Externat,NULL
1314,2026-07-24 08:41,Albastru,182,Externat,NULL
1315,2026-07-01 11:56,Verde,181,Externat,NULL
1316,2026-07-07 14:45,Verde,32,Externat,NULL
1317,2026-07-20 06:32,Verde,161,Externat,NULL
1318,2026-07-18 20:15,Verde,69,Externat,NULL
1319,2026-07-19 19:19,Galben,161,Preluat,26
1320,2026-07-10 08:08,Verde,83,Externat,NULL
1321,2026-07-11 13:29,Verde,207,Externat,NULL
1322,2026-07-19 06:15,Galben,219,Preluat,4
1323,2026-07-03 15:31,Galben,210,Externat,NULL
1324,2026-07-25 21:01,Verde,24,Preluat,12
1325,2026-07-06 07:21,Verde,68,Preluat,32
1326,2026-07-10 15:20,Galben,24,Externat,NULL
1327,2026-07-13 18:20,Verde,49,Externat,NULL
1328,2026-07-06 23:06,Galben,104,In Asteptare,NULL
1329,2026-07-26 11:51,Verde,53,Externat,NULL
1330,2026-07-08 05:38,Verde,194,Externat,NULL
1331,2026-07-11 17:03,Galben,215,Externat,NULL
1332,2026-07-08 09:00,Galben,73,Externat,NULL
1333,2026-07-30 05:43,Verde,190,In Asteptare,NULL
1334,2026-07-26 23:42,Verde,5,In Asteptare,NULL
1335,2026-07-14 13:39,Galben,162,Externat,NULL
1336,2026-07-08 12:43,Verde,143,Externat,NULL
1337,2026-07-18 05:45,Galben,215,In Asteptare,NULL
1338,2026-07-08 15:30,Galben,172,Preluat,27
1339,2026-07-21 15:56,Verde,179,Externat,NULL
1340,2026-07-29 03:06,Galben,169,Externat,NULL
1341,2026-07-19 21:50,Verde,37,Preluat,27
1342,2026-07-26 02:48,Galben,88,Externat,NULL
1343,2026-07-30 01:09,Galben,89,Preluat,29
1344,2026-07-16 20:04,Rosu,26,In Asteptare,NULL
1345,2026-07-22 15:59,Galben,22,Preluat,20
1346,2026-07-21 12:07,Verde,91,Externat,NULL
1347,2026-07-21 04:38,Galben,15,Externat,NULL
1348,2026-07-06 00:15,Galben,200,In Asteptare,NULL
1349,2026-07-03 20:12,Galben,112,Preluat,27
1350,2026-07-06 03:48,Verde,127,Externat,NULL
1351,2026-07-17 03:57,Verde,64,Externat,NULL
1352,2026-07-04 11:05,Verde,141,Externat,NULL
1353,2026-07-30 05:04,Verde,200,Externat,NULL
1354,2026-07-24 18:56,Verde,20,Preluat,7
1355,2026-07-15 08:20,Galben,64,Preluat,42
1356,2026-07-09 02:35,Galben,131,Externat,NULL
1357,2026-07-21 06:18,Verde,83,Externat,NULL
1358,2026-07-18 09:54,Galben,21,In Asteptare,NULL
1359,2026-07-03 05:01,Albastru,92,In Asteptare,NULL
1360,2026-07-08 21:13,Albastru,61,Preluat,17
1361,2026-07-27 23:29,Galben,77,Externat,NULL
1362,2026-07-08 13:58,Verde,147,In Asteptare,NULL
1363,2026-07-14 17:53,Galben,160,Preluat,1
1364,2026-07-05 18:31,Galben,161,In Asteptare,NULL
1365,2026-07-21 13:40,Verde,54,Externat,NULL
1366,2026-07-09 23:27,Verde,166,Externat,NULL
1367,2026-07-02 23:50,Rosu,29,In Asteptare,NULL
1368,2026-07-03 03:58,Galben,211,In Asteptare,NULL
1369,2026-07-19 22:33,Galben,193,Externat,NULL
1370,2026-07-21 12:55,Verde,162,Preluat,9
1371,2026-07-11 13:56,Galben,190,In Asteptare,NULL
1372,2026-07-03 04:20,Albastru,210,Preluat,39
1373,2026-07-29 06:17,Galben,119,Preluat,23
1374,2026-07-28 05:06,Galben,128,In Asteptare,NULL
1375,2026-07-24 07:10,Verde,6,Externat,NULL
1376,2026-07-27 10:14,Galben,37,Externat,NULL
1377,2026-07-15 02:50,Galben,180,Preluat,17
1378,2026-07-20 20:03,Verde,117,Preluat,30
1379,2026-07-07 12:12,Verde,209,Externat,NULL
1380,2026-07-30 16:59,Verde,85,Preluat,9
1381,2026-07-05 04:46,Verde,75,Preluat,48
1382,2026-07-07 17:36,Verde,21,In Asteptare,NULL
1383,2026-07-16 10:33,Verde,107,Externat,NULL
1384,2026-07-29 07:44,Albastru,155,Preluat,7
1385,2026-07-08 15:35,Verde,160,Externat,NULL
1386,2026-07-01 14:20,Galben,235,Preluat,32
1387,2026-07-19 16:38,Verde,160,Preluat,10
1388,2026-07-01 01:35,Galben,16,Externat,NULL
1389,2026-07-15 17:45,Albastru,116,Preluat,44
1390,2026-07-05 17:37,Albastru,93,Externat,NULL
1391,2026-07-05 12:02,Albastru,75,In Asteptare,NULL
1392,2026-07-25 12:20,Verde,72,Preluat,1
1393,2026-07-13 19:43,Verde,218,Preluat,9
1394,2026-07-29 10:55,Galben,46,Externat,NULL
1395,2026-07-06 01:10,Verde,25,Preluat,49
1396,2026-07-24 15:49,Verde,126,Externat,NULL
1397,2026-07-25 10:14,Verde,7,In Asteptare,NULL
1398,2026-07-12 16:13,Verde,13,In Asteptare,NULL
1399,2026-07-29 11:27,Verde,200,Externat,NULL
1400,2026-07-18 19:50,Verde,45,In Asteptare,NULL
1401,2026-07-19 18:03,Verde,26,Preluat,9
1402,2026-07-25 03:38,Rosu,26,In Asteptare,NULL
1403,2026-07-05 09:49,Galben,125,Externat,NULL
1404,2026-07-24 16:30,Rosu,25,In Asteptare,NULL
1405,2026-07-15 21:45,Galben,53,Preluat,27
1406,2026-07-20 20:58,Verde,203,Preluat,35
1407,2026-07-15 13:16,Verde,18,Externat,NULL
1408,2026-07-19 12:14,Verde,111,Externat,NULL
1409,2026-07-19 23:26,Verde,207,Externat,NULL
1410,2026-07-16 14:20,Galben,15,Preluat,49
1411,2026-07-26 00:04,Galben,167,Preluat,17
1412,2026-07-07 09:03,Verde,126,Externat,NULL
1413,2026-07-22 15:34,Verde,206,In Asteptare,NULL
1414,2026-07-16 12:01,Rosu,28,Externat,NULL
1415,2026-07-29 02:07,Galben,157,In Asteptare,NULL
1416,2026-07-18 00:46,Galben,197,Externat,NULL
1417,2026-07-03 23:58,Verde,18,In Asteptare,NULL
1418,2026-07-04 06:12,Galben,66,Externat,NULL
1419,2026-07-17 00:45,Galben,72,Preluat,5
1420,2026-07-26 02:19,Galben,40,Externat,NULL
1421,2026-07-07 18:00,Verde,174,In Asteptare,NULL
1422,2026-07-21 07:36,Verde,214,In Asteptare,NULL
1423,2026-07-24 19:44,Galben,91,Externat,NULL
1424,2026-07-05 20:10,Verde,132,Externat,NULL
1425,2026-07-07 02:33,Galben,131,Externat,NULL
1426,2026-07-08 06:56,Rosu,29,Externat,NULL
1427,2026-07-05 13:35,Galben,110,Preluat,4
1428,2026-07-11 19:27,Rosu,30,In Asteptare,NULL
1429,2026-07-06 19:59,Rosu,23,Externat,NULL
1430,2026-07-21 11:21,Galben,198,In Asteptare,NULL
1431,2026-07-13 01:35,Galben,192,In Asteptare,NULL
1432,2026-07-29 13:20,Rosu,12,Preluat,13
1433,2026-07-15 07:13,Galben,97,Externat,NULL
1434,2026-07-24 12:23,Verde,200,Preluat,24
1435,2026-07-26 19:17,Galben,63,Preluat,43
1436,2026-07-06 15:57,Albastru,18,Preluat,41
1437,2026-07-12 14:34,Galben,122,Externat,NULL
1438,2026-07-26 04:02,Verde,86,Preluat,17
1439,2026-07-25 15:41,Galben,105,In Asteptare,NULL
1440,2026-07-01 01:37,Verde,71,Externat,NULL
1441,2026-07-14 09:12,Verde,21,In Asteptare,NULL
1442,2026-07-09 02:11,Verde,180,In Asteptare,NULL
1443,2026-07-11 08:50,Verde,82,Externat,NULL
1444,2026-07-22 15:05,Albastru,54,In Asteptare,NULL
1445,2026-07-18 07:02,Galben,147,Externat,NULL
1446,2026-07-09 22:18,Verde,10,Externat,NULL
1447,2026-07-09 12:19,Verde,130,Preluat,10
1448,2026-07-08 03:11,Albastru,39,Externat,NULL
1449,2026-07-29 10:46,Rosu,16,Externat,NULL
1450,2026-07-18 01:40,Verde,83,Preluat,19
1451,2026-07-29 17:05,Galben,220,In Asteptare,NULL
1452,2026-07-20 00:37,Albastru,138,Externat,NULL
1453,2026-07-08 00:01,Verde,141,In Asteptare,NULL
1454,2026-07-15 23:15,Galben,207,Preluat,23
1455,2026-07-30 18:41,Galben,193,In Asteptare,NULL
1456,2026-07-13 17:09,Verde,214,Externat,NULL
1457,2026-07-21 02:29,Albastru,81,Preluat,34
1458,2026-07-04 01:38,Albastru,96,Externat,NULL
1459,2026-07-24 09:28,Galben,111,Externat,NULL
1460,2026-07-04 22:43,Verde,171,Preluat,7
1461,2026-07-10 23:29,Verde,116,In Asteptare,NULL
1462,2026-07-05 09:02,Galben,107,In Asteptare,NULL
1463,2026-07-15 03:33,Verde,28,Preluat,36
1464,2026-07-22 14:15,Galben,36,Preluat,30
1465,2026-07-29 20:38,Rosu,29,Externat,NULL
1466,2026-07-13 22:04,Galben,204,Externat,NULL
1467,2026-07-02 00:39,Albastru,197,Preluat,27
1468,2026-07-17 18:46,Verde,28,Preluat,7
1469,2026-07-17 10:51,Verde,93,Preluat,19
1470,2026-07-14 19:17,Verde,171,In Asteptare,NULL
1471,2026-07-05 04:46,Galben,239,Externat,NULL
1472,2026-07-20 15:25,Verde,46,Externat,NULL
1473,2026-07-19 02:36,Albastru,184,Externat,NULL
1474,2026-07-04 09:29,Verde,105,Preluat,33
1475,2026-07-17 21:52,Verde,193,Preluat,21
1476,2026-07-16 07:09,Galben,162,Externat,NULL
1477,2026-07-17 17:35,Galben,207,Preluat,13
1478,2026-07-13 22:53,Verde,226,Preluat,19
1479,2026-07-02 21:49,Verde,77,Externat,NULL
1480,2026-07-06 00:45,Galben,133,Preluat,36
1481,2026-07-13 02:44,Rosu,30,Externat,NULL
1482,2026-07-22 12:37,Verde,193,Externat,NULL
1483,2026-07-30 18:15,Verde,221,Preluat,40
1484,2026-07-24 02:29,Verde,225,Externat,NULL
1485,2026-07-09 02:36,Galben,45,Preluat,30
1486,2026-07-18 15:03,Galben,188,Preluat,50
1487,2026-07-15 17:16,Galben,26,Preluat,20
1488,2026-07-24 16:41,Verde,191,Externat,NULL
1489,2026-07-21 20:00,Verde,210,Externat,NULL
1490,2026-07-28 00:02,Verde,115,Externat,NULL
1491,2026-07-04 00:29,Galben,68,Externat,NULL
1492,2026-07-28 17:27,Albastru,12,In Asteptare,NULL
1493,2026-07-30 04:48,Verde,207,Externat,NULL
1494,2026-07-16 13:30,Galben,157,Preluat,48
1495,2026-07-16 05:15,Galben,202,Preluat,40
1496,2026-07-17 05:04,Galben,183,Externat,NULL
1497,2026-07-23 20:26,Galben,99,In Asteptare,NULL
1498,2026-07-08 02:18,Verde,171,Externat,NULL
1499,2026-07-08 17:08,Verde,66,Preluat,13
1500,2026-07-20 08:48,Verde,118,Preluat,43
1501,2026-07-12 15:42,Rosu,4,Externat,NULL
1502,2026-07-23 22:46,Galben,170,Preluat,48
1503,2026-07-20 22:03,Rosu,1,Externat,NULL
1504,2026-07-14 19:23,Rosu,15,Externat,NULL
1505,2026-07-22 03:02,Galben,151,Externat,NULL
1506,2026-07-07 11:17,Verde,178,Preluat,43
1507,2026-07-27 08:06,Galben,117,Externat,NULL
1508,2026-07-24 17:59,Verde,30,Externat,NULL
1509,2026-07-21 17:01,Verde,115,Preluat,45
1510,2026-07-13 16:51,Galben,116,Externat,NULL
1511,2026-07-19 10:43,Albastru,237,Preluat,22
1512,2026-07-08 06:45,Verde,47,Externat,NULL
1513,2026-07-29 00:31,Galben,162,Externat,NULL
1514,2026-07-05 18:30,Verde,194,Preluat,7
1515,2026-07-13 05:39,Albastru,165,Externat,NULL
1516,2026-07-18 08:28,Rosu,27,Externat,NULL
1517,2026-07-21 06:49,Verde,217,In Asteptare,NULL
1518,2026-07-02 07:51,Albastru,147,Externat,NULL
1519,2026-07-17 05:23,Albastru,94,In Asteptare,NULL
1520,2026-07-23 13:14,Galben,84,Preluat,36
1521,2026-07-14 08:49,Galben,16,Externat,NULL
1522,2026-07-16 12:08,Verde,60,Externat,NULL
1523,2026-07-19 04:25,Rosu,3,Externat,NULL
1524,2026-07-20 03:08,Albastru,146,Externat,NULL
1525,2026-07-23 04:20,Galben,109,Externat,NULL
1526,2026-07-10 01:18,Verde,115,Externat,NULL
1527,2026-07-12 05:37,Verde,127,Preluat,11
1528,2026-07-21 13:53,Galben,220,Externat,NULL
1529,2026-07-28 19:34,Rosu,13,Externat,NULL
1530,2026-07-17 01:41,Verde,113,In Asteptare,NULL
1531,2026-07-23 12:19,Galben,49,Externat,NULL
1532,2026-07-08 04:01,Galben,235,Externat,NULL
1533,2026-07-30 05:16,Galben,162,Preluat,27
1534,2026-07-27 03:10,Verde,161,Externat,NULL
1535,2026-07-04 20:42,Rosu,26,Externat,NULL
1536,2026-07-18 08:05,Galben,76,Preluat,24
1537,2026-07-04 07:35,Verde,179,Externat,NULL
1538,2026-07-19 08:55,Rosu,20,Preluat,32
1539,2026-07-05 11:44,Galben,106,In Asteptare,NULL
1540,2026-07-02 12:00,Verde,237,Externat,NULL
1541,2026-07-03 01:51,Galben,184,Externat,NULL
1542,2026-07-07 14:29,Galben,146,Externat,NULL
1543,2026-07-22 20:42,Verde,73,Externat,NULL
1544,2026-07-15 17:11,Galben,237,Externat,NULL
1545,2026-07-07 02:29,Rosu,25,Preluat,37
1546,2026-07-07 22:16,Galben,175,Externat,NULL
1547,2026-07-06 14:35,Galben,122,Externat,NULL
1548,2026-07-21 02:16,Galben,187,Preluat,41
1549,2026-07-24 19:22,Galben,202,Externat,NULL
1550,2026-07-21 16:47,Galben,114,Externat,NULL
1551,2026-07-29 07:12,Galben,41,Preluat,36
1552,2026-07-28 01:49,Verde,104,Externat,NULL
1553,2026-07-07 18:21,Galben,176,Preluat,21
1554,2026-07-03 03:01,Galben,157,Externat,NULL
1555,2026-07-06 23:56,Albastru,13,In Asteptare,NULL
1556,2026-07-29 12:07,Galben,20,Externat,NULL
1557,2026-07-09 12:21,Verde,12,Preluat,40
1558,2026-07-11 08:35,Galben,102,Externat,NULL
1559,2026-07-30 08:40,Galben,236,Preluat,32
1560,2026-07-09 09:10,Verde,204,Externat,NULL
1561,2026-07-05 11:51,Albastru,165,Externat,NULL
1562,2026-07-20 17:33,Albastru,228,Externat,NULL
1563,2026-07-07 20:51,Galben,87,In Asteptare,NULL
1564,2026-07-29 11:44,Verde,133,Preluat,11
1565,2026-07-08 23:30,Verde,159,Externat,NULL
1566,2026-07-09 04:39,Verde,115,Externat,NULL
1567,2026-07-29 17:50,Galben,117,In Asteptare,NULL
1568,2026-07-14 00:59,Galben,229,Externat,NULL
1569,2026-07-01 16:00,Albastru,47,Preluat,34
1570,2026-07-22 20:08,Albastru,27,Externat,NULL
1571,2026-07-27 19:39,Rosu,8,Preluat,36
1572,2026-07-20 13:56,Verde,192,Externat,NULL
1573,2026-07-24 20:00,Verde,149,Externat,NULL
1574,2026-07-03 11:56,Verde,181,Externat,NULL
1575,2026-07-07 18:12,Galben,16,In Asteptare,NULL
1576,2026-07-01 16:22,Albastru,91,Externat,NULL
1577,2026-07-03 04:50,Rosu,1,Externat,NULL
1578,2026-07-18 21:44,Verde,139,Externat,NULL
1579,2026-07-06 20:47,Verde,136,Preluat,49
1580,2026-07-10 23:06,Albastru,174,Preluat,39
1581,2026-07-14 09:15,Verde,54,Externat,NULL
1582,2026-07-03 21:53,Albastru,161,Preluat,41
1583,2026-07-02 15:32,Verde,240,In Asteptare,NULL
1584,2026-07-20 15:25,Verde,138,Preluat,12
1585,2026-07-19 20:25,Galben,117,Externat,NULL
1586,2026-07-02 12:23,Galben,64,Externat,NULL
1587,2026-07-21 01:03,Verde,181,In Asteptare,NULL
1588,2026-07-06 19:57,Verde,65,Preluat,5
1589,2026-07-07 23:52,Galben,135,Externat,NULL
1590,2026-07-05 12:09,Verde,88,In Asteptare,NULL
1591,2026-07-20 19:09,Verde,135,Externat,NULL
1592,2026-07-23 02:42,Rosu,22,Preluat,7
1593,2026-07-05 08:26,Albastru,180,Externat,NULL
1594,2026-07-01 23:59,Galben,100,Externat,NULL
1595,2026-07-28 23:54,Verde,8,Externat,NULL
1596,2026-07-02 20:58,Galben,73,Externat,NULL
1597,2026-07-05 05:03,Albastru,106,Externat,NULL
1598,2026-07-25 15:52,Galben,6,Externat,NULL
1599,2026-07-29 15:38,Rosu,25,Externat,NULL
1600,2026-07-28 19:03,Galben,52,Externat,NULL
1601,2026-07-12 14:46,Verde,122,In Asteptare,NULL
1602,2026-07-17 16:00,Galben,178,Preluat,35
1603,2026-07-23 23:36,Verde,92,Externat,NULL
1604,2026-07-20 15:19,Verde,34,Externat,NULL
1605,2026-07-24 12:58,Galben,84,Externat,NULL
1606,2026-07-12 15:47,Albastru,60,In Asteptare,NULL
1607,2026-07-18 19:47,Galben,71,Externat,NULL
1608,2026-07-15 13:19,Galben,223,Externat,NULL
1609,2026-07-19 02:58,Verde,229,In Asteptare,NULL
1610,2026-07-15 09:35,Verde,17,In Asteptare,NULL
1611,2026-07-02 01:52,Verde,200,Externat,NULL
1612,2026-07-03 20:04,Galben,79,In Asteptare,NULL
1613,2026-07-17 01:47,Verde,16,Preluat,31
1614,2026-07-24 17:44,Verde,61,In Asteptare,NULL
1615,2026-07-28 13:46,Verde,71,Externat,NULL
1616,2026-07-06 18:02,Galben,36,Externat,NULL
1617,2026-07-15 08:09,Galben,106,Externat,NULL
1618,2026-07-25 22:42,Rosu,2,Externat,NULL
1619,2026-07-11 17:43,Galben,15,In Asteptare,NULL
1620,2026-07-15 00:44,Galben,129,Preluat,44
1621,2026-07-22 11:34,Galben,118,In Asteptare,NULL
1622,2026-07-26 17:30,Verde,125,Externat,NULL
1623,2026-07-20 19:54,Galben,54,Externat,NULL
1624,2026-07-05 07:53,Verde,20,Preluat,22
1625,2026-07-04 22:20,Galben,177,Externat,NULL
1626,2026-07-28 11:25,Galben,50,Externat,NULL
1627,2026-07-13 05:30,Galben,79,Externat,NULL
1628,2026-07-04 08:04,Verde,171,Preluat,6
1629,2026-07-01 06:33,Galben,190,Preluat,37
1630,2026-07-05 00:40,Verde,55,Externat,NULL
1631,2026-07-29 23:05,Galben,81,Externat,NULL
1632,2026-07-02 04:05,Verde,235,Externat,NULL
1633,2026-07-26 05:56,Rosu,6,Externat,NULL
1634,2026-07-11 22:07,Verde,203,Externat,NULL
1635,2026-07-05 07:03,Galben,203,Externat,NULL
1636,2026-07-21 03:05,Verde,98,In Asteptare,NULL
1637,2026-07-04 07:48,Albastru,67,Externat,NULL
1638,2026-07-15 19:58,Albastru,55,Preluat,50
1639,2026-07-13 03:12,Albastru,41,Preluat,21
1640,2026-07-30 22:06,Albastru,50,Externat,NULL
1641,2026-07-13 13:00,Verde,77,In Asteptare,NULL
1642,2026-07-09 00:12,Albastru,183,In Asteptare,NULL
1643,2026-07-17 03:36,Verde,117,Externat,NULL
1644,2026-07-17 11:35,Verde,166,Preluat,28
1645,2026-07-14 21:01,Verde,51,Preluat,44
1646,2026-07-25 12:22,Rosu,3,Preluat,6
1647,2026-07-28 03:58,Galben,138,Externat,NULL
1648,2026-07-18 01:53,Galben,234,Externat,NULL
1649,2026-07-20 19:42,Rosu,30,Preluat,5
1650,2026-07-05 00:34,Verde,100,Externat,NULL
1651,2026-07-06 13:17,Verde,162,Externat,NULL
1652,2026-07-18 19:55,Rosu,22,In Asteptare,NULL
1653,2026-07-07 08:25,Verde,41,Externat,NULL
1654,2026-07-22 16:25,Albastru,81,Externat,NULL
1655,2026-07-27 19:43,Rosu,23,Externat,NULL
1656,2026-07-06 20:38,Verde,11,Externat,NULL
1657,2026-07-06 23:11,Verde,96,Preluat,17
1658,2026-07-09 15:04,Verde,240,Externat,NULL
1659,2026-07-02 15:08,Verde,74,Externat,NULL
1660,2026-07-10 05:45,Albastru,66,Preluat,24
1661,2026-07-23 21:55,Galben,144,Externat,NULL
1662,2026-07-17 17:11,Rosu,4,Externat,NULL
1663,2026-07-17 15:49,Albastru,36,Preluat,41
1664,2026-07-12 14:06,Rosu,30,In Asteptare,NULL
1665,2026-07-03 19:13,Galben,31,Externat,NULL
1666,2026-07-07 08:17,Verde,169,In Asteptare,NULL
1667,2026-07-06 06:43,Galben,67,In Asteptare,NULL
1668,2026-07-16 13:02,Albastru,215,Externat,NULL
1669,2026-07-20 17:29,Verde,173,Preluat,33
1670,2026-07-05 18:57,Galben,136,Externat,NULL
1671,2026-07-18 20:18,Galben,37,Externat,NULL
1672,2026-07-13 17:17,Verde,56,In Asteptare,NULL
1673,2026-07-03 09:50,Rosu,23,Externat,NULL
1674,2026-07-17 14:47,Galben,206,Externat,NULL
1675,2026-07-22 21:51,Galben,7,Externat,NULL
1676,2026-07-12 14:23,Verde,101,In Asteptare,NULL
1677,2026-07-08 07:54,Verde,107,Externat,NULL
1678,2026-07-12 09:16,Verde,174,In Asteptare,NULL
1679,2026-07-15 03:24,Galben,11,Externat,NULL
1680,2026-07-22 10:55,Galben,5,Preluat,45
1681,2026-07-01 01:57,Verde,172,In Asteptare,NULL
1682,2026-07-22 09:04,Verde,223,Externat,NULL
1683,2026-07-10 17:48,Verde,163,In Asteptare,NULL
1684,2026-07-01 10:43,Verde,9,In Asteptare,NULL
1685,2026-07-26 20:36,Verde,136,Externat,NULL
1686,2026-07-20 19:17,Galben,59,Preluat,45
1687,2026-07-10 10:18,Albastru,15,In Asteptare,NULL
1688,2026-07-12 23:32,Galben,29,Preluat,6
1689,2026-07-12 16:48,Galben,209,Externat,NULL
1690,2026-07-28 05:54,Galben,170,Preluat,24
1691,2026-07-02 03:06,Galben,64,Externat,NULL
1692,2026-07-02 18:11,Galben,10,Preluat,35
1693,2026-07-03 21:23,Verde,145,Preluat,27
1694,2026-07-05 18:11,Galben,210,Preluat,1
1695,2026-07-08 18:19,Verde,191,Externat,NULL
1696,2026-07-30 00:08,Rosu,25,In Asteptare,NULL
1697,2026-07-28 19:10,Galben,140,In Asteptare,NULL
1698,2026-07-07 23:46,Galben,119,Externat,NULL
1699,2026-07-15 12:42,Albastru,20,Preluat,48
1700,2026-07-08 01:55,Galben,112,Preluat,13
1701,2026-07-24 20:39,Galben,75,Externat,NULL
1702,2026-07-05 13:29,Rosu,27,In Asteptare,NULL
1703,2026-07-24 02:47,Verde,53,Preluat,29
1704,2026-07-05 16:14,Verde,167,Preluat,11
1705,2026-07-17 07:44,Galben,117,Preluat,45
1706,2026-07-20 20:46,Verde,13,Preluat,4
1707,2026-07-04 19:49,Galben,17,Externat,NULL
1708,2026-07-03 05:27,Verde,20,Externat,NULL
1709,2026-07-10 18:40,Verde,134,Externat,NULL
1710,2026-07-02 13:26,Galben,228,Externat,NULL
1711,2026-07-30 18:24,Rosu,13,In Asteptare,NULL
1712,2026-07-12 04:37,Rosu,4,Externat,NULL
1713,2026-07-16 17:52,Albastru,29,Externat,NULL
1714,2026-07-07 19:09,Verde,227,In Asteptare,NULL
1715,2026-07-14 13:34,Verde,67,Externat,NULL
1716,2026-07-24 11:10,Galben,155,Externat,NULL
1717,2026-07-28 11:06,Verde,52,Preluat,38
1718,2026-07-14 03:40,Galben,137,Preluat,42
1719,2026-07-10 03:30,Verde,43,Externat,NULL
1720,2026-07-15 22:33,Albastru,27,Externat,NULL
1721,2026-07-02 18:05,Verde,48,Externat,NULL
1722,2026-07-25 10:28,Verde,104,Preluat,27
1723,2026-07-10 21:19,Verde,85,Externat,NULL
1724,2026-07-09 05:12,Verde,103,In Asteptare,NULL
1725,2026-07-21 01:07,Galben,91,Preluat,43
1726,2026-07-16 19:36,Rosu,3,In Asteptare,NULL
1727,2026-07-16 21:09,Verde,141,In Asteptare,NULL
1728,2026-07-06 21:38,Verde,31,Preluat,14
1729,2026-07-19 17:46,Galben,144,In Asteptare,NULL
1730,2026-07-25 08:38,Verde,50,Preluat,30
1731,2026-07-29 09:16,Galben,70,Preluat,28
1732,2026-07-22 17:12,Verde,7,Externat,NULL
1733,2026-07-12 07:22,Verde,205,Externat,NULL
1734,2026-07-21 02:37,Verde,51,Externat,NULL
1735,2026-07-27 12:15,Rosu,22,Preluat,17
1736,2026-07-24 07:39,Rosu,9,Externat,NULL
1737,2026-07-09 00:54,Galben,118,Externat,NULL
1738,2026-07-12 14:49,Galben,57,Externat,NULL
1739,2026-07-24 22:26,Galben,101,Externat,NULL
1740,2026-07-24 18:24,Rosu,0,In Asteptare,NULL
1741,2026-07-24 06:11,Galben,146,Externat,NULL
1742,2026-07-26 03:35,Verde,60,Preluat,32
1743,2026-07-29 14:41,Galben,86,Externat,NULL
1744,2026-07-16 07:09,Galben,225,In Asteptare,NULL
1745,2026-07-22 02:42,Verde,30,In Asteptare,NULL
1746,2026-07-21 18:51,Verde,184,Externat,NULL
1747,2026-07-10 12:47,Albastru,189,Preluat,28
1748,2026-07-11 06:40,Verde,61,Preluat,38
1749,2026-07-06 20:19,Verde,142,In Asteptare,NULL
1750,2026-07-17 16:06,Galben,50,Externat,NULL
1751,2026-07-30 22:00,Galben,201,Externat,NULL
1752,2026-07-16 02:34,Verde,119,Externat,NULL
1753,2026-07-26 17:14,Verde,140,In Asteptare,NULL
1754,2026-07-18 14:23,Verde,87,Preluat,34
1755,2026-07-23 00:36,Verde,62,Externat,NULL
1756,2026-07-22 22:56,Verde,145,In Asteptare,NULL
1757,2026-07-16 08:47,Galben,129,Preluat,47
1758,2026-07-22 22:05,Verde,7,Preluat,28
1759,2026-07-04 21:36,Verde,84,In Asteptare,NULL
1760,2026-07-25 15:38,Verde,66,In Asteptare,NULL
1761,2026-07-25 16:49,Verde,186,In Asteptare,NULL
1762,2026-07-20 01:50,Verde,122,In Asteptare,NULL
1763,2026-07-04 03:46,Verde,139,Preluat,9
1764,2026-07-02 17:51,Verde,173,Preluat,29
1765,2026-07-04 04:22,Rosu,17,Externat,NULL
1766,2026-07-11 23:35,Galben,125,Preluat,38
1767,2026-07-26 20:51,Verde,43,Externat,NULL
1768,2026-07-04 09:39,Albastru,209,Externat,NULL
1769,2026-07-27 00:54,Galben,93,Preluat,38
1770,2026-07-28 14:15,Galben,69,Preluat,41
1771,2026-07-29 12:07,Rosu,17,In Asteptare,NULL
1772,2026-07-18 12:10,Galben,97,In Asteptare,NULL
1773,2026-07-15 14:48,Albastru,232,Preluat,40
1774,2026-07-07 08:44,Verde,64,In Asteptare,NULL
1775,2026-07-07 11:26,Galben,9,In Asteptare,NULL
1776,2026-07-09 14:37,Verde,191,Externat,NULL
1777,2026-07-11 14:49,Verde,96,Externat,NULL
1778,2026-07-08 18:13,Galben,151,In Asteptare,NULL
1779,2026-07-24 07:33,Verde,44,Preluat,37
1780,2026-07-26 05:59,Galben,201,In Asteptare,NULL
1781,2026-07-30 07:41,Galben,200,Externat,NULL
1782,2026-07-25 10:56,Galben,169,Externat,NULL
1783,2026-07-01 09:59,Galben,152,Externat,NULL
1784,2026-07-19 11:16,Verde,240,Externat,NULL
1785,2026-07-18 08:30,Verde,110,In Asteptare,NULL
1786,2026-07-15 14:42,Verde,178,Externat,NULL
1787,2026-07-06 01:52,Verde,18,In Asteptare,NULL
1788,2026-07-29 09:43,Galben,226,Externat,NULL
1789,2026-07-16 03:59,Verde,142,Preluat,16
1790,2026-07-20 11:29,Galben,82,Externat,NULL
1791,2026-07-10 06:53,Rosu,14,Preluat,8
1792,2026-07-11 14:41,Verde,154,Preluat,14
1793,2026-07-02 05:17,Verde,209,Preluat,49
1794,2026-07-16 04:35,Galben,175,Externat,NULL
1795,2026-07-29 05:23,Verde,81,Preluat,45
1796,2026-07-29 07:05,Rosu,7,Preluat,7
1797,2026-07-08 01:52,Verde,221,Externat,NULL
1798,2026-07-22 02:32,Albastru,234,Externat,NULL
1799,2026-07-16 12:00,Verde,194,In Asteptare,NULL
1800,2026-07-01 03:02,Galben,74,Preluat,34
1801,2026-07-17 04:10,Verde,20,In Asteptare,NULL
1802,2026-07-03 21:36,Rosu,5,Externat,NULL
1803,2026-07-02 16:10,Verde,178,Externat,NULL
1804,2026-07-02 14:43,Galben,48,Externat,NULL
1805,2026-07-17 12:01,Albastru,50,Preluat,20
1806,2026-07-26 01:47,Verde,91,Externat,NULL
1807,2026-07-17 21:53,Verde,76,Externat,NULL
1808,2026-07-21 05:25,Galben,75,Preluat,48
1809,2026-07-03 16:03,Galben,78,Externat,NULL
1810,2026-07-18 22:30,Verde,81,Preluat,28
1811,2026-07-27 19:48,Rosu,19,Externat,NULL
1812,2026-07-18 02:21,Galben,107,In Asteptare,NULL
1813,2026-07-25 08:14,Verde,85,Externat,NULL
1814,2026-07-24 09:19,Verde,125,In Asteptare,NULL
1815,2026-07-07 03:09,Galben,18,Preluat,26
1816,2026-07-17 12:45,Galben,156,Preluat,10
1817,2026-07-15 18:08,Verde,172,In Asteptare,NULL
1818,2026-07-26 16:32,Verde,168,Externat,NULL
1819,2026-07-07 06:30,Galben,187,Preluat,42
1820,2026-07-07 07:46,Galben,137,Externat,NULL
1821,2026-07-28 23:53,Galben,226,Preluat,27
1822,2026-07-16 19:39,Verde,63,In Asteptare,NULL
1823,2026-07-23 08:19,Verde,230,Preluat,4
1824,2026-07-12 11:37,Albastru,177,Externat,NULL
1825,2026-07-02 14:25,Verde,30,Preluat,46
1826,2026-07-06 00:56,Verde,190,Preluat,41
1827,2026-07-25 07:57,Rosu,5,In Asteptare,NULL
1828,2026-07-19 04:52,Verde,43,In Asteptare,NULL
1829,2026-07-07 01:31,Galben,24,Preluat,33
1830,2026-07-12 09:55,Galben,28,Externat,NULL
1831,2026-07-19 03:21,Verde,56,In Asteptare,NULL
1832,2026-07-14 11:59,Verde,236,Externat,NULL
1833,2026-07-28 21:32,Galben,211,Preluat,46
1834,2026-07-18 23:21,Verde,126,Externat,NULL
1835,2026-07-23 13:51,Verde,147,Externat,NULL
1836,2026-07-20 09:04,Verde,28,Externat,NULL
1837,2026-07-09 12:44,Verde,5,Preluat,34
1838,2026-07-25 17:31,Rosu,21,Externat,NULL
1839,2026-07-26 09:51,Verde,179,Preluat,33
1840,2026-07-11 20:18,Verde,140,Externat,NULL
1841,2026-07-03 13:51,Albastru,41,Preluat,46
1842,2026-07-21 14:45,Albastru,156,Externat,NULL
1843,2026-07-13 21:57,Galben,100,Externat,NULL
1844,2026-07-05 12:18,Rosu,3,In Asteptare,NULL
1845,2026-07-29 14:48,Rosu,13,Preluat,5
1846,2026-07-27 10:37,Galben,237,Externat,NULL
1847,2026-07-19 09:55,Albastru,86,Externat,NULL
1848,2026-07-16 08:55,Albastru,34,Preluat,26
1849,2026-07-01 21:40,Verde,128,In Asteptare,NULL
1850,2026-07-21 09:44,Albastru,33,Externat,NULL
1851,2026-07-02 13:55,Galben,197,Preluat,27
1852,2026-07-12 13:41,Galben,67,Externat,NULL
1853,2026-07-22 22:55,Verde,26,Externat,NULL
1854,2026-07-29 01:19,Rosu,5,Externat,NULL
1855,2026-07-11 16:59,Galben,31,Externat,NULL
1856,2026-07-13 08:40,Rosu,19,Externat,NULL
1857,2026-07-02 12:25,Verde,128,Externat,NULL
1858,2026-07-30 11:29,Verde,200,In Asteptare,NULL
1859,2026-07-25 20:51,Galben,49,Preluat,16
1860,2026-07-21 02:49,Verde,124,Preluat,15
1861,2026-07-06 13:31,Albastru,117,Externat,NULL
1862,2026-07-07 14:17,Galben,173,In Asteptare,NULL
1863,2026-07-09 00:16,Verde,53,Preluat,15
1864,2026-07-02 22:46,Verde,57,Externat,NULL
1865,2026-07-27 18:08,Galben,162,In Asteptare,NULL
1866,2026-07-15 17:05,Verde,143,Preluat,30
1867,2026-07-09 13:25,Galben,52,In Asteptare,NULL
1868,2026-07-14 00:28,Galben,39,Preluat,2
1869,2026-07-07 18:07,Verde,12,Externat,NULL
1870,2026-07-26 22:24,Verde,42,Preluat,43
1871,2026-07-26 08:49,Verde,225,Preluat,30
1872,2026-07-08 21:57,Verde,215,Externat,NULL
1873,2026-07-27 05:21,Albastru,209,In Asteptare,NULL
1874,2026-07-21 12:39,Verde,103,Externat,NULL
1875,2026-07-27 20:33,Galben,102,Externat,NULL
1876,2026-07-22 20:28,Galben,61,In Asteptare,NULL
1877,2026-07-11 02:08,Galben,99,Preluat,46
1878,2026-07-30 23:14,Verde,86,Preluat,35
1879,2026-07-11 01:04,Verde,210,Preluat,46
1880,2026-07-15 16:34,Albastru,25,Preluat,38
1881,2026-07-28 18:43,Verde,7,Preluat,32
1882,2026-07-24 15:30,Galben,197,Preluat,6
1883,2026-07-05 17:35,Galben,51,In Asteptare,NULL
1884,2026-07-17 07:41,Galben,202,Preluat,5
1885,2026-07-20 17:08,Verde,199,Externat,NULL
1886,2026-07-06 10:34,Albastru,140,Externat,NULL
1887,2026-07-11 15:24,Verde,61,In Asteptare,NULL
1888,2026-07-12 19:20,Galben,91,Preluat,32
1889,2026-07-14 06:43,Verde,217,Externat,NULL
1890,2026-07-05 13:48,Albastru,205,In Asteptare,NULL
1891,2026-07-15 05:12,Galben,118,Externat,NULL
1892,2026-07-27 07:07,Verde,216,Preluat,49
1893,2026-07-10 03:20,Verde,121,Externat,NULL
1894,2026-07-05 10:17,Verde,138,Externat,NULL
1895,2026-07-12 08:19,Galben,239,Preluat,26
1896,2026-07-28 03:37,Galben,148,Preluat,24
1897,2026-07-24 13:36,Galben,213,Externat,NULL
1898,2026-07-04 07:19,Galben,111,Preluat,38
1899,2026-07-12 14:27,Rosu,20,Preluat,36
1900,2026-07-05 19:19,Verde,156,Preluat,10
1901,2026-07-11 01:25,Galben,222,Externat,NULL
1902,2026-07-17 19:52,Verde,231,Externat,NULL
1903,2026-07-28 02:33,Galben,205,Externat,NULL
1904,2026-07-29 02:07,Galben,29,Externat,NULL
1905,2026-07-22 06:25,Verde,67,Preluat,37
1906,2026-07-13 03:48,Albastru,8,Preluat,7
1907,2026-07-19 18:27,Albastru,13,In Asteptare,NULL
1908,2026-07-22 04:55,Albastru,209,Externat,NULL
1909,2026-07-25 19:45,Rosu,0,Externat,NULL
1910,2026-07-11 18:35,Rosu,4,Externat,NULL
1911,2026-07-12 16:28,Galben,27,Externat,NULL
1912,2026-07-13 08:34,Galben,198,Externat,NULL
1913,2026-07-04 14:41,Verde,10,Externat,NULL
1914,2026-07-17 08:58,Galben,30,Externat,NULL
1915,2026-07-28 14:19,Albastru,173,Externat,NULL
1916,2026-07-27 06:15,Galben,218,Externat,NULL
1917,2026-07-11 13:13,Verde,59,Externat,NULL
1918,2026-07-17 14:47,Verde,207,Preluat,24
1919,2026-07-26 02:40,Galben,172,Externat,NULL
1920,2026-07-18 23:40,Galben,18,In Asteptare,NULL
1921,2026-07-30 11:47,Rosu,9,Externat,NULL
1922,2026-07-06 11:25,Albastru,201,Preluat,37
1923,2026-07-18 15:47,Galben,202,Preluat,4
1924,2026-07-17 18:49,Galben,215,Externat,NULL
1925,2026-07-15 01:51,Verde,97,Externat,NULL
1926,2026-07-10 18:19,Albastru,58,In Asteptare,NULL
1927,2026-07-20 20:26,Verde,117,In Asteptare,NULL
1928,2026-07-09 04:18,Galben,185,In Asteptare,NULL
1929,2026-07-13 14:51,Verde,220,Preluat,45
1930,2026-07-25 22:58,Verde,120,Externat,NULL
1931,2026-07-24 21:27,Verde,165,Preluat,48
1932,2026-07-28 07:01,Galben,224,Preluat,23
1933,2026-07-10 06:16,Galben,50,Preluat,17
1934,2026-07-01 04:53,Galben,208,Externat,NULL
1935,2026-07-15 16:48,Verde,47,Preluat,42
1936,2026-07-14 18:41,Galben,91,Externat,NULL
1937,2026-07-23 17:48,Verde,167,Externat,NULL
1938,2026-07-13 14:26,Verde,197,Preluat,6
1939,2026-07-10 02:06,Albastru,103,Externat,NULL
1940,2026-07-15 01:07,Galben,106,Externat,NULL
1941,2026-07-07 16:40,Verde,70,Externat,NULL
1942,2026-07-13 04:09,Verde,154,Externat,NULL
1943,2026-07-10 16:06,Galben,238,Externat,NULL
1944,2026-07-16 06:35,Galben,73,Preluat,21
1945,2026-07-24 04:03,Verde,71,Externat,NULL
1946,2026-07-11 03:19,Verde,64,Externat,NULL
1947,2026-07-16 17:04,Galben,6,Preluat,30
1948,2026-07-15 10:09,Galben,144,In Asteptare,NULL
1949,2026-07-29 04:15,Galben,57,Preluat,44
1950,2026-07-19 20:17,Galben,224,Preluat,28
1951,2026-07-30 13:07,Verde,185,Preluat,43
1952,2026-07-29 05:13,Galben,125,Externat,NULL
1953,2026-07-28 23:40,Galben,28,Externat,NULL
1954,2026-07-12 14:24,Rosu,30,Externat,NULL
1955,2026-07-24 13:47,Albastru,37,Preluat,1
1956,2026-07-15 16:37,Galben,189,Externat,NULL
1957,2026-07-03 19:37,Verde,17,Externat,NULL
1958,2026-07-01 18:00,Verde,55,Externat,NULL
1959,2026-07-29 04:52,Galben,176,Externat,NULL
1960,2026-07-08 05:57,Verde,165,Externat,NULL
1961,2026-07-06 05:17,Verde,235,In Asteptare,NULL
1962,2026-07-24 12:49,Galben,27,Preluat,46
1963,2026-07-26 15:36,Verde,35,Externat,NULL
1964,2026-07-02 17:38,Verde,47,Externat,NULL
1965,2026-07-29 21:59,Galben,222,Externat,NULL
1966,2026-07-09 06:33,Galben,81,Externat,NULL
1967,2026-07-29 21:36,Rosu,19,Externat,NULL
1968,2026-07-22 10:17,Galben,33,In Asteptare,NULL
1969,2026-07-22 17:28,Verde,219,Preluat,37
1970,2026-07-30 18:26,Verde,24,Preluat,30
1971,2026-07-10 21:12,Verde,185,Externat,NULL
1972,2026-07-14 11:49,Albastru,114,Externat,NULL
1973,2026-07-11 05:59,Verde,116,Externat,NULL
1974,2026-07-23 16:43,Rosu,1,Externat,NULL
1975,2026-07-06 13:55,Rosu,6,Externat,NULL
1976,2026-07-19 03:59,Albastru,93,Externat,NULL
1977,2026-07-09 04:44,Galben,148,Preluat,35
1978,2026-07-11 15:11,Verde,210,Externat,NULL
1979,2026-07-25 09:47,Albastru,63,Externat,NULL
1980,2026-07-30 06:01,Galben,185,Externat,NULL
1981,2026-07-27 11:42,Verde,76,Externat,NULL
1982,2026-07-02 04:35,Verde,61,In Asteptare,NULL
1983,2026-07-18 16:42,Galben,231,Preluat,46
1984,2026-07-27 06:38,Verde,25,Externat,NULL
1985,2026-07-18 20:11,Verde,122,Preluat,44
1986,2026-07-16 23:49,Rosu,18,Externat,NULL
1987,2026-07-25 20:15,Verde,112,Preluat,21
1988,2026-07-07 22:51,Galben,29,Preluat,47
1989,2026-07-14 15:54,Verde,205,In Asteptare,NULL
1990,2026-07-18 09:04,Verde,64,Preluat,43
1991,2026-07-03 22:51,Verde,164,Externat,NULL
1992,2026-07-30 07:40,Verde,198,Externat,NULL
1993,2026-07-11 16:57,Rosu,19,Externat,NULL
1994,2026-07-12 06:00,Galben,173,In Asteptare,NULL
1995,2026-07-07 12:44,Verde,128,Preluat,3
1996,2026-07-30 07:58,Verde,60,Preluat,9
1997,2026-07-05 13:58,Albastru,73,Preluat,41
1998,2026-07-27 06:41,Galben,117,Externat,NULL
1999,2026-07-18 19:53,Verde,164,Preluat,16
2000,2026-07-18 21:45,Albastru,142,Externat,NULL
2001,2026-07-19 06:57,Galben,235,Preluat,36
2002,2026-07-04 04:06,Verde,96,Externat,NULL
2003,2026-07-09 07:01,Verde,181,Externat,NULL
2004,2026-07-20 16:59,Galben,126,Preluat,1
2005,2026-07-29 18:01,Galben,79,Externat,NULL
2006,2026-07-27 18:18,Verde,178,Externat,NULL
2007,2026-07-23 20:31,Galben,220,In Asteptare,NULL
2008,2026-07-10 04:57,Albastru,205,Preluat,30
2009,2026-07-24 01:12,Galben,31,Preluat,11
2010,2026-07-04 22:39,Galben,146,Preluat,4
2011,2026-07-25 16:23,Galben,166,Externat,NULL
2012,2026-07-19 11:19,Galben,197,Externat,NULL
2013,2026-07-11 14:25,Verde,229,Externat,NULL
2014,2026-07-06 16:45,Verde,61,Preluat,16
2015,2026-07-19 21:03,Galben,94,Externat,NULL
2016,2026-07-18 18:32,Verde,72,In Asteptare,NULL
2017,2026-07-11 08:24,Galben,181,In Asteptare,NULL
2018,2026-07-02 18:49,Galben,29,Preluat,31
2019,2026-07-13 08:56,Galben,92,Preluat,16
2020,2026-07-24 12:25,Verde,123,Externat,NULL
2021,2026-07-11 11:14,Verde,108,Externat,NULL
2022,2026-07-09 01:10,Galben,138,Preluat,45
2023,2026-07-23 22:10,Verde,101,Externat,NULL
2024,2026-07-20 23:50,Albastru,76,Externat,NULL
2025,2026-07-19 06:41,Verde,215,Externat,NULL
2026,2026-07-22 17:54,Verde,170,Externat,NULL
2027,2026-07-04 11:43,Galben,14,Preluat,45
2028,2026-07-02 20:24,Verde,158,Externat,NULL
2029,2026-07-14 16:05,Galben,109,Preluat,47
2030,2026-07-17 05:12,Verde,81,Preluat,6
2031,2026-07-24 05:43,Galben,87,Externat,NULL
2032,2026-07-11 14:59,Galben,227,Externat,NULL
2033,2026-07-15 12:14,Albastru,220,Externat,NULL
2034,2026-07-16 09:08,Verde,80,Externat,NULL
2035,2026-07-15 09:33,Albastru,128,Externat,NULL
2036,2026-07-14 22:27,Verde,61,Externat,NULL
2037,2026-07-14 18:12,Galben,5,Preluat,17
2038,2026-07-24 01:14,Verde,79,In Asteptare,NULL
2039,2026-07-30 10:23,Albastru,239,Externat,NULL
2040,2026-07-11 01:28,Galben,88,Externat,NULL
2041,2026-07-06 06:49,Verde,92,In Asteptare,NULL
2042,2026-07-03 21:03,Galben,65,Preluat,36
2043,2026-07-23 20:57,Galben,186,Externat,NULL
2044,2026-07-15 18:34,Galben,164,In Asteptare,NULL
2045,2026-07-30 12:00,Galben,38,Preluat,17
2046,2026-07-21 22:02,Verde,176,Externat,NULL
2047,2026-07-11 08:33,Rosu,21,Externat,NULL
2048,2026-07-08 17:37,Verde,118,Preluat,7
2049,2026-07-22 01:51,Galben,76,Externat,NULL
2050,2026-07-01 13:53,Verde,56,Externat,NULL
2051,2026-07-12 03:17,Albastru,47,Preluat,28
2052,2026-07-06 19:48,Galben,21,Preluat,5
2053,2026-07-27 06:40,Verde,232,Externat,NULL
2054,2026-07-28 22:41,Galben,162,Externat,NULL
2055,2026-07-05 11:46,Verde,228,In Asteptare,NULL
2056,2026-07-27 20:57,Galben,183,In Asteptare,NULL
2057,2026-07-24 01:59,Verde,63,Externat,NULL
2058,2026-07-04 00:02,Verde,152,In Asteptare,NULL
2059,2026-07-13 18:15,Galben,145,Preluat,22
2060,2026-07-30 20:49,Verde,213,Externat,NULL
2061,2026-07-16 09:36,Galben,29,Preluat,15
2062,2026-07-13 23:10,Rosu,3,Externat,NULL
2063,2026-07-06 03:01,Galben,231,Preluat,16
2064,2026-07-10 06:09,Rosu,12,Externat,NULL
2065,2026-07-29 04:02,Verde,186,In Asteptare,NULL
2066,2026-07-24 12:12,Rosu,13,Externat,NULL
2067,2026-07-05 06:36,Albastru,89,Externat,NULL
2068,2026-07-14 13:32,Verde,34,Externat,NULL
2069,2026-07-23 18:11,Verde,228,Externat,NULL
2070,2026-07-15 04:05,Verde,168,Externat,NULL
2071,2026-07-21 13:35,Rosu,30,Externat,NULL
2072,2026-07-22 03:26,Rosu,11,Externat,NULL
2073,2026-07-06 05:23,Verde,15,Externat,NULL
2074,2026-07-08 23:30,Verde,80,Externat,NULL
2075,2026-07-26 22:04,Rosu,21,Externat,NULL
2076,2026-07-29 17:24,Galben,12,In Asteptare,NULL
2077,2026-07-13 14:03,Galben,201,Externat,NULL
2078,2026-07-30 02:18,Albastru,128,In Asteptare,NULL
2079,2026-07-24 06:38,Rosu,25,Preluat,42
2080,2026-07-04 23:57,Galben,15,Externat,NULL
2081,2026-07-14 14:00,Galben,96,Preluat,28
2082,2026-07-06 19:43,Galben,77,Externat,NULL
2083,2026-07-13 05:48,Verde,113,Preluat,41
2084,2026-07-20 03:11,Galben,9,Preluat,17
2085,2026-07-24 15:00,Galben,191,Externat,NULL
2086,2026-07-17 20:47,Verde,206,In Asteptare,NULL
2087,2026-07-19 12:18,Galben,93,Preluat,9
2088,2026-07-19 19:42,Albastru,123,In Asteptare,NULL
2089,2026-07-13 23:16,Galben,31,Externat,NULL
2090,2026-07-01 13:30,Rosu,30,In Asteptare,NULL
2091,2026-07-05 10:20,Verde,234,Externat,NULL
2092,2026-07-29 01:52,Galben,102,Preluat,1
2093,2026-07-07 11:05,Galben,184,Preluat,23
2094,2026-07-30 14:44,Verde,75,In Asteptare,NULL
2095,2026-07-20 10:49,Galben,141,Externat,NULL
2096,2026-07-22 08:26,Galben,198,Externat,NULL
2097,2026-07-16 21:14,Galben,152,Externat,NULL
2098,2026-07-01 17:17,Verde,68,Externat,NULL
2099,2026-07-02 03:36,Galben,192,Externat,NULL
2100,2026-07-09 05:45,Verde,45,In Asteptare,NULL
2101,2026-07-30 21:55,Galben,114,Externat,NULL
2102,2026-07-08 05:38,Albastru,239,Preluat,22
2103,2026-07-10 22:33,Verde,229,Externat,NULL
2104,2026-07-11 10:15,Galben,55,Externat,NULL
2105,2026-07-16 18:12,Verde,175,In Asteptare,NULL
2106,2026-07-14 19:49,Rosu,0,Externat,NULL
2107,2026-07-13 03:53,Verde,172,Externat,NULL
2108,2026-07-02 18:29,Rosu,15,Externat,NULL
2109,2026-07-05 15:46,Galben,183,Preluat,44
2110,2026-07-06 20:30,Verde,105,Preluat,43
2111,2026-07-11 20:24,Galben,98,Preluat,17
2112,2026-07-29 09:24,Galben,115,Preluat,42
2113,2026-07-26 10:58,Rosu,23,Externat,NULL
2114,2026-07-18 19:06,Albastru,104,Externat,NULL
2115,2026-07-26 20:28,Rosu,10,Preluat,6
2116,2026-07-29 09:06,Verde,66,Externat,NULL
2117,2026-07-13 05:49,Galben,101,In Asteptare,NULL
2118,2026-07-17 15:18,Albastru,6,Preluat,22
2119,2026-07-17 18:22,Galben,213,In Asteptare,NULL
2120,2026-07-10 07:09,Galben,105,Preluat,9
2121,2026-07-27 21:24,Galben,95,Externat,NULL
2122,2026-07-13 14:10,Galben,195,Externat,NULL
2123,2026-07-03 19:45,Verde,232,Externat,NULL
2124,2026-07-06 06:51,Verde,190,Preluat,24
2125,2026-07-20 02:50,Verde,92,Externat,NULL
2126,2026-07-05 21:50,Galben,88,Externat,NULL
2127,2026-07-11 03:42,Galben,155,Externat,NULL
2128,2026-07-04 16:48,Galben,229,Preluat,23
2129,2026-07-04 00:15,Galben,203,Externat,NULL
2130,2026-07-03 13:35,Galben,202,Externat,NULL
2131,2026-07-11 16:58,Galben,73,In Asteptare,NULL
2132,2026-07-12 17:13,Rosu,21,Preluat,13
2133,2026-07-25 01:19,Verde,187,Externat,NULL
2134,2026-07-18 05:00,Verde,65,Preluat,28
2135,2026-07-07 06:34,Albastru,188,Externat,NULL
2136,2026-07-21 10:25,Albastru,110,Preluat,20
2137,2026-07-06 18:25,Galben,66,Externat,NULL
2138,2026-07-21 13:44,Rosu,7,Externat,NULL
2139,2026-07-29 23:47,Galben,204,Externat,NULL
2140,2026-07-07 14:35,Galben,47,Externat,NULL
2141,2026-07-11 13:58,Galben,82,Preluat,6
2142,2026-07-29 06:56,Galben,67,Preluat,16
2143,2026-07-04 05:09,Galben,84,In Asteptare,NULL
2144,2026-07-24 10:14,Verde,60,Externat,NULL
2145,2026-07-29 23:14,Verde,170,In Asteptare,NULL
2146,2026-07-09 15:38,Albastru,45,Preluat,25
2147,2026-07-01 23:36,Galben,8,Externat,NULL
2148,2026-07-26 21:26,Galben,108,Preluat,8
2149,2026-07-10 01:12,Verde,215,In Asteptare,NULL
2150,2026-07-05 14:31,Galben,230,Externat,NULL
2151,2026-07-12 09:13,Albastru,102,In Asteptare,NULL
2152,2026-07-09 00:17,Verde,204,Externat,NULL
2153,2026-07-23 19:49,Verde,72,Externat,NULL
2154,2026-07-21 10:19,Albastru,204,Externat,NULL
2155,2026-07-14 01:31,Galben,215,Externat,NULL
2156,2026-07-04 13:07,Verde,92,Externat,NULL
2157,2026-07-23 16:38,Rosu,3,Externat,NULL
2158,2026-07-20 02:03,Verde,99,Preluat,43
2159,2026-07-25 21:15,Verde,233,In Asteptare,NULL
2160,2026-07-21 00:57,Albastru,231,Preluat,18
2161,2026-07-09 04:09,Albastru,100,Externat,NULL
2162,2026-07-19 08:00,Galben,124,In Asteptare,NULL
2163,2026-07-15 16:45,Verde,56,In Asteptare,NULL
2164,2026-07-27 02:19,Rosu,18,Preluat,26
2165,2026-07-12 09:53,Albastru,42,Externat,NULL
2166,2026-07-10 01:46,Galben,41,Externat,NULL
2167,2026-07-06 06:49,Galben,61,Externat,NULL
2168,2026-07-10 22:59,Galben,219,Externat,NULL
2169,2026-07-01 17:38,Verde,64,Externat,NULL
2170,2026-07-15 22:15,Galben,156,Externat,NULL
2171,2026-07-10 18:43,Albastru,185,Preluat,35
2172,2026-07-10 02:46,Galben,161,Externat,NULL
2173,2026-07-02 08:59,Galben,202,Externat,NULL
2174,2026-07-03 17:12,Galben,196,Externat,NULL
2175,2026-07-15 18:32,Verde,204,Externat,NULL
2176,2026-07-14 01:58,Verde,164,Externat,NULL
2177,2026-07-25 17:41,Galben,112,Externat,NULL
2178,2026-07-30 05:28,Verde,54,Externat,NULL
2179,2026-07-28 02:18,Galben,63,Preluat,30
2180,2026-07-25 06:23,Galben,202,Preluat,38
2181,2026-07-13 22:01,Verde,121,In Asteptare,NULL
2182,2026-07-13 21:50,Rosu,5,Externat,NULL
2183,2026-07-07 04:04,Galben,227,In Asteptare,NULL
2184,2026-07-28 10:34,Galben,81,Externat,NULL
2185,2026-07-07 09:20,Galben,54,In Asteptare,NULL
2186,2026-07-21 01:05,Galben,186,Externat,NULL
2187,2026-07-18 01:30,Verde,78,In Asteptare,NULL
2188,2026-07-18 03:46,Albastru,177,Externat,NULL
2189,2026-07-09 14:22,Galben,127,Externat,NULL
2190,2026-07-12 20:44,Verde,30,Externat,NULL
2191,2026-07-04 00:26,Rosu,25,Preluat,21
2192,2026-07-07 11:01,Verde,58,Externat,NULL
2193,2026-07-15 01:22,Verde,147,Externat,NULL
2194,2026-07-26 18:24,Galben,231,Externat,NULL
2195,2026-07-27 14:08,Galben,239,Preluat,30
2196,2026-07-10 21:31,Galben,137,Preluat,47
2197,2026-07-19 09:35,Verde,9,Preluat,29
2198,2026-07-27 07:56,Verde,108,Externat,NULL
2199,2026-07-30 16:44,Verde,106,In Asteptare,NULL
2200,2026-07-17 21:09,Galben,68,In Asteptare,NULL
2201,2026-07-07 07:48,Rosu,30,Externat,NULL
2202,2026-07-14 08:09,Galben,150,Preluat,35
2203,2026-07-01 08:31,Verde,162,Externat,NULL
2204,2026-07-19 16:05,Albastru,136,Preluat,7
2205,2026-07-22 16:35,Verde,186,Externat,NULL
2206,2026-07-21 19:48,Rosu,30,Externat,NULL
2207,2026-07-05 20:31,Verde,191,Externat,NULL
2208,2026-07-19 14:15,Verde,78,In Asteptare,NULL
2209,2026-07-05 14:58,Albastru,22,In Asteptare,NULL
2210,2026-07-02 21:22,Galben,122,In Asteptare,NULL
2211,2026-07-18 02:33,Galben,220,Preluat,14
2212,2026-07-14 11:06,Albastru,80,Preluat,38
2213,2026-07-21 11:18,Galben,219,In Asteptare,NULL
2214,2026-07-08 11:32,Albastru,59,Externat,NULL
2215,2026-07-19 18:54,Galben,40,Externat,NULL
2216,2026-07-16 17:10,Galben,187,Externat,NULL
2217,2026-07-08 19:04,Galben,9,Externat,NULL
2218,2026-07-06 20:30,Verde,136,Preluat,10
2219,2026-07-15 20:12,Verde,223,Externat,NULL
2220,2026-07-20 08:44,Verde,79,In Asteptare,NULL
2221,2026-07-10 05:29,Rosu,23,In Asteptare,NULL
2222,2026-07-08 15:56,Verde,214,Externat,NULL
2223,2026-07-26 12:46,Verde,61,Externat,NULL
2224,2026-07-21 13:47,Galben,216,In Asteptare,NULL
2225,2026-07-29 20:54,Galben,159,Externat,NULL
2226,2026-07-10 08:52,Verde,202,Preluat,7
2227,2026-07-24 07:23,Verde,67,Externat,NULL
2228,2026-07-23 01:59,Rosu,6,Externat,NULL
2229,2026-07-08 15:46,Albastru,158,Externat,NULL
2230,2026-07-08 02:20,Verde,71,Preluat,40
2231,2026-07-04 10:46,Galben,10,Externat,NULL
2232,2026-07-21 06:30,Galben,168,Externat,NULL
2233,2026-07-30 19:14,Verde,178,In Asteptare,NULL
2234,2026-07-28 09:25,Verde,229,In Asteptare,NULL
2235,2026-07-28 14:58,Verde,24,Preluat,17
2236,2026-07-10 03:59,Verde,230,Preluat,16
2237,2026-07-30 04:21,Verde,132,Externat,NULL
2238,2026-07-04 07:53,Rosu,23,Externat,NULL
2239,2026-07-08 03:23,Rosu,16,Externat,NULL
2240,2026-07-07 18:19,Verde,236,In Asteptare,NULL
2241,2026-07-20 10:18,Albastru,46,Preluat,3
2242,2026-07-06 17:03,Galben,40,Externat,NULL
2243,2026-07-09 04:32,Galben,86,Externat,NULL
2244,2026-07-25 16:42,Albastru,37,In Asteptare,NULL
2245,2026-07-22 00:11,Verde,149,Preluat,48
2246,2026-07-25 02:11,Verde,142,Preluat,26
2247,2026-07-10 22:57,Galben,30,Externat,NULL
2248,2026-07-15 18:41,Galben,54,Preluat,38
2249,2026-07-19 16:26,Verde,93,In Asteptare,NULL
2250,2026-07-26 13:56,Albastru,228,Preluat,3
2251,2026-07-11 09:41,Verde,166,Externat,NULL
2252,2026-07-17 17:36,Galben,191,Externat,NULL
2253,2026-07-20 17:19,Verde,94,Externat,NULL
2254,2026-07-22 07:53,Rosu,24,Preluat,19
2255,2026-07-15 18:54,Albastru,53,Externat,NULL
2256,2026-07-19 15:59,Galben,81,Externat,NULL
2257,2026-07-04 19:49,Galben,233,Preluat,31
2258,2026-07-01 03:50,Verde,140,Preluat,22
2259,2026-07-06 12:38,Galben,8,In Asteptare,NULL
2260,2026-07-04 10:43,Galben,59,In Asteptare,NULL
2261,2026-07-04 14:04,Galben,207,Externat,NULL
2262,2026-07-23 10:25,Verde,219,In Asteptare,NULL
2263,2026-07-20 14:18,Rosu,19,In Asteptare,NULL
2264,2026-07-17 22:52,Galben,69,Externat,NULL
2265,2026-07-12 13:28,Galben,85,Preluat,25
2266,2026-07-01 07:41,Verde,117,Externat,NULL
2267,2026-07-17 16:38,Verde,44,Externat,NULL
2268,2026-07-08 10:20,Albastru,153,Externat,NULL
2269,2026-07-30 23:51,Verde,28,Preluat,4
2270,2026-07-17 16:51,Galben,68,In Asteptare,NULL
2271,2026-07-01 09:13,Verde,37,In Asteptare,NULL
2272,2026-07-13 20:49,Verde,55,Externat,NULL
2273,2026-07-10 04:13,Albastru,180,Externat,NULL
2274,2026-07-27 16:58,Rosu,27,In Asteptare,NULL
2275,2026-07-11 18:41,Albastru,137,In Asteptare,NULL
2276,2026-07-29 08:56,Verde,111,In Asteptare,NULL
2277,2026-07-29 00:16,Verde,60,Externat,NULL
2278,2026-07-16 03:07,Galben,43,Externat,NULL
2279,2026-07-10 16:46,Rosu,21,Preluat,45
2280,2026-07-11 12:12,Galben,23,Externat,NULL
2281,2026-07-11 13:13,Galben,123,Externat,NULL
2282,2026-07-20 08:33,Verde,177,Externat,NULL
2283,2026-07-28 05:35,Galben,70,Externat,NULL
2284,2026-07-16 08:59,Verde,91,Externat,NULL
2285,2026-07-12 18:18,Albastru,165,Externat,NULL
2286,2026-07-15 19:32,Galben,143,Externat,NULL
2287,2026-07-19 06:58,Galben,217,Externat,NULL
2288,2026-07-10 12:54,Verde,160,Externat,NULL
2289,2026-07-09 10:35,Verde,115,Preluat,13
2290,2026-07-23 19:24,Galben,30,In Asteptare,NULL
2291,2026-07-15 14:06,Rosu,27,In Asteptare,NULL
2292,2026-07-13 04:01,Rosu,4,Externat,NULL
2293,2026-07-20 05:29,Albastru,189,In Asteptare,NULL
2294,2026-07-10 01:53,Verde,187,Preluat,8
2295,2026-07-01 17:09,Verde,220,Externat,NULL
2296,2026-07-15 01:23,Albastru,206,In Asteptare,NULL
2297,2026-07-24 07:38,Galben,202,Preluat,31
2298,2026-07-19 11:25,Albastru,65,Preluat,35
2299,2026-07-21 03:41,Galben,231,Externat,NULL
2300,2026-07-01 00:19,Galben,80,Externat,NULL
2301,2026-07-21 02:55,Albastru,135,Preluat,34
2302,2026-07-10 09:26,Verde,204,Externat,NULL
2303,2026-07-03 09:55,Galben,108,Externat,NULL
2304,2026-07-13 11:00,Galben,17,Preluat,16
2305,2026-07-27 17:38,Rosu,14,Preluat,49
2306,2026-07-09 01:03,Galben,152,In Asteptare,NULL
2307,2026-07-21 01:57,Verde,58,Externat,NULL
2308,2026-07-20 20:12,Verde,34,Preluat,49
2309,2026-07-27 13:03,Galben,54,Externat,NULL
2310,2026-07-30 09:35,Rosu,12,Externat,NULL
2311,2026-07-16 12:40,Verde,75,In Asteptare,NULL
2312,2026-07-18 18:59,Galben,177,Externat,NULL
2313,2026-07-11 02:46,Verde,102,In Asteptare,NULL
2314,2026-07-20 20:35,Verde,130,Externat,NULL
2315,2026-07-08 04:21,Galben,233,Preluat,32
2316,2026-07-18 00:47,Albastru,33,Externat,NULL
2317,2026-07-11 20:32,Verde,236,Externat,NULL
2318,2026-07-28 01:43,Galben,85,In Asteptare,NULL
2319,2026-07-02 21:04,Galben,168,Externat,NULL
2320,2026-07-30 05:39,Verde,146,Externat,NULL
2321,2026-07-11 22:03,Galben,66,Preluat,35
2322,2026-07-17 07:33,Galben,169,Preluat,15
2323,2026-07-29 16:28,Verde,7,Externat,NULL
2324,2026-07-19 19:20,Galben,56,Preluat,24
2325,2026-07-09 18:25,Albastru,206,Externat,NULL
2326,2026-07-08 23:18,Galben,73,Preluat,5
2327,2026-07-02 17:56,Verde,98,Externat,NULL
2328,2026-07-20 04:12,Verde,37,Externat,NULL
2329,2026-07-12 09:38,Verde,190,Externat,NULL
2330,2026-07-20 03:16,Galben,75,Preluat,45
2331,2026-07-13 05:01,Albastru,177,Externat,NULL
2332,2026-07-20 07:20,Galben,127,Preluat,32
2333,2026-07-10 01:55,Galben,174,In Asteptare,NULL
2334,2026-07-24 02:14,Verde,102,Preluat,26
2335,2026-07-05 19:38,Verde,136,Externat,NULL
2336,2026-07-01 18:56,Galben,202,Externat,NULL
2337,2026-07-08 05:24,Verde,105,Preluat,43
2338,2026-07-17 07:24,Galben,25,Preluat,15
2339,2026-07-30 16:08,Rosu,19,Externat,NULL
2340,2026-07-14 22:29,Albastru,192,In Asteptare,NULL
2341,2026-07-25 16:24,Galben,121,Preluat,20
2342,2026-07-07 12:25,Verde,20,In Asteptare,NULL
2343,2026-07-21 08:30,Galben,176,Preluat,33
2344,2026-07-28 02:45,Verde,100,Externat,NULL
2345,2026-07-20 20:48,Galben,63,Externat,NULL
2346,2026-07-28 00:34,Verde,85,In Asteptare,NULL
2347,2026-07-28 00:06,Verde,213,In Asteptare,NULL
2348,2026-07-08 06:10,Galben,32,Preluat,19
2349,2026-07-20 22:28,Rosu,2,Externat,NULL
2350,2026-07-02 07:45,Albastru,172,Externat,NULL
2351,2026-07-13 10:38,Albastru,66,Externat,NULL
2352,2026-07-05 13:23,Albastru,34,Externat,NULL
2353,2026-07-19 18:22,Galben,75,Externat,NULL
2354,2026-07-13 19:45,Galben,174,In Asteptare,NULL
2355,2026-07-23 23:35,Galben,176,Externat,NULL
2356,2026-07-07 15:40,Verde,195,Externat,NULL
2357,2026-07-25 04:41,Galben,156,Preluat,21
2358,2026-07-23 16:05,Albastru,181,Externat,NULL
2359,2026-07-25 12:27,Verde,144,Preluat,25
2360,2026-07-18 11:30,Verde,7,Preluat,12
2361,2026-07-28 19:30,Verde,75,Externat,NULL
2362,2026-07-27 07:06,Rosu,12,Preluat,7
2363,2026-07-11 14:30,Verde,174,Externat,NULL
2364,2026-07-10 05:18,Galben,213,Preluat,25
2365,2026-07-27 06:44,Galben,106,Externat,NULL
2366,2026-07-22 10:12,Rosu,28,Externat,NULL
2367,2026-07-24 13:55,Galben,227,Preluat,19
2368,2026-07-03 01:13,Verde,231,Preluat,34
2369,2026-07-13 17:49,Galben,235,Preluat,43
2370,2026-07-18 21:44,Albastru,24,In Asteptare,NULL
2371,2026-07-20 16:18,Verde,237,Externat,NULL
2372,2026-07-03 15:03,Albastru,141,Externat,NULL
2373,2026-07-19 06:11,Galben,19,Externat,NULL
2374,2026-07-23 13:02,Galben,116,Externat,NULL
2375,2026-07-04 11:04,Albastru,146,Externat,NULL
2376,2026-07-21 13:36,Verde,219,In Asteptare,NULL
2377,2026-07-17 06:38,Rosu,15,In Asteptare,NULL
2378,2026-07-01 12:27,Verde,230,In Asteptare,NULL
2379,2026-07-05 18:56,Verde,120,Preluat,28
2380,2026-07-24 13:50,Verde,127,Externat,NULL
2381,2026-07-28 09:34,Verde,228,Externat,NULL
2382,2026-07-14 17:10,Albastru,229,Preluat,29
2383,2026-07-06 00:30,Verde,194,Preluat,10
2384,2026-07-29 11:48,Albastru,145,Externat,NULL
2385,2026-07-01 19:51,Albastru,44,Externat,NULL
2386,2026-07-15 16:46,Albastru,170,Externat,NULL
2387,2026-07-06 04:56,Verde,104,In Asteptare,NULL
2388,2026-07-22 22:48,Verde,52,Externat,NULL
2389,2026-07-27 01:14,Galben,71,Externat,NULL
2390,2026-07-18 05:24,Verde,155,Preluat,16
2391,2026-07-03 04:12,Galben,229,Preluat,26
2392,2026-07-10 12:29,Albastru,155,In Asteptare,NULL
2393,2026-07-12 04:17,Galben,221,Externat,NULL
2394,2026-07-20 10:40,Galben,27,Externat,NULL
2395,2026-07-01 13:12,Galben,113,Externat,NULL
2396,2026-07-16 02:58,Verde,57,Preluat,30
2397,2026-07-22 11:52,Albastru,192,Externat,NULL
2398,2026-07-21 06:36,Albastru,122,Externat,NULL
2399,2026-07-01 09:29,Verde,177,Externat,NULL
2400,2026-07-13 03:46,Galben,122,Externat,NULL
2401,2026-07-09 11:02,Verde,8,Preluat,43
2402,2026-07-06 21:52,Albastru,158,Externat,NULL
2403,2026-07-22 07:44,Galben,57,Externat,NULL
2404,2026-07-20 04:21,Verde,62,Externat,NULL
2405,2026-07-26 02:08,Verde,55,Preluat,24
2406,2026-07-12 09:33,Galben,129,In Asteptare,NULL
2407,2026-07-10 02:41,Galben,94,Preluat,22
2408,2026-07-20 12:35,Verde,218,Externat,NULL
2409,2026-07-28 14:45,Galben,76,Externat,NULL
2410,2026-07-06 07:00,Galben,101,Preluat,25
2411,2026-07-14 22:03,Verde,66,In Asteptare,NULL
2412,2026-07-16 09:00,Albastru,231,Preluat,37
2413,2026-07-02 19:25,Rosu,16,Externat,NULL
2414,2026-07-09 20:07,Verde,64,Externat,NULL
2415,2026-07-09 10:11,Verde,210,Preluat,42
2416,2026-07-05 22:18,Galben,29,Externat,NULL
2417,2026-07-14 12:41,Galben,209,Externat,NULL
2418,2026-07-08 08:02,Galben,71,In Asteptare,NULL
2419,2026-07-06 03:14,Galben,208,Externat,NULL
2420,2026-07-14 03:03,Verde,21,Externat,NULL
2421,2026-07-04 11:05,Verde,69,Externat,NULL
2422,2026-07-19 01:13,Galben,140,Preluat,50
2423,2026-07-05 02:45,Verde,43,Externat,NULL
2424,2026-07-08 09:59,Galben,192,Externat,NULL
2425,2026-07-29 19:39,Galben,208,Externat,NULL
2426,2026-07-25 09:55,Galben,67,Externat,NULL
2427,2026-07-12 05:11,Galben,131,Externat,NULL
2428,2026-07-29 15:53,Galben,92,Preluat,32
2429,2026-07-14 01:30,Verde,86,Preluat,30
2430,2026-07-19 18:36,Rosu,13,Externat,NULL
2431,2026-07-27 17:54,Galben,102,Preluat,4
2432,2026-07-12 12:29,Verde,60,Externat,NULL
2433,2026-07-20 16:19,Rosu,29,Preluat,14
2434,2026-07-10 13:29,Albastru,78,Externat,NULL
2435,2026-07-20 15:56,Verde,60,Preluat,28
2436,2026-07-01 18:30,Galben,69,In Asteptare,NULL
2437,2026-07-08 10:08,Galben,225,Externat,NULL
2438,2026-07-06 15:42,Galben,141,Preluat,2
2439,2026-07-11 16:10,Galben,80,In Asteptare,NULL
2440,2026-07-01 08:48,Verde,119,In Asteptare,NULL
2441,2026-07-25 04:48,Albastru,166,Externat,NULL
2442,2026-07-21 14:09,Verde,178,Externat,NULL
2443,2026-07-26 11:00,Verde,97,Preluat,14
2444,2026-07-18 16:58,Galben,153,In Asteptare,NULL
2445,2026-07-12 02:31,Galben,196,Externat,NULL
2446,2026-07-01 15:10,Galben,16,Externat,NULL
2447,2026-07-26 21:37,Galben,217,In Asteptare,NULL
2448,2026-07-23 04:01,Verde,81,Externat,NULL
2449,2026-07-27 11:58,Verde,193,Preluat,47
2450,2026-07-04 17:16,Verde,189,Preluat,4
2451,2026-07-06 08:59,Albastru,218,Externat,NULL
2452,2026-07-15 09:25,Galben,225,Externat,NULL
2453,2026-07-11 05:17,Verde,226,Externat,NULL
2454,2026-07-24 04:16,Galben,58,Externat,NULL
2455,2026-07-29 15:45,Galben,75,Externat,NULL
2456,2026-07-04 23:25,Galben,132,Externat,NULL
2457,2026-07-02 21:33,Verde,104,In Asteptare,NULL
2458,2026-07-18 00:46,Galben,168,In Asteptare,NULL
2459,2026-07-23 04:38,Verde,68,Preluat,3
2460,2026-07-24 09:30,Rosu,22,Preluat,35
2461,2026-07-20 07:08,Verde,161,Preluat,17
2462,2026-07-20 20:53,Galben,24,In Asteptare,NULL
2463,2026-07-12 12:10,Rosu,21,Externat,NULL
2464,2026-07-09 08:15,Rosu,21,In Asteptare,NULL
2465,2026-07-22 03:33,Galben,194,Preluat,15
2466,2026-07-02 07:58,Galben,138,Preluat,21
2467,2026-07-20 13:07,Verde,9,Externat,NULL
2468,2026-07-04 05:32,Verde,22,Externat,NULL
2469,2026-07-22 14:07,Verde,202,Preluat,31
2470,2026-07-14 19:26,Verde,151,Externat,NULL
2471,2026-07-24 18:00,Verde,15,Externat,NULL
2472,2026-07-04 12:41,Verde,95,In Asteptare,NULL
2473,2026-07-23 11:21,Galben,11,Externat,NULL
2474,2026-07-07 17:53,Rosu,28,In Asteptare,NULL
2475,2026-07-06 08:36,Verde,134,Externat,NULL
2476,2026-07-16 11:36,Verde,227,Preluat,40
2477,2026-07-14 08:05,Galben,123,Preluat,25
2478,2026-07-06 00:01,Galben,64,Preluat,11
2479,2026-07-30 18:07,Galben,90,Externat,NULL
2480,2026-07-30 21:38,Galben,237,Externat,NULL
2481,2026-07-09 18:09,Galben,135,Preluat,49
2482,2026-07-30 01:27,Rosu,22,Preluat,2
2483,2026-07-24 05:16,Albastru,56,Preluat,46
2484,2026-07-20 20:30,Galben,179,Preluat,17
2485,2026-07-23 17:22,Galben,8,Externat,NULL
2486,2026-07-11 13:54,Galben,43,Preluat,13
2487,2026-07-19 10:11,Verde,69,Preluat,3
2488,2026-07-18 13:36,Galben,115,Externat,NULL
2489,2026-07-12 16:21,Galben,167,Externat,NULL
2490,2026-07-19 07:39,Verde,105,Preluat,23
2491,2026-07-25 05:10,Galben,147,Externat,NULL
2492,2026-07-19 14:49,Galben,50,In Asteptare,NULL
2493,2026-07-11 16:14,Albastru,51,Preluat,39
2494,2026-07-18 04:14,Galben,57,Preluat,36
2495,2026-07-29 01:03,Verde,64,In Asteptare,NULL
2496,2026-07-22 18:50,Verde,79,Externat,NULL
2497,2026-07-26 15:34,Galben,189,Externat,NULL
2498,2026-07-06 07:52,Verde,68,In Asteptare,NULL
2499,2026-07-13 22:59,Verde,227,In Asteptare,NULL
2500,2026-07-30 00:59,Galben,68,Preluat,13
2501,2026-07-20 21:08,Verde,69,Externat,NULL
2502,2026-07-22 10:00,Verde,92,Externat,NULL
2503,2026-07-14 18:49,Galben,91,In Asteptare,NULL
2504,2026-07-05 15:00,Galben,33,In Asteptare,NULL
2505,2026-07-08 21:24,Galben,57,Externat,NULL
2506,2026-07-23 14:55,Albastru,98,Preluat,10
2507,2026-07-07 17:00,Verde,203,Preluat,3
2508,2026-07-30 00:21,Albastru,109,Preluat,23
2509,2026-07-06 18:43,Rosu,11,Externat,NULL
2510,2026-07-08 12:46,Verde,91,Externat,NULL
2511,2026-07-16 07:51,Verde,119,Externat,NULL
2512,2026-07-05 15:37,Albastru,205,Preluat,42
2513,2026-07-02 18:40,Rosu,18,Preluat,43
2514,2026-07-10 18:05,Galben,236,Externat,NULL
2515,2026-07-01 13:27,Albastru,185,Externat,NULL
2516,2026-07-07 07:31,Verde,110,In Asteptare,NULL
2517,2026-07-14 06:51,Rosu,13,Preluat,5
2518,2026-07-08 15:25,Rosu,8,In Asteptare,NULL
2519,2026-07-19 14:41,Galben,159,Preluat,39
2520,2026-07-20 12:13,Galben,32,In Asteptare,NULL
2521,2026-07-28 20:18,Verde,121,Preluat,30
2522,2026-07-09 05:08,Verde,194,Externat,NULL
2523,2026-07-11 17:22,Galben,22,Preluat,37
2524,2026-07-19 12:37,Verde,146,Externat,NULL
2525,2026-07-07 03:15,Rosu,18,Externat,NULL
2526,2026-07-02 09:45,Verde,183,In Asteptare,NULL
2527,2026-07-17 14:28,Verde,48,In Asteptare,NULL
2528,2026-07-03 23:18,Galben,35,Preluat,4
2529,2026-07-01 01:57,Rosu,29,Preluat,47
2530,2026-07-13 02:49,Galben,117,In Asteptare,NULL
2531,2026-07-10 18:36,Galben,111,Preluat,49
2532,2026-07-06 09:10,Verde,40,Preluat,14
2533,2026-07-25 04:44,Verde,228,In Asteptare,NULL
2534,2026-07-16 03:26,Verde,52,Externat,NULL
2535,2026-07-05 19:57,Rosu,21,In Asteptare,NULL
2536,2026-07-28 11:43,Galben,164,Preluat,30
2537,2026-07-07 06:08,Verde,18,Preluat,22
2538,2026-07-13 05:45,Albastru,240,Preluat,13
2539,2026-07-19 04:23,Verde,234,Externat,NULL
2540,2026-07-08 07:49,Verde,24,Externat,NULL
2541,2026-07-01 01:58,Verde,240,In Asteptare,NULL
2542,2026-07-17 17:40,Rosu,26,In Asteptare,NULL
2543,2026-07-16 00:41,Albastru,167,Externat,NULL
2544,2026-07-07 06:33,Rosu,30,Preluat,30
2545,2026-07-16 09:05,Verde,93,In Asteptare,NULL
2546,2026-07-24 15:06,Rosu,29,Externat,NULL
2547,2026-07-28 13:07,Verde,59,Externat,NULL
2548,2026-07-25 00:45,Rosu,5,Externat,NULL
2549,2026-07-26 17:21,Verde,174,Externat,NULL
2550,2026-07-10 21:48,Albastru,43,Externat,NULL
2551,2026-07-25 18:40,Galben,107,Externat,NULL
2552,2026-07-17 02:45,Verde,19,Externat,NULL
2553,2026-07-25 22:37,Galben,82,Preluat,17
2554,2026-07-19 15:23,Galben,31,Preluat,3
2555,2026-07-15 13:35,Albastru,26,Externat,NULL
2556,2026-07-22 12:16,Galben,40,Externat,NULL
2557,2026-07-05 06:30,Verde,158,Externat,NULL
2558,2026-07-22 01:15,Verde,36,Preluat,9
2559,2026-07-08 04:21,Galben,127,Externat,NULL
2560,2026-07-09 09:52,Galben,91,Externat,NULL
2561,2026-07-12 14:24,Galben,203,Externat,NULL
2562,2026-07-08 22:03,Albastru,139,Preluat,34
2563,2026-07-28 18:22,Galben,96,Externat,NULL
2564,2026-07-24 16:23,Verde,78,Externat,NULL
2565,2026-07-04 20:47,Verde,89,Externat,NULL
2566,2026-07-14 19:40,Rosu,9,Preluat,21
2567,2026-07-26 19:34,Albastru,29,Externat,NULL
2568,2026-07-03 00:01,Galben,83,In Asteptare,NULL
2569,2026-07-28 22:45,Verde,211,Preluat,11
2570,2026-07-09 02:03,Verde,211,Externat,NULL
2571,2026-07-06 15:35,Rosu,30,In Asteptare,NULL
2572,2026-07-19 01:27,Galben,75,Externat,NULL
2573,2026-07-12 16:59,Galben,21,Externat,NULL
2574,2026-07-25 14:50,Verde,88,Externat,NULL
2575,2026-07-23 05:42,Verde,188,In Asteptare,NULL
2576,2026-07-22 04:41,Galben,239,Preluat,24
2577,2026-07-05 05:46,Galben,194,Externat,NULL
2578,2026-07-19 05:47,Albastru,151,Externat,NULL
2579,2026-07-11 04:48,Verde,239,In Asteptare,NULL
2580,2026-07-12 13:19,Verde,79,Externat,NULL
2581,2026-07-28 03:23,Rosu,2,Externat,NULL
2582,2026-07-03 10:20,Galben,114,Externat,NULL
2583,2026-07-04 05:18,Galben,51,Preluat,24
2584,2026-07-21 04:20,Verde,26,Externat,NULL
2585,2026-07-23 07:51,Galben,50,Externat,NULL
2586,2026-07-02 17:04,Albastru,167,Preluat,47
2587,2026-07-05 13:18,Verde,173,Preluat,34
2588,2026-07-02 13:16,Verde,123,Externat,NULL
2589,2026-07-19 00:10,Verde,117,Externat,NULL
2590,2026-07-16 07:52,Rosu,21,Externat,NULL
2591,2026-07-16 19:10,Albastru,142,Preluat,45
2592,2026-07-17 19:23,Verde,8,Preluat,50
2593,2026-07-14 05:30,Galben,203,Preluat,30
2594,2026-07-08 01:18,Galben,102,Externat,NULL
2595,2026-07-15 02:33,Verde,157,Externat,NULL
2596,2026-07-08 20:03,Galben,123,Externat,NULL
2597,2026-07-11 00:22,Verde,201,Preluat,4
2598,2026-07-14 13:31,Galben,146,Preluat,22
2599,2026-07-22 22:26,Galben,22,Externat,NULL
2600,2026-07-03 16:15,Rosu,22,In Asteptare,NULL
2601,2026-07-25 12:22,Galben,136,Preluat,38
2602,2026-07-06 19:29,Verde,78,Preluat,26
2603,2026-07-12 00:30,Galben,197,Externat,NULL
2604,2026-07-23 05:46,Rosu,30,Preluat,5
2605,2026-07-24 00:51,Galben,194,Externat,NULL
2606,2026-07-23 04:34,Verde,237,In Asteptare,NULL
2607,2026-07-13 11:41,Galben,216,Preluat,26
2608,2026-07-25 04:00,Galben,137,In Asteptare,NULL
2609,2026-07-09 11:43,Verde,25,Preluat,32
2610,2026-07-07 18:55,Rosu,20,In Asteptare,NULL
2611,2026-07-15 21:42,Galben,169,Preluat,9
2612,2026-07-05 05:29,Galben,37,Preluat,27
2613,2026-07-19 20:09,Galben,48,Externat,NULL
2614,2026-07-24 11:57,Albastru,174,Preluat,31
2615,2026-07-08 22:12,Verde,106,Externat,NULL
2616,2026-07-27 13:39,Verde,6,In Asteptare,NULL
2617,2026-07-25 16:53,Verde,205,In Asteptare,NULL
2618,2026-07-21 14:37,Galben,140,Externat,NULL
2619,2026-07-03 14:08,Galben,152,Externat,NULL
2620,2026-07-01 06:51,Verde,204,Preluat,41
2621,2026-07-18 03:41,Verde,145,Preluat,38
2622,2026-07-15 02:15,Albastru,62,Externat,NULL
2623,2026-07-17 06:43,Albastru,176,Externat,NULL
2624,2026-07-05 21:59,Albastru,178,Preluat,50
2625,2026-07-22 14:41,Verde,50,Externat,NULL
2626,2026-07-04 09:03,Rosu,17,Preluat,47
2627,2026-07-24 10:22,Verde,164,Externat,NULL
2628,2026-07-16 15:08,Albastru,35,Externat,NULL
2629,2026-07-21 11:51,Verde,70,Externat,NULL
2630,2026-07-21 20:49,Galben,203,Preluat,30
2631,2026-07-17 15:08,Verde,208,Preluat,45
2632,2026-07-16 08:42,Galben,10,Preluat,22
2633,2026-07-16 11:45,Verde,222,In Asteptare,NULL
2634,2026-07-29 04:43,Galben,109,Preluat,16
2635,2026-07-05 01:08,Verde,208,Externat,NULL
2636,2026-07-25 05:04,Rosu,1,Preluat,6
2637,2026-07-25 03:18,Galben,167,Preluat,20
2638,2026-07-07 01:46,Galben,137,Externat,NULL
2639,2026-07-03 19:25,Rosu,29,Externat,NULL
2640,2026-07-18 11:01,Rosu,4,Preluat,31
2641,2026-07-15 20:08,Verde,128,Preluat,11
2642,2026-07-08 08:22,Verde,7,Externat,NULL
2643,2026-07-09 08:34,Galben,115,Externat,NULL
2644,2026-07-25 16:22,Verde,33,In Asteptare,NULL
2645,2026-07-02 03:50,Verde,230,Externat,NULL
2646,2026-07-27 06:18,Albastru,14,Externat,NULL
2647,2026-07-23 18:14,Verde,106,In Asteptare,NULL
2648,2026-07-04 07:16,Verde,49,Externat,NULL
2649,2026-07-03 21:53,Rosu,12,Preluat,42
2650,2026-07-30 03:11,Rosu,17,Externat,NULL
2651,2026-07-10 23:34,Galben,204,In Asteptare,NULL
2652,2026-07-16 02:22,Galben,130,Externat,NULL
2653,2026-07-07 17:07,Verde,167,Preluat,11
2654,2026-07-11 00:09,Rosu,15,Externat,NULL
2655,2026-07-02 02:40,Galben,104,Preluat,35
2656,2026-07-22 04:03,Galben,54,Externat,NULL
2657,2026-07-16 09:18,Galben,92,Preluat,33
2658,2026-07-10 19:36,Verde,156,Externat,NULL
2659,2026-07-03 13:02,Verde,201,Preluat,20
2660,2026-07-19 17:59,Albastru,106,Externat,NULL
2661,2026-07-22 15:27,Verde,39,Preluat,38
2662,2026-07-08 01:40,Verde,87,Preluat,41
2663,2026-07-29 11:09,Rosu,14,Externat,NULL
2664,2026-07-07 11:27,Verde,239,Externat,NULL
2665,2026-07-11 06:49,Verde,63,Externat,NULL
2666,2026-07-27 01:00,Galben,127,In Asteptare,NULL
2667,2026-07-21 00:44,Galben,128,Externat,NULL
2668,2026-07-12 12:13,Galben,36,Preluat,19
2669,2026-07-07 22:05,Rosu,26,Externat,NULL
2670,2026-07-01 11:02,Verde,24,In Asteptare,NULL
2671,2026-07-30 22:31,Galben,42,Externat,NULL
2672,2026-07-10 18:34,Verde,209,In Asteptare,NULL
2673,2026-07-14 15:46,Rosu,29,Externat,NULL
2674,2026-07-18 15:33,Verde,115,Externat,NULL
2675,2026-07-26 21:43,Galben,220,Preluat,34
2676,2026-07-10 12:28,Verde,209,Preluat,11
2677,2026-07-13 08:33,Verde,144,Preluat,38
2678,2026-07-20 19:45,Albastru,218,In Asteptare,NULL
2679,2026-07-27 12:43,Verde,32,Preluat,38
2680,2026-07-19 11:07,Albastru,32,Preluat,4
2681,2026-07-23 16:34,Verde,179,Preluat,50
2682,2026-07-13 20:46,Galben,107,Externat,NULL
2683,2026-07-06 09:38,Verde,213,Externat,NULL
2684,2026-07-07 14:04,Galben,217,Externat,NULL
2685,2026-07-02 00:36,Galben,228,Preluat,37
2686,2026-07-03 12:09,Galben,138,Preluat,23
2687,2026-07-06 23:39,Galben,92,Externat,NULL
2688,2026-07-18 22:25,Verde,216,Externat,NULL
2689,2026-07-10 10:36,Galben,90,In Asteptare,NULL
2690,2026-07-30 20:41,Galben,111,In Asteptare,NULL
2691,2026-07-28 03:37,Galben,21,Externat,NULL
2692,2026-07-07 11:01,Albastru,234,Externat,NULL
2693,2026-07-13 00:06,Galben,153,Preluat,29
2694,2026-07-19 01:55,Galben,108,Externat,NULL
2695,2026-07-09 10:12,Galben,143,Externat,NULL
2696,2026-07-26 00:38,Rosu,27,Externat,NULL
2697,2026-07-01 16:00,Albastru,117,Externat,NULL
2698,2026-07-29 23:42,Albastru,226,Preluat,8
2699,2026-07-30 01:33,Verde,101,Preluat,29
2700,2026-07-25 01:15,Galben,170,Preluat,8
2701,2026-07-22 06:28,Galben,129,Externat,NULL
2702,2026-07-14 22:38,Verde,17,Externat,NULL
2703,2026-07-30 07:41,Albastru,174,In Asteptare,NULL
2704,2026-07-14 03:25,Albastru,196,Externat,NULL
2705,2026-07-15 12:20,Albastru,170,Externat,NULL
2706,2026-07-12 22:06,Verde,237,Preluat,15
2707,2026-07-21 19:49,Galben,197,Preluat,47
2708,2026-07-22 13:06,Verde,10,Preluat,26
2709,2026-07-30 22:47,Rosu,2,Preluat,28
2710,2026-07-06 19:47,Galben,206,Externat,NULL
2711,2026-07-14 11:33,Verde,105,Externat,NULL
2712,2026-07-06 03:32,Verde,169,Externat,NULL
2713,2026-07-25 14:58,Verde,41,Preluat,22
2714,2026-07-11 12:10,Galben,27,Externat,NULL
2715,2026-07-15 11:32,Verde,226,Preluat,11
2716,2026-07-21 12:40,Verde,211,Preluat,21
2717,2026-07-05 14:33,Verde,175,Preluat,33
2718,2026-07-10 09:06,Verde,222,Externat,NULL
2719,2026-07-11 16:12,Galben,20,Preluat,13
2720,2026-07-09 12:43,Albastru,233,Externat,NULL
2721,2026-07-11 19:33,Rosu,8,Preluat,34
2722,2026-07-30 22:55,Verde,216,Preluat,49
2723,2026-07-06 00:04,Verde,182,In Asteptare,NULL
2724,2026-07-17 11:15,Verde,67,Externat,NULL
2725,2026-07-07 22:41,Albastru,224,Externat,NULL
2726,2026-07-11 20:49,Galben,191,Externat,NULL
2727,2026-07-22 10:18,Galben,162,Externat,NULL
2728,2026-07-05 02:05,Rosu,1,In Asteptare,NULL
2729,2026-07-19 14:30,Verde,99,In Asteptare,NULL
2730,2026-07-25 17:48,Rosu,10,Preluat,39
2731,2026-07-22 09:05,Verde,187,Externat,NULL
2732,2026-07-11 13:07,Verde,156,Preluat,40
2733,2026-07-20 23:29,Verde,174,Externat,NULL
2734,2026-07-17 15:30,Galben,102,Externat,NULL
2735,2026-07-23 02:03,Verde,199,Externat,NULL
2736,2026-07-04 04:25,Galben,178,Externat,NULL
2737,2026-07-06 10:42,Galben,175,Preluat,33
2738,2026-07-05 04:46,Verde,240,Externat,NULL
2739,2026-07-19 16:34,Rosu,10,Externat,NULL
2740,2026-07-08 08:10,Verde,179,Preluat,45
2741,2026-07-14 14:25,Galben,201,Externat,NULL
2742,2026-07-10 06:57,Verde,90,Externat,NULL
2743,2026-07-09 00:27,Galben,17,Externat,NULL
2744,2026-07-07 02:41,Verde,60,Externat,NULL
2745,2026-07-20 19:33,Verde,68,Externat,NULL
2746,2026-07-07 12:18,Albastru,237,Externat,NULL
2747,2026-07-05 10:50,Verde,98,Externat,NULL
2748,2026-07-19 15:42,Verde,57,In Asteptare,NULL
2749,2026-07-18 21:37,Galben,19,In Asteptare,NULL
2750,2026-07-05 18:53,Verde,128,Externat,NULL
2751,2026-07-15 11:48,Galben,30,Preluat,12
2752,2026-07-22 20:45,Verde,123,Preluat,13
2753,2026-07-10 22:46,Verde,214,Externat,NULL
2754,2026-07-19 12:51,Rosu,26,Externat,NULL
2755,2026-07-27 07:02,Albastru,36,Preluat,32
2756,2026-07-06 17:32,Verde,210,In Asteptare,NULL
2757,2026-07-07 01:05,Galben,160,Externat,NULL
2758,2026-07-13 20:20,Verde,136,Preluat,36
2759,2026-07-18 04:18,Verde,186,Externat,NULL
2760,2026-07-22 09:50,Galben,133,Externat,NULL
2761,2026-07-18 16:50,Verde,203,In Asteptare,NULL
2762,2026-07-24 13:16,Verde,191,In Asteptare,NULL
2763,2026-07-29 10:57,Verde,109,Externat,NULL
2764,2026-07-23 08:19,Verde,86,Preluat,29
2765,2026-07-15 19:30,Galben,153,Externat,NULL
2766,2026-07-21 14:50,Galben,166,Externat,NULL
2767,2026-07-02 11:02,Verde,233,Preluat,9
2768,2026-07-06 10:20,Galben,159,Externat,NULL
2769,2026-07-23 13:25,Galben,135,Externat,NULL
2770,2026-07-04 16:23,Galben,180,In Asteptare,NULL
2771,2026-07-26 11:44,Verde,33,In Asteptare,NULL
2772,2026-07-17 17:47,Albastru,68,Externat,NULL
2773,2026-07-20 15:18,Verde,77,Preluat,43
2774,2026-07-10 10:42,Galben,26,Preluat,4
2775,2026-07-12 12:25,Verde,22,Externat,NULL
2776,2026-07-20 19:02,Galben,209,Preluat,1
2777,2026-07-04 00:38,Verde,20,Preluat,49
2778,2026-07-13 19:05,Verde,217,In Asteptare,NULL
2779,2026-07-02 16:32,Galben,73,Externat,NULL
2780,2026-07-07 12:07,Verde,214,Preluat,39
2781,2026-07-28 18:42,Galben,34,Externat,NULL
2782,2026-07-02 05:53,Galben,211,Preluat,26
2783,2026-07-21 12:23,Verde,191,In Asteptare,NULL
2784,2026-07-17 03:33,Verde,184,Externat,NULL
2785,2026-07-21 19:14,Galben,115,Preluat,22
2786,2026-07-11 09:05,Galben,42,In Asteptare,NULL
2787,2026-07-28 03:57,Galben,119,Preluat,44
2788,2026-07-07 06:52,Verde,121,In Asteptare,NULL
2789,2026-07-27 18:45,Verde,144,Externat,NULL
2790,2026-07-07 19:45,Albastru,62,Externat,NULL
2791,2026-07-06 18:08,Galben,237,Preluat,31
2792,2026-07-17 19:26,Verde,154,Externat,NULL
2793,2026-07-17 05:25,Verde,210,Externat,NULL
2794,2026-07-05 15:26,Galben,199,Externat,NULL
2795,2026-07-02 19:06,Galben,132,Preluat,20
2796,2026-07-22 19:47,Verde,205,Preluat,46
2797,2026-07-06 14:36,Albastru,175,Preluat,35
2798,2026-07-29 13:26,Galben,202,In Asteptare,NULL
2799,2026-07-15 12:55,Galben,64,Externat,NULL
2800,2026-07-06 05:52,Albastru,195,In Asteptare,NULL
2801,2026-07-17 06:13,Verde,62,Externat,NULL
2802,2026-07-02 20:38,Galben,131,In Asteptare,NULL
2803,2026-07-27 11:58,Verde,238,In Asteptare,NULL
2804,2026-07-23 19:00,Galben,174,Externat,NULL
2805,2026-07-30 03:10,Rosu,5,Preluat,25
2806,2026-07-14 08:54,Verde,23,Preluat,12
2807,2026-07-12 16:39,Galben,128,Preluat,47
2808,2026-07-06 03:21,Rosu,22,In Asteptare,NULL
2809,2026-07-12 03:00,Albastru,134,In Asteptare,NULL
2810,2026-07-25 12:17,Rosu,16,Preluat,47
2811,2026-07-19 22:18,Galben,215,Externat,NULL
2812,2026-07-20 16:24,Rosu,2,In Asteptare,NULL
2813,2026-07-15 09:36,Verde,201,In Asteptare,NULL
2814,2026-07-19 11:07,Galben,180,Externat,NULL
2815,2026-07-02 15:55,Rosu,8,Externat,NULL
2816,2026-07-18 17:05,Galben,118,In Asteptare,NULL
2817,2026-07-07 07:37,Rosu,24,Preluat,48
2818,2026-07-02 00:15,Galben,36,Preluat,40
2819,2026-07-29 01:23,Galben,219,Preluat,31
2820,2026-07-07 14:06,Verde,141,Externat,NULL
2821,2026-07-19 08:42,Galben,87,Preluat,7
2822,2026-07-05 05:50,Galben,95,Preluat,10
2823,2026-07-05 03:58,Verde,235,Externat,NULL
2824,2026-07-11 05:06,Rosu,16,Preluat,16
2825,2026-07-17 17:57,Verde,73,Preluat,40
2826,2026-07-21 13:36,Verde,16,Externat,NULL
2827,2026-07-03 06:12,Galben,105,Preluat,1
2828,2026-07-01 19:36,Galben,207,Preluat,36
2829,2026-07-06 04:17,Verde,86,Externat,NULL
2830,2026-07-07 22:00,Albastru,62,Preluat,9
2831,2026-07-02 01:44,Rosu,3,Preluat,5
2832,2026-07-10 00:41,Albastru,5,Externat,NULL
2833,2026-07-14 02:32,Galben,78,Preluat,36
2834,2026-07-30 11:50,Verde,225,Externat,NULL
2835,2026-07-24 10:08,Verde,62,Externat,NULL
2836,2026-07-14 01:08,Galben,175,Externat,NULL
2837,2026-07-11 17:22,Verde,58,Preluat,40
2838,2026-07-22 08:51,Verde,221,Externat,NULL
2839,2026-07-27 19:02,Verde,230,Externat,NULL
2840,2026-07-30 04:15,Galben,121,Externat,NULL
2841,2026-07-29 17:06,Verde,217,Preluat,34
2842,2026-07-19 07:08,Galben,211,Preluat,13
2843,2026-07-09 04:14,Rosu,22,Externat,NULL
2844,2026-07-13 01:10,Galben,96,Externat,NULL
2845,2026-07-30 01:57,Verde,159,Preluat,16
2846,2026-07-20 04:05,Verde,210,In Asteptare,NULL
2847,2026-07-28 16:18,Verde,164,Preluat,6
2848,2026-07-22 10:28,Rosu,25,Externat,NULL
2849,2026-07-23 01:33,Verde,225,In Asteptare,NULL
2850,2026-07-22 15:13,Galben,157,In Asteptare,NULL
2851,2026-07-24 08:00,Galben,32,Preluat,34
2852,2026-07-19 15:10,Verde,131,Externat,NULL
2853,2026-07-29 12:11,Verde,25,Preluat,14
2854,2026-07-30 18:30,Galben,26,Externat,NULL
2855,2026-07-10 17:16,Verde,159,Preluat,43
2856,2026-07-05 04:41,Rosu,27,Externat,NULL
2857,2026-07-10 08:03,Albastru,109,Externat,NULL
2858,2026-07-25 11:42,Galben,57,Externat,NULL
2859,2026-07-23 16:23,Galben,101,Externat,NULL
2860,2026-07-20 13:11,Verde,37,Externat,NULL
2861,2026-07-26 01:54,Galben,93,Preluat,18
2862,2026-07-19 23:10,Verde,89,Externat,NULL
2863,2026-07-02 22:05,Verde,66,Preluat,15
2864,2026-07-11 10:43,Galben,203,Externat,NULL
2865,2026-07-14 18:39,Verde,175,Preluat,47
2866,2026-07-30 06:06,Verde,199,Preluat,31
2867,2026-07-01 13:50,Galben,72,Externat,NULL
2868,2026-07-11 20:50,Verde,237,Preluat,13
2869,2026-07-05 22:37,Verde,36,Externat,NULL
2870,2026-07-04 19:33,Verde,17,Preluat,40
2871,2026-07-19 18:32,Verde,63,Preluat,3
2872,2026-07-26 00:29,Rosu,3,Externat,NULL
2873,2026-07-25 14:53,Albastru,111,Externat,NULL
2874,2026-07-25 23:59,Albastru,73,Externat,NULL
2875,2026-07-23 02:44,Albastru,152,Externat,NULL
2876,2026-07-26 02:05,Galben,86,In Asteptare,NULL
2877,2026-07-23 03:09,Galben,40,Externat,NULL
2878,2026-07-09 13:46,Galben,123,Externat,NULL
2879,2026-07-17 07:00,Verde,133,In Asteptare,NULL
2880,2026-07-29 00:12,Albastru,32,Preluat,40
2881,2026-07-10 08:02,Verde,90,Externat,NULL
2882,2026-07-17 12:45,Verde,159,Externat,NULL
2883,2026-07-13 22:02,Galben,107,Preluat,4
2884,2026-07-21 03:11,Galben,76,In Asteptare,NULL
2885,2026-07-01 10:56,Galben,48,Externat,NULL
2886,2026-07-16 01:41,Rosu,19,Preluat,7
2887,2026-07-23 08:32,Galben,26,Externat,NULL
2888,2026-07-13 16:10,Verde,7,Preluat,32
2889,2026-07-12 03:28,Galben,35,In Asteptare,NULL
2890,2026-07-11 07:26,Verde,126,In Asteptare,NULL
2891,2026-07-30 16:03,Galben,66,Externat,NULL
2892,2026-07-02 21:56,Galben,91,Externat,NULL
2893,2026-07-10 03:48,Galben,114,Externat,NULL
2894,2026-07-17 07:27,Galben,239,Externat,NULL
2895,2026-07-17 00:38,Verde,231,Externat,NULL
2896,2026-07-30 17:10,Rosu,14,In Asteptare,NULL
2897,2026-07-30 23:28,Verde,84,Externat,NULL
2898,2026-07-25 13:59,Galben,65,Preluat,2
2899,2026-07-21 21:55,Galben,138,Externat,NULL
2900,2026-07-19 04:44,Verde,30,Preluat,30
2901,2026-07-15 09:46,Verde,45,Preluat,30
2902,2026-07-22 07:03,Verde,225,Externat,NULL
2903,2026-07-27 07:41,Verde,239,Preluat,6
2904,2026-07-01 02:38,Verde,9,In Asteptare,NULL
2905,2026-07-05 15:04,Galben,238,Preluat,12
2906,2026-07-03 13:35,Verde,22,Preluat,8
2907,2026-07-28 02:08,Galben,22,Externat,NULL
2908,2026-07-07 14:49,Verde,169,In Asteptare,NULL
2909,2026-07-25 15:28,Galben,227,Externat,NULL
2910,2026-07-16 07:05,Verde,10,Externat,NULL
2911,2026-07-07 18:02,Galben,122,Preluat,20
2912,2026-07-15 23:07,Rosu,7,Externat,NULL
2913,2026-07-20 04:52,Verde,75,Externat,NULL
2914,2026-07-01 02:52,Verde,63,Preluat,30
2915,2026-07-02 08:43,Galben,45,Externat,NULL
2916,2026-07-12 20:22,Rosu,9,Preluat,35
2917,2026-07-17 03:27,Verde,174,Preluat,48
2918,2026-07-18 12:07,Verde,240,Externat,NULL
2919,2026-07-02 00:48,Albastru,193,Preluat,30
2920,2026-07-27 10:31,Verde,138,Externat,NULL
2921,2026-07-01 08:22,Verde,141,Preluat,40
2922,2026-07-28 06:59,Rosu,8,Externat,NULL
2923,2026-07-12 22:56,Galben,93,Externat,NULL
2924,2026-07-16 08:16,Galben,180,Externat,NULL
2925,2026-07-23 10:05,Verde,171,Externat,NULL
2926,2026-07-28 10:32,Verde,203,Externat,NULL
2927,2026-07-16 09:39,Verde,47,Preluat,7
2928,2026-07-14 11:14,Galben,102,Preluat,39
2929,2026-07-20 13:56,Verde,94,Externat,NULL
2930,2026-07-29 13:04,Galben,125,In Asteptare,NULL
2931,2026-07-11 10:50,Rosu,3,In Asteptare,NULL
2932,2026-07-11 17:03,Galben,66,Externat,NULL
2933,2026-07-10 01:46,Verde,174,Preluat,20
2934,2026-07-09 14:09,Galben,213,Externat,NULL
2935,2026-07-01 03:38,Galben,80,Externat,NULL
2936,2026-07-22 16:33,Rosu,3,Externat,NULL
2937,2026-07-26 10:24,Verde,75,In Asteptare,NULL
2938,2026-07-23 01:20,Verde,224,In Asteptare,NULL
2939,2026-07-21 19:11,Verde,232,Externat,NULL
2940,2026-07-12 10:49,Verde,116,Preluat,4
2941,2026-07-13 13:05,Galben,94,Externat,NULL
2942,2026-07-09 12:15,Galben,81,Externat,NULL
2943,2026-07-09 21:37,Galben,90,Preluat,10
2944,2026-07-22 14:16,Verde,229,Externat,NULL
2945,2026-07-03 14:49,Albastru,32,In Asteptare,NULL
2946,2026-07-21 21:29,Verde,44,Externat,NULL
2947,2026-07-10 09:06,Galben,16,Preluat,35
2948,2026-07-04 00:54,Galben,208,Externat,NULL
2949,2026-07-16 16:27,Galben,221,Externat,NULL
2950,2026-07-20 01:20,Verde,87,Preluat,45
2951,2026-07-11 22:06,Verde,214,In Asteptare,NULL
2952,2026-07-10 12:31,Verde,109,Externat,NULL
2953,2026-07-10 16:59,Rosu,8,Externat,NULL
2954,2026-07-04 04:01,Verde,180,Externat,NULL
2955,2026-07-20 22:56,Verde,201,Externat,NULL
2956,2026-07-24 22:20,Verde,226,Externat,NULL
2957,2026-07-20 19:39,Rosu,2,Externat,NULL
2958,2026-07-05 05:39,Galben,133,Externat,NULL
2959,2026-07-09 02:24,Verde,239,In Asteptare,NULL
2960,2026-07-04 01:13,Galben,75,Externat,NULL
2961,2026-07-18 14:26,Verde,105,Preluat,30
2962,2026-07-13 03:59,Verde,186,Preluat,34
2963,2026-07-03 13:18,Verde,33,Externat,NULL
2964,2026-07-17 15:58,Galben,5,In Asteptare,NULL
2965,2026-07-28 20:07,Rosu,14,Preluat,43
2966,2026-07-04 08:19,Rosu,24,Externat,NULL
2967,2026-07-05 05:36,Rosu,1,Preluat,28
2968,2026-07-05 20:56,Galben,155,Preluat,22
2969,2026-07-13 09:35,Galben,194,In Asteptare,NULL
2970,2026-07-06 15:11,Galben,62,Externat,NULL
2971,2026-07-18 11:39,Verde,115,Externat,NULL
2972,2026-07-03 01:22,Verde,199,In Asteptare,NULL
2973,2026-07-20 17:17,Verde,111,Preluat,18
2974,2026-07-05 18:06,Verde,42,Externat,NULL
2975,2026-07-21 13:00,Galben,193,Preluat,28
2976,2026-07-11 03:35,Rosu,6,Externat,NULL
2977,2026-07-18 08:39,Galben,115,Externat,NULL
2978,2026-07-10 02:35,Verde,128,Externat,NULL
2979,2026-07-18 10:34,Galben,74,Externat,NULL
2980,2026-07-01 01:34,Albastru,188,Preluat,38
2981,2026-07-22 15:03,Galben,205,Preluat,42
2982,2026-07-02 08:17,Verde,93,In Asteptare,NULL
2983,2026-07-19 10:42,Verde,182,Externat,NULL
2984,2026-07-21 01:54,Galben,119,In Asteptare,NULL
2985,2026-07-05 16:20,Galben,81,Preluat,12
2986,2026-07-04 07:17,Albastru,212,In Asteptare,NULL
2987,2026-07-18 05:48,Rosu,29,Externat,NULL
2988,2026-07-18 00:43,Albastru,81,Externat,NULL
2989,2026-07-17 07:53,Verde,15,Preluat,45
2990,2026-07-30 03:01,Albastru,179,Externat,NULL
2991,2026-07-05 17:58,Verde,87,In Asteptare,NULL
2992,2026-07-07 11:19,Albastru,188,Externat,NULL
2993,2026-07-24 22:53,Verde,112,Externat,NULL
2994,2026-07-22 07:33,Verde,56,Preluat,49
2995,2026-07-10 14:22,Galben,49,Externat,NULL
2996,2026-07-08 19:03,Rosu,20,Externat,NULL
2997,2026-07-29 16:05,Galben,146,Externat,NULL
2998,2026-07-27 15:23,Verde,122,In Asteptare,NULL
2999,2026-07-16 11:20,Galben,113,In Asteptare,NULL
3000,2026-07-28 17:46,Verde,226,Externat,NULL
3001,2026-07-10 10:31,Verde,223,In Asteptare,NULL
3002,2026-07-20 03:11,Rosu,1,Externat,NULL
3003,2026-07-09 12:49,Verde,55,Preluat,27
3004,2026-07-18 12:10,Galben,37,Externat,NULL
3005,2026-07-03 03:59,Galben,128,Externat,NULL
3006,2026-07-29 21:47,Verde,220,In Asteptare,NULL
3007,2026-07-15 01:20,Verde,103,Externat,NULL
3008,2026-07-23 03:06,Albastru,225,Preluat,42
3009,2026-07-12 21:51,Verde,240,In Asteptare,NULL
3010,2026-07-04 00:05,Verde,228,Externat,NULL
3011,2026-07-20 21:45,Albastru,126,Preluat,6
3012,2026-07-27 04:19,Verde,171,Preluat,38
3013,2026-07-30 09:08,Albastru,171,Preluat,49
3014,2026-07-28 07:10,Galben,57,Externat,NULL
3015,2026-07-08 19:08,Galben,83,Externat,NULL
3016,2026-07-20 20:43,Rosu,25,Externat,NULL
3017,2026-07-22 17:08,Rosu,7,Preluat,14
3018,2026-07-30 11:58,Verde,196,Preluat,46
3019,2026-07-29 18:25,Galben,182,Externat,NULL
3020,2026-07-03 06:59,Galben,53,Externat,NULL
3021,2026-07-12 17:07,Albastru,52,Externat,NULL
3022,2026-07-12 17:26,Verde,24,Preluat,43
3023,2026-07-14 16:53,Verde,103,Externat,NULL
3024,2026-07-26 07:19,Verde,110,Externat,NULL
3025,2026-07-06 02:44,Rosu,9,Externat,NULL
3026,2026-07-06 19:09,Galben,61,Preluat,39
3027,2026-07-18 19:02,Galben,163,Externat,NULL
3028,2026-07-04 13:25,Galben,162,Externat,NULL
3029,2026-07-06 05:03,Verde,104,In Asteptare,NULL
3030,2026-07-05 10:16,Galben,24,In Asteptare,NULL
3031,2026-07-20 02:20,Verde,78,Preluat,14
3032,2026-07-25 03:35,Galben,166,Externat,NULL
3033,2026-07-05 13:52,Rosu,2,Preluat,21
3034,2026-07-27 13:36,Galben,154,Externat,NULL
3035,2026-07-27 19:03,Albastru,65,Externat,NULL
3036,2026-07-15 19:30,Galben,195,Externat,NULL
3037,2026-07-02 01:57,Galben,63,In Asteptare,NULL
3038,2026-07-30 12:55,Verde,230,In Asteptare,NULL
3039,2026-07-08 06:49,Verde,164,In Asteptare,NULL
3040,2026-07-08 15:09,Rosu,1,In Asteptare,NULL
3041,2026-07-29 05:53,Albastru,13,Externat,NULL
3042,2026-07-17 18:47,Galben,43,Preluat,27
3043,2026-07-28 09:13,Galben,79,Externat,NULL
3044,2026-07-29 13:45,Galben,209,Externat,NULL
3045,2026-07-22 17:06,Verde,215,Preluat,46
3046,2026-07-25 02:04,Rosu,16,Externat,NULL
3047,2026-07-28 08:55,Galben,104,Preluat,25
3048,2026-07-16 16:32,Verde,78,Externat,NULL
3049,2026-07-14 11:48,Galben,112,Preluat,43
3050,2026-07-08 03:07,Verde,217,Externat,NULL
3051,2026-07-10 21:34,Verde,10,Externat,NULL
3052,2026-07-13 02:41,Rosu,3,In Asteptare,NULL
3053,2026-07-22 08:02,Verde,117,Preluat,23
3054,2026-07-04 11:43,Verde,34,Preluat,50
3055,2026-07-15 06:28,Verde,206,Externat,NULL
3056,2026-07-22 00:50,Galben,29,Preluat,10
3057,2026-07-16 20:50,Rosu,13,Externat,NULL
3058,2026-07-29 05:53,Verde,194,Preluat,8
3059,2026-07-26 12:25,Galben,47,Externat,NULL
3060,2026-07-14 00:13,Verde,75,Preluat,26
3061,2026-07-04 23:19,Rosu,25,In Asteptare,NULL
3062,2026-07-26 17:21,Albastru,161,Preluat,1
3063,2026-07-05 21:02,Galben,211,Preluat,28
3064,2026-07-27 18:18,Galben,214,Externat,NULL
3065,2026-07-24 16:25,Galben,234,Preluat,45
3066,2026-07-24 15:47,Galben,38,Externat,NULL
3067,2026-07-13 18:45,Verde,50,Preluat,17
3068,2026-07-04 14:43,Galben,235,In Asteptare,NULL
3069,2026-07-16 09:10,Verde,149,Externat,NULL
3070,2026-07-11 14:44,Verde,152,Preluat,20
3071,2026-07-30 02:33,Galben,155,Externat,NULL
3072,2026-07-25 21:50,Verde,204,Preluat,1
3073,2026-07-11 21:30,Galben,149,Externat,NULL
3074,2026-07-30 22:01,Rosu,21,Preluat,36
3075,2026-07-29 22:33,Verde,168,Externat,NULL
3076,2026-07-17 21:27,Verde,159,Externat,NULL
3077,2026-07-06 10:30,Galben,116,Externat,NULL
3078,2026-07-26 13:09,Galben,37,Preluat,34
3079,2026-07-28 04:38,Verde,50,Preluat,22
3080,2026-07-29 04:46,Galben,49,Preluat,50
3081,2026-07-19 22:48,Galben,65,In Asteptare,NULL
3082,2026-07-03 01:15,Galben,84,Externat,NULL
3083,2026-07-30 11:17,Albastru,108,In Asteptare,NULL
3084,2026-07-04 18:16,Galben,57,Preluat,26
3085,2026-07-21 09:20,Galben,89,Externat,NULL
3086,2026-07-24 19:04,Galben,124,Preluat,19
3087,2026-07-11 20:17,Galben,151,Preluat,40
3088,2026-07-21 03:01,Galben,228,Externat,NULL
3089,2026-07-06 14:51,Galben,186,In Asteptare,NULL
3090,2026-07-14 20:16,Galben,6,Externat,NULL
3091,2026-07-28 18:20,Galben,197,Preluat,37
3092,2026-07-27 12:59,Verde,32,In Asteptare,NULL
3093,2026-07-15 21:32,Verde,237,In Asteptare,NULL
3094,2026-07-04 00:29,Verde,26,Externat,NULL
3095,2026-07-11 16:45,Galben,24,Externat,NULL
3096,2026-07-25 16:50,Verde,77,Externat,NULL
3097,2026-07-11 04:12,Verde,140,Externat,NULL
3098,2026-07-19 19:15,Verde,92,Preluat,47
3099,2026-07-22 10:54,Rosu,25,In Asteptare,NULL
3100,2026-07-24 14:22,Rosu,9,Externat,NULL
3101,2026-07-13 00:41,Verde,45,Externat,NULL
3102,2026-07-05 14:03,Verde,60,Externat,NULL
3103,2026-07-29 11:56,Verde,129,Externat,NULL
3104,2026-07-02 23:06,Verde,57,In Asteptare,NULL
3105,2026-07-07 14:29,Verde,157,Preluat,1
3106,2026-07-15 05:02,Verde,178,In Asteptare,NULL
3107,2026-07-26 15:05,Galben,190,In Asteptare,NULL
3108,2026-07-02 16:40,Verde,224,Preluat,31
3109,2026-07-10 17:22,Albastru,227,Externat,NULL
3110,2026-07-24 22:32,Galben,223,Externat,NULL
3111,2026-07-29 05:52,Albastru,175,Externat,NULL
3112,2026-07-04 20:28,Verde,98,Externat,NULL
3113,2026-07-06 21:12,Verde,57,Externat,NULL
3114,2026-07-25 13:55,Verde,192,Externat,NULL
3115,2026-07-27 21:43,Albastru,43,Preluat,10
3116,2026-07-30 11:15,Rosu,15,Preluat,17
3117,2026-07-03 10:04,Verde,183,Preluat,30
3118,2026-07-24 17:05,Albastru,140,Externat,NULL
3119,2026-07-26 09:53,Verde,107,Preluat,10
3120,2026-07-13 09:40,Verde,89,Preluat,50
3121,2026-07-13 19:50,Galben,18,Externat,NULL
3122,2026-07-09 01:15,Verde,16,Externat,NULL
3123,2026-07-23 13:13,Galben,147,Preluat,46
3124,2026-07-09 03:39,Verde,136,Externat,NULL
3125,2026-07-18 20:37,Galben,133,Preluat,45
3126,2026-07-03 14:29,Rosu,7,In Asteptare,NULL
3127,2026-07-20 06:43,Galben,139,Externat,NULL
3128,2026-07-14 06:42,Verde,112,Externat,NULL
3129,2026-07-23 07:48,Verde,231,Preluat,11
3130,2026-07-28 16:53,Galben,188,Externat,NULL
3131,2026-07-07 00:42,Rosu,23,Externat,NULL
3132,2026-07-01 16:54,Galben,46,Externat,NULL
3133,2026-07-01 06:22,Rosu,9,Preluat,10
3134,2026-07-02 00:59,Verde,196,Preluat,33
3135,2026-07-05 13:54,Rosu,23,Externat,NULL
3136,2026-07-30 20:07,Galben,68,Externat,NULL
3137,2026-07-13 18:14,Albastru,25,In Asteptare,NULL
3138,2026-07-14 10:55,Galben,166,In Asteptare,NULL
3139,2026-07-06 13:04,Galben,185,Preluat,47
3140,2026-07-10 16:01,Galben,73,Preluat,30
3141,2026-07-05 18:14,Verde,67,Externat,NULL
3142,2026-07-01 21:59,Galben,84,In Asteptare,NULL
3143,2026-07-30 19:19,Galben,144,Preluat,31
3144,2026-07-28 07:14,Verde,228,Externat,NULL
3145,2026-07-27 21:08,Verde,153,In Asteptare,NULL
3146,2026-07-17 06:36,Galben,46,Externat,NULL
3147,2026-07-29 05:47,Galben,35,Preluat,24
3148,2026-07-18 10:05,Albastru,125,Preluat,14
3149,2026-07-06 01:50,Rosu,5,Externat,NULL
3150,2026-07-16 04:06,Verde,108,Preluat,36
3151,2026-07-18 19:24,Galben,183,Externat,NULL
3152,2026-07-24 11:43,Verde,19,Preluat,16
3153,2026-07-30 21:03,Verde,65,In Asteptare,NULL
3154,2026-07-12 10:50,Galben,158,Preluat,24
3155,2026-07-13 15:48,Verde,200,Externat,NULL
3156,2026-07-05 21:24,Verde,228,Preluat,23
3157,2026-07-15 04:04,Verde,139,Preluat,27
3158,2026-07-13 12:06,Verde,239,Preluat,5
3159,2026-07-23 22:40,Verde,93,Externat,NULL
3160,2026-07-03 02:44,Rosu,15,Preluat,17
3161,2026-07-09 13:35,Albastru,64,In Asteptare,NULL
3162,2026-07-27 19:31,Galben,175,Externat,NULL
3163,2026-07-26 21:25,Galben,33,Externat,NULL
3164,2026-07-22 02:03,Verde,119,Externat,NULL
3165,2026-07-25 16:08,Galben,41,In Asteptare,NULL
3166,2026-07-26 04:30,Albastru,134,Preluat,20
3167,2026-07-24 23:19,Verde,119,Externat,NULL
3168,2026-07-26 10:13,Galben,7,Externat,NULL
3169,2026-07-23 04:29,Galben,201,Externat,NULL
3170,2026-07-01 23:21,Verde,162,Preluat,46
3171,2026-07-25 23:00,Albastru,8,Preluat,21
3172,2026-07-22 13:42,Verde,57,Externat,NULL
3173,2026-07-27 13:48,Verde,100,Externat,NULL
3174,2026-07-26 04:35,Galben,234,In Asteptare,NULL
3175,2026-07-08 22:47,Galben,75,Externat,NULL
3176,2026-07-12 15:57,Verde,42,In Asteptare,NULL
3177,2026-07-14 02:07,Verde,212,Preluat,32
3178,2026-07-06 09:36,Verde,154,Externat,NULL
3179,2026-07-25 20:55,Verde,56,Externat,NULL
3180,2026-07-29 20:09,Albastru,156,Externat,NULL
3181,2026-07-20 04:42,Verde,27,Externat,NULL
3182,2026-07-10 10:53,Galben,20,Preluat,29
3183,2026-07-03 14:09,Verde,78,In Asteptare,NULL
3184,2026-07-14 01:15,Rosu,18,Externat,NULL
3185,2026-07-07 12:08,Albastru,106,In Asteptare,NULL
3186,2026-07-13 04:37,Galben,185,Preluat,42
3187,2026-07-01 11:30,Albastru,188,Externat,NULL
3188,2026-07-19 06:08,Verde,160,Externat,NULL
3189,2026-07-15 04:47,Verde,222,Externat,NULL
3190,2026-07-06 16:50,Verde,81,Preluat,50
3191,2026-07-22 10:12,Verde,138,Externat,NULL
3192,2026-07-30 21:24,Galben,105,Preluat,49
3193,2026-07-20 08:18,Galben,174,Externat,NULL
3194,2026-07-30 23:27,Galben,159,Externat,NULL
3195,2026-07-04 01:45,Rosu,18,In Asteptare,NULL
3196,2026-07-06 13:20,Galben,226,In Asteptare,NULL
3197,2026-07-14 15:43,Verde,224,Preluat,50
3198,2026-07-03 02:07,Rosu,11,Preluat,29
3199,2026-07-18 02:18,Verde,159,Externat,NULL
3200,2026-07-18 14:26,Galben,178,Preluat,46
3201,2026-07-20 14:32,Galben,127,Preluat,16
3202,2026-07-30 19:37,Verde,222,Externat,NULL
3203,2026-07-13 09:32,Galben,209,Externat,NULL
3204,2026-07-19 08:53,Galben,220,In Asteptare,NULL
3205,2026-07-16 17:26,Albastru,75,Preluat,34
3206,2026-07-14 01:07,Galben,50,Externat,NULL
3207,2026-07-03 09:56,Verde,61,Preluat,26
3208,2026-07-17 04:28,Verde,56,Preluat,50
3209,2026-07-28 12:49,Galben,199,Externat,NULL
3210,2026-07-28 03:28,Galben,123,Externat,NULL
3211,2026-07-03 21:31,Albastru,230,Externat,NULL
3212,2026-07-03 14:16,Verde,173,In Asteptare,NULL
3213,2026-07-16 15:39,Verde,221,Preluat,31
3214,2026-07-06 02:04,Verde,96,Preluat,16
3215,2026-07-17 19:11,Verde,8,Preluat,1
3216,2026-07-02 21:59,Verde,158,Externat,NULL
3217,2026-07-12 16:09,Verde,210,Externat,NULL
3218,2026-07-10 22:34,Galben,232,Externat,NULL
3219,2026-07-03 20:25,Verde,19,Preluat,37
3220,2026-07-19 17:45,Galben,182,Externat,NULL
3221,2026-07-19 12:40,Verde,218,Preluat,6
3222,2026-07-25 08:19,Rosu,3,Externat,NULL
3223,2026-07-22 22:16,Rosu,4,Externat,NULL
3224,2026-07-22 23:45,Galben,62,Preluat,42
3225,2026-07-30 14:30,Verde,140,In Asteptare,NULL
3226,2026-07-26 07:55,Verde,46,Preluat,31
3227,2026-07-09 19:30,Galben,133,Preluat,23
3228,2026-07-23 14:58,Verde,138,Preluat,17
3229,2026-07-23 18:23,Albastru,226,Externat,NULL
3230,2026-07-07 02:17,Verde,78,In Asteptare,NULL
3231,2026-07-21 05:13,Galben,10,Externat,NULL
3232,2026-07-11 23:40,Verde,140,Externat,NULL
3233,2026-07-02 11:34,Albastru,106,Externat,NULL
3234,2026-07-09 16:32,Verde,147,In Asteptare,NULL
3235,2026-07-18 07:27,Albastru,65,Preluat,11
3236,2026-07-27 06:39,Verde,239,Externat,NULL
3237,2026-07-02 15:42,Galben,78,Externat,NULL
3238,2026-07-14 01:16,Verde,78,Preluat,14
3239,2026-07-03 09:30,Verde,204,In Asteptare,NULL
3240,2026-07-12 04:50,Verde,219,Preluat,23
3241,2026-07-22 15:10,Galben,224,In Asteptare,NULL
3242,2026-07-15 19:56,Verde,189,Preluat,48
3243,2026-07-16 22:28,Verde,43,Externat,NULL
3244,2026-07-23 04:43,Galben,100,Preluat,14
3245,2026-07-03 21:14,Albastru,208,In Asteptare,NULL
3246,2026-07-01 12:04,Galben,83,Externat,NULL
3247,2026-07-28 22:49,Rosu,11,Preluat,22
3248,2026-07-09 11:45,Verde,178,Preluat,37
3249,2026-07-05 21:15,Galben,102,In Asteptare,NULL
3250,2026-07-28 21:23,Galben,136,Externat,NULL
3251,2026-07-30 03:52,Galben,19,Externat,NULL
3252,2026-07-17 13:43,Albastru,93,Externat,NULL
3253,2026-07-19 03:54,Verde,44,Preluat,25
3254,2026-07-19 10:05,Rosu,26,In Asteptare,NULL
3255,2026-07-03 03:15,Galben,173,Preluat,21
3256,2026-07-22 18:04,Verde,134,Externat,NULL
3257,2026-07-14 04:52,Verde,150,Preluat,22
3258,2026-07-17 02:11,Verde,153,Externat,NULL
3259,2026-07-22 16:14,Verde,7,In Asteptare,NULL
3260,2026-07-28 13:11,Verde,9,Externat,NULL
3261,2026-07-29 14:11,Galben,212,Externat,NULL
3262,2026-07-03 22:56,Verde,158,Preluat,9
3263,2026-07-30 10:20,Galben,128,Externat,NULL
3264,2026-07-26 16:55,Galben,203,Externat,NULL
3265,2026-07-27 19:09,Verde,55,Preluat,19
3266,2026-07-11 20:53,Verde,150,Preluat,20
3267,2026-07-14 03:12,Verde,129,Preluat,7
3268,2026-07-16 11:46,Verde,128,Preluat,44
3269,2026-07-20 20:38,Verde,180,Externat,NULL
3270,2026-07-06 11:37,Galben,98,Preluat,26
3271,2026-07-21 03:25,Verde,101,Externat,NULL
3272,2026-07-18 18:01,Verde,219,In Asteptare,NULL
3273,2026-07-12 17:15,Verde,186,Preluat,30
3274,2026-07-27 07:32,Galben,122,In Asteptare,NULL
3275,2026-07-07 19:08,Verde,177,In Asteptare,NULL
3276,2026-07-20 11:31,Galben,204,Preluat,7
3277,2026-07-09 07:58,Verde,156,Externat,NULL
3278,2026-07-12 17:33,Verde,186,Preluat,6
3279,2026-07-13 06:23,Albastru,239,Preluat,28
3280,2026-07-07 20:12,Galben,18,Externat,NULL
3281,2026-07-22 10:39,Galben,75,In Asteptare,NULL
3282,2026-07-18 00:16,Galben,10,Externat,NULL
3283,2026-07-25 17:10,Verde,210,Externat,NULL
3284,2026-07-16 09:02,Verde,138,Preluat,14
3285,2026-07-03 02:16,Verde,49,Externat,NULL
3286,2026-07-22 14:52,Verde,40,Externat,NULL
3287,2026-07-28 19:28,Galben,143,Preluat,29
3288,2026-07-10 14:57,Verde,41,In Asteptare,NULL
3289,2026-07-21 17:28,Verde,152,Externat,NULL
3290,2026-07-15 16:10,Verde,195,Externat,NULL
3291,2026-07-27 08:02,Verde,223,Externat,NULL
3292,2026-07-23 11:09,Albastru,8,Externat,NULL
3293,2026-07-12 13:43,Verde,43,Preluat,32
3294,2026-07-21 21:28,Verde,91,Externat,NULL
3295,2026-07-29 10:49,Galben,81,Preluat,17
3296,2026-07-08 18:44,Verde,224,Externat,NULL
3297,2026-07-07 01:37,Galben,14,In Asteptare,NULL
3298,2026-07-04 09:31,Albastru,121,In Asteptare,NULL
3299,2026-07-13 01:26,Verde,189,Preluat,13
3300,2026-07-03 18:47,Albastru,207,Externat,NULL
3301,2026-07-20 23:19,Rosu,0,Externat,NULL
3302,2026-07-12 07:17,Albastru,68,Preluat,27
3303,2026-07-13 23:28,Verde,57,Externat,NULL
3304,2026-07-30 01:26,Galben,143,Preluat,13
3305,2026-07-01 10:41,Albastru,117,Preluat,28
3306,2026-07-26 10:08,Galben,226,Externat,NULL
3307,2026-07-01 02:30,Galben,57,Externat,NULL
3308,2026-07-09 21:13,Verde,101,Preluat,39
3309,2026-07-26 10:29,Galben,108,Preluat,3
3310,2026-07-01 17:26,Galben,15,Externat,NULL
3311,2026-07-15 03:51,Verde,209,Externat,NULL
3312,2026-07-30 07:16,Galben,188,Externat,NULL
3313,2026-07-12 17:21,Rosu,17,Externat,NULL
3314,2026-07-12 16:59,Albastru,31,Externat,NULL
3315,2026-07-02 15:22,Verde,222,Externat,NULL
3316,2026-07-26 02:24,Verde,20,In Asteptare,NULL
3317,2026-07-19 19:04,Galben,212,Preluat,20
3318,2026-07-22 15:18,Galben,42,Externat,NULL
3319,2026-07-27 15:53,Galben,72,In Asteptare,NULL
3320,2026-07-10 03:21,Rosu,19,In Asteptare,NULL
3321,2026-07-22 01:57,Galben,30,Preluat,34
3322,2026-07-25 14:26,Verde,99,Externat,NULL
3323,2026-07-04 23:18,Verde,159,Preluat,22
3324,2026-07-21 01:20,Verde,10,Externat,NULL
3325,2026-07-08 23:40,Albastru,21,Externat,NULL
3326,2026-07-21 00:33,Galben,114,Externat,NULL
3327,2026-07-26 22:46,Verde,88,In Asteptare,NULL
3328,2026-07-04 22:46,Verde,225,Externat,NULL
3329,2026-07-22 10:37,Verde,205,Externat,NULL
3330,2026-07-29 19:47,Galben,136,Externat,NULL
3331,2026-07-18 15:55,Galben,177,Preluat,38
3332,2026-07-12 23:50,Galben,194,In Asteptare,NULL
3333,2026-07-24 09:35,Galben,31,Externat,NULL
3334,2026-07-03 01:38,Rosu,16,Externat,NULL
3335,2026-07-02 21:52,Rosu,15,In Asteptare,NULL
3336,2026-07-16 00:08,Galben,174,In Asteptare,NULL
3337,2026-07-04 06:02,Galben,215,Externat,NULL
3338,2026-07-18 19:21,Verde,83,In Asteptare,NULL
3339,2026-07-06 03:11,Galben,121,Externat,NULL
3340,2026-07-06 09:26,Rosu,3,Preluat,1
3341,2026-07-25 02:49,Galben,101,Externat,NULL
3342,2026-07-28 06:08,Galben,214,Externat,NULL
3343,2026-07-12 09:26,Verde,67,In Asteptare,NULL
3344,2026-07-27 03:56,Galben,21,In Asteptare,NULL
3345,2026-07-02 14:48,Albastru,65,Externat,NULL
3346,2026-07-11 11:16,Galben,85,In Asteptare,NULL
3347,2026-07-09 02:17,Galben,93,Preluat,47
3348,2026-07-26 18:16,Albastru,89,Externat,NULL
3349,2026-07-19 22:37,Verde,233,In Asteptare,NULL
3350,2026-07-26 12:10,Albastru,23,Preluat,7
3351,2026-07-21 12:03,Verde,209,Externat,NULL
3352,2026-07-30 23:30,Verde,108,In Asteptare,NULL
3353,2026-07-21 00:30,Rosu,12,Externat,NULL
3354,2026-07-27 07:57,Verde,201,Externat,NULL
3355,2026-07-27 15:01,Verde,137,In Asteptare,NULL
3356,2026-07-20 20:18,Verde,58,In Asteptare,NULL
3357,2026-07-29 17:52,Galben,69,Preluat,24
3358,2026-07-09 07:18,Galben,114,In Asteptare,NULL
3359,2026-07-13 06:16,Albastru,240,Preluat,25
3360,2026-07-18 05:49,Galben,77,Externat,NULL
3361,2026-07-03 08:52,Galben,29,Externat,NULL
3362,2026-07-24 21:43,Galben,40,Externat,NULL
3363,2026-07-01 17:41,Verde,43,In Asteptare,NULL
3364,2026-07-21 03:16,Verde,29,Externat,NULL
3365,2026-07-29 00:47,Verde,66,Externat,NULL
3366,2026-07-23 12:09,Verde,101,Externat,NULL
3367,2026-07-10 10:36,Verde,142,In Asteptare,NULL
3368,2026-07-03 17:43,Rosu,15,Externat,NULL
3369,2026-07-29 13:58,Galben,10,Preluat,9
3370,2026-07-02 17:48,Verde,12,Preluat,27
3371,2026-07-19 09:23,Galben,172,Preluat,38
3372,2026-07-28 12:41,Verde,53,Preluat,45
3373,2026-07-29 21:01,Galben,115,Preluat,24
3374,2026-07-15 12:39,Verde,72,Preluat,4
3375,2026-07-20 11:48,Verde,29,In Asteptare,NULL
3376,2026-07-15 07:59,Galben,176,In Asteptare,NULL
3377,2026-07-30 04:49,Verde,93,Externat,NULL
3378,2026-07-10 21:11,Galben,193,Externat,NULL
3379,2026-07-26 23:33,Galben,136,In Asteptare,NULL
3380,2026-07-08 21:56,Galben,86,Externat,NULL
3381,2026-07-23 22:46,Galben,33,In Asteptare,NULL
3382,2026-07-20 09:06,Albastru,106,Externat,NULL
3383,2026-07-08 18:57,Galben,75,Externat,NULL
3384,2026-07-30 20:18,Verde,97,Preluat,1
3385,2026-07-13 22:51,Galben,130,In Asteptare,NULL
3386,2026-07-22 08:16,Verde,222,In Asteptare,NULL
3387,2026-07-01 13:33,Verde,66,Externat,NULL
3388,2026-07-17 08:08,Verde,203,In Asteptare,NULL
3389,2026-07-12 14:13,Rosu,23,Preluat,21
3390,2026-07-21 05:19,Rosu,12,Externat,NULL
3391,2026-07-17 03:23,Galben,123,Preluat,37
3392,2026-07-16 17:47,Rosu,12,Externat,NULL
3393,2026-07-19 09:30,Verde,152,Preluat,32
3394,2026-07-17 12:47,Verde,179,Preluat,35
3395,2026-07-03 22:42,Verde,99,Externat,NULL
3396,2026-07-25 03:39,Verde,112,Externat,NULL
3397,2026-07-22 10:05,Verde,169,Preluat,44
3398,2026-07-01 05:24,Verde,224,Externat,NULL
3399,2026-07-10 18:07,Galben,220,Preluat,12
3400,2026-07-26 03:31,Verde,104,Externat,NULL
3401,2026-07-20 19:07,Verde,20,In Asteptare,NULL
3402,2026-07-22 09:38,Galben,35,Externat,NULL
3403,2026-07-14 08:10,Verde,114,Externat,NULL
3404,2026-07-08 19:16,Verde,104,Preluat,10
3405,2026-07-24 08:22,Verde,28,Preluat,23
3406,2026-07-06 07:55,Albastru,164,Externat,NULL
3407,2026-07-25 05:41,Verde,147,Preluat,3
3408,2026-07-21 05:09,Galben,229,Preluat,41
3409,2026-07-03 11:34,Verde,200,In Asteptare,NULL
3410,2026-07-12 02:14,Galben,193,Externat,NULL
3411,2026-07-23 00:45,Albastru,185,Preluat,21
3412,2026-07-30 01:16,Galben,127,Preluat,34
3413,2026-07-30 22:03,Galben,165,In Asteptare,NULL
3414,2026-07-15 20:13,Galben,77,Preluat,44
3415,2026-07-11 10:04,Galben,184,Externat,NULL
3416,2026-07-01 15:49,Verde,218,Externat,NULL
3417,2026-07-01 02:32,Galben,98,Externat,NULL
3418,2026-07-06 21:58,Verde,121,In Asteptare,NULL
3419,2026-07-27 05:31,Galben,188,Externat,NULL
3420,2026-07-06 09:56,Rosu,2,Externat,NULL
3421,2026-07-15 19:21,Verde,135,In Asteptare,NULL
3422,2026-07-03 07:19,Verde,52,Externat,NULL
3423,2026-07-06 19:12,Verde,46,In Asteptare,NULL
3424,2026-07-21 13:23,Verde,7,Preluat,7
3425,2026-07-21 06:45,Verde,182,Preluat,49
3426,2026-07-28 16:02,Rosu,24,In Asteptare,NULL
3427,2026-07-28 23:44,Galben,175,In Asteptare,NULL
3428,2026-07-05 17:41,Verde,52,Externat,NULL
3429,2026-07-14 15:13,Verde,159,Externat,NULL
3430,2026-07-16 23:11,Galben,44,Preluat,3
3431,2026-07-06 19:42,Galben,117,Externat,NULL
3432,2026-07-25 16:00,Galben,11,Preluat,33
3433,2026-07-27 02:54,Albastru,53,Externat,NULL
3434,2026-07-28 19:46,Rosu,26,Externat,NULL
3435,2026-07-13 08:44,Verde,20,In Asteptare,NULL
3436,2026-07-08 20:13,Galben,178,Externat,NULL
3437,2026-07-07 01:42,Galben,198,In Asteptare,NULL
3438,2026-07-07 12:46,Albastru,202,Externat,NULL
3439,2026-07-21 01:48,Verde,154,Externat,NULL
3440,2026-07-02 19:36,Verde,89,Externat,NULL
3441,2026-07-03 02:33,Rosu,12,In Asteptare,NULL
3442,2026-07-22 15:10,Verde,7,Externat,NULL
3443,2026-07-04 10:01,Verde,224,Preluat,45
3444,2026-07-22 02:39,Galben,194,Externat,NULL
3445,2026-07-15 20:45,Rosu,13,Preluat,11
3446,2026-07-25 11:36,Verde,68,Preluat,19
3447,2026-07-04 08:54,Galben,158,Externat,NULL
3448,2026-07-22 07:37,Galben,31,Preluat,27
3449,2026-07-15 18:57,Verde,29,Externat,NULL
3450,2026-07-20 15:46,Verde,236,In Asteptare,NULL
3451,2026-07-01 14:40,Albastru,139,Preluat,8
3452,2026-07-29 13:52,Verde,156,In Asteptare,NULL
3453,2026-07-14 21:13,Galben,78,In Asteptare,NULL
3454,2026-07-17 21:45,Albastru,27,Preluat,44
3455,2026-07-19 00:30,Albastru,160,Preluat,43
3456,2026-07-19 20:14,Galben,226,In Asteptare,NULL
3457,2026-07-26 05:48,Verde,121,Externat,NULL
3458,2026-07-02 19:54,Galben,148,In Asteptare,NULL
3459,2026-07-17 02:43,Albastru,22,In Asteptare,NULL
3460,2026-07-16 12:13,Galben,46,Preluat,2
3461,2026-07-27 07:51,Galben,21,Externat,NULL
3462,2026-07-14 07:07,Galben,198,Externat,NULL
3463,2026-07-20 02:19,Verde,131,In Asteptare,NULL
3464,2026-07-07 22:49,Verde,150,Preluat,13
3465,2026-07-15 14:43,Verde,185,Preluat,47
3466,2026-07-17 10:58,Verde,148,Externat,NULL
3467,2026-07-26 12:21,Galben,13,Preluat,13
3468,2026-07-04 09:11,Verde,49,Preluat,12
3469,2026-07-03 11:37,Galben,157,Externat,NULL
3470,2026-07-22 16:07,Albastru,192,Externat,NULL
3471,2026-07-23 07:58,Verde,33,Externat,NULL
3472,2026-07-06 07:43,Verde,172,Externat,NULL
3473,2026-07-19 18:11,Verde,25,Externat,NULL
3474,2026-07-07 13:16,Verde,72,Preluat,46
3475,2026-07-15 02:38,Albastru,180,Preluat,5
3476,2026-07-07 12:48,Rosu,6,Preluat,46
3477,2026-07-28 01:17,Galben,231,Externat,NULL
3478,2026-07-13 14:49,Verde,24,In Asteptare,NULL
3479,2026-07-23 23:30,Verde,148,Preluat,12
3480,2026-07-25 11:23,Verde,137,Externat,NULL
3481,2026-07-07 15:34,Verde,92,Preluat,17
3482,2026-07-13 09:48,Galben,48,In Asteptare,NULL
3483,2026-07-17 02:35,Albastru,108,Externat,NULL
3484,2026-07-02 08:18,Rosu,28,In Asteptare,NULL
3485,2026-07-14 13:45,Verde,240,Externat,NULL
3486,2026-07-02 21:38,Rosu,7,Externat,NULL
3487,2026-07-23 23:47,Verde,173,Externat,NULL
3488,2026-07-04 16:22,Galben,198,Externat,NULL
3489,2026-07-21 19:41,Galben,181,In Asteptare,NULL
3490,2026-07-04 06:53,Verde,124,Externat,NULL
3491,2026-07-01 19:51,Verde,9,Preluat,17
3492,2026-07-10 11:05,Verde,168,Externat,NULL
3493,2026-07-06 22:15,Albastru,180,Externat,NULL
3494,2026-07-26 19:25,Verde,43,Externat,NULL
3495,2026-07-16 20:31,Verde,107,Externat,NULL
3496,2026-07-07 22:47,Galben,95,In Asteptare,NULL
3497,2026-07-09 05:53,Galben,33,Externat,NULL
3498,2026-07-18 15:20,Verde,30,Externat,NULL
3499,2026-07-24 07:15,Verde,54,In Asteptare,NULL
3500,2026-07-22 17:03,Verde,76,Externat,NULL
3501,2026-07-23 23:51,Verde,216,Externat,NULL
3502,2026-07-10 06:47,Verde,34,Externat,NULL
3503,2026-07-06 05:40,Verde,151,Externat,NULL
3504,2026-07-09 01:28,Verde,35,Externat,NULL
3505,2026-07-20 22:38,Verde,123,Preluat,8
3506,2026-07-05 05:35,Galben,73,In Asteptare,NULL
3507,2026-07-02 08:32,Galben,173,In Asteptare,NULL
3508,2026-07-17 08:49,Galben,222,Externat,NULL
3509,2026-07-27 03:11,Galben,225,Externat,NULL
3510,2026-07-01 23:10,Verde,48,In Asteptare,NULL
3511,2026-07-26 15:57,Galben,70,Externat,NULL
3512,2026-07-27 07:26,Galben,37,Externat,NULL
3513,2026-07-17 03:50,Verde,121,Externat,NULL
3514,2026-07-15 11:09,Galben,170,Externat,NULL
3515,2026-07-30 13:49,Rosu,14,In Asteptare,NULL
3516,2026-07-11 06:21,Verde,203,Preluat,3
3517,2026-07-27 08:18,Albastru,33,Externat,NULL
3518,2026-07-22 03:55,Verde,206,In Asteptare,NULL
3519,2026-07-27 07:26,Verde,19,Preluat,1
3520,2026-07-11 16:31,Rosu,15,Externat,NULL
3521,2026-07-08 22:08,Verde,19,In Asteptare,NULL
3522,2026-07-05 09:19,Verde,240,Preluat,18
3523,2026-07-03 21:55,Verde,33,Externat,NULL
3524,2026-07-20 22:21,Verde,96,Preluat,41
3525,2026-07-17 21:53,Verde,106,Preluat,37
3526,2026-07-10 17:02,Galben,214,Preluat,12
3527,2026-07-21 04:26,Verde,141,Preluat,5
3528,2026-07-06 07:45,Verde,42,Preluat,14
3529,2026-07-17 21:11,Verde,223,Preluat,4
3530,2026-07-09 15:46,Galben,184,Preluat,46
3531,2026-07-06 06:46,Galben,8,Externat,NULL
3532,2026-07-25 02:16,Albastru,21,In Asteptare,NULL
3533,2026-07-15 02:29,Verde,233,In Asteptare,NULL
3534,2026-07-19 17:10,Verde,216,Externat,NULL
3535,2026-07-09 13:27,Galben,141,Preluat,3
3536,2026-07-28 11:18,Rosu,4,Externat,NULL
3537,2026-07-21 22:11,Verde,135,In Asteptare,NULL
3538,2026-07-11 07:48,Verde,174,In Asteptare,NULL
3539,2026-07-15 21:27,Verde,82,Externat,NULL
3540,2026-07-06 12:32,Galben,128,Preluat,31
3541,2026-07-09 21:11,Galben,180,Preluat,28
3542,2026-07-07 17:09,Verde,236,Externat,NULL
3543,2026-07-29 10:29,Verde,208,Externat,NULL
3544,2026-07-20 14:09,Verde,200,Preluat,45
3545,2026-07-23 18:12,Verde,188,Externat,NULL
3546,2026-07-09 10:54,Galben,103,Preluat,47
3547,2026-07-04 07:10,Galben,98,Externat,NULL
3548,2026-07-20 17:09,Galben,91,Externat,NULL
3549,2026-07-12 17:19,Galben,203,Externat,NULL
3550,2026-07-23 19:01,Galben,179,Externat,NULL
3551,2026-07-10 19:52,Verde,126,Preluat,30
3552,2026-07-16 09:37,Rosu,5,Externat,NULL
3553,2026-07-23 15:11,Verde,199,In Asteptare,NULL
3554,2026-07-24 03:37,Galben,176,Externat,NULL
3555,2026-07-02 01:25,Rosu,2,In Asteptare,NULL
3556,2026-07-19 16:30,Verde,51,Preluat,44
3557,2026-07-22 04:31,Galben,60,Externat,NULL
3558,2026-07-18 23:08,Galben,118,Externat,NULL
3559,2026-07-28 04:40,Galben,18,Preluat,19
3560,2026-07-29 15:09,Galben,126,Externat,NULL
3561,2026-07-10 18:39,Verde,71,Externat,NULL
3562,2026-07-13 02:55,Verde,236,Externat,NULL
3563,2026-07-10 16:05,Verde,224,Preluat,46
3564,2026-07-27 20:27,Galben,109,In Asteptare,NULL
3565,2026-07-24 21:23,Galben,152,Preluat,32
3566,2026-07-23 21:28,Verde,66,Externat,NULL
3567,2026-07-24 19:35,Albastru,240,Preluat,16
3568,2026-07-13 03:03,Verde,40,Preluat,46
3569,2026-07-21 08:35,Galben,153,Externat,NULL
3570,2026-07-09 17:46,Galben,34,Externat,NULL
3571,2026-07-18 14:11,Galben,225,Preluat,15
3572,2026-07-10 00:21,Albastru,208,Preluat,3
3573,2026-07-13 04:15,Galben,206,Externat,NULL
3574,2026-07-16 05:32,Verde,99,In Asteptare,NULL
3575,2026-07-25 01:19,Verde,104,Preluat,26
3576,2026-07-20 16:03,Verde,147,Externat,NULL
3577,2026-07-28 00:07,Galben,43,Preluat,28
3578,2026-07-05 23:03,Verde,31,Preluat,49
3579,2026-07-15 08:52,Galben,143,In Asteptare,NULL
3580,2026-07-30 02:30,Verde,151,Externat,NULL
3581,2026-07-18 08:19,Galben,208,Externat,NULL
3582,2026-07-03 15:53,Albastru,167,In Asteptare,NULL
3583,2026-07-06 20:24,Verde,205,Externat,NULL
3584,2026-07-05 02:47,Galben,60,Externat,NULL
3585,2026-07-12 09:29,Verde,207,Externat,NULL
3586,2026-07-22 16:56,Verde,233,Externat,NULL
3587,2026-07-18 21:30,Galben,64,Preluat,49
3588,2026-07-19 04:04,Verde,163,In Asteptare,NULL
3589,2026-07-27 06:02,Rosu,11,Preluat,3
3590,2026-07-18 21:40,Rosu,3,In Asteptare,NULL
3591,2026-07-07 18:26,Verde,53,Preluat,16
3592,2026-07-10 12:48,Verde,78,In Asteptare,NULL
3593,2026-07-30 03:08,Galben,85,Externat,NULL
3594,2026-07-29 14:13,Verde,183,Preluat,15
3595,2026-07-29 02:37,Verde,198,Preluat,6
3596,2026-07-18 07:31,Rosu,9,Preluat,5
3597,2026-07-21 23:29,Rosu,4,Preluat,36
3598,2026-07-28 09:54,Galben,232,In Asteptare,NULL
3599,2026-07-25 17:03,Verde,85,Externat,NULL
3600,2026-07-11 04:56,Verde,63,Externat,NULL
3601,2026-07-12 16:28,Galben,43,Externat,NULL
3602,2026-07-07 14:30,Verde,23,Externat,NULL
3603,2026-07-23 02:14,Verde,89,Preluat,33
3604,2026-07-17 01:04,Galben,208,In Asteptare,NULL
3605,2026-07-27 20:13,Verde,50,Externat,NULL
3606,2026-07-04 05:56,Verde,191,Preluat,44
3607,2026-07-12 12:38,Verde,87,Externat,NULL
3608,2026-07-28 15:31,Verde,65,Externat,NULL
3609,2026-07-27 13:43,Albastru,10,Externat,NULL
3610,2026-07-10 04:35,Galben,216,In Asteptare,NULL
3611,2026-07-28 21:43,Verde,205,Externat,NULL
3612,2026-07-17 05:40,Verde,75,Externat,NULL
3613,2026-07-26 04:57,Verde,164,Externat,NULL
3614,2026-07-03 17:00,Verde,86,Externat,NULL
3615,2026-07-07 18:40,Galben,29,Externat,NULL
3616,2026-07-04 22:57,Verde,211,Externat,NULL
3617,2026-07-18 15:44,Galben,87,Externat,NULL
3618,2026-07-21 18:20,Verde,209,Preluat,2
3619,2026-07-03 02:34,Verde,25,Preluat,9
3620,2026-07-30 02:33,Verde,189,Preluat,9
3621,2026-07-29 00:38,Galben,127,Preluat,28
3622,2026-07-02 12:29,Galben,134,In Asteptare,NULL
3623,2026-07-06 03:43,Galben,223,In Asteptare,NULL
3624,2026-07-17 11:07,Galben,120,In Asteptare,NULL
3625,2026-07-20 02:43,Verde,168,In Asteptare,NULL
3626,2026-07-29 14:14,Verde,157,Externat,NULL
3627,2026-07-02 01:01,Verde,181,Externat,NULL
3628,2026-07-28 14:02,Galben,68,Externat,NULL
3629,2026-07-17 00:55,Galben,48,Preluat,35
3630,2026-07-29 09:27,Verde,175,In Asteptare,NULL
3631,2026-07-18 21:27,Rosu,5,In Asteptare,NULL
3632,2026-07-25 04:41,Verde,224,Externat,NULL
3633,2026-07-07 04:19,Verde,155,Externat,NULL
3634,2026-07-25 05:21,Verde,148,Externat,NULL
3635,2026-07-10 11:16,Verde,172,Preluat,41
3636,2026-07-04 08:34,Verde,20,Preluat,21
3637,2026-07-14 21:00,Galben,50,In Asteptare,NULL
3638,2026-07-28 17:09,Albastru,187,Preluat,48
3639,2026-07-12 06:11,Rosu,28,Externat,NULL
3640,2026-07-11 23:17,Galben,13,In Asteptare,NULL
3641,2026-07-15 08:13,Verde,203,Externat,NULL
3642,2026-07-22 08:02,Galben,67,Externat,NULL
3643,2026-07-08 03:07,Verde,79,Externat,NULL
3644,2026-07-07 21:53,Rosu,30,Externat,NULL
3645,2026-07-27 09:29,Verde,227,In Asteptare,NULL
3646,2026-07-27 22:30,Galben,29,Externat,NULL
3647,2026-07-15 00:08,Verde,69,Externat,NULL
3648,2026-07-20 13:18,Verde,161,Externat,NULL
3649,2026-07-19 18:38,Galben,127,Preluat,38
3650,2026-07-21 02:46,Verde,8,Externat,NULL
3651,2026-07-13 14:42,Verde,124,Preluat,9
3652,2026-07-11 12:36,Galben,80,Externat,NULL
3653,2026-07-03 03:16,Galben,47,Preluat,14
3654,2026-07-05 14:14,Verde,105,Preluat,29
3655,2026-07-13 05:39,Verde,224,Preluat,4
3656,2026-07-26 02:23,Verde,17,In Asteptare,NULL
3657,2026-07-15 00:43,Verde,10,Externat,NULL
3658,2026-07-20 02:32,Verde,230,Externat,NULL
3659,2026-07-11 01:49,Galben,7,In Asteptare,NULL
3660,2026-07-06 03:43,Rosu,4,In Asteptare,NULL
3661,2026-07-07 01:21,Galben,38,Externat,NULL
3662,2026-07-14 23:30,Verde,113,Externat,NULL
3663,2026-07-19 14:27,Verde,29,Preluat,42
3664,2026-07-13 04:15,Verde,128,In Asteptare,NULL
3665,2026-07-27 00:55,Verde,13,Externat,NULL
3666,2026-07-16 19:22,Verde,152,Externat,NULL
3667,2026-07-15 13:33,Albastru,198,Preluat,25
3668,2026-07-16 18:41,Verde,127,Preluat,49
3669,2026-07-06 13:51,Verde,10,Externat,NULL
3670,2026-07-26 09:53,Verde,112,Externat,NULL
3671,2026-07-15 02:29,Verde,39,Externat,NULL
3672,2026-07-10 17:33,Albastru,98,Externat,NULL
3673,2026-07-27 21:46,Rosu,1,In Asteptare,NULL
3674,2026-07-25 22:57,Verde,61,Preluat,13
3675,2026-07-29 13:07,Verde,212,Externat,NULL
3676,2026-07-23 09:33,Albastru,139,In Asteptare,NULL
3677,2026-07-07 11:21,Galben,26,Externat,NULL
3678,2026-07-04 17:29,Galben,174,Preluat,43
3679,2026-07-22 11:47,Galben,180,Externat,NULL
3680,2026-07-27 06:34,Galben,125,Externat,NULL
3681,2026-07-17 22:31,Verde,48,Externat,NULL
3682,2026-07-01 11:34,Galben,195,Preluat,13
3683,2026-07-08 19:30,Verde,53,Externat,NULL
3684,2026-07-21 00:09,Galben,155,Externat,NULL
3685,2026-07-24 07:48,Verde,221,Externat,NULL
3686,2026-07-03 00:21,Galben,181,In Asteptare,NULL
3687,2026-07-06 16:35,Albastru,148,Preluat,37
3688,2026-07-15 03:18,Verde,214,Preluat,11
3689,2026-07-04 13:38,Verde,238,Externat,NULL
3690,2026-07-05 14:09,Verde,14,Externat,NULL
3691,2026-07-24 06:54,Galben,59,Externat,NULL
3692,2026-07-05 20:28,Galben,158,Preluat,17
3693,2026-07-30 06:23,Verde,104,Preluat,14
3694,2026-07-01 14:42,Galben,139,Preluat,8
3695,2026-07-01 01:51,Galben,76,Externat,NULL
3696,2026-07-09 04:38,Galben,59,Externat,NULL
3697,2026-07-22 10:46,Verde,213,Externat,NULL
3698,2026-07-16 07:13,Galben,162,Preluat,14
3699,2026-07-12 23:01,Rosu,23,Preluat,45
3700,2026-07-01 11:46,Verde,140,Preluat,19
3701,2026-07-29 13:43,Albastru,98,Externat,NULL
3702,2026-07-29 10:45,Verde,29,Externat,NULL
3703,2026-07-30 04:51,Verde,94,In Asteptare,NULL
3704,2026-07-05 02:58,Verde,111,Preluat,4
3705,2026-07-09 22:00,Verde,90,Externat,NULL
3706,2026-07-04 23:38,Verde,20,Preluat,41
3707,2026-07-17 22:37,Galben,149,Externat,NULL
3708,2026-07-09 12:37,Albastru,73,Externat,NULL
3709,2026-07-25 00:47,Galben,73,In Asteptare,NULL
3710,2026-07-12 18:15,Verde,174,Preluat,16
3711,2026-07-14 06:38,Verde,122,Externat,NULL
3712,2026-07-03 08:45,Verde,169,Externat,NULL
3713,2026-07-13 08:21,Verde,155,Externat,NULL
3714,2026-07-10 13:12,Galben,126,Externat,NULL
3715,2026-07-28 15:03,Rosu,11,Externat,NULL
3716,2026-07-27 09:17,Verde,18,Externat,NULL
3717,2026-07-12 17:35,Verde,230,Externat,NULL
3718,2026-07-30 06:02,Albastru,9,In Asteptare,NULL
3719,2026-07-15 15:14,Galben,97,Preluat,37
3720,2026-07-04 22:04,Verde,33,In Asteptare,NULL
3721,2026-07-26 02:57,Galben,223,Externat,NULL
3722,2026-07-09 12:18,Albastru,218,Preluat,39
3723,2026-07-27 17:04,Verde,35,Preluat,16
3724,2026-07-17 09:20,Verde,200,Externat,NULL
3725,2026-07-16 00:21,Albastru,7,Preluat,14
3726,2026-07-10 05:31,Verde,77,Preluat,38
3727,2026-07-29 04:47,Verde,92,Externat,NULL
3728,2026-07-13 18:25,Verde,217,In Asteptare,NULL
3729,2026-07-15 13:34,Galben,219,Preluat,32
3730,2026-07-19 10:41,Galben,212,Preluat,11
3731,2026-07-26 00:45,Verde,59,Externat,NULL
3732,2026-07-17 08:57,Albastru,228,Preluat,14
3733,2026-07-04 14:02,Verde,170,Preluat,27
3734,2026-07-08 19:03,Rosu,18,In Asteptare,NULL
3735,2026-07-27 19:03,Albastru,54,In Asteptare,NULL
3736,2026-07-01 18:07,Verde,126,Externat,NULL
3737,2026-07-14 10:14,Galben,173,Preluat,32
3738,2026-07-16 23:11,Verde,170,Externat,NULL
3739,2026-07-03 14:25,Galben,231,Externat,NULL
3740,2026-07-29 22:18,Galben,203,Preluat,29
3741,2026-07-04 08:16,Albastru,209,Externat,NULL
3742,2026-07-06 12:12,Galben,87,Preluat,25
3743,2026-07-30 06:44,Verde,169,Externat,NULL
3744,2026-07-16 20:45,Albastru,138,Preluat,21
3745,2026-07-27 16:03,Galben,192,In Asteptare,NULL
3746,2026-07-13 22:18,Verde,176,Externat,NULL
3747,2026-07-13 15:17,Verde,185,Externat,NULL
3748,2026-07-15 18:00,Albastru,186,Externat,NULL
3749,2026-07-18 21:44,Verde,79,In Asteptare,NULL
3750,2026-07-25 01:28,Albastru,110,Preluat,46
3751,2026-07-07 07:02,Galben,9,Externat,NULL
3752,2026-07-04 12:47,Verde,109,In Asteptare,NULL
3753,2026-07-03 17:34,Galben,192,Externat,NULL
3754,2026-07-25 00:40,Rosu,0,Externat,NULL
3755,2026-07-23 15:20,Galben,22,Preluat,5
3756,2026-07-27 06:44,Verde,70,Preluat,6
3757,2026-07-07 10:02,Verde,178,In Asteptare,NULL
3758,2026-07-06 01:17,Galben,215,Externat,NULL
3759,2026-07-25 06:09,Verde,193,Externat,NULL
3760,2026-07-13 13:39,Galben,180,Externat,NULL
3761,2026-07-25 01:01,Galben,81,Externat,NULL
3762,2026-07-12 10:20,Verde,29,Externat,NULL
3763,2026-07-22 23:33,Verde,109,Externat,NULL
3764,2026-07-11 11:52,Galben,170,Externat,NULL
3765,2026-07-02 21:10,Verde,196,Externat,NULL
3766,2026-07-30 22:21,Galben,169,Externat,NULL
3767,2026-07-29 23:31,Rosu,5,Externat,NULL
3768,2026-07-05 15:42,Galben,130,In Asteptare,NULL
3769,2026-07-16 19:33,Rosu,23,Externat,NULL
3770,2026-07-24 14:12,Galben,18,Preluat,30
3771,2026-07-09 20:51,Albastru,124,Preluat,2
3772,2026-07-20 18:45,Galben,198,Preluat,46
3773,2026-07-22 11:39,Rosu,10,Preluat,3
3774,2026-07-21 14:19,Galben,191,Externat,NULL
3775,2026-07-10 00:31,Galben,161,Preluat,50
3776,2026-07-26 15:46,Galben,177,Preluat,19
3777,2026-07-04 05:22,Albastru,208,Externat,NULL
3778,2026-07-22 23:44,Galben,175,In Asteptare,NULL
3779,2026-07-27 15:46,Verde,44,Externat,NULL
3780,2026-07-27 23:14,Verde,219,Externat,NULL
3781,2026-07-13 12:16,Verde,237,Preluat,15
3782,2026-07-02 04:15,Verde,80,Externat,NULL
3783,2026-07-12 00:02,Albastru,88,Externat,NULL
3784,2026-07-13 02:51,Albastru,156,Externat,NULL
3785,2026-07-04 16:49,Verde,105,In Asteptare,NULL
3786,2026-07-04 01:29,Rosu,20,Externat,NULL
3787,2026-07-16 14:18,Albastru,109,Externat,NULL
3788,2026-07-22 13:57,Verde,121,Externat,NULL
3789,2026-07-02 08:02,Galben,82,In Asteptare,NULL
3790,2026-07-23 14:56,Rosu,24,In Asteptare,NULL
3791,2026-07-05 13:39,Verde,90,Preluat,39
3792,2026-07-06 18:38,Galben,53,Externat,NULL
3793,2026-07-01 04:39,Galben,185,Externat,NULL
3794,2026-07-02 13:42,Albastru,52,Preluat,1
3795,2026-07-03 13:42,Albastru,174,Preluat,29
3796,2026-07-03 16:58,Galben,108,Preluat,41
3797,2026-07-18 08:41,Galben,68,In Asteptare,NULL
3798,2026-07-19 17:12,Galben,164,Externat,NULL
3799,2026-07-28 17:11,Albastru,125,Externat,NULL
3800,2026-07-18 17:08,Verde,51,Externat,NULL
3801,2026-07-30 18:39,Galben,74,In Asteptare,NULL
3802,2026-07-01 19:19,Galben,88,In Asteptare,NULL
3803,2026-07-24 15:39,Verde,133,Preluat,10
3804,2026-07-15 10:30,Verde,28,Externat,NULL
3805,2026-07-02 08:17,Verde,152,Preluat,4
3806,2026-07-08 16:37,Albastru,234,Externat,NULL
3807,2026-07-26 09:53,Galben,204,In Asteptare,NULL
3808,2026-07-09 17:54,Albastru,163,Externat,NULL
3809,2026-07-22 02:58,Verde,80,Externat,NULL
3810,2026-07-16 20:11,Rosu,22,Externat,NULL
3811,2026-07-23 10:37,Galben,228,Externat,NULL
3812,2026-07-30 15:50,Verde,111,In Asteptare,NULL
3813,2026-07-18 15:00,Verde,58,In Asteptare,NULL
3814,2026-07-23 07:58,Verde,177,Preluat,8
3815,2026-07-19 11:42,Rosu,10,Externat,NULL
3816,2026-07-30 11:23,Galben,161,Externat,NULL
3817,2026-07-03 23:29,Verde,111,Preluat,27
3818,2026-07-08 02:23,Rosu,16,Externat,NULL
3819,2026-07-24 13:44,Galben,81,Externat,NULL
3820,2026-07-28 05:48,Galben,110,Preluat,24
3821,2026-07-28 11:14,Galben,127,Externat,NULL
3822,2026-07-24 10:34,Albastru,177,Preluat,16
3823,2026-07-11 12:49,Galben,206,Preluat,24
3824,2026-07-02 11:44,Albastru,63,Externat,NULL
3825,2026-07-30 17:41,Galben,82,Externat,NULL
3826,2026-07-27 12:06,Verde,188,Externat,NULL
3827,2026-07-13 19:11,Galben,34,In Asteptare,NULL
3828,2026-07-03 09:11,Rosu,19,Externat,NULL
3829,2026-07-25 20:13,Galben,102,Preluat,6
3830,2026-07-08 14:09,Galben,116,Preluat,39
3831,2026-07-27 04:30,Galben,109,Preluat,40
3832,2026-07-12 17:38,Galben,156,Externat,NULL
3833,2026-07-20 04:42,Albastru,113,In Asteptare,NULL
3834,2026-07-24 22:43,Albastru,183,Externat,NULL
3835,2026-07-27 09:43,Albastru,39,Externat,NULL
3836,2026-07-09 17:42,Galben,24,In Asteptare,NULL
3837,2026-07-13 10:56,Rosu,10,Preluat,14
3838,2026-07-13 16:32,Galben,189,In Asteptare,NULL
3839,2026-07-02 04:58,Verde,96,Externat,NULL
3840,2026-07-28 22:22,Verde,100,Externat,NULL
3841,2026-07-20 16:27,Verde,216,Externat,NULL
3842,2026-07-16 15:46,Verde,84,Preluat,12
3843,2026-07-25 15:32,Rosu,11,Preluat,14
3844,2026-07-02 07:57,Verde,134,In Asteptare,NULL
3845,2026-07-17 11:20,Galben,103,Externat,NULL
3846,2026-07-09 16:28,Galben,165,Externat,NULL
3847,2026-07-18 00:33,Verde,118,Preluat,47
3848,2026-07-27 06:19,Galben,25,Preluat,7
3849,2026-07-17 11:16,Rosu,12,Externat,NULL
3850,2026-07-15 07:49,Galben,213,Externat,NULL
3851,2026-07-29 01:57,Verde,65,Preluat,9
3852,2026-07-20 04:21,Verde,132,Preluat,31
3853,2026-07-05 02:07,Galben,150,Externat,NULL
3854,2026-07-12 21:17,Verde,155,In Asteptare,NULL
3855,2026-07-20 00:22,Verde,105,Preluat,17
3856,2026-07-01 13:56,Verde,38,Externat,NULL
3857,2026-07-20 15:03,Verde,120,Externat,NULL
3858,2026-07-21 22:17,Verde,23,In Asteptare,NULL
3859,2026-07-14 21:04,Verde,220,Externat,NULL
3860,2026-07-02 11:23,Galben,82,Externat,NULL
3861,2026-07-04 18:21,Galben,230,Externat,NULL
3862,2026-07-24 16:19,Galben,28,Externat,NULL
3863,2026-07-30 19:55,Galben,8,Externat,NULL
3864,2026-07-08 23:55,Galben,72,Preluat,11
3865,2026-07-11 00:20,Verde,119,Externat,NULL
3866,2026-07-25 04:35,Albastru,218,Preluat,36
3867,2026-07-08 20:18,Galben,206,Externat,NULL
3868,2026-07-11 01:48,Galben,107,In Asteptare,NULL
3869,2026-07-03 06:12,Verde,140,In Asteptare,NULL
3870,2026-07-14 19:51,Galben,39,Externat,NULL
3871,2026-07-04 04:22,Galben,239,Preluat,1
3872,2026-07-09 14:46,Verde,187,Externat,NULL
3873,2026-07-02 09:11,Verde,213,Preluat,45
3874,2026-07-03 16:14,Rosu,24,Preluat,19
3875,2026-07-11 09:13,Galben,85,Preluat,10
3876,2026-07-25 07:16,Verde,200,Preluat,33
3877,2026-07-26 01:46,Verde,121,Externat,NULL
3878,2026-07-24 08:06,Galben,193,In Asteptare,NULL
3879,2026-07-23 07:32,Galben,154,In Asteptare,NULL
3880,2026-07-07 17:17,Galben,44,Preluat,2
3881,2026-07-10 16:22,Galben,183,Externat,NULL
3882,2026-07-15 18:13,Verde,25,In Asteptare,NULL
3883,2026-07-09 14:29,Galben,209,Preluat,19
3884,2026-07-08 08:01,Rosu,24,In Asteptare,NULL
3885,2026-07-25 23:14,Verde,70,Externat,NULL
3886,2026-07-10 00:46,Galben,102,Preluat,30
3887,2026-07-24 23:26,Galben,234,Externat,NULL
3888,2026-07-12 22:07,Verde,157,Preluat,33
3889,2026-07-17 16:09,Galben,165,Externat,NULL
3890,2026-07-12 03:22,Verde,28,Externat,NULL
3891,2026-07-07 22:21,Verde,49,Externat,NULL
3892,2026-07-14 11:10,Galben,19,Externat,NULL
3893,2026-07-02 20:03,Galben,70,In Asteptare,NULL
3894,2026-07-20 17:23,Verde,176,Externat,NULL
3895,2026-07-13 07:52,Verde,163,Externat,NULL
3896,2026-07-09 10:04,Rosu,22,Externat,NULL
3897,2026-07-16 07:44,Galben,229,Preluat,21
3898,2026-07-11 23:19,Galben,26,Externat,NULL
3899,2026-07-23 02:55,Galben,55,Preluat,47
3900,2026-07-03 22:02,Albastru,200,Preluat,49
3901,2026-07-25 16:33,Rosu,20,Externat,NULL
3902,2026-07-27 12:07,Albastru,203,Externat,NULL
3903,2026-07-25 23:36,Verde,181,Externat,NULL
3904,2026-07-11 08:40,Verde,191,Preluat,21
3905,2026-07-05 14:11,Verde,223,In Asteptare,NULL
3906,2026-07-19 14:11,Verde,65,In Asteptare,NULL
3907,2026-07-17 09:09,Rosu,10,Externat,NULL
3908,2026-07-22 06:41,Verde,201,Preluat,30
3909,2026-07-10 14:54,Galben,166,In Asteptare,NULL
3910,2026-07-02 16:45,Verde,27,In Asteptare,NULL
3911,2026-07-26 17:38,Verde,219,Preluat,50
3912,2026-07-06 04:43,Verde,239,In Asteptare,NULL
3913,2026-07-12 22:47,Verde,198,Externat,NULL
3914,2026-07-12 13:15,Galben,100,Externat,NULL
3915,2026-07-02 06:04,Galben,28,Externat,NULL
3916,2026-07-09 09:13,Verde,22,Preluat,30
3917,2026-07-04 08:26,Verde,232,Externat,NULL
3918,2026-07-26 21:23,Galben,162,Preluat,50
3919,2026-07-27 09:03,Rosu,7,Externat,NULL
3920,2026-07-20 19:28,Verde,187,Externat,NULL
3921,2026-07-08 01:11,Galben,41,In Asteptare,NULL
3922,2026-07-13 22:13,Galben,18,Preluat,10
3923,2026-07-17 03:07,Verde,87,Preluat,50
3924,2026-07-04 16:15,Galben,130,Preluat,23
3925,2026-07-03 18:04,Verde,216,Preluat,36
3926,2026-07-01 23:36,Verde,237,Externat,NULL
3927,2026-07-07 19:55,Verde,176,Externat,NULL
3928,2026-07-19 06:22,Galben,144,Externat,NULL
3929,2026-07-18 00:31,Albastru,82,Externat,NULL
3930,2026-07-01 16:09,Galben,19,Preluat,25
3931,2026-07-27 06:50,Verde,189,Externat,NULL
3932,2026-07-17 12:10,Verde,42,Preluat,30
3933,2026-07-23 05:24,Verde,69,Externat,NULL
3934,2026-07-16 14:58,Verde,9,Externat,NULL
3935,2026-07-18 12:36,Galben,120,Externat,NULL
3936,2026-07-25 02:57,Galben,116,Preluat,6
3937,2026-07-03 15:52,Galben,138,Externat,NULL
3938,2026-07-27 13:57,Verde,20,In Asteptare,NULL
3939,2026-07-13 08:59,Albastru,76,Externat,NULL
3940,2026-07-30 02:07,Verde,238,Externat,NULL
3941,2026-07-10 20:00,Galben,220,Externat,NULL
3942,2026-07-21 08:33,Verde,107,Externat,NULL
3943,2026-07-03 09:21,Verde,27,Preluat,38
3944,2026-07-12 22:10,Verde,107,Preluat,48
3945,2026-07-09 14:28,Galben,46,Externat,NULL
3946,2026-07-09 11:44,Verde,31,Externat,NULL
3947,2026-07-20 22:53,Verde,15,In Asteptare,NULL
3948,2026-07-21 17:11,Verde,16,Preluat,29
3949,2026-07-11 04:04,Albastru,121,Preluat,30
3950,2026-07-14 02:09,Verde,98,Externat,NULL
3951,2026-07-20 20:19,Galben,145,Preluat,26
3952,2026-07-21 22:04,Rosu,24,Externat,NULL
3953,2026-07-10 16:46,Verde,239,Externat,NULL
3954,2026-07-06 12:23,Verde,84,Externat,NULL
3955,2026-07-07 07:35,Galben,190,Externat,NULL
3956,2026-07-25 21:38,Galben,107,Preluat,45
3957,2026-07-28 07:03,Albastru,16,In Asteptare,NULL
3958,2026-07-21 15:29,Verde,192,Preluat,26
3959,2026-07-28 14:45,Galben,208,Externat,NULL
3960,2026-07-09 13:58,Galben,143,Externat,NULL
3961,2026-07-21 21:46,Verde,146,Externat,NULL
3962,2026-07-19 01:40,Rosu,22,In Asteptare,NULL
3963,2026-07-27 06:42,Verde,69,In Asteptare,NULL
3964,2026-07-03 09:33,Verde,56,Externat,NULL
3965,2026-07-23 19:22,Albastru,236,Externat,NULL
3966,2026-07-18 19:45,Verde,189,Externat,NULL
3967,2026-07-07 03:52,Verde,92,Externat,NULL
3968,2026-07-13 10:32,Albastru,150,Externat,NULL
3969,2026-07-05 20:35,Verde,198,Externat,NULL
3970,2026-07-11 00:32,Galben,130,Externat,NULL
3971,2026-07-26 18:59,Verde,234,Externat,NULL
3972,2026-07-13 10:48,Verde,94,Externat,NULL
3973,2026-07-17 18:51,Verde,178,Externat,NULL
3974,2026-07-29 01:39,Verde,66,Preluat,42
3975,2026-07-16 19:01,Galben,159,Externat,NULL
3976,2026-07-05 12:31,Albastru,140,Externat,NULL
3977,2026-07-25 21:34,Albastru,205,Preluat,45
3978,2026-07-10 06:21,Verde,138,Externat,NULL
3979,2026-07-23 02:05,Rosu,5,Preluat,27
3980,2026-07-09 09:36,Verde,74,Externat,NULL
3981,2026-07-23 02:25,Albastru,7,Externat,NULL
3982,2026-07-09 20:51,Galben,83,Preluat,4
3983,2026-07-18 15:29,Galben,207,Externat,NULL
3984,2026-07-03 19:57,Galben,177,Externat,NULL
3985,2026-07-24 18:07,Rosu,6,Externat,NULL
3986,2026-07-20 18:39,Verde,82,Preluat,1
3987,2026-07-20 16:03,Galben,83,Externat,NULL
3988,2026-07-13 01:45,Galben,69,Preluat,19
3989,2026-07-03 03:25,Galben,9,In Asteptare,NULL
3990,2026-07-16 11:50,Galben,204,Externat,NULL
3991,2026-07-15 07:35,Rosu,25,Preluat,22
3992,2026-07-24 03:02,Verde,39,Externat,NULL
3993,2026-07-26 06:42,Galben,204,Externat,NULL
3994,2026-07-15 09:20,Galben,189,Preluat,28
3995,2026-07-04 09:34,Rosu,8,Preluat,39
3996,2026-07-23 21:42,Verde,213,Externat,NULL
3997,2026-07-05 07:15,Galben,228,Externat,NULL
3998,2026-07-05 23:48,Verde,13,In Asteptare,NULL
3999,2026-07-23 04:57,Albastru,215,Preluat,44
4000,2026-07-18 14:47,Verde,221,Preluat,4
4001,2026-07-25 08:44,Rosu,10,Externat,NULL
4002,2026-07-06 05:27,Verde,165,Externat,NULL
4003,2026-07-05 06:49,Galben,175,Preluat,29
4004,2026-07-12 06:51,Galben,18,Preluat,39
4005,2026-07-18 18:26,Rosu,4,Externat,NULL
4006,2026-07-13 22:45,Albastru,80,Externat,NULL
4007,2026-07-30 04:38,Albastru,230,Preluat,1
4008,2026-07-11 03:03,Galben,230,In Asteptare,NULL
4009,2026-07-29 00:35,Galben,75,Externat,NULL
4010,2026-07-29 08:03,Verde,168,Externat,NULL
4011,2026-07-04 16:48,Rosu,26,Externat,NULL
4012,2026-07-05 04:27,Verde,49,In Asteptare,NULL
4013,2026-07-16 23:22,Verde,229,Externat,NULL
4014,2026-07-15 17:51,Galben,162,Preluat,18
4015,2026-07-18 05:45,Verde,93,Externat,NULL
4016,2026-07-02 17:09,Verde,67,In Asteptare,NULL
4017,2026-07-29 21:39,Verde,184,Externat,NULL
4018,2026-07-17 21:10,Galben,189,Preluat,4
4019,2026-07-21 10:13,Galben,196,Externat,NULL
4020,2026-07-02 20:04,Verde,13,Externat,NULL
4021,2026-07-12 06:23,Galben,81,Preluat,17
4022,2026-07-25 09:40,Galben,33,In Asteptare,NULL
4023,2026-07-27 04:57,Galben,54,Preluat,46
4024,2026-07-04 08:17,Galben,89,In Asteptare,NULL
4025,2026-07-08 23:11,Galben,26,Externat,NULL
4026,2026-07-29 22:05,Galben,220,In Asteptare,NULL
4027,2026-07-03 05:58,Galben,166,Externat,NULL
4028,2026-07-19 04:01,Galben,8,In Asteptare,NULL
4029,2026-07-28 11:08,Verde,239,Externat,NULL
4030,2026-07-07 13:35,Galben,151,Externat,NULL
4031,2026-07-12 01:31,Albastru,59,Externat,NULL
4032,2026-07-02 06:55,Galben,65,In Asteptare,NULL
4033,2026-07-03 02:09,Verde,152,Preluat,36
4034,2026-07-22 23:41,Galben,134,Externat,NULL
4035,2026-07-30 19:01,Verde,169,Preluat,50
4036,2026-07-28 08:08,Verde,43,Externat,NULL
4037,2026-07-18 00:39,Verde,68,In Asteptare,NULL
4038,2026-07-17 13:48,Verde,175,Externat,NULL
4039,2026-07-26 03:00,Rosu,22,Externat,NULL
4040,2026-07-02 07:49,Albastru,228,Externat,NULL
4041,2026-07-11 15:53,Galben,68,In Asteptare,NULL
4042,2026-07-08 13:40,Verde,21,Externat,NULL
4043,2026-07-22 19:03,Rosu,0,In Asteptare,NULL
4044,2026-07-12 21:47,Galben,103,In Asteptare,NULL
4045,2026-07-07 15:54,Verde,100,Externat,NULL
4046,2026-07-02 16:14,Galben,145,Externat,NULL
4047,2026-07-27 20:29,Galben,99,Externat,NULL
4048,2026-07-22 01:53,Verde,160,Preluat,42
4049,2026-07-08 13:24,Galben,51,Externat,NULL
4050,2026-07-13 22:58,Verde,36,Externat,NULL
4051,2026-07-03 22:11,Verde,185,Externat,NULL
4052,2026-07-15 16:41,Galben,195,Externat,NULL
4053,2026-07-12 11:15,Verde,12,Preluat,23
4054,2026-07-24 05:02,Verde,70,Externat,NULL
4055,2026-07-05 01:00,Verde,217,Preluat,19
4056,2026-07-29 13:43,Galben,144,Preluat,32
4057,2026-07-22 01:37,Galben,116,In Asteptare,NULL
4058,2026-07-22 14:57,Verde,216,Externat,NULL
4059,2026-07-15 14:43,Rosu,3,Preluat,11
4060,2026-07-17 23:10,Verde,157,Preluat,44
4061,2026-07-21 09:22,Galben,22,Externat,NULL
4062,2026-07-22 02:22,Verde,76,Externat,NULL
4063,2026-07-08 15:01,Verde,34,Preluat,49
4064,2026-07-10 04:53,Verde,34,In Asteptare,NULL
4065,2026-07-15 14:00,Galben,7,Externat,NULL
4066,2026-07-11 01:24,Verde,112,In Asteptare,NULL
4067,2026-07-25 09:32,Verde,119,In Asteptare,NULL
4068,2026-07-18 19:11,Verde,185,Preluat,46
4069,2026-07-01 17:03,Verde,169,Externat,NULL
4070,2026-07-23 18:46,Galben,142,Preluat,1
4071,2026-07-06 03:10,Galben,140,Preluat,1
4072,2026-07-18 16:45,Verde,90,Externat,NULL
4073,2026-07-04 07:42,Verde,157,Externat,NULL
4074,2026-07-19 03:25,Galben,120,Preluat,50
4075,2026-07-16 12:26,Galben,71,Externat,NULL
4076,2026-07-11 13:51,Galben,59,Externat,NULL
4077,2026-07-17 05:18,Verde,205,Externat,NULL
4078,2026-07-23 13:29,Galben,153,Preluat,2
4079,2026-07-29 09:32,Galben,183,In Asteptare,NULL
4080,2026-07-24 12:47,Galben,236,Preluat,7
4081,2026-07-20 00:31,Galben,6,Externat,NULL
4082,2026-07-30 10:57,Galben,179,Externat,NULL
4083,2026-07-11 20:34,Verde,12,Externat,NULL
4084,2026-07-13 10:18,Rosu,11,Externat,NULL
4085,2026-07-20 09:04,Verde,85,Externat,NULL
4086,2026-07-15 06:09,Galben,40,Preluat,39
4087,2026-07-05 15:38,Verde,46,Preluat,1
4088,2026-07-13 01:07,Galben,210,Preluat,41
4089,2026-07-12 03:58,Galben,81,Externat,NULL
4090,2026-07-24 19:53,Verde,20,Externat,NULL
4091,2026-07-09 09:54,Galben,8,Externat,NULL
4092,2026-07-23 03:58,Verde,206,Externat,NULL
4093,2026-07-09 17:23,Galben,34,Preluat,5
4094,2026-07-05 11:25,Verde,176,Externat,NULL
4095,2026-07-15 01:08,Rosu,21,Externat,NULL
4096,2026-07-10 00:13,Albastru,210,In Asteptare,NULL
4097,2026-07-30 03:10,Galben,125,Preluat,4
4098,2026-07-03 03:49,Galben,218,Preluat,10
4099,2026-07-13 19:41,Verde,49,In Asteptare,NULL
4100,2026-07-07 19:28,Verde,6,Externat,NULL
4101,2026-07-06 02:39,Galben,198,Externat,NULL
4102,2026-07-04 01:01,Verde,68,Externat,NULL
4103,2026-07-22 06:41,Verde,124,Externat,NULL
4104,2026-07-21 07:33,Galben,19,Externat,NULL
4105,2026-07-12 04:42,Galben,78,Preluat,30
4106,2026-07-13 08:34,Albastru,219,Preluat,42
4107,2026-07-11 20:01,Verde,83,In Asteptare,NULL
4108,2026-07-12 23:26,Galben,77,Preluat,21
4109,2026-07-15 08:10,Verde,145,In Asteptare,NULL
4110,2026-07-02 15:43,Verde,231,Externat,NULL
4111,2026-07-23 12:48,Verde,106,Externat,NULL
4112,2026-07-12 04:01,Albastru,61,Externat,NULL
4113,2026-07-04 21:23,Verde,64,Externat,NULL
4114,2026-07-26 14:46,Galben,167,Externat,NULL
4115,2026-07-12 06:51,Albastru,45,In Asteptare,NULL
4116,2026-07-08 18:13,Verde,176,Preluat,31
4117,2026-07-28 10:50,Verde,26,Externat,NULL
4118,2026-07-08 13:27,Verde,59,Externat,NULL
4119,2026-07-03 11:58,Verde,34,In Asteptare,NULL
4120,2026-07-27 19:01,Galben,20,Externat,NULL
4121,2026-07-07 08:23,Galben,88,Preluat,19
4122,2026-07-30 18:55,Galben,154,Externat,NULL
4123,2026-07-30 18:07,Albastru,52,Preluat,4
4124,2026-07-18 02:14,Galben,227,Externat,NULL
4125,2026-07-19 06:28,Verde,219,Externat,NULL
4126,2026-07-05 21:06,Verde,114,Externat,NULL
4127,2026-07-23 04:48,Galben,37,Preluat,1
4128,2026-07-08 15:38,Verde,173,Preluat,47
4129,2026-07-15 23:10,Galben,146,Preluat,5
4130,2026-07-04 09:12,Verde,79,Externat,NULL
4131,2026-07-22 03:30,Verde,60,Preluat,12
4132,2026-07-19 16:13,Galben,146,In Asteptare,NULL
4133,2026-07-26 11:01,Galben,69,In Asteptare,NULL
4134,2026-07-27 11:01,Rosu,3,In Asteptare,NULL
4135,2026-07-11 19:28,Verde,31,Preluat,7
4136,2026-07-18 05:55,Verde,122,In Asteptare,NULL
4137,2026-07-02 22:32,Verde,220,Externat,NULL
4138,2026-07-10 22:52,Verde,228,Preluat,13
4139,2026-07-15 21:53,Galben,118,Externat,NULL
4140,2026-07-14 18:45,Verde,155,Preluat,31
4141,2026-07-14 04:20,Galben,179,Preluat,8
4142,2026-07-04 22:36,Verde,65,In Asteptare,NULL
4143,2026-07-14 23:28,Verde,131,In Asteptare,NULL
4144,2026-07-12 13:24,Rosu,27,Externat,NULL
4145,2026-07-26 15:01,Albastru,161,Externat,NULL
4146,2026-07-29 14:44,Verde,122,Externat,NULL
4147,2026-07-11 05:23,Galben,74,In Asteptare,NULL
4148,2026-07-10 05:38,Albastru,172,Preluat,16
4149,2026-07-18 13:05,Galben,142,Preluat,33
4150,2026-07-08 06:59,Verde,163,In Asteptare,NULL
4151,2026-07-11 18:44,Verde,50,In Asteptare,NULL
4152,2026-07-21 00:04,Albastru,21,Externat,NULL
4153,2026-07-01 01:46,Galben,151,Externat,NULL
4154,2026-07-03 17:14,Rosu,17,Externat,NULL
4155,2026-07-08 00:47,Galben,100,Preluat,44
4156,2026-07-26 07:30,Galben,22,Externat,NULL
4157,2026-07-17 08:53,Verde,156,Externat,NULL
4158,2026-07-19 14:55,Verde,184,Externat,NULL
4159,2026-07-24 21:02,Verde,151,Preluat,14
4160,2026-07-13 04:47,Verde,235,Preluat,24
4161,2026-07-19 03:07,Rosu,30,In Asteptare,NULL
4162,2026-07-18 21:39,Galben,183,Preluat,28
4163,2026-07-23 10:41,Verde,239,Externat,NULL
4164,2026-07-18 01:17,Albastru,208,Preluat,26
4165,2026-07-04 00:09,Verde,178,Externat,NULL
4166,2026-07-23 04:18,Verde,40,Externat,NULL
4167,2026-07-29 09:01,Galben,147,Externat,NULL
4168,2026-07-06 11:30,Galben,76,Externat,NULL
4169,2026-07-01 06:29,Verde,100,Externat,NULL
4170,2026-07-06 21:29,Galben,112,Preluat,10
4171,2026-07-19 05:45,Albastru,161,Preluat,49
4172,2026-07-04 12:00,Galben,161,Externat,NULL
4173,2026-07-05 11:38,Rosu,30,Externat,NULL
4174,2026-07-16 01:42,Verde,235,Preluat,23
4175,2026-07-10 14:47,Albastru,47,Externat,NULL
4176,2026-07-29 07:00,Galben,231,Preluat,31
4177,2026-07-24 09:43,Verde,153,Externat,NULL
4178,2026-07-29 23:51,Verde,29,Externat,NULL
4179,2026-07-26 21:49,Galben,96,Externat,NULL
4180,2026-07-06 21:09,Galben,20,Externat,NULL
4181,2026-07-05 06:17,Galben,203,In Asteptare,NULL
4182,2026-07-16 09:31,Galben,63,Externat,NULL
4183,2026-07-10 21:43,Albastru,228,Preluat,14
4184,2026-07-25 09:54,Galben,152,Externat,NULL
4185,2026-07-03 11:10,Verde,27,Preluat,33
4186,2026-07-07 21:26,Galben,215,Externat,NULL
4187,2026-07-07 10:03,Verde,113,In Asteptare,NULL
4188,2026-07-19 14:51,Galben,49,Externat,NULL
4189,2026-07-12 17:09,Verde,127,In Asteptare,NULL
4190,2026-07-12 17:21,Verde,220,Externat,NULL
4191,2026-07-26 05:28,Verde,28,Preluat,23
4192,2026-07-14 15:59,Verde,104,Externat,NULL
4193,2026-07-03 12:38,Verde,54,In Asteptare,NULL
4194,2026-07-01 20:49,Verde,106,Externat,NULL
4195,2026-07-04 14:48,Verde,39,Externat,NULL
4196,2026-07-30 10:22,Galben,213,Preluat,30
4197,2026-07-21 17:54,Galben,106,Externat,NULL
4198,2026-07-12 12:34,Galben,232,In Asteptare,NULL
4199,2026-07-17 02:14,Verde,116,In Asteptare,NULL
4200,2026-07-11 00:04,Verde,23,In Asteptare,NULL
4201,2026-07-23 03:28,Galben,8,Externat,NULL
4202,2026-07-10 23:49,Galben,66,Externat,NULL
4203,2026-07-22 19:58,Verde,193,Preluat,21
4204,2026-07-08 09:02,Verde,21,In Asteptare,NULL
4205,2026-07-27 08:47,Verde,86,Preluat,5
4206,2026-07-16 16:32,Galben,204,In Asteptare,NULL
4207,2026-07-29 02:35,Verde,133,Externat,NULL
4208,2026-07-18 04:50,Galben,56,In Asteptare,NULL
4209,2026-07-19 23:32,Verde,236,In Asteptare,NULL
4210,2026-07-06 20:55,Verde,10,In Asteptare,NULL
4211,2026-07-17 16:04,Galben,91,Preluat,3
4212,2026-07-23 19:00,Rosu,2,Externat,NULL
4213,2026-07-13 16:00,Verde,174,Preluat,3
4214,2026-07-01 08:26,Galben,98,In Asteptare,NULL
4215,2026-07-05 22:23,Galben,173,In Asteptare,NULL
4216,2026-07-03 03:23,Albastru,64,Externat,NULL
4217,2026-07-11 18:08,Verde,185,Externat,NULL
4218,2026-07-21 23:18,Verde,106,In Asteptare,NULL
4219,2026-07-14 19:44,Verde,90,Externat,NULL
4220,2026-07-29 17:24,Galben,183,Externat,NULL
4221,2026-07-05 01:36,Galben,163,Externat,NULL
4222,2026-07-14 18:39,Verde,192,Externat,NULL
4223,2026-07-11 08:21,Verde,187,Preluat,15
4224,2026-07-18 01:01,Galben,157,Preluat,33
4225,2026-07-12 13:52,Verde,11,Preluat,36
4226,2026-07-28 20:13,Rosu,18,Externat,NULL
4227,2026-07-29 20:37,Albastru,132,Preluat,39
4228,2026-07-29 03:22,Rosu,2,Externat,NULL
4229,2026-07-08 09:09,Galben,112,Externat,NULL
4230,2026-07-14 07:32,Rosu,29,Externat,NULL
4231,2026-07-16 15:37,Galben,86,In Asteptare,NULL
4232,2026-07-05 07:15,Galben,85,Externat,NULL
4233,2026-07-23 11:08,Verde,208,In Asteptare,NULL
4234,2026-07-17 22:46,Verde,56,Preluat,49
4235,2026-07-30 23:44,Galben,58,Externat,NULL
4236,2026-07-04 11:05,Rosu,24,In Asteptare,NULL
4237,2026-07-06 07:00,Verde,100,In Asteptare,NULL
4238,2026-07-06 06:56,Rosu,23,Preluat,24
4239,2026-07-17 09:31,Galben,157,In Asteptare,NULL
4240,2026-07-01 10:13,Galben,212,In Asteptare,NULL
4241,2026-07-26 03:42,Verde,192,Preluat,23
4242,2026-07-12 04:41,Verde,50,Preluat,19
4243,2026-07-27 23:34,Galben,90,Externat,NULL
4244,2026-07-01 20:11,Galben,165,Externat,NULL
4245,2026-07-22 17:18,Albastru,240,Externat,NULL
4246,2026-07-21 18:35,Verde,82,Externat,NULL
4247,2026-07-13 14:57,Galben,192,Externat,NULL
4248,2026-07-27 22:21,Verde,207,Externat,NULL
4249,2026-07-26 01:46,Verde,134,Externat,NULL
4250,2026-07-23 09:53,Verde,12,In Asteptare,NULL
4251,2026-07-20 20:07,Verde,106,Preluat,40
4252,2026-07-03 07:13,Verde,156,Externat,NULL
4253,2026-07-21 22:00,Verde,62,In Asteptare,NULL
4254,2026-07-29 14:15,Verde,28,In Asteptare,NULL
4255,2026-07-02 01:16,Galben,39,Externat,NULL
4256,2026-07-28 23:13,Verde,126,Externat,NULL
4257,2026-07-28 17:58,Galben,78,Externat,NULL
4258,2026-07-12 12:09,Verde,215,In Asteptare,NULL
4259,2026-07-26 18:30,Verde,144,Externat,NULL
4260,2026-07-25 23:31,Galben,136,Externat,NULL
4261,2026-07-23 11:59,Verde,136,In Asteptare,NULL
4262,2026-07-15 13:36,Rosu,14,Externat,NULL
4263,2026-07-11 01:51,Verde,13,In Asteptare,NULL
4264,2026-07-01 16:48,Verde,10,Externat,NULL
4265,2026-07-26 05:13,Verde,227,Externat,NULL
4266,2026-07-23 10:59,Galben,177,Externat,NULL
4267,2026-07-02 01:07,Verde,24,Externat,NULL
4268,2026-07-02 16:50,Verde,90,Externat,NULL
4269,2026-07-26 17:51,Rosu,28,Externat,NULL
4270,2026-07-01 10:58,Galben,174,Preluat,5
4271,2026-07-11 11:12,Verde,52,In Asteptare,NULL
4272,2026-07-07 19:36,Verde,128,Externat,NULL
4273,2026-07-25 22:23,Galben,92,Externat,NULL
4274,2026-07-13 18:54,Galben,201,Preluat,16
4275,2026-07-29 14:28,Rosu,9,Preluat,17
4276,2026-07-27 05:46,Galben,77,In Asteptare,NULL
4277,2026-07-26 08:22,Galben,74,Externat,NULL
4278,2026-07-15 00:26,Verde,7,Externat,NULL
4279,2026-07-28 09:27,Verde,162,In Asteptare,NULL
4280,2026-07-11 07:58,Galben,182,Externat,NULL
4281,2026-07-10 00:35,Albastru,111,In Asteptare,NULL
4282,2026-07-30 09:45,Galben,126,Preluat,15
4283,2026-07-30 16:31,Galben,55,Externat,NULL
4284,2026-07-27 17:39,Galben,36,Preluat,36
4285,2026-07-05 12:47,Verde,29,Preluat,23
4286,2026-07-15 08:13,Galben,191,Externat,NULL
4287,2026-07-04 22:28,Galben,33,Externat,NULL
4288,2026-07-01 04:42,Verde,11,Preluat,6
4289,2026-07-24 15:15,Galben,10,Preluat,3
4290,2026-07-19 16:40,Verde,138,Externat,NULL
4291,2026-07-21 09:08,Galben,6,Externat,NULL
4292,2026-07-15 11:41,Albastru,209,In Asteptare,NULL
4293,2026-07-08 04:37,Galben,105,Externat,NULL
4294,2026-07-12 16:37,Rosu,23,Externat,NULL
4295,2026-07-26 14:31,Galben,90,In Asteptare,NULL
4296,2026-07-05 06:57,Galben,222,Preluat,5
4297,2026-07-28 11:08,Galben,75,Preluat,20
4298,2026-07-12 06:33,Galben,89,Preluat,47
4299,2026-07-09 22:07,Galben,239,In Asteptare,NULL
4300,2026-07-21 17:01,Verde,72,Externat,NULL
4301,2026-07-08 22:04,Galben,179,In Asteptare,NULL
4302,2026-07-06 20:05,Verde,43,Externat,NULL
4303,2026-07-17 18:31,Galben,15,Externat,NULL
4304,2026-07-09 03:57,Verde,119,In Asteptare,NULL
4305,2026-07-26 17:58,Galben,198,Externat,NULL
4306,2026-07-30 05:08,Rosu,2,In Asteptare,NULL
4307,2026-07-19 07:30,Galben,109,Preluat,45
4308,2026-07-09 01:55,Galben,69,Externat,NULL
4309,2026-07-06 14:28,Verde,97,Preluat,23
4310,2026-07-27 03:52,Verde,113,Externat,NULL
4311,2026-07-17 18:16,Galben,92,Externat,NULL
4312,2026-07-28 11:25,Verde,100,Externat,NULL
4313,2026-07-03 05:48,Verde,150,Externat,NULL
4314,2026-07-07 04:29,Galben,26,In Asteptare,NULL
4315,2026-07-29 18:14,Galben,240,In Asteptare,NULL
4316,2026-07-17 16:22,Galben,187,Preluat,32
4317,2026-07-24 21:07,Rosu,14,Preluat,1
4318,2026-07-28 07:17,Albastru,207,Externat,NULL
4319,2026-07-06 21:25,Verde,229,Preluat,33
4320,2026-07-08 06:13,Galben,56,In Asteptare,NULL
4321,2026-07-22 13:39,Verde,15,Externat,NULL
4322,2026-07-17 23:54,Albastru,152,Preluat,47
4323,2026-07-27 10:50,Galben,41,Externat,NULL
4324,2026-07-06 00:07,Galben,99,Preluat,32
4325,2026-07-21 13:50,Rosu,28,Externat,NULL
4326,2026-07-27 14:36,Verde,217,In Asteptare,NULL
4327,2026-07-06 19:23,Verde,162,Preluat,21
4328,2026-07-03 05:47,Rosu,21,In Asteptare,NULL
4329,2026-07-12 17:13,Verde,70,In Asteptare,NULL
4330,2026-07-25 06:45,Galben,231,Preluat,21
4331,2026-07-30 19:24,Galben,15,Externat,NULL
4332,2026-07-20 14:42,Verde,209,Preluat,18
4333,2026-07-16 05:20,Albastru,42,Externat,NULL
4334,2026-07-12 07:33,Galben,159,Externat,NULL
4335,2026-07-24 04:31,Verde,208,In Asteptare,NULL
4336,2026-07-28 18:41,Rosu,14,Externat,NULL
4337,2026-07-04 13:44,Verde,104,Preluat,44
4338,2026-07-24 23:59,Rosu,6,Preluat,12
4339,2026-07-06 00:42,Galben,181,Externat,NULL
4340,2026-07-29 01:59,Rosu,4,Externat,NULL
4341,2026-07-08 12:15,Verde,48,Preluat,3
4342,2026-07-01 07:27,Verde,55,In Asteptare,NULL
4343,2026-07-28 16:24,Verde,161,In Asteptare,NULL
4344,2026-07-06 07:20,Verde,74,In Asteptare,NULL
4345,2026-07-13 09:14,Galben,218,Externat,NULL
4346,2026-07-07 06:56,Verde,102,Preluat,31
4347,2026-07-08 05:34,Galben,225,Externat,NULL
4348,2026-07-11 00:56,Verde,27,Externat,NULL
4349,2026-07-09 22:35,Galben,124,Externat,NULL
4350,2026-07-12 13:23,Verde,16,Externat,NULL
4351,2026-07-15 19:32,Galben,32,Preluat,14
4352,2026-07-18 14:52,Galben,222,Preluat,39
4353,2026-07-26 17:28,Verde,17,Externat,NULL
4354,2026-07-23 01:39,Rosu,24,Externat,NULL
4355,2026-07-30 05:27,Verde,60,Externat,NULL
4356,2026-07-29 11:52,Galben,122,Preluat,32
4357,2026-07-20 23:09,Verde,191,Preluat,44
4358,2026-07-28 07:14,Verde,9,Preluat,15
4359,2026-07-23 18:37,Rosu,8,Externat,NULL
4360,2026-07-04 17:31,Galben,129,Preluat,48
4361,2026-07-16 11:10,Verde,76,Externat,NULL
4362,2026-07-06 14:47,Verde,46,In Asteptare,NULL
4363,2026-07-28 09:23,Verde,45,Externat,NULL
4364,2026-07-03 11:26,Galben,7,Preluat,31
4365,2026-07-25 02:32,Verde,64,Preluat,44
4366,2026-07-08 11:10,Galben,157,In Asteptare,NULL
4367,2026-07-26 14:05,Albastru,18,Externat,NULL
4368,2026-07-03 18:50,Galben,130,In Asteptare,NULL
4369,2026-07-20 12:29,Verde,27,Externat,NULL
4370,2026-07-29 21:54,Galben,65,Externat,NULL
4371,2026-07-21 14:22,Verde,69,Preluat,8
4372,2026-07-09 00:04,Galben,134,Preluat,49
4373,2026-07-08 18:04,Verde,194,Externat,NULL
4374,2026-07-24 21:37,Verde,206,Externat,NULL
4375,2026-07-30 16:25,Rosu,3,Externat,NULL
4376,2026-07-23 20:53,Galben,84,Externat,NULL
4377,2026-07-12 04:02,Rosu,20,Externat,NULL
4378,2026-07-07 06:43,Galben,236,Externat,NULL
4379,2026-07-27 21:34,Verde,226,In Asteptare,NULL
4380,2026-07-24 10:18,Verde,166,Externat,NULL
4381,2026-07-14 01:42,Verde,35,Externat,NULL
4382,2026-07-30 02:05,Verde,123,Externat,NULL
4383,2026-07-26 12:31,Galben,144,Externat,NULL
4384,2026-07-23 11:12,Galben,76,Externat,NULL
4385,2026-07-25 11:34,Verde,70,Preluat,39
4386,2026-07-08 12:36,Rosu,30,Preluat,11
4387,2026-07-04 20:19,Verde,129,In Asteptare,NULL
4388,2026-07-18 00:08,Verde,200,Preluat,18
4389,2026-07-28 18:54,Galben,64,Externat,NULL
4390,2026-07-15 08:24,Galben,211,Externat,NULL
4391,2026-07-04 10:31,Verde,221,Externat,NULL
4392,2026-07-28 05:19,Verde,8,Externat,NULL
4393,2026-07-06 05:06,Verde,156,In Asteptare,NULL
4394,2026-07-12 02:24,Verde,112,Externat,NULL
4395,2026-07-02 20:15,Rosu,14,In Asteptare,NULL
4396,2026-07-30 07:33,Verde,233,In Asteptare,NULL
4397,2026-07-10 09:30,Galben,49,In Asteptare,NULL
4398,2026-07-04 18:36,Verde,67,Preluat,28
4399,2026-07-22 00:51,Galben,21,Preluat,30
4400,2026-07-21 19:36,Verde,195,In Asteptare,NULL
4401,2026-07-25 07:28,Galben,238,Preluat,36
4402,2026-07-12 18:34,Galben,34,Externat,NULL
4403,2026-07-21 09:36,Rosu,2,Externat,NULL
4404,2026-07-22 21:50,Galben,64,Externat,NULL
4405,2026-07-16 18:35,Galben,144,Externat,NULL
4406,2026-07-06 22:15,Verde,139,Externat,NULL
4407,2026-07-24 00:08,Galben,164,Externat,NULL
4408,2026-07-25 15:15,Galben,164,Preluat,48
4409,2026-07-26 00:14,Galben,36,Externat,NULL
4410,2026-07-23 22:39,Verde,22,Externat,NULL
4411,2026-07-25 06:56,Galben,56,In Asteptare,NULL
4412,2026-07-24 09:09,Galben,55,Externat,NULL
4413,2026-07-19 12:25,Galben,232,Externat,NULL
4414,2026-07-24 17:40,Galben,19,Externat,NULL
4415,2026-07-26 17:55,Verde,46,Externat,NULL
4416,2026-07-26 15:59,Verde,59,Externat,NULL
4417,2026-07-11 05:12,Galben,17,Externat,NULL
4418,2026-07-07 20:02,Galben,37,In Asteptare,NULL
4419,2026-07-15 04:12,Galben,142,Externat,NULL
4420,2026-07-23 02:22,Galben,221,Preluat,36
4421,2026-07-07 07:58,Verde,110,Externat,NULL
4422,2026-07-13 23:10,Galben,143,Externat,NULL
4423,2026-07-11 02:51,Verde,224,In Asteptare,NULL
4424,2026-07-13 10:10,Galben,118,In Asteptare,NULL
4425,2026-07-01 07:27,Galben,129,Externat,NULL
4426,2026-07-08 01:03,Verde,185,Externat,NULL
4427,2026-07-23 05:01,Verde,29,Externat,NULL
4428,2026-07-02 04:44,Galben,7,In Asteptare,NULL
4429,2026-07-14 18:14,Galben,56,In Asteptare,NULL
4430,2026-07-09 08:34,Galben,207,Preluat,33
4431,2026-07-08 09:22,Verde,44,Externat,NULL
4432,2026-07-10 20:52,Albastru,19,Preluat,47
4433,2026-07-16 17:48,Galben,230,Externat,NULL
4434,2026-07-20 14:21,Galben,8,Preluat,34
4435,2026-07-20 18:52,Galben,95,In Asteptare,NULL
4436,2026-07-26 23:12,Verde,214,Externat,NULL
4437,2026-07-24 09:55,Galben,195,Preluat,39
4438,2026-07-08 19:40,Verde,198,Externat,NULL
4439,2026-07-18 14:33,Verde,95,Externat,NULL
4440,2026-07-18 07:44,Rosu,4,Externat,NULL
4441,2026-07-02 18:58,Rosu,18,Externat,NULL
4442,2026-07-23 11:05,Rosu,15,Externat,NULL
4443,2026-07-30 18:37,Galben,123,Externat,NULL
4444,2026-07-09 06:13,Albastru,207,Externat,NULL
4445,2026-07-19 06:38,Galben,114,In Asteptare,NULL
4446,2026-07-06 10:33,Galben,11,Externat,NULL
4447,2026-07-18 10:43,Verde,68,Externat,NULL
4448,2026-07-06 15:01,Albastru,93,Externat,NULL
4449,2026-07-14 23:48,Rosu,30,Externat,NULL
4450,2026-07-24 18:26,Rosu,1,Preluat,6
4451,2026-07-01 15:00,Galben,144,Preluat,38
4452,2026-07-28 12:12,Galben,209,Externat,NULL
4453,2026-07-28 17:05,Galben,143,In Asteptare,NULL
4454,2026-07-05 06:45,Verde,175,Externat,NULL
4455,2026-07-28 19:21,Galben,211,Preluat,46
4456,2026-07-04 13:29,Verde,186,Externat,NULL
4457,2026-07-19 08:45,Verde,205,Preluat,39
4458,2026-07-02 20:20,Verde,107,Externat,NULL
4459,2026-07-08 01:21,Verde,71,Externat,NULL
4460,2026-07-10 20:01,Albastru,163,Externat,NULL
4461,2026-07-24 10:59,Verde,11,Preluat,4
4462,2026-07-06 15:09,Galben,52,Externat,NULL
4463,2026-07-02 21:10,Verde,224,Externat,NULL
4464,2026-07-22 02:15,Galben,103,Externat,NULL
4465,2026-07-05 18:30,Galben,228,Externat,NULL
4466,2026-07-14 03:23,Rosu,11,Externat,NULL
4467,2026-07-05 04:44,Galben,123,Externat,NULL
4468,2026-07-13 21:16,Galben,60,Preluat,13
4469,2026-07-18 18:05,Rosu,14,Externat,NULL
4470,2026-07-04 14:24,Rosu,23,In Asteptare,NULL
4471,2026-07-18 02:05,Albastru,56,Preluat,38
4472,2026-07-29 15:52,Galben,123,Externat,NULL
4473,2026-07-19 12:28,Verde,182,In Asteptare,NULL
4474,2026-07-25 09:42,Verde,202,Externat,NULL
4475,2026-07-02 19:14,Verde,15,Preluat,18
4476,2026-07-21 03:25,Galben,12,Externat,NULL
4477,2026-07-26 17:43,Verde,150,Externat,NULL
4478,2026-07-17 12:48,Galben,55,Externat,NULL
4479,2026-07-21 18:33,Verde,235,Externat,NULL
4480,2026-07-25 20:07,Galben,71,Preluat,25
4481,2026-07-21 23:34,Verde,181,Preluat,46
4482,2026-07-18 13:11,Galben,22,In Asteptare,NULL
4483,2026-07-11 00:51,Galben,7,Preluat,4
4484,2026-07-30 07:50,Verde,169,Externat,NULL
4485,2026-07-18 10:37,Galben,94,Externat,NULL
4486,2026-07-22 15:36,Verde,131,Preluat,15
4487,2026-07-28 10:21,Verde,77,Preluat,12
4488,2026-07-15 22:35,Verde,226,Preluat,25
4489,2026-07-28 16:29,Galben,133,Externat,NULL
4490,2026-07-08 15:55,Verde,216,Externat,NULL
4491,2026-07-14 04:04,Verde,206,Externat,NULL
4492,2026-07-24 08:59,Galben,132,In Asteptare,NULL
4493,2026-07-26 02:56,Albastru,211,Externat,NULL
4494,2026-07-20 12:00,Verde,167,In Asteptare,NULL
4495,2026-07-19 08:13,Verde,194,Externat,NULL
4496,2026-07-26 16:55,Verde,51,Externat,NULL
4497,2026-07-19 07:13,Verde,152,Externat,NULL
4498,2026-07-06 14:31,Verde,167,Externat,NULL
4499,2026-07-09 17:07,Galben,155,Preluat,40
4500,2026-07-18 16:57,Verde,210,Preluat,16
4501,2026-07-16 02:28,Galben,70,Externat,NULL
4502,2026-07-20 17:36,Galben,88,Externat,NULL
4503,2026-07-26 02:20,Galben,51,Externat,NULL
4504,2026-07-18 13:03,Rosu,29,Externat,NULL
4505,2026-07-01 14:30,Galben,105,Preluat,31
4506,2026-07-10 16:51,Galben,163,Externat,NULL
4507,2026-07-20 10:37,Verde,150,Externat,NULL
4508,2026-07-18 13:41,Albastru,150,Externat,NULL
4509,2026-07-11 03:13,Albastru,25,Externat,NULL
4510,2026-07-28 08:12,Rosu,21,Preluat,46
4511,2026-07-25 01:48,Galben,159,Preluat,23
4512,2026-07-02 15:57,Galben,13,In Asteptare,NULL
4513,2026-07-18 15:11,Rosu,20,Preluat,2
4514,2026-07-02 04:27,Verde,240,In Asteptare,NULL
4515,2026-07-02 16:03,Albastru,53,Externat,NULL
4516,2026-07-10 11:49,Verde,47,Preluat,36
4517,2026-07-03 20:58,Verde,183,In Asteptare,NULL
4518,2026-07-11 04:11,Galben,139,Externat,NULL
4519,2026-07-18 03:09,Galben,40,Preluat,36
4520,2026-07-29 19:06,Verde,128,Preluat,34
4521,2026-07-17 23:03,Verde,207,Externat,NULL
4522,2026-07-08 13:06,Verde,47,Preluat,8
4523,2026-07-28 20:03,Verde,217,Externat,NULL
4524,2026-07-26 15:18,Rosu,19,Preluat,32
4525,2026-07-03 01:21,Verde,235,Preluat,40
4526,2026-07-05 07:01,Verde,111,Preluat,22
4527,2026-07-09 14:19,Galben,166,Preluat,49
4528,2026-07-02 19:41,Rosu,4,Preluat,5
4529,2026-07-10 09:43,Galben,230,Preluat,43
4530,2026-07-21 23:24,Galben,18,Preluat,1
4531,2026-07-09 19:40,Galben,48,In Asteptare,NULL
4532,2026-07-18 12:21,Galben,116,Externat,NULL
4533,2026-07-22 01:19,Verde,50,Externat,NULL
4534,2026-07-22 10:54,Verde,237,Externat,NULL
4535,2026-07-10 11:45,Verde,237,Preluat,16
4536,2026-07-05 09:09,Galben,53,Preluat,35
4537,2026-07-28 06:55,Albastru,146,Externat,NULL
4538,2026-07-11 14:27,Verde,17,Preluat,14
4539,2026-07-02 02:55,Galben,108,Externat,NULL
4540,2026-07-07 00:38,Verde,65,Externat,NULL
4541,2026-07-13 02:42,Rosu,24,Externat,NULL
4542,2026-07-26 03:34,Verde,66,Preluat,10
4543,2026-07-13 14:12,Galben,149,Externat,NULL
4544,2026-07-02 17:05,Verde,187,In Asteptare,NULL
4545,2026-07-08 20:21,Verde,29,In Asteptare,NULL
4546,2026-07-12 15:23,Verde,182,Preluat,38
4547,2026-07-02 13:32,Galben,120,In Asteptare,NULL
4548,2026-07-15 12:31,Verde,125,Externat,NULL
4549,2026-07-20 09:41,Verde,217,In Asteptare,NULL
4550,2026-07-15 20:18,Verde,75,Externat,NULL
4551,2026-07-19 03:14,Galben,234,Preluat,2
4552,2026-07-30 10:18,Verde,235,Externat,NULL
4553,2026-07-26 12:02,Rosu,24,Preluat,17
4554,2026-07-02 13:44,Verde,86,In Asteptare,NULL
4555,2026-07-26 20:34,Albastru,7,Preluat,14
4556,2026-07-21 11:28,Albastru,161,Preluat,48
4557,2026-07-06 21:14,Albastru,235,Preluat,24
4558,2026-07-29 06:53,Verde,232,In Asteptare,NULL
4559,2026-07-10 06:40,Verde,121,Preluat,38
4560,2026-07-16 02:06,Verde,238,Externat,NULL
4561,2026-07-03 22:59,Galben,95,In Asteptare,NULL
4562,2026-07-08 17:51,Verde,192,Externat,NULL
4563,2026-07-26 03:56,Verde,93,Preluat,28
4564,2026-07-10 17:06,Galben,199,Preluat,13
4565,2026-07-02 05:59,Galben,77,Preluat,28
4566,2026-07-23 18:19,Galben,152,In Asteptare,NULL
4567,2026-07-14 01:46,Verde,66,Preluat,17
4568,2026-07-20 09:52,Verde,101,Externat,NULL
4569,2026-07-17 05:26,Rosu,5,In Asteptare,NULL
4570,2026-07-25 22:31,Verde,74,Preluat,16
4571,2026-07-07 02:05,Galben,18,Externat,NULL
4572,2026-07-14 13:07,Verde,126,Externat,NULL
4573,2026-07-06 21:08,Galben,219,Externat,NULL
4574,2026-07-01 07:09,Galben,131,Externat,NULL
4575,2026-07-02 18:50,Galben,234,Preluat,10
4576,2026-07-24 13:45,Verde,79,Preluat,16
4577,2026-07-08 05:51,Galben,165,Preluat,17
4578,2026-07-17 12:25,Verde,15,Externat,NULL
4579,2026-07-29 06:50,Rosu,17,Preluat,11
4580,2026-07-09 02:53,Galben,141,Preluat,7
4581,2026-07-30 18:31,Verde,19,Externat,NULL
4582,2026-07-16 20:15,Galben,68,Externat,NULL
4583,2026-07-22 04:24,Verde,144,Externat,NULL
4584,2026-07-22 10:49,Galben,23,In Asteptare,NULL
4585,2026-07-27 20:04,Verde,236,In Asteptare,NULL
4586,2026-07-13 19:28,Verde,22,Externat,NULL
4587,2026-07-28 00:14,Albastru,238,Externat,NULL
4588,2026-07-25 14:49,Galben,196,Preluat,13
4589,2026-07-07 12:28,Rosu,1,Externat,NULL
4590,2026-07-12 02:51,Verde,36,In Asteptare,NULL
4591,2026-07-05 01:54,Verde,220,In Asteptare,NULL
4592,2026-07-30 23:47,Verde,109,In Asteptare,NULL
4593,2026-07-10 07:05,Albastru,132,Externat,NULL
4594,2026-07-05 10:50,Galben,236,Preluat,9
4595,2026-07-30 09:38,Galben,153,Externat,NULL
4596,2026-07-17 20:43,Verde,121,Externat,NULL
4597,2026-07-30 13:05,Galben,35,Externat,NULL
4598,2026-07-28 04:16,Verde,66,Preluat,32
4599,2026-07-04 01:03,Rosu,4,Preluat,12
4600,2026-07-22 06:57,Galben,52,Externat,NULL
4601,2026-07-21 05:35,Galben,28,Externat,NULL
4602,2026-07-27 04:13,Albastru,51,Externat,NULL
4603,2026-07-30 12:16,Verde,16,Externat,NULL
4604,2026-07-23 12:14,Verde,149,In Asteptare,NULL
4605,2026-07-30 09:25,Galben,59,Preluat,7
4606,2026-07-13 03:13,Verde,22,Preluat,34
4607,2026-07-21 03:44,Verde,230,Externat,NULL
4608,2026-07-17 07:08,Verde,216,Externat,NULL
4609,2026-07-09 07:43,Galben,84,Externat,NULL
4610,2026-07-27 18:15,Galben,134,Externat,NULL
4611,2026-07-16 11:23,Galben,155,Externat,NULL
4612,2026-07-09 19:01,Verde,192,Externat,NULL
4613,2026-07-01 22:53,Galben,234,Externat,NULL
4614,2026-07-05 18:35,Verde,237,Externat,NULL
4615,2026-07-25 02:31,Galben,177,Externat,NULL
4616,2026-07-20 04:05,Verde,73,Externat,NULL
4617,2026-07-10 23:17,Galben,28,In Asteptare,NULL
4618,2026-07-03 05:02,Rosu,3,In Asteptare,NULL
4619,2026-07-29 17:33,Verde,109,Externat,NULL
4620,2026-07-13 18:07,Galben,230,In Asteptare,NULL
4621,2026-07-17 14:13,Rosu,3,Preluat,38
4622,2026-07-06 18:21,Verde,236,Externat,NULL
4623,2026-07-08 14:45,Rosu,27,Preluat,16
4624,2026-07-21 07:18,Galben,236,In Asteptare,NULL
4625,2026-07-17 19:12,Galben,34,Externat,NULL
4626,2026-07-10 18:40,Rosu,1,Externat,NULL
4627,2026-07-04 11:07,Verde,240,In Asteptare,NULL
4628,2026-07-18 20:14,Verde,222,Preluat,45
4629,2026-07-14 05:49,Verde,229,Externat,NULL
4630,2026-07-08 04:34,Verde,110,In Asteptare,NULL
4631,2026-07-13 05:31,Verde,225,Externat,NULL
4632,2026-07-29 16:35,Verde,203,Preluat,14
4633,2026-07-19 14:08,Albastru,32,Externat,NULL
4634,2026-07-11 11:31,Verde,94,Externat,NULL
4635,2026-07-07 14:31,Verde,199,Preluat,34
4636,2026-07-28 20:50,Galben,11,Externat,NULL
4637,2026-07-19 16:30,Rosu,16,Externat,NULL
4638,2026-07-11 17:46,Rosu,5,Externat,NULL
4639,2026-07-21 12:59,Rosu,27,In Asteptare,NULL
4640,2026-07-01 22:53,Galben,233,Preluat,12
4641,2026-07-14 14:34,Rosu,14,Preluat,40
4642,2026-07-28 00:45,Verde,179,Externat,NULL
4643,2026-07-22 08:20,Galben,103,Externat,NULL
4644,2026-07-30 13:54,Verde,115,Externat,NULL
4645,2026-07-27 15:18,Galben,224,Externat,NULL
4646,2026-07-10 15:12,Rosu,27,Preluat,47
4647,2026-07-19 12:59,Verde,45,In Asteptare,NULL
4648,2026-07-12 02:18,Albastru,85,Preluat,44
4649,2026-07-05 07:26,Galben,26,Externat,NULL
4650,2026-07-15 10:59,Verde,175,In Asteptare,NULL
4651,2026-07-04 18:18,Verde,193,Externat,NULL
4652,2026-07-10 07:11,Galben,124,Externat,NULL
4653,2026-07-06 02:38,Rosu,20,Preluat,7
4654,2026-07-19 23:54,Albastru,70,Externat,NULL
4655,2026-07-09 00:39,Verde,220,Externat,NULL
4656,2026-07-26 03:06,Galben,156,In Asteptare,NULL
4657,2026-07-06 05:27,Albastru,67,Externat,NULL
4658,2026-07-19 04:38,Verde,156,Externat,NULL
4659,2026-07-20 22:21,Verde,211,In Asteptare,NULL
4660,2026-07-28 15:37,Verde,76,In Asteptare,NULL
4661,2026-07-22 22:10,Galben,74,Preluat,27
4662,2026-07-19 09:10,Verde,112,In Asteptare,NULL
4663,2026-07-17 04:53,Verde,23,Externat,NULL
4664,2026-07-29 00:24,Verde,230,Externat,NULL
4665,2026-07-20 03:52,Albastru,99,Externat,NULL
4666,2026-07-01 19:53,Verde,101,Externat,NULL
4667,2026-07-26 22:55,Verde,74,Preluat,4
4668,2026-07-13 23:37,Verde,196,Externat,NULL
4669,2026-07-07 05:29,Verde,200,Preluat,9
4670,2026-07-29 21:23,Galben,50,Externat,NULL
4671,2026-07-28 03:39,Rosu,26,Preluat,24
4672,2026-07-20 21:52,Verde,65,In Asteptare,NULL
4673,2026-07-30 00:15,Galben,205,Externat,NULL
4674,2026-07-26 10:26,Verde,230,In Asteptare,NULL
4675,2026-07-02 04:20,Galben,232,In Asteptare,NULL
4676,2026-07-14 06:23,Galben,15,Externat,NULL
4677,2026-07-15 06:27,Verde,13,In Asteptare,NULL
4678,2026-07-24 12:10,Galben,157,Externat,NULL
4679,2026-07-06 14:24,Galben,48,Preluat,37
4680,2026-07-24 23:06,Albastru,183,Preluat,27
4681,2026-07-13 19:14,Verde,194,In Asteptare,NULL
4682,2026-07-04 22:07,Verde,180,Preluat,45
4683,2026-07-12 09:44,Verde,147,Preluat,6
4684,2026-07-23 14:01,Albastru,183,In Asteptare,NULL
4685,2026-07-13 21:00,Galben,31,Externat,NULL
4686,2026-07-04 23:15,Verde,213,Externat,NULL
4687,2026-07-10 11:03,Verde,25,Preluat,31
4688,2026-07-15 04:47,Galben,210,Externat,NULL
4689,2026-07-18 17:22,Galben,177,Externat,NULL
4690,2026-07-28 21:40,Galben,234,Externat,NULL
4691,2026-07-09 11:12,Rosu,6,Preluat,5
4692,2026-07-10 00:21,Verde,225,Externat,NULL
4693,2026-07-07 17:26,Albastru,217,Externat,NULL
4694,2026-07-06 03:37,Galben,226,Externat,NULL
4695,2026-07-28 06:09,Verde,76,Externat,NULL
4696,2026-07-17 00:10,Rosu,25,Preluat,28
4697,2026-07-12 12:56,Verde,79,In Asteptare,NULL
4698,2026-07-23 04:53,Galben,11,Externat,NULL
4699,2026-07-16 11:53,Galben,55,Externat,NULL
4700,2026-07-28 03:30,Rosu,28,Preluat,31
4701,2026-07-10 12:19,Verde,94,Externat,NULL
4702,2026-07-08 05:47,Galben,31,Externat,NULL
4703,2026-07-28 10:44,Galben,107,Externat,NULL
4704,2026-07-13 12:36,Albastru,163,In Asteptare,NULL
4705,2026-07-27 12:11,Verde,145,Preluat,19
4706,2026-07-27 05:40,Verde,232,Externat,NULL
4707,2026-07-30 14:34,Verde,145,Externat,NULL
4708,2026-07-13 15:25,Rosu,13,Externat,NULL
4709,2026-07-30 09:01,Albastru,163,In Asteptare,NULL
4710,2026-07-26 02:54,Rosu,6,Preluat,38
4711,2026-07-20 15:55,Rosu,19,Externat,NULL
4712,2026-07-13 15:45,Galben,7,Preluat,16
4713,2026-07-29 14:58,Galben,233,Externat,NULL
4714,2026-07-03 15:43,Galben,29,Preluat,5
4715,2026-07-26 12:52,Verde,49,Externat,NULL
4716,2026-07-07 07:25,Galben,13,In Asteptare,NULL
4717,2026-07-24 04:57,Verde,91,Externat,NULL
4718,2026-07-07 12:45,Verde,160,Preluat,5
4719,2026-07-11 23:35,Galben,46,Preluat,26
4720,2026-07-30 15:58,Rosu,7,In Asteptare,NULL
4721,2026-07-11 16:48,Galben,101,Externat,NULL
4722,2026-07-10 10:19,Verde,121,Externat,NULL
4723,2026-07-19 15:05,Rosu,27,Preluat,41
4724,2026-07-28 15:15,Galben,230,Externat,NULL
4725,2026-07-09 10:43,Galben,33,Externat,NULL
4726,2026-07-15 22:24,Galben,199,Externat,NULL
4727,2026-07-02 22:49,Rosu,20,Preluat,45
4728,2026-07-08 10:01,Verde,58,In Asteptare,NULL
4729,2026-07-28 13:08,Galben,31,Externat,NULL
4730,2026-07-13 00:27,Verde,54,In Asteptare,NULL
4731,2026-07-08 07:12,Galben,61,Preluat,10
4732,2026-07-01 21:36,Galben,211,In Asteptare,NULL
4733,2026-07-16 01:20,Verde,124,Externat,NULL
4734,2026-07-08 17:56,Galben,30,Externat,NULL
4735,2026-07-02 06:58,Galben,22,Externat,NULL
4736,2026-07-30 07:20,Galben,171,Preluat,21
4737,2026-07-15 03:16,Galben,226,In Asteptare,NULL
4738,2026-07-03 08:22,Verde,6,Externat,NULL
4739,2026-07-06 21:44,Galben,153,In Asteptare,NULL
4740,2026-07-15 10:48,Verde,217,Externat,NULL
4741,2026-07-03 07:55,Verde,229,Externat,NULL
4742,2026-07-21 14:07,Galben,221,Preluat,17
4743,2026-07-04 19:31,Galben,171,Preluat,1
4744,2026-07-02 09:26,Verde,88,Preluat,44
4745,2026-07-03 18:12,Verde,204,Externat,NULL
4746,2026-07-17 06:06,Verde,77,Externat,NULL
4747,2026-07-16 03:39,Verde,189,In Asteptare,NULL
4748,2026-07-13 17:25,Albastru,160,Externat,NULL
4749,2026-07-12 19:24,Verde,105,In Asteptare,NULL
4750,2026-07-02 03:43,Verde,139,Externat,NULL
4751,2026-07-27 23:05,Rosu,11,Preluat,16
4752,2026-07-17 12:03,Verde,192,Externat,NULL
4753,2026-07-20 02:37,Albastru,219,Preluat,30
4754,2026-07-04 08:23,Galben,143,Preluat,40
4755,2026-07-20 23:46,Verde,49,Preluat,46
4756,2026-07-05 22:06,Verde,228,In Asteptare,NULL
4757,2026-07-11 01:05,Galben,222,Preluat,36
4758,2026-07-03 09:01,Galben,36,Externat,NULL
4759,2026-07-18 02:23,Verde,214,Externat,NULL
4760,2026-07-08 08:50,Verde,39,In Asteptare,NULL
4761,2026-07-01 21:02,Verde,160,Externat,NULL
4762,2026-07-28 12:36,Rosu,21,Externat,NULL
4763,2026-07-08 15:02,Verde,84,Externat,NULL
4764,2026-07-20 17:53,Galben,116,Externat,NULL
4765,2026-07-29 13:19,Verde,94,Externat,NULL
4766,2026-07-18 11:53,Verde,222,Externat,NULL
4767,2026-07-24 07:21,Galben,94,Preluat,14
4768,2026-07-27 20:07,Verde,74,Externat,NULL
4769,2026-07-11 20:11,Verde,82,In Asteptare,NULL
4770,2026-07-26 07:40,Verde,9,Preluat,20
4771,2026-07-21 21:37,Verde,21,Preluat,25
4772,2026-07-02 17:00,Verde,20,Externat,NULL
4773,2026-07-01 23:36,Rosu,13,Externat,NULL
4774,2026-07-30 12:58,Galben,89,Externat,NULL
4775,2026-07-16 02:44,Rosu,17,Externat,NULL
4776,2026-07-14 10:13,Galben,214,In Asteptare,NULL
4777,2026-07-13 07:42,Rosu,24,Externat,NULL
4778,2026-07-01 14:29,Galben,6,Preluat,40
4779,2026-07-04 17:03,Verde,45,In Asteptare,NULL
4780,2026-07-30 02:01,Verde,180,Externat,NULL
4781,2026-07-23 12:21,Galben,13,Preluat,2
4782,2026-07-14 00:00,Galben,42,Externat,NULL
4783,2026-07-03 06:33,Galben,88,Preluat,27
4784,2026-07-01 19:35,Verde,12,Externat,NULL
4785,2026-07-14 12:42,Galben,200,Preluat,40
4786,2026-07-28 03:00,Galben,239,Externat,NULL
4787,2026-07-27 22:34,Rosu,16,In Asteptare,NULL
4788,2026-07-28 15:58,Rosu,22,Preluat,38
4789,2026-07-08 10:43,Galben,78,Preluat,32
4790,2026-07-29 23:57,Galben,128,In Asteptare,NULL
4791,2026-07-04 03:21,Albastru,176,In Asteptare,NULL
4792,2026-07-11 03:50,Verde,132,In Asteptare,NULL
4793,2026-07-08 20:42,Rosu,30,Preluat,31
4794,2026-07-17 15:05,Verde,86,Preluat,13
4795,2026-07-28 10:06,Verde,134,Externat,NULL
4796,2026-07-22 12:11,Galben,222,Externat,NULL
4797,2026-07-01 00:38,Verde,208,Externat,NULL
4798,2026-07-08 04:33,Rosu,23,Externat,NULL
4799,2026-07-25 12:11,Galben,130,Preluat,47
4800,2026-07-03 00:53,Galben,203,Preluat,31
4801,2026-07-28 18:21,Albastru,136,Preluat,20
4802,2026-07-26 09:51,Albastru,94,In Asteptare,NULL
4803,2026-07-25 17:42,Rosu,25,Externat,NULL
4804,2026-07-24 02:09,Verde,221,Externat,NULL
4805,2026-07-25 17:15,Rosu,12,Preluat,35
4806,2026-07-03 07:34,Verde,194,Preluat,41
4807,2026-07-28 04:53,Albastru,83,Preluat,44
4808,2026-07-07 02:09,Verde,196,Externat,NULL
4809,2026-07-26 08:09,Galben,22,Externat,NULL
4810,2026-07-19 11:23,Galben,187,Externat,NULL
4811,2026-07-13 15:54,Galben,130,Externat,NULL
4812,2026-07-11 21:21,Verde,39,In Asteptare,NULL
4813,2026-07-06 11:10,Verde,172,Preluat,14
4814,2026-07-25 02:18,Verde,36,Externat,NULL
4815,2026-07-22 15:23,Rosu,29,Preluat,15
4816,2026-07-17 00:06,Galben,54,Preluat,39
4817,2026-07-09 05:32,Verde,86,Preluat,22
4818,2026-07-06 17:41,Galben,174,Externat,NULL
4819,2026-07-27 23:07,Albastru,120,Preluat,30
4820,2026-07-20 23:32,Verde,25,In Asteptare,NULL
4821,2026-07-02 17:13,Galben,113,Preluat,13
4822,2026-07-26 18:28,Verde,191,Externat,NULL
4823,2026-07-07 13:44,Verde,21,Externat,NULL
4824,2026-07-15 03:12,Galben,18,Preluat,21
4825,2026-07-12 06:35,Galben,147,Externat,NULL
4826,2026-07-24 03:54,Galben,15,Externat,NULL
4827,2026-07-13 20:41,Galben,86,In Asteptare,NULL
4828,2026-07-02 03:30,Verde,196,Externat,NULL
4829,2026-07-28 22:14,Albastru,194,Preluat,43
4830,2026-07-28 20:25,Verde,195,In Asteptare,NULL
4831,2026-07-22 23:19,Galben,58,Externat,NULL
4832,2026-07-10 22:36,Verde,172,Preluat,25
4833,2026-07-02 21:25,Verde,79,Externat,NULL
4834,2026-07-30 11:56,Verde,109,Externat,NULL
4835,2026-07-08 13:46,Galben,174,Preluat,4
4836,2026-07-28 18:30,Verde,88,Preluat,10
4837,2026-07-06 03:31,Verde,150,Preluat,3
4838,2026-07-06 05:26,Galben,29,Preluat,45
4839,2026-07-14 07:25,Rosu,26,Externat,NULL
4840,2026-07-18 18:56,Galben,91,Preluat,8
4841,2026-07-07 10:23,Verde,211,Externat,NULL
4842,2026-07-23 11:44,Albastru,112,In Asteptare,NULL
4843,2026-07-25 05:45,Galben,64,Externat,NULL
4844,2026-07-22 14:57,Verde,205,Externat,NULL
4845,2026-07-23 04:16,Albastru,155,Externat,NULL
4846,2026-07-23 18:14,Verde,134,Externat,NULL
4847,2026-07-15 07:22,Rosu,18,Externat,NULL
4848,2026-07-08 12:48,Galben,212,Preluat,8
4849,2026-07-18 20:19,Albastru,143,Externat,NULL
4850,2026-07-18 04:18,Verde,13,Externat,NULL
4851,2026-07-28 01:46,Albastru,47,In Asteptare,NULL
4852,2026-07-27 03:34,Rosu,28,Externat,NULL
4853,2026-07-08 09:56,Rosu,26,Externat,NULL
4854,2026-07-28 16:06,Verde,94,Preluat,32
4855,2026-07-05 07:59,Rosu,25,In Asteptare,NULL
4856,2026-07-28 23:30,Albastru,130,Preluat,17
4857,2026-07-26 23:53,Verde,195,Externat,NULL
4858,2026-07-30 06:50,Galben,227,Externat,NULL
4859,2026-07-09 12:06,Verde,230,Externat,NULL
4860,2026-07-04 12:17,Galben,46,Preluat,23
4861,2026-07-13 18:49,Verde,153,Externat,NULL
4862,2026-07-09 12:44,Verde,168,Externat,NULL
4863,2026-07-30 21:15,Galben,95,Preluat,18
4864,2026-07-23 23:23,Galben,44,In Asteptare,NULL
4865,2026-07-11 23:03,Verde,187,In Asteptare,NULL
4866,2026-07-12 01:31,Galben,138,In Asteptare,NULL
4867,2026-07-02 16:13,Verde,160,Preluat,10
4868,2026-07-21 01:07,Verde,157,Externat,NULL
4869,2026-07-23 15:00,Albastru,30,Externat,NULL
4870,2026-07-30 17:18,Verde,84,Externat,NULL
4871,2026-07-30 19:45,Galben,173,Externat,NULL
4872,2026-07-15 07:14,Verde,180,Preluat,47
4873,2026-07-24 10:02,Verde,184,Externat,NULL
4874,2026-07-05 06:15,Rosu,19,Externat,NULL
4875,2026-07-09 12:20,Galben,95,Externat,NULL
4876,2026-07-21 16:00,Verde,233,Preluat,10
4877,2026-07-16 11:46,Albastru,217,Externat,NULL
4878,2026-07-08 03:19,Verde,156,Externat,NULL
4879,2026-07-29 10:53,Rosu,11,Externat,NULL
4880,2026-07-09 14:14,Verde,126,In Asteptare,NULL
4881,2026-07-02 06:53,Verde,152,Preluat,39
4882,2026-07-25 09:56,Verde,117,Externat,NULL
4883,2026-07-12 04:39,Verde,231,Preluat,25
4884,2026-07-30 15:23,Galben,116,Preluat,25
4885,2026-07-21 00:44,Galben,145,Externat,NULL
4886,2026-07-28 13:13,Verde,233,Externat,NULL
4887,2026-07-24 01:01,Galben,88,Preluat,36
4888,2026-07-11 21:07,Verde,208,Externat,NULL
4889,2026-07-20 02:18,Verde,235,Preluat,11
4890,2026-07-28 15:00,Verde,101,Externat,NULL
4891,2026-07-15 05:09,Verde,187,Preluat,50
4892,2026-07-27 20:48,Verde,47,Preluat,46
4893,2026-07-10 10:56,Verde,138,Externat,NULL
4894,2026-07-24 12:56,Verde,220,Externat,NULL
4895,2026-07-08 17:14,Galben,62,In Asteptare,NULL
4896,2026-07-28 06:26,Verde,74,In Asteptare,NULL
4897,2026-07-08 23:32,Verde,133,Preluat,3
4898,2026-07-22 12:49,Verde,197,Preluat,48
4899,2026-07-07 12:30,Verde,43,Preluat,16
4900,2026-07-08 10:34,Galben,40,Externat,NULL
4901,2026-07-05 22:38,Galben,120,Externat,NULL
4902,2026-07-02 22:43,Verde,59,Externat,NULL
4903,2026-07-12 18:01,Galben,201,Externat,NULL
4904,2026-07-17 06:52,Albastru,203,In Asteptare,NULL
4905,2026-07-28 18:10,Verde,222,Externat,NULL
4906,2026-07-21 16:15,Rosu,1,Externat,NULL
4907,2026-07-14 16:16,Galben,10,Externat,NULL
4908,2026-07-23 22:56,Galben,54,Preluat,49
4909,2026-07-03 04:52,Verde,38,Preluat,24
4910,2026-07-22 14:01,Albastru,118,Externat,NULL
4911,2026-07-07 17:51,Verde,144,Externat,NULL
4912,2026-07-03 11:05,Galben,77,Externat,NULL
4913,2026-07-08 04:30,Verde,166,In Asteptare,NULL
4914,2026-07-07 18:49,Verde,14,Preluat,15
4915,2026-07-23 23:10,Verde,117,Externat,NULL
4916,2026-07-13 22:53,Verde,205,Preluat,22
4917,2026-07-13 15:30,Rosu,19,Preluat,21
4918,2026-07-22 00:20,Verde,96,Externat,NULL
4919,2026-07-07 16:57,Albastru,54,In Asteptare,NULL
4920,2026-07-12 14:58,Verde,169,In Asteptare,NULL
4921,2026-07-09 01:50,Verde,60,Preluat,7
4922,2026-07-19 16:04,Verde,23,Externat,NULL
4923,2026-07-28 21:18,Rosu,26,Preluat,23
4924,2026-07-17 08:52,Galben,45,Preluat,42
4925,2026-07-16 00:03,Albastru,228,Externat,NULL
4926,2026-07-15 00:02,Verde,164,Externat,NULL
4927,2026-07-24 17:48,Verde,75,Externat,NULL
4928,2026-07-06 17:28,Verde,100,Preluat,11
4929,2026-07-27 01:57,Verde,83,Externat,NULL
4930,2026-07-03 13:24,Galben,19,Preluat,4
4931,2026-07-21 21:00,Verde,69,In Asteptare,NULL
4932,2026-07-09 07:29,Galben,147,Preluat,9
4933,2026-07-06 12:11,Verde,173,Externat,NULL
4934,2026-07-20 07:28,Verde,205,Externat,NULL
4935,2026-07-10 22:19,Albastru,225,Externat,NULL
4936,2026-07-14 16:27,Galben,75,Externat,NULL
4937,2026-07-19 02:33,Verde,69,Externat,NULL
4938,2026-07-12 08:53,Verde,236,Externat,NULL
4939,2026-07-06 17:03,Rosu,5,Externat,NULL
4940,2026-07-02 14:11,Verde,237,Preluat,17
4941,2026-07-12 15:10,Galben,47,Preluat,5
4942,2026-07-02 07:03,Verde,162,Preluat,23
4943,2026-07-24 12:35,Verde,22,Preluat,38
4944,2026-07-25 16:07,Verde,48,Externat,NULL
4945,2026-07-24 02:43,Galben,146,In Asteptare,NULL
4946,2026-07-13 12:11,Galben,78,In Asteptare,NULL
4947,2026-07-21 20:53,Galben,92,Preluat,11
4948,2026-07-08 01:25,Galben,219,Externat,NULL
4949,2026-07-26 00:48,Verde,31,Externat,NULL
4950,2026-07-22 22:57,Galben,21,Externat,NULL
4951,2026-07-29 13:09,Galben,134,In Asteptare,NULL
4952,2026-07-13 10:15,Verde,203,Externat,NULL
4953,2026-07-21 09:46,Albastru,8,Preluat,15
4954,2026-07-20 14:55,Galben,171,Preluat,22
4955,2026-07-25 20:57,Galben,145,Externat,NULL
4956,2026-07-03 20:40,Galben,66,Preluat,21
4957,2026-07-17 19:11,Verde,135,Preluat,34
4958,2026-07-24 14:18,Rosu,13,Preluat,27
4959,2026-07-18 08:53,Galben,140,Externat,NULL
4960,2026-07-30 09:10,Albastru,92,Preluat,10
4961,2026-07-01 07:56,Verde,215,Externat,NULL
4962,2026-07-12 07:37,Verde,70,In Asteptare,NULL
4963,2026-07-17 21:39,Verde,220,In Asteptare,NULL
4964,2026-07-18 03:00,Verde,135,Preluat,6
4965,2026-07-04 02:52,Galben,188,Preluat,13
4966,2026-07-29 23:43,Galben,50,In Asteptare,NULL
4967,2026-07-13 01:37,Galben,191,Externat,NULL
4968,2026-07-14 09:38,Verde,16,In Asteptare,NULL
4969,2026-07-08 15:36,Verde,42,In Asteptare,NULL
4970,2026-07-18 06:50,Albastru,64,Externat,NULL
4971,2026-07-08 00:31,Galben,7,Preluat,49
4972,2026-07-16 06:38,Rosu,23,Externat,NULL
4973,2026-07-14 18:55,Galben,132,In Asteptare,NULL
4974,2026-07-21 00:49,Verde,87,In Asteptare,NULL
4975,2026-07-23 19:14,Galben,84,Preluat,41
4976,2026-07-28 11:54,Verde,123,Externat,NULL
4977,2026-07-16 20:57,Albastru,93,Externat,NULL
4978,2026-07-19 10:28,Verde,159,Preluat,16
4979,2026-07-05 19:09,Rosu,14,Externat,NULL
4980,2026-07-13 06:58,Albastru,110,In Asteptare,NULL
4981,2026-07-23 21:09,Albastru,20,Externat,NULL
4982,2026-07-01 01:01,Verde,134,Externat,NULL
4983,2026-07-05 07:44,Galben,139,Externat,NULL
4984,2026-07-26 05:51,Rosu,1,Externat,NULL
4985,2026-07-10 06:27,Albastru,88,In Asteptare,NULL
4986,2026-07-12 13:12,Galben,229,Externat,NULL
4987,2026-07-17 14:42,Galben,162,Preluat,50
4988,2026-07-25 03:59,Verde,129,Externat,NULL
4989,2026-07-20 15:19,Galben,225,Preluat,40
4990,2026-07-11 09:12,Verde,120,In Asteptare,NULL
4991,2026-07-09 05:07,Verde,216,Preluat,44
4992,2026-07-14 04:50,Verde,70,Preluat,24
4993,2026-07-12 20:12,Verde,66,Externat,NULL
4994,2026-07-21 17:41,Verde,140,Externat,NULL
4995,2026-07-10 20:52,Verde,200,Externat,NULL
4996,2026-07-23 14:42,Galben,9,Externat,NULL
4997,2026-07-25 21:59,Verde,89,Preluat,26
4998,2026-07-05 14:19,Verde,158,Externat,NULL
4999,2026-07-07 07:18,Verde,59,Externat,NULL
5000,2026-07-08 01:11,Verde,158,Externat,NULL
5001,2026-07-08 11:13,Albastru,192,Externat,NULL
5002,2026-07-25 02:18,Verde,114,In Asteptare,NULL
5003,2026-07-22 18:14,Verde,220,In Asteptare,NULL
5004,2026-07-11 20:17,Verde,65,Externat,NULL
5005,2026-07-02 15:10,Galben,195,Externat,NULL
5006,2026-07-25 04:01,Galben,97,Externat,NULL
5007,2026-07-21 02:05,Verde,216,Externat,NULL
5008,2026-07-23 15:52,Verde,111,In Asteptare,NULL
5009,2026-07-09 14:56,Verde,68,Externat,NULL
5010,2026-07-16 23:52,Verde,198,Preluat,6
5011,2026-07-22 02:00,Verde,96,In Asteptare,NULL
5012,2026-07-11 16:42,Verde,26,In Asteptare,NULL
5013,2026-07-26 17:40,Verde,95,Externat,NULL
5014,2026-07-26 15:13,Verde,85,Preluat,10
5015,2026-07-30 11:22,Verde,54,Preluat,26
5016,2026-07-30 22:24,Verde,73,Externat,NULL
5017,2026-07-15 17:34,Verde,38,Externat,NULL
5018,2026-07-02 04:42,Albastru,52,Externat,NULL
5019,2026-07-19 07:24,Verde,40,Externat,NULL
5020,2026-07-29 11:29,Galben,53,Externat,NULL
5021,2026-07-12 17:57,Albastru,184,Externat,NULL
5022,2026-07-01 23:54,Rosu,1,Preluat,40
5023,2026-07-11 15:17,Verde,25,Externat,NULL
5024,2026-07-20 13:59,Galben,157,Preluat,25
5025,2026-07-09 14:32,Rosu,30,Externat,NULL
5026,2026-07-06 16:47,Verde,38,Preluat,47
5027,2026-07-21 11:56,Galben,155,Preluat,19
5028,2026-07-22 03:04,Verde,238,Preluat,7
5029,2026-07-01 14:44,Galben,192,In Asteptare,NULL
5030,2026-07-19 03:06,Verde,228,Externat,NULL
5031,2026-07-23 14:29,Albastru,103,In Asteptare,NULL
5032,2026-07-01 03:31,Galben,26,Externat,NULL
5033,2026-07-28 07:36,Verde,14,Preluat,26
5034,2026-07-26 11:36,Verde,226,Externat,NULL
5035,2026-07-20 02:42,Galben,33,In Asteptare,NULL
5036,2026-07-21 09:32,Verde,190,Externat,NULL
5037,2026-07-29 08:54,Verde,201,In Asteptare,NULL
5038,2026-07-01 20:55,Verde,85,In Asteptare,NULL
5039,2026-07-14 00:07,Albastru,225,Externat,NULL
5040,2026-07-12 04:30,Galben,172,Externat,NULL
5041,2026-07-02 08:38,Verde,237,Externat,NULL
5042,2026-07-20 17:09,Verde,56,Externat,NULL
5043,2026-07-21 22:28,Albastru,6,In Asteptare,NULL
5044,2026-07-25 04:27,Verde,211,Preluat,5
5045,2026-07-19 11:21,Albastru,47,In Asteptare,NULL
5046,2026-07-04 05:55,Galben,19,Externat,NULL
5047,2026-07-22 01:36,Galben,168,Preluat,33
5048,2026-07-06 13:47,Albastru,94,Externat,NULL
5049,2026-07-02 08:55,Verde,208,Preluat,2
5050,2026-07-04 04:34,Verde,36,Preluat,42
5051,2026-07-26 01:07,Verde,195,Externat,NULL
5052,2026-07-23 08:15,Rosu,3,In Asteptare,NULL
5053,2026-07-10 07:10,Rosu,8,Externat,NULL
5054,2026-07-19 06:51,Galben,63,In Asteptare,NULL
5055,2026-07-16 10:25,Verde,141,Preluat,44
5056,2026-07-26 00:18,Galben,61,Externat,NULL
5057,2026-07-20 04:32,Verde,84,Externat,NULL
5058,2026-07-02 13:06,Galben,49,Externat,NULL
5059,2026-07-10 14:25,Verde,130,In Asteptare,NULL
5060,2026-07-17 01:45,Galben,87,In Asteptare,NULL
5061,2026-07-19 09:47,Verde,162,Externat,NULL
5062,2026-07-25 09:58,Albastru,113,Externat,NULL
5063,2026-07-30 18:22,Galben,184,In Asteptare,NULL
5064,2026-07-21 13:16,Galben,206,Externat,NULL
5065,2026-07-08 10:27,Galben,129,Externat,NULL
5066,2026-07-30 01:31,Galben,146,In Asteptare,NULL
5067,2026-07-17 07:28,Albastru,21,Externat,NULL
5068,2026-07-01 00:42,Verde,67,Externat,NULL
5069,2026-07-30 13:27,Verde,23,Externat,NULL
5070,2026-07-16 05:20,Rosu,1,Preluat,20
5071,2026-07-29 14:07,Verde,204,Externat,NULL
5072,2026-07-18 07:26,Verde,68,Preluat,46
5073,2026-07-07 20:23,Rosu,25,Externat,NULL
5074,2026-07-01 19:35,Verde,79,In Asteptare,NULL
5075,2026-07-30 03:16,Verde,136,Preluat,16
5076,2026-07-12 17:27,Verde,167,Preluat,47
5077,2026-07-25 08:17,Rosu,24,Externat,NULL
5078,2026-07-03 07:16,Galben,194,Preluat,4
5079,2026-07-10 11:38,Albastru,150,Externat,NULL
5080,2026-07-08 06:25,Galben,224,Externat,NULL
5081,2026-07-27 19:18,Albastru,197,In Asteptare,NULL
5082,2026-07-06 02:13,Galben,130,In Asteptare,NULL
5083,2026-07-26 07:51,Verde,198,Externat,NULL
5084,2026-07-27 09:47,Verde,206,In Asteptare,NULL
5085,2026-07-26 03:26,Verde,182,Preluat,25
5086,2026-07-05 03:53,Verde,220,Preluat,28
5087,2026-07-14 18:59,Verde,126,Externat,NULL
5088,2026-07-25 01:45,Verde,20,Externat,NULL
5089,2026-07-17 21:28,Verde,113,In Asteptare,NULL
5090,2026-07-13 18:30,Galben,141,In Asteptare,NULL
5091,2026-07-17 02:55,Rosu,2,Externat,NULL
5092,2026-07-14 07:42,Albastru,13,Externat,NULL
5093,2026-07-28 17:41,Verde,120,Externat,NULL
5094,2026-07-26 08:43,Galben,158,Preluat,37
5095,2026-07-25 23:39,Galben,216,Preluat,34
5096,2026-07-24 18:09,Verde,160,Preluat,15
5097,2026-07-15 17:39,Rosu,21,In Asteptare,NULL
5098,2026-07-26 20:34,Galben,224,Externat,NULL
5099,2026-07-27 23:53,Albastru,16,Preluat,36
5100,2026-07-28 20:47,Galben,72,In Asteptare,NULL
5101,2026-07-20 17:41,Galben,220,In Asteptare,NULL
5102,2026-07-03 03:31,Galben,43,In Asteptare,NULL
5103,2026-07-25 19:31,Galben,240,Externat,NULL
5104,2026-07-17 05:22,Verde,218,In Asteptare,NULL
5105,2026-07-21 03:52,Verde,43,Externat,NULL
5106,2026-07-07 01:22,Galben,216,Preluat,43
5107,2026-07-28 18:30,Verde,88,Externat,NULL
5108,2026-07-05 07:46,Verde,202,Externat,NULL
5109,2026-07-05 16:36,Verde,95,Externat,NULL
5110,2026-07-22 21:45,Rosu,28,Externat,NULL
5111,2026-07-13 03:34,Verde,21,Externat,NULL
5112,2026-07-17 21:39,Galben,55,Preluat,14
5113,2026-07-13 06:35,Galben,57,Externat,NULL
5114,2026-07-25 18:54,Rosu,12,Preluat,35
5115,2026-07-20 01:13,Galben,126,Externat,NULL
5116,2026-07-28 00:01,Verde,212,Preluat,5
5117,2026-07-24 20:04,Verde,225,Externat,NULL
5118,2026-07-19 20:24,Verde,237,In Asteptare,NULL
5119,2026-07-08 14:42,Verde,142,Externat,NULL
5120,2026-07-25 16:02,Galben,74,Externat,NULL
5121,2026-07-28 12:56,Rosu,28,Externat,NULL
5122,2026-07-24 00:02,Verde,81,Externat,NULL
5123,2026-07-19 21:23,Galben,171,Preluat,17
5124,2026-07-17 02:37,Verde,113,Externat,NULL
5125,2026-07-16 18:17,Galben,134,Externat,NULL
5126,2026-07-09 20:25,Galben,171,Preluat,9
5127,2026-07-07 07:11,Verde,109,Preluat,9
5128,2026-07-10 03:29,Galben,60,Preluat,7
5129,2026-07-22 15:13,Galben,221,Externat,NULL
5130,2026-07-20 06:43,Galben,80,Preluat,14
5131,2026-07-02 19:24,Galben,108,Preluat,12
5132,2026-07-12 09:54,Verde,190,In Asteptare,NULL
5133,2026-07-15 08:10,Verde,202,Preluat,47
5134,2026-07-14 12:06,Albastru,179,Externat,NULL
5135,2026-07-19 23:28,Verde,57,Externat,NULL
5136,2026-07-04 19:33,Verde,10,Preluat,13
5137,2026-07-09 05:59,Verde,106,Preluat,25
5138,2026-07-23 11:03,Galben,194,Externat,NULL
5139,2026-07-22 11:31,Galben,51,Externat,NULL
5140,2026-07-11 06:18,Galben,132,Externat,NULL
5141,2026-07-04 05:35,Rosu,13,Preluat,5
5142,2026-07-19 22:23,Verde,114,In Asteptare,NULL
5143,2026-07-29 16:40,Rosu,28,Externat,NULL
5144,2026-07-16 09:59,Albastru,236,In Asteptare,NULL
5145,2026-07-26 20:09,Albastru,101,Externat,NULL
5146,2026-07-20 01:21,Verde,113,Preluat,21
5147,2026-07-20 05:36,Verde,149,Preluat,46
5148,2026-07-10 20:38,Galben,113,Preluat,34
5149,2026-07-05 23:28,Rosu,18,Externat,NULL
5150,2026-07-22 11:15,Verde,169,Externat,NULL
5151,2026-07-29 19:01,Verde,18,Externat,NULL
5152,2026-07-02 02:43,Albastru,207,Externat,NULL
5153,2026-07-04 14:41,Verde,79,In Asteptare,NULL
5154,2026-07-01 06:36,Rosu,3,Preluat,14
5155,2026-07-28 16:59,Albastru,12,Preluat,33
5156,2026-07-09 08:26,Galben,45,Externat,NULL
5157,2026-07-02 08:31,Galben,104,Preluat,7
5158,2026-07-09 21:55,Galben,232,Externat,NULL
5159,2026-07-08 14:16,Albastru,123,Preluat,47
5160,2026-07-20 09:11,Rosu,27,Preluat,22
5161,2026-07-06 14:10,Verde,107,Preluat,47
5162,2026-07-05 09:59,Verde,155,Preluat,2
5163,2026-07-23 07:24,Galben,73,Externat,NULL
5164,2026-07-30 14:47,Verde,59,Externat,NULL
5165,2026-07-10 07:30,Verde,27,Externat,NULL
5166,2026-07-18 15:16,Rosu,10,In Asteptare,NULL
5167,2026-07-26 14:23,Albastru,150,Externat,NULL
5168,2026-07-02 22:03,Albastru,40,In Asteptare,NULL
5169,2026-07-30 17:44,Verde,153,Externat,NULL
5170,2026-07-04 09:59,Rosu,17,In Asteptare,NULL
5171,2026-07-20 12:30,Rosu,11,In Asteptare,NULL
5172,2026-07-23 11:42,Rosu,3,Externat,NULL
5173,2026-07-15 22:39,Rosu,21,Externat,NULL
5174,2026-07-09 15:56,Rosu,27,In Asteptare,NULL
5175,2026-07-05 15:25,Verde,81,In Asteptare,NULL
5176,2026-07-30 04:33,Verde,140,In Asteptare,NULL
5177,2026-07-16 18:46,Galben,181,Preluat,30
5178,2026-07-16 18:35,Verde,50,In Asteptare,NULL
5179,2026-07-05 12:13,Albastru,163,Externat,NULL
5180,2026-07-17 02:05,Verde,76,Preluat,13
5181,2026-07-12 19:03,Galben,52,Preluat,40
5182,2026-07-13 17:39,Rosu,25,Preluat,3
5183,2026-07-08 08:15,Rosu,21,In Asteptare,NULL
5184,2026-07-21 17:18,Galben,13,In Asteptare,NULL
5185,2026-07-26 13:30,Verde,101,Externat,NULL
5186,2026-07-17 06:35,Galben,129,Externat,NULL
5187,2026-07-30 01:46,Rosu,5,Preluat,43
5188,2026-07-05 19:51,Verde,57,Preluat,47
5189,2026-07-18 06:32,Verde,209,Externat,NULL
5190,2026-07-29 01:16,Verde,178,Preluat,13
5191,2026-07-09 14:46,Galben,40,Externat,NULL
5192,2026-07-18 20:12,Albastru,102,In Asteptare,NULL
5193,2026-07-01 15:04,Verde,39,Preluat,35
5194,2026-07-02 13:39,Verde,73,Preluat,46
5195,2026-07-16 09:50,Albastru,59,Preluat,36
5196,2026-07-24 11:34,Galben,228,Externat,NULL
5197,2026-07-01 16:09,Galben,217,Preluat,6
5198,2026-07-12 01:38,Verde,51,In Asteptare,NULL
5199,2026-07-29 20:42,Verde,86,In Asteptare,NULL
5200,2026-07-05 10:55,Galben,10,Preluat,27
5201,2026-07-26 07:24,Verde,24,Externat,NULL
5202,2026-07-05 11:09,Galben,110,In Asteptare,NULL
5203,2026-07-11 17:23,Verde,219,Preluat,39
5204,2026-07-20 22:27,Verde,165,Externat,NULL
5205,2026-07-22 23:09,Rosu,13,Preluat,30
5206,2026-07-08 04:26,Verde,237,Externat,NULL
5207,2026-07-10 15:55,Verde,117,Preluat,23
5208,2026-07-20 23:06,Verde,40,Externat,NULL
5209,2026-07-24 14:51,Galben,234,Preluat,12
5210,2026-07-24 21:54,Galben,86,Externat,NULL
5211,2026-07-25 09:11,Galben,34,In Asteptare,NULL
5212,2026-07-05 11:21,Verde,220,In Asteptare,NULL
5213,2026-07-28 20:02,Verde,41,Preluat,10
5214,2026-07-09 15:13,Galben,141,Preluat,10
5215,2026-07-21 22:07,Galben,105,Externat,NULL
5216,2026-07-22 22:29,Verde,8,Preluat,36
5217,2026-07-16 22:53,Rosu,14,Externat,NULL
5218,2026-07-06 19:10,Albastru,193,Preluat,40
5219,2026-07-22 15:57,Galben,25,Preluat,37
5220,2026-07-16 12:18,Verde,32,In Asteptare,NULL
5221,2026-07-10 06:53,Galben,174,Externat,NULL
5222,2026-07-13 16:44,Albastru,239,Preluat,17
5223,2026-07-16 12:49,Verde,189,Externat,NULL
5224,2026-07-22 03:03,Verde,139,Externat,NULL
5225,2026-07-26 13:58,Galben,47,Preluat,31
5226,2026-07-24 13:29,Galben,72,Externat,NULL
5227,2026-07-05 05:31,Verde,56,In Asteptare,NULL
5228,2026-07-26 00:43,Galben,99,In Asteptare,NULL
5229,2026-07-06 23:05,Verde,54,Preluat,32
5230,2026-07-28 03:32,Rosu,0,Externat,NULL
5231,2026-07-11 22:03,Verde,79,Preluat,10
5232,2026-07-26 10:25,Verde,185,In Asteptare,NULL
5233,2026-07-13 15:19,Galben,127,Preluat,20
5234,2026-07-15 12:05,Verde,185,Externat,NULL
5235,2026-07-04 20:10,Galben,231,Externat,NULL
5236,2026-07-05 05:20,Verde,115,Externat,NULL
5237,2026-07-03 04:26,Verde,158,Externat,NULL
5238,2026-07-17 08:13,Albastru,109,In Asteptare,NULL
5239,2026-07-01 18:58,Rosu,25,Externat,NULL
5240,2026-07-17 22:40,Galben,213,Preluat,12
5241,2026-07-29 04:17,Galben,9,Preluat,35
5242,2026-07-25 17:38,Galben,11,Externat,NULL
5243,2026-07-03 06:54,Galben,40,Externat,NULL
5244,2026-07-29 17:40,Verde,127,Externat,NULL
5245,2026-07-12 14:50,Verde,233,Externat,NULL
5246,2026-07-24 14:51,Galben,93,Externat,NULL
5247,2026-07-23 17:52,Verde,44,Externat,NULL
5248,2026-07-28 01:05,Verde,179,Preluat,16
5249,2026-07-16 05:52,Verde,74,Preluat,39
5250,2026-07-15 19:26,Galben,204,In Asteptare,NULL
5251,2026-07-08 07:20,Galben,58,Preluat,47
5252,2026-07-15 11:28,Albastru,142,Externat,NULL
5253,2026-07-02 13:08,Galben,94,Preluat,16
5254,2026-07-24 10:38,Verde,119,In Asteptare,NULL
5255,2026-07-27 07:30,Rosu,9,Externat,NULL
5256,2026-07-21 22:09,Verde,210,In Asteptare,NULL
5257,2026-07-17 18:05,Verde,157,In Asteptare,NULL
5258,2026-07-05 02:43,Rosu,14,Preluat,39
5259,2026-07-02 09:50,Galben,153,Externat,NULL
5260,2026-07-15 14:41,Albastru,7,In Asteptare,NULL
5261,2026-07-26 19:03,Verde,47,In Asteptare,NULL
5262,2026-07-27 16:59,Albastru,228,Externat,NULL
5263,2026-07-26 20:39,Verde,62,Externat,NULL
5264,2026-07-16 02:44,Verde,53,Preluat,9
5265,2026-07-28 23:26,Rosu,17,Externat,NULL
5266,2026-07-24 15:34,Galben,164,Externat,NULL
5267,2026-07-09 17:53,Verde,67,Externat,NULL
5268,2026-07-15 18:02,Rosu,24,Externat,NULL
5269,2026-07-09 08:59,Verde,89,Preluat,24
5270,2026-07-30 15:14,Galben,119,In Asteptare,NULL
5271,2026-07-16 19:36,Albastru,61,Preluat,28
5272,2026-07-18 22:48,Galben,93,In Asteptare,NULL
5273,2026-07-02 15:12,Verde,224,Preluat,29
5274,2026-07-02 17:27,Galben,20,Externat,NULL
5275,2026-07-11 19:47,Rosu,30,Externat,NULL
5276,2026-07-06 21:56,Galben,115,Externat,NULL
5277,2026-07-30 06:12,Verde,79,Externat,NULL
5278,2026-07-03 01:55,Verde,238,Externat,NULL
5279,2026-07-09 18:04,Rosu,21,Externat,NULL
5280,2026-07-10 14:34,Albastru,9,Externat,NULL
5281,2026-07-06 18:48,Albastru,137,In Asteptare,NULL
5282,2026-07-06 18:44,Rosu,29,In Asteptare,NULL
5283,2026-07-27 07:26,Verde,148,Externat,NULL
5284,2026-07-16 01:53,Galben,25,Preluat,41
5285,2026-07-08 19:15,Albastru,60,In Asteptare,NULL
5286,2026-07-08 12:24,Galben,36,Externat,NULL
5287,2026-07-15 16:26,Verde,236,Preluat,38
5288,2026-07-08 22:33,Galben,240,Externat,NULL
5289,2026-07-24 05:50,Verde,94,Preluat,27
5290,2026-07-02 15:30,Galben,30,In Asteptare,NULL
5291,2026-07-24 06:34,Galben,138,Externat,NULL
5292,2026-07-23 03:00,Galben,68,Preluat,45
5293,2026-07-08 15:34,Rosu,6,Externat,NULL
5294,2026-07-26 15:11,Rosu,9,Preluat,15
5295,2026-07-19 05:40,Galben,110,Preluat,22
5296,2026-07-15 12:25,Galben,13,In Asteptare,NULL
5297,2026-07-08 17:11,Verde,157,Externat,NULL
5298,2026-07-18 12:45,Verde,95,Externat,NULL
5299,2026-07-24 11:58,Galben,49,In Asteptare,NULL
5300,2026-07-08 23:00,Verde,219,Externat,NULL
5301,2026-07-22 09:42,Albastru,181,Externat,NULL
5302,2026-07-09 18:32,Rosu,27,Externat,NULL
5303,2026-07-22 09:56,Galben,167,Externat,NULL
5304,2026-07-28 22:03,Verde,239,Externat,NULL
5305,2026-07-25 07:29,Verde,192,Externat,NULL
5306,2026-07-08 15:02,Galben,195,Externat,NULL
5307,2026-07-19 13:22,Verde,221,Externat,NULL
5308,2026-07-02 13:04,Galben,96,Externat,NULL
5309,2026-07-09 06:49,Galben,23,Preluat,30
5310,2026-07-17 22:06,Verde,219,In Asteptare,NULL
5311,2026-07-08 07:45,Galben,79,Externat,NULL
5312,2026-07-11 12:28,Albastru,222,Preluat,7
5313,2026-07-26 18:50,Verde,237,Preluat,29
5314,2026-07-01 19:05,Verde,56,In Asteptare,NULL
5315,2026-07-07 21:56,Galben,197,Externat,NULL
5316,2026-07-14 21:04,Rosu,21,Externat,NULL
5317,2026-07-09 15:07,Albastru,219,Externat,NULL
5318,2026-07-11 12:33,Verde,82,In Asteptare,NULL
5319,2026-07-04 12:03,Rosu,6,In Asteptare,NULL
5320,2026-07-03 19:05,Verde,170,Externat,NULL
5321,2026-07-11 15:29,Rosu,21,Preluat,14
5322,2026-07-15 06:19,Verde,179,Preluat,10
5323,2026-07-23 20:00,Verde,236,In Asteptare,NULL
5324,2026-07-05 02:58,Galben,14,Externat,NULL
5325,2026-07-24 14:18,Albastru,37,Preluat,10
5326,2026-07-07 09:54,Verde,185,Externat,NULL
5327,2026-07-21 23:25,Galben,217,Externat,NULL
5328,2026-07-13 23:15,Verde,8,Externat,NULL
5329,2026-07-26 17:17,Verde,172,Externat,NULL
5330,2026-07-28 06:25,Verde,64,Preluat,5
5331,2026-07-28 03:22,Verde,67,In Asteptare,NULL
5332,2026-07-28 07:50,Verde,48,Externat,NULL
5333,2026-07-16 09:16,Rosu,11,Preluat,36
5334,2026-07-13 11:06,Galben,138,Externat,NULL
5335,2026-07-05 12:07,Rosu,16,Preluat,13
5336,2026-07-03 11:12,Galben,225,In Asteptare,NULL
5337,2026-07-10 12:09,Verde,13,Externat,NULL
5338,2026-07-16 10:44,Albastru,26,Preluat,40
5339,2026-07-13 20:15,Galben,110,Preluat,22
5340,2026-07-18 05:07,Verde,97,In Asteptare,NULL
5341,2026-07-30 13:10,Albastru,198,Externat,NULL
5342,2026-07-11 01:25,Verde,14,Externat,NULL
5343,2026-07-02 01:44,Albastru,202,Preluat,29
5344,2026-07-11 05:38,Verde,116,Preluat,9
5345,2026-07-04 20:40,Galben,156,Preluat,1
5346,2026-07-15 00:59,Verde,152,Externat,NULL
5347,2026-07-07 10:03,Verde,187,Externat,NULL
5348,2026-07-30 15:37,Verde,63,Externat,NULL
5349,2026-07-11 09:05,Verde,15,In Asteptare,NULL
5350,2026-07-30 03:31,Rosu,30,Externat,NULL
5351,2026-07-04 14:24,Verde,54,Preluat,19
5352,2026-07-01 03:48,Galben,133,Externat,NULL
5353,2026-07-02 18:28,Rosu,10,In Asteptare,NULL
5354,2026-07-25 17:37,Galben,194,In Asteptare,NULL
5355,2026-07-30 21:35,Galben,102,Preluat,10
5356,2026-07-06 02:08,Galben,23,Externat,NULL
5357,2026-07-29 22:00,Verde,181,Externat,NULL
5358,2026-07-22 14:22,Verde,126,Externat,NULL
5359,2026-07-12 03:33,Albastru,134,Externat,NULL
5360,2026-07-09 14:27,Galben,5,In Asteptare,NULL
5361,2026-07-26 03:10,Galben,71,Preluat,28
5362,2026-07-25 10:22,Verde,23,Externat,NULL
5363,2026-07-03 01:08,Galben,69,Externat,NULL
5364,2026-07-21 00:01,Rosu,23,Preluat,31
5365,2026-07-14 11:55,Verde,143,In Asteptare,NULL
5366,2026-07-14 06:01,Verde,113,Preluat,2
5367,2026-07-06 12:06,Verde,15,Externat,NULL
5368,2026-07-30 06:39,Albastru,175,Preluat,22
5369,2026-07-03 23:12,Galben,103,Preluat,25
5370,2026-07-21 10:11,Galben,139,Externat,NULL
5371,2026-07-30 02:11,Galben,87,Externat,NULL
5372,2026-07-22 01:10,Galben,172,Externat,NULL
5373,2026-07-16 03:51,Verde,149,In Asteptare,NULL
5374,2026-07-15 08:20,Verde,56,Preluat,2
5375,2026-07-13 10:57,Rosu,28,Externat,NULL
5376,2026-07-03 07:49,Verde,38,Externat,NULL
5377,2026-07-09 00:03,Verde,58,In Asteptare,NULL
5378,2026-07-14 15:13,Galben,131,Externat,NULL
5379,2026-07-09 18:35,Verde,228,Preluat,36
5380,2026-07-08 22:48,Verde,183,Preluat,44
5381,2026-07-04 07:41,Verde,8,Externat,NULL
5382,2026-07-19 11:12,Verde,86,Externat,NULL
5383,2026-07-17 01:20,Galben,186,Externat,NULL
5384,2026-07-09 18:20,Verde,187,In Asteptare,NULL
5385,2026-07-10 11:53,Verde,181,In Asteptare,NULL
5386,2026-07-10 05:31,Galben,131,Externat,NULL
5387,2026-07-29 08:14,Verde,169,Externat,NULL
5388,2026-07-16 19:25,Verde,8,In Asteptare,NULL
5389,2026-07-06 14:26,Galben,225,Externat,NULL
5390,2026-07-22 15:29,Verde,173,Externat,NULL
5391,2026-07-24 05:49,Galben,142,Preluat,32
5392,2026-07-01 03:50,Verde,103,Externat,NULL
5393,2026-07-24 22:10,Albastru,186,Externat,NULL
5394,2026-07-24 00:55,Galben,209,Externat,NULL
5395,2026-07-26 20:00,Albastru,31,Externat,NULL
5396,2026-07-24 18:22,Verde,198,Preluat,18
5397,2026-07-10 03:46,Galben,205,Externat,NULL
5398,2026-07-30 14:56,Verde,203,Externat,NULL
5399,2026-07-27 20:51,Rosu,19,Externat,NULL
5400,2026-07-02 07:41,Verde,15,In Asteptare,NULL
5401,2026-07-26 05:01,Albastru,82,Preluat,33
5402,2026-07-18 12:45,Verde,18,In Asteptare,NULL
5403,2026-07-16 18:24,Rosu,1,Preluat,23
5404,2026-07-23 09:03,Galben,161,Externat,NULL
5405,2026-07-08 12:48,Galben,119,Externat,NULL
5406,2026-07-18 23:22,Galben,139,In Asteptare,NULL
5407,2026-07-03 21:18,Galben,40,In Asteptare,NULL
5408,2026-07-24 21:31,Albastru,227,Preluat,39
5409,2026-07-27 01:29,Galben,64,In Asteptare,NULL
5410,2026-07-25 14:42,Verde,27,Preluat,20
5411,2026-07-18 12:24,Verde,31,Externat,NULL
5412,2026-07-09 14:18,Verde,191,Externat,NULL
5413,2026-07-16 09:18,Verde,50,In Asteptare,NULL
5414,2026-07-19 21:49,Galben,193,Externat,NULL
5415,2026-07-23 18:04,Verde,72,Externat,NULL
5416,2026-07-26 17:56,Albastru,111,In Asteptare,NULL
5417,2026-07-02 04:27,Verde,105,Externat,NULL
5418,2026-07-27 01:05,Verde,117,Externat,NULL
5419,2026-07-25 19:36,Verde,9,Externat,NULL
5420,2026-07-04 16:42,Galben,43,Externat,NULL
5421,2026-07-30 08:02,Verde,215,Externat,NULL
5422,2026-07-19 04:06,Verde,82,Externat,NULL
5423,2026-07-16 21:14,Galben,137,Externat,NULL
5424,2026-07-23 05:10,Rosu,9,Externat,NULL
5425,2026-07-16 05:29,Galben,167,Preluat,15
5426,2026-07-01 15:22,Rosu,15,Externat,NULL
5427,2026-07-06 04:55,Galben,145,Preluat,50
5428,2026-07-02 17:56,Verde,181,Externat,NULL
5429,2026-07-18 09:29,Verde,183,Preluat,14
5430,2026-07-05 03:24,Albastru,96,In Asteptare,NULL
5431,2026-07-26 17:35,Verde,127,Preluat,39
5432,2026-07-16 09:45,Verde,168,Externat,NULL
5433,2026-07-12 04:02,Verde,142,In Asteptare,NULL
5434,2026-07-29 09:46,Galben,224,Externat,NULL
5435,2026-07-08 07:09,Galben,191,Preluat,19
5436,2026-07-06 02:50,Rosu,1,Preluat,13
5437,2026-07-05 16:48,Verde,150,Preluat,2
5438,2026-07-25 03:07,Verde,42,In Asteptare,NULL
5439,2026-07-16 10:16,Galben,92,Externat,NULL
5440,2026-07-17 16:32,Galben,228,Preluat,22
5441,2026-07-10 03:16,Galben,40,In Asteptare,NULL
5442,2026-07-11 07:46,Verde,80,Externat,NULL
5443,2026-07-18 14:28,Galben,109,Preluat,2
5444,2026-07-28 23:18,Galben,177,In Asteptare,NULL
5445,2026-07-07 17:50,Galben,210,Externat,NULL
5446,2026-07-13 06:42,Rosu,3,Preluat,30
5447,2026-07-30 18:04,Albastru,28,Preluat,37
5448,2026-07-04 03:56,Galben,113,Externat,NULL
5449,2026-07-10 07:41,Verde,152,Externat,NULL
5450,2026-07-04 06:43,Verde,65,Externat,NULL
5451,2026-07-16 13:13,Verde,194,Externat,NULL
5452,2026-07-24 00:21,Galben,59,Externat,NULL
5453,2026-07-04 04:54,Verde,119,In Asteptare,NULL
5454,2026-07-03 11:32,Albastru,42,Externat,NULL
5455,2026-07-30 16:18,Verde,158,Externat,NULL
5456,2026-07-25 05:54,Verde,104,Externat,NULL
5457,2026-07-30 15:06,Verde,35,Externat,NULL
5458,2026-07-07 22:08,Verde,175,Externat,NULL
5459,2026-07-10 23:17,Verde,60,Externat,NULL
5460,2026-07-06 11:00,Galben,56,Externat,NULL
5461,2026-07-27 18:40,Galben,116,Externat,NULL
5462,2026-07-01 13:11,Verde,98,Preluat,36
5463,2026-07-30 17:03,Albastru,67,Externat,NULL
5464,2026-07-10 16:07,Rosu,6,Preluat,31
5465,2026-07-12 09:29,Galben,215,In Asteptare,NULL
5466,2026-07-30 13:39,Verde,236,Externat,NULL
5467,2026-07-22 06:16,Verde,29,Preluat,17
5468,2026-07-07 12:24,Albastru,234,Externat,NULL
5469,2026-07-07 00:00,Galben,10,In Asteptare,NULL
5470,2026-07-28 13:17,Verde,217,Preluat,37
5471,2026-07-29 06:52,Galben,191,Externat,NULL
5472,2026-07-22 08:38,Verde,202,Preluat,7
5473,2026-07-03 13:00,Galben,169,Externat,NULL
5474,2026-07-11 01:17,Galben,135,Externat,NULL
5475,2026-07-28 20:00,Verde,118,Preluat,12
5476,2026-07-05 12:46,Verde,39,Preluat,39
5477,2026-07-20 01:04,Verde,48,Externat,NULL
5478,2026-07-06 11:14,Galben,229,Preluat,4
5479,2026-07-09 19:00,Albastru,224,Externat,NULL
5480,2026-07-06 02:57,Galben,132,Externat,NULL
5481,2026-07-16 23:47,Albastru,76,Externat,NULL
5482,2026-07-04 07:07,Verde,25,Preluat,43
5483,2026-07-08 19:45,Verde,87,Externat,NULL
5484,2026-07-18 14:56,Galben,197,Externat,NULL
5485,2026-07-10 15:11,Galben,25,In Asteptare,NULL
5486,2026-07-27 02:27,Galben,24,Preluat,24
5487,2026-07-08 13:38,Verde,102,Externat,NULL
5488,2026-07-13 08:15,Verde,164,In Asteptare,NULL
5489,2026-07-02 03:21,Verde,208,Preluat,46
5490,2026-07-07 05:37,Verde,38,Preluat,36
5491,2026-07-07 01:12,Albastru,45,In Asteptare,NULL
5492,2026-07-13 18:32,Galben,112,Externat,NULL
5493,2026-07-14 12:42,Galben,116,Preluat,14
5494,2026-07-13 16:16,Galben,72,Preluat,15
5495,2026-07-01 15:31,Galben,224,In Asteptare,NULL
5496,2026-07-09 07:41,Galben,216,Externat,NULL
5497,2026-07-24 14:27,Verde,202,In Asteptare,NULL
5498,2026-07-12 03:36,Verde,162,Externat,NULL
5499,2026-07-10 20:23,Verde,27,In Asteptare,NULL
5500,2026-07-09 16:12,Verde,165,Preluat,40
5501,2026-07-18 15:52,Galben,43,Preluat,40
5502,2026-07-27 05:48,Galben,134,Preluat,3
5503,2026-07-21 18:20,Verde,110,Preluat,22
5504,2026-07-01 21:28,Verde,111,In Asteptare,NULL
5505,2026-07-23 13:38,Verde,54,Externat,NULL
5506,2026-07-11 14:37,Galben,218,Externat,NULL
5507,2026-07-20 11:26,Galben,97,In Asteptare,NULL
5508,2026-07-10 00:58,Galben,54,Externat,NULL
5509,2026-07-16 15:36,Galben,107,Preluat,15
5510,2026-07-01 16:03,Rosu,1,In Asteptare,NULL
5511,2026-07-17 21:24,Rosu,17,Externat,NULL
5512,2026-07-28 16:44,Galben,172,Preluat,2
5513,2026-07-22 13:00,Verde,228,In Asteptare,NULL
5514,2026-07-21 05:55,Galben,8,In Asteptare,NULL
5515,2026-07-08 10:01,Galben,199,Preluat,27
5516,2026-07-03 22:36,Verde,114,Externat,NULL
5517,2026-07-22 22:38,Verde,184,Externat,NULL
5518,2026-07-28 16:10,Verde,134,Externat,NULL
5519,2026-07-13 20:45,Galben,137,Externat,NULL
5520,2026-07-27 23:11,Verde,80,Preluat,31
5521,2026-07-23 07:41,Galben,139,Externat,NULL
5522,2026-07-01 06:38,Verde,228,Preluat,27
5523,2026-07-03 15:24,Verde,91,Preluat,6
5524,2026-07-25 23:13,Albastru,205,Externat,NULL
5525,2026-07-14 12:51,Verde,132,Externat,NULL
5526,2026-07-12 02:24,Verde,75,Externat,NULL
5527,2026-07-14 17:42,Verde,45,Preluat,44
5528,2026-07-27 18:57,Galben,165,Externat,NULL
5529,2026-07-30 23:25,Rosu,4,Externat,NULL
5530,2026-07-07 18:46,Galben,194,Externat,NULL
5531,2026-07-14 07:14,Rosu,25,Externat,NULL
5532,2026-07-01 02:26,Verde,48,In Asteptare,NULL
5533,2026-07-21 16:35,Albastru,213,Preluat,16
5534,2026-07-28 01:46,Galben,203,Externat,NULL
5535,2026-07-18 15:23,Verde,64,Preluat,4
5536,2026-07-13 16:24,Rosu,8,Preluat,32
5537,2026-07-17 10:01,Verde,194,Preluat,35
5538,2026-07-20 15:54,Verde,68,Preluat,1
5539,2026-07-10 08:42,Rosu,25,In Asteptare,NULL
5540,2026-07-20 03:30,Albastru,99,Externat,NULL
5541,2026-07-22 19:07,Verde,76,Preluat,20
5542,2026-07-29 10:25,Verde,91,Externat,NULL
5543,2026-07-21 19:20,Galben,126,Externat,NULL
5544,2026-07-18 20:23,Rosu,29,Externat,NULL
5545,2026-07-07 14:18,Rosu,15,In Asteptare,NULL
5546,2026-07-17 02:25,Verde,97,Preluat,27
5547,2026-07-11 10:34,Verde,66,Preluat,34
5548,2026-07-06 08:21,Galben,45,Preluat,22
5549,2026-07-07 03:26,Albastru,52,Externat,NULL
5550,2026-07-20 19:17,Verde,102,In Asteptare,NULL
5551,2026-07-02 17:09,Albastru,130,Preluat,43
5552,2026-07-17 14:36,Galben,53,Preluat,23
5553,2026-07-06 19:13,Galben,199,Externat,NULL
5554,2026-07-03 17:38,Galben,100,Preluat,50
5555,2026-07-03 14:54,Albastru,233,Externat,NULL
5556,2026-07-19 01:42,Verde,186,In Asteptare,NULL
5557,2026-07-13 13:57,Galben,109,Preluat,30
5558,2026-07-06 19:03,Verde,145,Externat,NULL
5559,2026-07-14 01:28,Galben,109,Externat,NULL
5560,2026-07-28 01:51,Verde,159,Preluat,6
5561,2026-07-13 19:42,Verde,133,Preluat,44
5562,2026-07-23 07:33,Verde,24,In Asteptare,NULL
5563,2026-07-05 03:15,Galben,94,In Asteptare,NULL
5564,2026-07-23 01:52,Albastru,54,Preluat,50
5565,2026-07-30 01:10,Verde,224,Externat,NULL
5566,2026-07-14 03:46,Verde,118,Externat,NULL
5567,2026-07-08 04:42,Galben,59,In Asteptare,NULL
5568,2026-07-05 11:24,Albastru,35,In Asteptare,NULL
5569,2026-07-08 17:46,Galben,141,Externat,NULL
5570,2026-07-12 11:43,Verde,226,Preluat,39
5571,2026-07-27 06:38,Galben,42,Preluat,4
5572,2026-07-03 00:52,Verde,146,Externat,NULL
5573,2026-07-11 11:56,Verde,79,Externat,NULL
5574,2026-07-29 05:07,Galben,222,Externat,NULL
5575,2026-07-25 17:41,Galben,144,Externat,NULL
5576,2026-07-21 20:38,Galben,72,Preluat,18
5577,2026-07-05 19:43,Rosu,12,Preluat,38
5578,2026-07-19 10:02,Galben,61,Externat,NULL
5579,2026-07-01 23:37,Rosu,6,In Asteptare,NULL
5580,2026-07-27 11:00,Verde,169,In Asteptare,NULL
5581,2026-07-30 21:37,Galben,216,Externat,NULL
5582,2026-07-20 13:45,Albastru,90,In Asteptare,NULL
5583,2026-07-27 01:36,Verde,91,Externat,NULL
5584,2026-07-23 01:00,Albastru,163,In Asteptare,NULL
5585,2026-07-17 06:04,Galben,204,Preluat,10
5586,2026-07-14 06:33,Galben,198,Externat,NULL
5587,2026-07-28 03:10,Verde,97,Externat,NULL
5588,2026-07-20 16:45,Verde,58,Externat,NULL
5589,2026-07-18 14:36,Verde,179,Preluat,4
5590,2026-07-07 07:43,Rosu,13,Preluat,40
5591,2026-07-28 08:19,Galben,125,Externat,NULL
5592,2026-07-22 22:20,Verde,189,Preluat,28
5593,2026-07-30 02:09,Galben,142,In Asteptare,NULL
5594,2026-07-27 20:53,Galben,26,Externat,NULL
5595,2026-07-22 04:21,Galben,209,Preluat,12
5596,2026-07-23 22:50,Verde,159,Preluat,7
5597,2026-07-11 23:10,Albastru,72,Externat,NULL
5598,2026-07-15 01:38,Albastru,112,Preluat,4
5599,2026-07-06 16:04,Verde,72,Preluat,11
5600,2026-07-11 12:58,Verde,144,Externat,NULL
5601,2026-07-16 02:01,Galben,203,Externat,NULL
5602,2026-07-14 08:40,Verde,119,Preluat,50
5603,2026-07-09 18:31,Verde,233,Preluat,17
5604,2026-07-15 16:19,Galben,136,Preluat,22
5605,2026-07-01 11:05,Verde,59,Preluat,20
5606,2026-07-29 00:06,Galben,91,Preluat,36
5607,2026-07-27 18:54,Albastru,110,Externat,NULL
5608,2026-07-01 17:43,Galben,201,Externat,NULL
5609,2026-07-10 06:59,Verde,224,Preluat,21
5610,2026-07-03 15:10,Verde,99,Preluat,3
5611,2026-07-28 21:29,Verde,114,Externat,NULL
5612,2026-07-25 17:01,Galben,194,Externat,NULL
5613,2026-07-06 07:53,Verde,76,In Asteptare,NULL
5614,2026-07-07 10:52,Albastru,17,Preluat,22
5615,2026-07-13 07:14,Verde,230,Externat,NULL
5616,2026-07-20 14:54,Galben,58,Externat,NULL
5617,2026-07-05 02:59,Galben,189,Externat,NULL
5618,2026-07-17 06:53,Verde,132,Externat,NULL
5619,2026-07-20 03:16,Verde,42,Externat,NULL
5620,2026-07-11 23:04,Verde,10,In Asteptare,NULL
5621,2026-07-25 21:02,Verde,45,Externat,NULL
5622,2026-07-15 08:12,Verde,77,In Asteptare,NULL
5623,2026-07-25 01:21,Albastru,37,In Asteptare,NULL
5624,2026-07-05 14:31,Galben,88,Preluat,27
5625,2026-07-29 22:07,Galben,49,Externat,NULL
5626,2026-07-09 07:48,Verde,221,In Asteptare,NULL
5627,2026-07-27 05:07,Galben,56,In Asteptare,NULL
5628,2026-07-09 19:02,Galben,56,Preluat,24
5629,2026-07-13 01:05,Verde,145,Preluat,7
5630,2026-07-15 03:43,Verde,146,Externat,NULL
5631,2026-07-08 16:11,Verde,187,Externat,NULL
5632,2026-07-30 21:03,Albastru,203,Preluat,11
5633,2026-07-08 06:12,Rosu,7,Preluat,38
5634,2026-07-01 01:29,Albastru,199,Externat,NULL
5635,2026-07-04 12:28,Rosu,24,Externat,NULL
5636,2026-07-08 01:12,Verde,91,Preluat,38
5637,2026-07-12 15:59,Rosu,27,Preluat,48
5638,2026-07-04 21:07,Verde,217,Preluat,30
5639,2026-07-03 06:40,Verde,173,Preluat,8
5640,2026-07-05 23:17,Galben,79,Externat,NULL
5641,2026-07-07 03:39,Galben,50,Preluat,30
5642,2026-07-16 12:11,Galben,99,In Asteptare,NULL
5643,2026-07-19 17:10,Galben,107,Externat,NULL
5644,2026-07-11 02:52,Galben,179,In Asteptare,NULL
5645,2026-07-25 15:57,Galben,146,Externat,NULL
5646,2026-07-29 19:46,Verde,238,In Asteptare,NULL
5647,2026-07-24 02:28,Galben,193,Externat,NULL
5648,2026-07-18 12:48,Verde,217,Preluat,11
5649,2026-07-05 06:45,Albastru,86,Externat,NULL
5650,2026-07-09 14:05,Galben,6,Preluat,36
5651,2026-07-20 05:45,Verde,140,Externat,NULL
5652,2026-07-25 13:04,Rosu,17,In Asteptare,NULL
5653,2026-07-26 00:05,Rosu,16,In Asteptare,NULL
5654,2026-07-24 00:52,Galben,76,In Asteptare,NULL
5655,2026-07-15 02:52,Galben,92,Preluat,49
5656,2026-07-18 04:21,Galben,37,Preluat,2
5657,2026-07-01 14:01,Galben,132,In Asteptare,NULL
5658,2026-07-08 15:09,Verde,172,Preluat,20
5659,2026-07-08 05:12,Rosu,27,Externat,NULL
5660,2026-07-15 20:24,Verde,13,Preluat,35
5661,2026-07-28 20:24,Verde,216,Preluat,50
5662,2026-07-15 10:23,Galben,169,In Asteptare,NULL
5663,2026-07-18 13:22,Verde,68,Externat,NULL
5664,2026-07-14 15:56,Galben,82,Externat,NULL
5665,2026-07-10 11:04,Verde,11,Externat,NULL
5666,2026-07-12 21:31,Rosu,11,Externat,NULL
5667,2026-07-21 07:48,Verde,178,Preluat,39
5668,2026-07-08 07:01,Verde,190,Preluat,13
5669,2026-07-18 19:07,Verde,191,Externat,NULL
5670,2026-07-09 05:21,Rosu,28,Preluat,3
5671,2026-07-09 13:26,Verde,29,Externat,NULL
5672,2026-07-18 20:05,Galben,54,Preluat,3
5673,2026-07-17 20:29,Rosu,17,Preluat,3
5674,2026-07-02 16:17,Verde,204,Externat,NULL
5675,2026-07-03 09:23,Verde,161,Preluat,33
5676,2026-07-21 12:59,Verde,119,Preluat,49
5677,2026-07-17 13:11,Verde,230,Externat,NULL
5678,2026-07-03 23:33,Galben,10,Externat,NULL
5679,2026-07-14 21:12,Rosu,27,Preluat,35
5680,2026-07-19 03:31,Albastru,223,In Asteptare,NULL
5681,2026-07-15 23:34,Verde,39,Externat,NULL
5682,2026-07-27 18:35,Verde,173,Preluat,47
5683,2026-07-17 17:05,Albastru,195,Preluat,20
5684,2026-07-16 09:52,Galben,121,In Asteptare,NULL
5685,2026-07-24 03:18,Verde,184,In Asteptare,NULL
5686,2026-07-19 16:43,Rosu,24,Preluat,15
5687,2026-07-29 10:53,Galben,204,Externat,NULL
5688,2026-07-19 14:24,Albastru,218,Externat,NULL
5689,2026-07-05 13:06,Verde,73,Externat,NULL
5690,2026-07-15 12:33,Verde,6,In Asteptare,NULL
5691,2026-07-03 23:08,Verde,161,Preluat,37
5692,2026-07-16 03:39,Albastru,19,Externat,NULL
5693,2026-07-24 09:21,Galben,34,Externat,NULL
5694,2026-07-11 08:44,Galben,30,In Asteptare,NULL
5695,2026-07-22 03:21,Galben,137,Externat,NULL
5696,2026-07-22 05:04,Galben,102,Externat,NULL
5697,2026-07-12 17:42,Galben,79,Externat,NULL
5698,2026-07-17 05:18,Verde,232,Preluat,42
5699,2026-07-18 07:01,Verde,28,In Asteptare,NULL
5700,2026-07-23 06:32,Verde,136,Externat,NULL
5701,2026-07-27 13:33,Verde,23,Preluat,23
5702,2026-07-16 07:56,Verde,6,Externat,NULL
5703,2026-07-21 20:17,Albastru,229,Preluat,24
5704,2026-07-09 09:27,Rosu,19,In Asteptare,NULL
5705,2026-07-08 13:14,Verde,231,In Asteptare,NULL
5706,2026-07-01 01:16,Verde,85,Externat,NULL
5707,2026-07-20 16:56,Verde,47,Preluat,47
5708,2026-07-16 13:03,Rosu,2,Externat,NULL
5709,2026-07-19 08:36,Galben,100,Preluat,34
5710,2026-07-03 19:37,Rosu,24,In Asteptare,NULL
5711,2026-07-22 22:08,Galben,190,Externat,NULL
5712,2026-07-11 09:53,Verde,239,In Asteptare,NULL
5713,2026-07-20 21:25,Galben,161,Preluat,24
5714,2026-07-27 16:07,Verde,128,Externat,NULL
5715,2026-07-18 20:58,Verde,24,Externat,NULL
5716,2026-07-10 19:21,Verde,32,Preluat,37
5717,2026-07-07 21:44,Albastru,178,In Asteptare,NULL
5718,2026-07-02 01:57,Albastru,14,Preluat,3
5719,2026-07-20 21:53,Verde,145,Externat,NULL
5720,2026-07-06 14:57,Verde,214,Externat,NULL
5721,2026-07-27 05:02,Galben,10,Preluat,21
5722,2026-07-04 10:37,Albastru,12,Preluat,14
5723,2026-07-03 07:35,Verde,8,In Asteptare,NULL
5724,2026-07-16 12:35,Rosu,3,Externat,NULL
5725,2026-07-02 03:34,Albastru,188,Preluat,42
5726,2026-07-15 09:48,Verde,24,Externat,NULL
5727,2026-07-23 11:36,Verde,192,Externat,NULL
5728,2026-07-16 17:57,Albastru,199,Preluat,45
5729,2026-07-18 09:29,Rosu,29,Preluat,15
5730,2026-07-01 11:17,Verde,194,Preluat,6
5731,2026-07-24 05:29,Rosu,4,Externat,NULL
5732,2026-07-24 06:22,Verde,80,In Asteptare,NULL
5733,2026-07-20 13:22,Galben,167,Preluat,34
5734,2026-07-07 11:59,Verde,89,Preluat,1
5735,2026-07-08 23:46,Verde,30,Externat,NULL
5736,2026-07-30 09:22,Albastru,75,In Asteptare,NULL
5737,2026-07-20 15:16,Albastru,220,Preluat,6
5738,2026-07-24 04:00,Galben,198,Externat,NULL
5739,2026-07-26 13:36,Albastru,118,Preluat,41
5740,2026-07-28 04:21,Galben,171,Externat,NULL
5741,2026-07-17 14:15,Galben,117,Externat,NULL
5742,2026-07-12 08:48,Verde,199,In Asteptare,NULL
5743,2026-07-13 18:23,Rosu,17,In Asteptare,NULL
5744,2026-07-02 14:36,Albastru,176,Externat,NULL
5745,2026-07-28 09:45,Galben,26,Externat,NULL
5746,2026-07-12 05:36,Galben,21,Externat,NULL
5747,2026-07-21 10:42,Rosu,3,Preluat,49
5748,2026-07-08 19:30,Galben,104,Externat,NULL
5749,2026-07-14 06:19,Galben,101,Externat,NULL
5750,2026-07-24 19:52,Verde,78,Externat,NULL
5751,2026-07-04 00:59,Galben,131,In Asteptare,NULL
5752,2026-07-21 02:08,Galben,59,Preluat,36
5753,2026-07-28 18:23,Galben,151,Externat,NULL
5754,2026-07-13 06:27,Galben,120,Externat,NULL
5755,2026-07-03 08:16,Galben,132,Preluat,40
5756,2026-07-29 01:56,Verde,51,Preluat,34
5757,2026-07-07 23:21,Galben,71,Externat,NULL
5758,2026-07-17 14:54,Galben,196,Externat,NULL
5759,2026-07-16 18:45,Galben,45,Externat,NULL
5760,2026-07-13 12:50,Galben,89,Externat,NULL
5761,2026-07-23 11:15,Verde,175,Preluat,26
5762,2026-07-24 06:55,Galben,198,Preluat,3
5763,2026-07-11 08:44,Verde,167,Externat,NULL
5764,2026-07-10 21:55,Albastru,147,Preluat,47
5765,2026-07-23 08:49,Verde,95,In Asteptare,NULL
5766,2026-07-02 14:16,Galben,145,Externat,NULL
5767,2026-07-18 19:19,Verde,143,Externat,NULL
5768,2026-07-07 04:19,Albastru,63,In Asteptare,NULL
5769,2026-07-22 23:48,Verde,220,Externat,NULL
5770,2026-07-28 05:41,Galben,141,Preluat,10
5771,2026-07-19 03:54,Verde,144,Preluat,31
5772,2026-07-14 11:08,Verde,39,Preluat,16
5773,2026-07-21 08:27,Galben,209,Externat,NULL
5774,2026-07-16 07:06,Verde,207,Externat,NULL
5775,2026-07-01 16:03,Galben,236,Externat,NULL
5776,2026-07-11 00:34,Albastru,152,Externat,NULL
5777,2026-07-14 06:49,Galben,158,Preluat,6
5778,2026-07-10 18:46,Verde,126,Preluat,4
5779,2026-07-08 02:53,Albastru,219,Preluat,35
5780,2026-07-17 00:57,Albastru,159,In Asteptare,NULL
5781,2026-07-14 15:03,Galben,118,Externat,NULL
5782,2026-07-17 08:04,Verde,235,Externat,NULL
5783,2026-07-16 19:06,Verde,220,In Asteptare,NULL
5784,2026-07-13 00:05,Verde,24,Externat,NULL
5785,2026-07-05 19:32,Rosu,11,Preluat,19
5786,2026-07-02 02:30,Verde,26,Externat,NULL
5787,2026-07-06 08:12,Verde,192,Externat,NULL
5788,2026-07-11 18:27,Galben,83,Preluat,39
5789,2026-07-12 02:16,Galben,226,Externat,NULL
5790,2026-07-02 14:59,Verde,59,Externat,NULL
5791,2026-07-19 22:36,Verde,161,In Asteptare,NULL
5792,2026-07-11 01:29,Verde,235,In Asteptare,NULL
5793,2026-07-18 02:51,Verde,120,Externat,NULL
5794,2026-07-04 23:41,Verde,57,Externat,NULL
5795,2026-07-23 03:24,Galben,42,Preluat,26
5796,2026-07-21 08:02,Verde,71,Externat,NULL
5797,2026-07-17 21:24,Verde,119,In Asteptare,NULL
5798,2026-07-13 00:17,Galben,30,Preluat,30
5799,2026-07-12 10:00,Verde,161,Preluat,17
5800,2026-07-18 13:44,Albastru,220,Externat,NULL
5801,2026-07-14 19:45,Galben,122,Preluat,30
5802,2026-07-23 06:30,Verde,112,Externat,NULL
5803,2026-07-09 16:34,Albastru,87,Externat,NULL
5804,2026-07-22 11:41,Galben,30,Preluat,24
5805,2026-07-02 01:46,Galben,90,Externat,NULL
5806,2026-07-28 21:50,Galben,234,Externat,NULL
5807,2026-07-05 21:42,Rosu,0,Externat,NULL
5808,2026-07-05 06:01,Galben,18,In Asteptare,NULL
5809,2026-07-05 13:52,Galben,28,Externat,NULL
5810,2026-07-02 03:55,Verde,86,Preluat,27
5811,2026-07-15 09:21,Verde,74,Externat,NULL
5812,2026-07-30 08:07,Verde,62,Externat,NULL
5813,2026-07-09 20:00,Galben,54,In Asteptare,NULL
5814,2026-07-09 06:00,Rosu,22,Externat,NULL
5815,2026-07-27 00:17,Verde,229,Externat,NULL
5816,2026-07-13 18:40,Galben,100,Externat,NULL
5817,2026-07-26 19:47,Galben,142,In Asteptare,NULL
5818,2026-07-01 06:54,Rosu,28,In Asteptare,NULL
5819,2026-07-05 06:41,Verde,84,Preluat,1
5820,2026-07-18 17:29,Galben,222,Externat,NULL
5821,2026-07-05 07:49,Verde,163,Externat,NULL
5822,2026-07-11 09:42,Rosu,10,In Asteptare,NULL
5823,2026-07-03 04:51,Verde,192,In Asteptare,NULL
5824,2026-07-04 16:57,Verde,18,Externat,NULL
5825,2026-07-22 06:19,Galben,197,Externat,NULL
5826,2026-07-24 12:28,Galben,112,In Asteptare,NULL
5827,2026-07-24 07:02,Galben,140,Externat,NULL
5828,2026-07-13 14:31,Verde,112,Externat,NULL
5829,2026-07-22 14:21,Galben,156,Preluat,24
5830,2026-07-25 11:10,Verde,204,Externat,NULL
5831,2026-07-16 14:06,Galben,125,Externat,NULL
5832,2026-07-23 20:20,Albastru,236,Preluat,4
5833,2026-07-24 14:21,Verde,91,Externat,NULL
5834,2026-07-10 21:50,Galben,152,Preluat,20
5835,2026-07-26 16:42,Verde,225,Preluat,13
5836,2026-07-21 17:18,Galben,22,Preluat,27
5837,2026-07-28 09:45,Galben,204,Externat,NULL
5838,2026-07-08 23:57,Verde,203,Preluat,17
5839,2026-07-25 05:18,Verde,82,In Asteptare,NULL
5840,2026-07-28 00:47,Verde,70,In Asteptare,NULL
5841,2026-07-14 08:17,Verde,110,In Asteptare,NULL
5842,2026-07-24 06:17,Galben,110,Preluat,31
5843,2026-07-11 02:56,Verde,72,Preluat,3
5844,2026-07-09 07:07,Albastru,19,In Asteptare,NULL
5845,2026-07-21 23:41,Verde,217,In Asteptare,NULL
5846,2026-07-30 16:40,Galben,200,Preluat,39
5847,2026-07-04 04:34,Galben,136,In Asteptare,NULL
5848,2026-07-03 06:02,Galben,87,Externat,NULL
5849,2026-07-08 10:04,Galben,174,Preluat,12
5850,2026-07-30 12:16,Rosu,11,In Asteptare,NULL
5851,2026-07-02 10:35,Verde,49,In Asteptare,NULL
5852,2026-07-28 02:47,Albastru,5,Externat,NULL
5853,2026-07-17 01:09,Albastru,236,In Asteptare,NULL
5854,2026-07-30 11:16,Verde,92,Externat,NULL
5855,2026-07-07 00:29,Rosu,12,In Asteptare,NULL
5856,2026-07-23 03:13,Verde,98,Externat,NULL
5857,2026-07-27 00:21,Verde,72,In Asteptare,NULL
5858,2026-07-08 03:54,Galben,216,In Asteptare,NULL
5859,2026-07-20 04:57,Verde,211,Externat,NULL
5860,2026-07-02 13:45,Albastru,36,Preluat,6
5861,2026-07-08 16:06,Verde,94,In Asteptare,NULL
5862,2026-07-17 13:57,Galben,171,Externat,NULL
5863,2026-07-22 01:49,Verde,63,Externat,NULL
5864,2026-07-19 01:44,Galben,221,Externat,NULL
5865,2026-07-13 17:06,Verde,192,In Asteptare,NULL
5866,2026-07-30 01:38,Galben,48,Externat,NULL
5867,2026-07-30 04:58,Rosu,9,Externat,NULL
5868,2026-07-23 03:27,Verde,101,Preluat,46
5869,2026-07-19 06:20,Rosu,26,Preluat,27
5870,2026-07-02 10:30,Rosu,19,In Asteptare,NULL
5871,2026-07-14 12:38,Verde,165,Preluat,11
5872,2026-07-29 01:52,Rosu,5,Externat,NULL
5873,2026-07-29 00:18,Verde,10,Preluat,28
5874,2026-07-17 08:38,Galben,6,Externat,NULL
5875,2026-07-02 03:13,Verde,99,Externat,NULL
5876,2026-07-30 03:34,Galben,173,Externat,NULL
5877,2026-07-23 15:10,Rosu,12,Externat,NULL
5878,2026-07-18 06:06,Verde,214,Externat,NULL
5879,2026-07-18 20:22,Galben,234,In Asteptare,NULL
5880,2026-07-09 12:06,Verde,240,Externat,NULL
5881,2026-07-30 12:47,Verde,49,Preluat,13
5882,2026-07-14 02:47,Verde,25,Externat,NULL
5883,2026-07-16 22:28,Galben,26,Externat,NULL
5884,2026-07-17 06:00,Verde,56,Externat,NULL
5885,2026-07-09 10:45,Galben,211,Externat,NULL
5886,2026-07-23 13:00,Verde,111,In Asteptare,NULL
5887,2026-07-05 15:16,Albastru,208,In Asteptare,NULL
5888,2026-07-08 23:13,Galben,39,Externat,NULL
5889,2026-07-24 03:50,Albastru,236,Preluat,47
5890,2026-07-13 02:04,Galben,32,Preluat,27
5891,2026-07-05 23:23,Verde,199,Externat,NULL
5892,2026-07-09 14:34,Albastru,92,In Asteptare,NULL
5893,2026-07-11 13:28,Verde,37,In Asteptare,NULL
5894,2026-07-21 13:32,Galben,52,In Asteptare,NULL
5895,2026-07-20 05:08,Galben,29,In Asteptare,NULL
5896,2026-07-24 09:09,Albastru,63,Preluat,41
5897,2026-07-17 06:29,Galben,167,In Asteptare,NULL
5898,2026-07-11 11:40,Verde,32,Externat,NULL
5899,2026-07-08 23:45,Galben,39,Preluat,12
5900,2026-07-04 10:18,Albastru,62,Preluat,10
5901,2026-07-24 20:28,Verde,116,Preluat,21
5902,2026-07-06 09:45,Verde,52,Preluat,18
5903,2026-07-11 13:45,Verde,240,Externat,NULL
5904,2026-07-15 16:58,Galben,127,In Asteptare,NULL
5905,2026-07-24 08:20,Albastru,227,Externat,NULL
5906,2026-07-22 23:29,Verde,53,Externat,NULL
5907,2026-07-02 09:46,Verde,187,Preluat,43
5908,2026-07-17 22:14,Verde,166,Externat,NULL
5909,2026-07-26 08:57,Verde,195,Externat,NULL
5910,2026-07-08 04:22,Verde,128,In Asteptare,NULL
5911,2026-07-12 21:44,Verde,140,In Asteptare,NULL
5912,2026-07-05 12:24,Albastru,51,Externat,NULL
5913,2026-07-23 18:52,Galben,50,Externat,NULL
5914,2026-07-05 08:36,Verde,127,Preluat,9
5915,2026-07-24 07:35,Galben,57,Externat,NULL
5916,2026-07-04 02:31,Galben,5,Preluat,49
5917,2026-07-15 01:07,Galben,217,In Asteptare,NULL
5918,2026-07-02 11:09,Albastru,55,Preluat,36
5919,2026-07-06 11:42,Verde,61,Externat,NULL
5920,2026-07-30 19:42,Albastru,234,Externat,NULL
5921,2026-07-17 18:00,Verde,86,Externat,NULL
5922,2026-07-11 13:42,Verde,61,Externat,NULL
5923,2026-07-19 03:37,Verde,168,Externat,NULL
5924,2026-07-21 15:20,Galben,10,Externat,NULL
5925,2026-07-18 18:39,Verde,38,Externat,NULL
5926,2026-07-12 04:04,Verde,49,Externat,NULL
5927,2026-07-09 14:37,Galben,120,Externat,NULL
5928,2026-07-28 03:26,Galben,85,Externat,NULL
5929,2026-07-29 10:12,Verde,43,Externat,NULL
5930,2026-07-09 12:17,Verde,215,Externat,NULL
5931,2026-07-20 05:10,Galben,55,Externat,NULL
5932,2026-07-05 17:56,Galben,93,Externat,NULL
5933,2026-07-05 20:17,Rosu,18,In Asteptare,NULL
5934,2026-07-20 16:19,Galben,101,In Asteptare,NULL
5935,2026-07-16 06:03,Galben,26,Externat,NULL
5936,2026-07-27 07:28,Verde,220,In Asteptare,NULL
5937,2026-07-09 21:15,Galben,180,Externat,NULL
5938,2026-07-07 06:07,Galben,150,Externat,NULL
5939,2026-07-15 20:22,Verde,6,Externat,NULL
5940,2026-07-24 01:33,Galben,207,Preluat,36
5941,2026-07-29 17:45,Galben,130,In Asteptare,NULL
5942,2026-07-27 09:06,Albastru,7,Preluat,36
5943,2026-07-26 12:05,Verde,85,Externat,NULL
5944,2026-07-18 14:00,Albastru,53,Preluat,9
5945,2026-07-07 22:24,Galben,154,Externat,NULL
5946,2026-07-30 17:46,Galben,10,In Asteptare,NULL
5947,2026-07-08 02:30,Rosu,30,Externat,NULL
5948,2026-07-29 03:08,Galben,59,Externat,NULL
5949,2026-07-01 02:21,Verde,82,Externat,NULL
5950,2026-07-29 10:42,Galben,199,Preluat,12
5951,2026-07-28 09:39,Galben,126,Externat,NULL
5952,2026-07-27 12:24,Albastru,201,Preluat,18
5953,2026-07-06 07:59,Verde,178,Externat,NULL
5954,2026-07-26 20:58,Albastru,174,Preluat,16
5955,2026-07-04 18:15,Galben,225,Externat,NULL
5956,2026-07-23 07:31,Galben,25,Externat,NULL
5957,2026-07-25 08:10,Galben,193,Externat,NULL
5958,2026-07-23 08:31,Verde,9,Externat,NULL
5959,2026-07-19 17:19,Rosu,0,Externat,NULL
5960,2026-07-13 09:28,Galben,208,In Asteptare,NULL
5961,2026-07-07 09:58,Galben,34,Externat,NULL
5962,2026-07-28 20:36,Verde,24,Externat,NULL
5963,2026-07-15 18:21,Verde,26,Preluat,44
5964,2026-07-03 02:10,Verde,34,Preluat,10
5965,2026-07-13 09:21,Rosu,21,In Asteptare,NULL
5966,2026-07-16 17:30,Verde,39,Externat,NULL
5967,2026-07-11 04:20,Verde,207,Externat,NULL
5968,2026-07-15 13:29,Verde,16,Preluat,48
5969,2026-07-18 22:52,Verde,180,Preluat,43
5970,2026-07-05 05:09,Galben,117,Preluat,32
5971,2026-07-03 12:35,Rosu,10,Externat,NULL
5972,2026-07-01 22:42,Verde,50,In Asteptare,NULL
5973,2026-07-12 05:17,Verde,6,Externat,NULL
5974,2026-07-14 00:23,Verde,195,Externat,NULL
5975,2026-07-28 17:21,Verde,204,Preluat,49
5976,2026-07-05 00:53,Verde,134,Externat,NULL
5977,2026-07-22 06:28,Galben,66,Externat,NULL
5978,2026-07-23 19:09,Verde,54,Preluat,17
5979,2026-07-05 17:49,Verde,140,Externat,NULL
5980,2026-07-18 13:52,Verde,35,Externat,NULL
5981,2026-07-06 17:02,Verde,167,Preluat,6
5982,2026-07-04 02:53,Verde,71,Externat,NULL
5983,2026-07-26 13:11,Verde,29,In Asteptare,NULL
5984,2026-07-01 18:16,Galben,208,Externat,NULL
5985,2026-07-16 18:03,Verde,155,Preluat,1
5986,2026-07-29 00:54,Galben,198,Externat,NULL
5987,2026-07-15 05:46,Verde,194,Externat,NULL
5988,2026-07-09 19:30,Verde,158,Preluat,40
5989,2026-07-16 11:50,Galben,46,Externat,NULL
5990,2026-07-26 04:09,Galben,234,Externat,NULL
5991,2026-07-08 22:53,Verde,28,Externat,NULL
5992,2026-07-30 20:25,Verde,199,Externat,NULL
5993,2026-07-17 18:35,Verde,167,Externat,NULL
5994,2026-07-30 15:32,Galben,132,Externat,NULL
5995,2026-07-05 20:54,Verde,139,Externat,NULL
5996,2026-07-25 21:10,Albastru,134,In Asteptare,NULL
5997,2026-07-14 01:10,Galben,68,Externat,NULL
5998,2026-07-23 15:14,Albastru,188,In Asteptare,NULL
5999,2026-07-14 06:21,Galben,142,Externat,NULL
6000,2026-07-15 08:53,Verde,124,Externat,NULL
6001,2026-07-27 03:50,Rosu,30,Preluat,1
6002,2026-07-26 19:44,Galben,108,Preluat,14
6003,2026-07-28 20:12,Verde,19,In Asteptare,NULL
6004,2026-07-10 03:42,Rosu,28,Preluat,20
6005,2026-07-05 17:37,Verde,41,Externat,NULL
6006,2026-07-03 10:28,Verde,214,Preluat,26
6007,2026-07-08 13:36,Verde,92,In Asteptare,NULL
6008,2026-07-27 14:12,Rosu,9,Externat,NULL
6009,2026-07-27 11:32,Galben,112,Externat,NULL
6010,2026-07-23 03:33,Rosu,15,Externat,NULL
6011,2026-07-28 17:06,Verde,22,In Asteptare,NULL
6012,2026-07-15 05:24,Galben,144,Externat,NULL
6013,2026-07-11 17:53,Galben,58,Externat,NULL
6014,2026-07-12 22:45,Verde,195,Preluat,9
6015,2026-07-14 22:49,Rosu,19,Preluat,37
6016,2026-07-16 10:14,Galben,18,Externat,NULL
6017,2026-07-20 04:01,Rosu,11,Preluat,31
6018,2026-07-09 08:36,Verde,113,Externat,NULL
6019,2026-07-11 12:09,Rosu,29,Externat,NULL
6020,2026-07-01 14:39,Galben,133,Externat,NULL
6021,2026-07-30 14:02,Rosu,11,In Asteptare,NULL
6022,2026-07-09 12:15,Galben,230,Externat,NULL
6023,2026-07-24 01:40,Galben,220,Externat,NULL
6024,2026-07-11 11:37,Verde,165,Externat,NULL
6025,2026-07-19 10:19,Verde,116,Externat,NULL
6026,2026-07-23 10:46,Galben,184,In Asteptare,NULL
6027,2026-07-07 06:40,Verde,180,Externat,NULL
6028,2026-07-24 19:36,Verde,19,In Asteptare,NULL
6029,2026-07-27 05:12,Albastru,77,Preluat,37
6030,2026-07-03 01:20,Verde,135,Externat,NULL
6031,2026-07-06 02:54,Verde,76,Preluat,49
6032,2026-07-08 13:26,Verde,238,In Asteptare,NULL
6033,2026-07-04 07:47,Verde,108,Preluat,27
6034,2026-07-24 17:46,Galben,9,In Asteptare,NULL
6035,2026-07-15 01:17,Galben,22,Preluat,42
6036,2026-07-30 06:58,Rosu,14,Externat,NULL
6037,2026-07-12 06:53,Rosu,8,Externat,NULL
6038,2026-07-06 00:51,Albastru,139,Preluat,40
6039,2026-07-22 04:53,Albastru,196,Externat,NULL
6040,2026-07-04 07:05,Galben,74,Preluat,15
6041,2026-07-24 10:43,Verde,74,Externat,NULL
6042,2026-07-28 14:19,Albastru,168,Externat,NULL
6043,2026-07-02 09:05,Galben,24,Externat,NULL
6044,2026-07-13 06:21,Rosu,24,Externat,NULL
6045,2026-07-13 11:54,Galben,55,Externat,NULL
6046,2026-07-04 15:17,Verde,34,Externat,NULL
6047,2026-07-26 22:31,Galben,207,Externat,NULL
6048,2026-07-24 04:25,Verde,141,In Asteptare,NULL
6049,2026-07-19 17:03,Verde,84,In Asteptare,NULL
6050,2026-07-01 17:22,Verde,144,Externat,NULL
6051,2026-07-08 00:56,Verde,183,Preluat,46
6052,2026-07-02 11:14,Verde,21,In Asteptare,NULL
6053,2026-07-21 19:22,Verde,133,Externat,NULL
6054,2026-07-12 08:35,Verde,135,Preluat,21
6055,2026-07-24 19:47,Verde,220,Preluat,38
6056,2026-07-19 09:33,Galben,70,Externat,NULL
6057,2026-07-18 14:39,Galben,101,Externat,NULL
6058,2026-07-22 23:48,Verde,104,Externat,NULL
6059,2026-07-02 16:06,Verde,21,Externat,NULL
6060,2026-07-02 16:19,Albastru,128,Externat,NULL
6061,2026-07-02 02:45,Verde,223,In Asteptare,NULL
6062,2026-07-09 09:18,Galben,13,Externat,NULL
6063,2026-07-24 06:25,Verde,238,Externat,NULL
6064,2026-07-11 21:51,Galben,192,In Asteptare,NULL
6065,2026-07-27 12:14,Verde,65,Preluat,32
6066,2026-07-21 12:19,Galben,45,Externat,NULL
6067,2026-07-17 16:24,Rosu,21,Preluat,16
6068,2026-07-26 22:11,Albastru,145,In Asteptare,NULL
6069,2026-07-22 18:36,Galben,156,In Asteptare,NULL
6070,2026-07-21 06:48,Galben,64,Preluat,45
6071,2026-07-23 05:26,Galben,51,Externat,NULL
6072,2026-07-09 18:06,Rosu,23,Externat,NULL
6073,2026-07-03 04:33,Verde,14,Preluat,28
6074,2026-07-12 20:31,Albastru,229,Externat,NULL
6075,2026-07-08 18:34,Galben,20,Externat,NULL
6076,2026-07-12 10:48,Galben,160,Externat,NULL
6077,2026-07-27 21:26,Galben,100,Preluat,12
6078,2026-07-06 12:05,Verde,131,Externat,NULL
6079,2026-07-30 20:02,Verde,96,Externat,NULL
6080,2026-07-22 20:31,Rosu,1,Externat,NULL
6081,2026-07-12 12:50,Verde,119,Externat,NULL
6082,2026-07-28 21:55,Galben,58,Externat,NULL
6083,2026-07-25 21:14,Galben,23,Preluat,37
6084,2026-07-20 16:35,Verde,228,Externat,NULL
6085,2026-07-09 22:00,Verde,87,Externat,NULL
6086,2026-07-02 00:00,Albastru,99,In Asteptare,NULL
6087,2026-07-30 23:17,Albastru,234,Externat,NULL
6088,2026-07-10 21:26,Albastru,150,In Asteptare,NULL
6089,2026-07-05 01:34,Galben,191,Preluat,2
6090,2026-07-05 12:55,Verde,130,Externat,NULL
6091,2026-07-30 20:00,Verde,115,In Asteptare,NULL
6092,2026-07-21 15:10,Verde,118,Externat,NULL
6093,2026-07-03 03:34,Galben,224,Preluat,41
6094,2026-07-22 10:34,Galben,209,In Asteptare,NULL
6095,2026-07-11 03:01,Albastru,145,Externat,NULL
6096,2026-07-15 10:48,Verde,192,Preluat,30
6097,2026-07-19 00:24,Rosu,10,Preluat,23
6098,2026-07-06 08:37,Rosu,1,In Asteptare,NULL
6099,2026-07-05 02:21,Galben,42,In Asteptare,NULL
6100,2026-07-16 12:01,Rosu,11,Preluat,31
6101,2026-07-29 21:22,Albastru,95,Preluat,18
6102,2026-07-04 01:07,Galben,21,Externat,NULL
6103,2026-07-07 01:01,Galben,177,Externat,NULL
6104,2026-07-04 00:21,Rosu,13,Externat,NULL
6105,2026-07-05 16:51,Galben,130,Preluat,23
6106,2026-07-20 04:00,Verde,128,Externat,NULL
6107,2026-07-02 07:56,Galben,139,In Asteptare,NULL
6108,2026-07-02 22:05,Albastru,193,Externat,NULL
6109,2026-07-13 15:48,Rosu,26,In Asteptare,NULL
6110,2026-07-24 04:23,Galben,207,Preluat,42
6111,2026-07-26 13:11,Verde,125,Externat,NULL
6112,2026-07-08 05:25,Verde,154,Externat,NULL
6113,2026-07-10 09:35,Verde,43,Externat,NULL
6114,2026-07-29 15:22,Verde,94,Preluat,24
6115,2026-07-16 10:44,Verde,215,Externat,NULL
6116,2026-07-02 17:12,Galben,179,Preluat,6
6117,2026-07-02 05:22,Rosu,11,In Asteptare,NULL
6118,2026-07-18 01:40,Galben,205,Preluat,50
6119,2026-07-18 16:32,Verde,97,Preluat,23
6120,2026-07-22 09:29,Galben,220,Externat,NULL
6121,2026-07-23 16:53,Verde,196,Externat,NULL
6122,2026-07-08 20:51,Galben,61,Externat,NULL
6123,2026-07-28 05:45,Verde,73,Externat,NULL
6124,2026-07-10 21:26,Verde,11,Externat,NULL
6125,2026-07-12 17:35,Verde,26,Preluat,34
6126,2026-07-29 14:55,Verde,58,Externat,NULL
6127,2026-07-24 03:45,Verde,138,Externat,NULL
6128,2026-07-19 16:18,Verde,103,Externat,NULL
6129,2026-07-22 10:25,Galben,195,In Asteptare,NULL
6130,2026-07-24 15:07,Rosu,18,Externat,NULL
6131,2026-07-09 12:49,Verde,96,In Asteptare,NULL
6132,2026-07-29 03:46,Verde,210,Externat,NULL
6133,2026-07-02 14:40,Galben,216,In Asteptare,NULL
6134,2026-07-16 06:03,Verde,183,Externat,NULL
6135,2026-07-06 03:04,Verde,153,Externat,NULL
6136,2026-07-04 12:42,Albastru,90,Externat,NULL
6137,2026-07-09 05:48,Verde,158,Externat,NULL
6138,2026-07-12 15:13,Galben,141,Externat,NULL
6139,2026-07-19 04:52,Rosu,23,In Asteptare,NULL
6140,2026-07-11 01:19,Verde,53,Preluat,37
6141,2026-07-11 14:26,Verde,184,Externat,NULL
6142,2026-07-09 16:32,Galben,208,Preluat,10
6143,2026-07-09 10:02,Verde,6,Preluat,28
6144,2026-07-06 07:35,Rosu,0,In Asteptare,NULL
6145,2026-07-14 16:41,Galben,140,Externat,NULL
6146,2026-07-25 10:42,Galben,36,Preluat,33
6147,2026-07-09 17:02,Rosu,11,Externat,NULL
6148,2026-07-20 13:07,Verde,81,In Asteptare,NULL
6149,2026-07-03 16:25,Verde,221,Externat,NULL
6150,2026-07-29 09:27,Verde,204,Externat,NULL
6151,2026-07-27 06:29,Verde,37,Preluat,31
6152,2026-07-22 16:59,Verde,178,Externat,NULL
6153,2026-07-16 06:52,Verde,164,Externat,NULL
6154,2026-07-13 16:48,Galben,86,Preluat,6
6155,2026-07-19 15:26,Rosu,3,Preluat,41
6156,2026-07-17 10:45,Rosu,10,Preluat,13
6157,2026-07-09 03:32,Rosu,15,Externat,NULL
6158,2026-07-27 23:48,Galben,200,In Asteptare,NULL
6159,2026-07-01 15:26,Galben,206,In Asteptare,NULL
6160,2026-07-11 18:13,Galben,165,Preluat,44
6161,2026-07-10 18:15,Verde,213,Preluat,7
6162,2026-07-21 01:31,Galben,191,Externat,NULL
6163,2026-07-08 23:42,Verde,69,Externat,NULL
6164,2026-07-01 04:53,Verde,50,Externat,NULL
6165,2026-07-29 10:32,Verde,201,Externat,NULL
6166,2026-07-23 08:29,Albastru,59,In Asteptare,NULL
6167,2026-07-26 08:09,Albastru,188,Externat,NULL
6168,2026-07-24 10:04,Verde,74,Preluat,4
6169,2026-07-25 18:45,Galben,32,In Asteptare,NULL
6170,2026-07-10 15:18,Verde,176,Externat,NULL
6171,2026-07-08 12:59,Verde,202,Externat,NULL
6172,2026-07-26 16:13,Rosu,25,In Asteptare,NULL
6173,2026-07-10 12:07,Verde,191,Preluat,6
6174,2026-07-18 08:40,Albastru,194,Externat,NULL
6175,2026-07-16 01:00,Albastru,22,In Asteptare,NULL
6176,2026-07-11 22:06,Verde,91,Externat,NULL
6177,2026-07-23 19:01,Verde,64,Externat,NULL
6178,2026-07-02 14:52,Verde,209,Externat,NULL
6179,2026-07-20 23:36,Rosu,20,Externat,NULL
6180,2026-07-15 11:33,Albastru,26,In Asteptare,NULL
6181,2026-07-17 09:04,Verde,101,Externat,NULL
6182,2026-07-30 15:18,Rosu,7,Preluat,38
6183,2026-07-26 16:34,Verde,96,In Asteptare,NULL
6184,2026-07-29 10:29,Galben,12,In Asteptare,NULL
6185,2026-07-22 03:40,Galben,160,Externat,NULL
6186,2026-07-07 04:55,Verde,220,Preluat,16
6187,2026-07-16 11:04,Verde,192,Externat,NULL
6188,2026-07-05 12:51,Verde,75,In Asteptare,NULL
6189,2026-07-07 02:18,Albastru,194,Preluat,24
6190,2026-07-19 13:18,Galben,238,In Asteptare,NULL
6191,2026-07-18 05:11,Galben,151,In Asteptare,NULL
6192,2026-07-05 06:44,Galben,186,In Asteptare,NULL
6193,2026-07-22 13:50,Verde,99,Preluat,3
6194,2026-07-26 14:04,Verde,74,Externat,NULL
6195,2026-07-18 22:48,Verde,148,Externat,NULL
6196,2026-07-02 18:12,Rosu,4,Preluat,8
6197,2026-07-26 22:10,Verde,168,Externat,NULL
6198,2026-07-23 13:09,Galben,213,Externat,NULL
6199,2026-07-12 15:59,Galben,43,Externat,NULL
6200,2026-07-14 10:42,Verde,13,In Asteptare,NULL
6201,2026-07-01 21:00,Verde,128,Externat,NULL
6202,2026-07-11 11:15,Verde,179,Externat,NULL
6203,2026-07-01 07:49,Verde,234,In Asteptare,NULL
6204,2026-07-09 10:09,Verde,126,In Asteptare,NULL
6205,2026-07-15 02:48,Galben,226,Externat,NULL
6206,2026-07-19 13:54,Albastru,26,Preluat,43
6207,2026-07-08 08:15,Galben,161,In Asteptare,NULL
6208,2026-07-14 12:46,Verde,157,Externat,NULL
6209,2026-07-13 22:01,Galben,70,Externat,NULL
6210,2026-07-23 07:52,Verde,123,Preluat,3
6211,2026-07-30 14:22,Galben,80,Externat,NULL
6212,2026-07-14 23:40,Galben,114,Externat,NULL
6213,2026-07-03 05:15,Verde,107,Externat,NULL
6214,2026-07-06 22:46,Verde,15,Externat,NULL
6215,2026-07-20 08:59,Galben,218,Externat,NULL
6216,2026-07-21 19:57,Verde,209,In Asteptare,NULL
6217,2026-07-10 06:50,Rosu,7,Externat,NULL
6218,2026-07-22 16:00,Galben,28,In Asteptare,NULL
6219,2026-07-12 21:01,Verde,160,Preluat,26
6220,2026-07-27 05:57,Rosu,28,Preluat,18
6221,2026-07-03 19:01,Verde,28,In Asteptare,NULL
6222,2026-07-01 03:16,Galben,63,In Asteptare,NULL
6223,2026-07-21 01:54,Verde,33,Externat,NULL
6224,2026-07-16 20:29,Verde,163,In Asteptare,NULL
6225,2026-07-29 16:55,Galben,175,Preluat,13
6226,2026-07-02 14:38,Galben,15,Externat,NULL
6227,2026-07-18 10:03,Galben,53,Externat,NULL
6228,2026-07-07 10:30,Rosu,8,Externat,NULL
6229,2026-07-04 12:54,Verde,203,In Asteptare,NULL
6230,2026-07-30 16:21,Verde,123,Preluat,14
6231,2026-07-13 19:51,Verde,239,Externat,NULL
6232,2026-07-24 21:56,Verde,57,Externat,NULL
6233,2026-07-18 03:05,Galben,93,Preluat,21
6234,2026-07-17 23:44,Verde,182,Preluat,46
6235,2026-07-22 13:49,Verde,20,Externat,NULL
6236,2026-07-28 00:54,Galben,155,Preluat,26
6237,2026-07-08 01:56,Verde,210,Externat,NULL
6238,2026-07-19 09:43,Verde,173,Preluat,20
6239,2026-07-17 18:47,Verde,224,Externat,NULL
6240,2026-07-07 22:35,Verde,223,Externat,NULL
6241,2026-07-16 11:17,Galben,237,Externat,NULL
6242,2026-07-09 11:00,Albastru,90,Externat,NULL
6243,2026-07-09 08:26,Verde,80,In Asteptare,NULL
6244,2026-07-04 13:14,Galben,157,Externat,NULL
6245,2026-07-10 05:31,Galben,201,Externat,NULL
6246,2026-07-16 03:34,Galben,32,Externat,NULL
6247,2026-07-18 03:50,Galben,96,Externat,NULL
6248,2026-07-19 15:18,Verde,201,In Asteptare,NULL
6249,2026-07-25 05:39,Verde,128,Externat,NULL
6250,2026-07-04 19:55,Albastru,180,In Asteptare,NULL
6251,2026-07-22 00:20,Albastru,223,Externat,NULL
6252,2026-07-10 07:46,Rosu,3,In Asteptare,NULL
6253,2026-07-04 17:58,Rosu,12,Preluat,25
6254,2026-07-29 17:56,Verde,145,Externat,NULL
6255,2026-07-01 14:02,Galben,57,Externat,NULL
6256,2026-07-18 17:17,Albastru,179,Externat,NULL
6257,2026-07-24 02:18,Verde,218,Preluat,45
6258,2026-07-14 02:22,Galben,194,Preluat,15
6259,2026-07-25 09:38,Verde,162,Preluat,22
6260,2026-07-29 18:20,Verde,204,Preluat,32
6261,2026-07-02 07:08,Verde,143,Preluat,27
6262,2026-07-09 18:10,Verde,138,Preluat,21
6263,2026-07-19 20:23,Verde,91,In Asteptare,NULL
6264,2026-07-04 06:06,Galben,178,Externat,NULL
6265,2026-07-01 08:50,Rosu,30,Externat,NULL
6266,2026-07-03 17:49,Verde,6,Externat,NULL
6267,2026-07-18 12:15,Galben,179,Externat,NULL
6268,2026-07-09 00:14,Verde,238,Preluat,36
6269,2026-07-23 11:56,Galben,82,Externat,NULL
6270,2026-07-11 19:56,Verde,52,Externat,NULL
6271,2026-07-27 22:25,Rosu,15,In Asteptare,NULL
6272,2026-07-27 20:03,Verde,219,Preluat,14
6273,2026-07-16 13:11,Galben,117,Externat,NULL
6274,2026-07-25 06:31,Verde,17,In Asteptare,NULL
6275,2026-07-29 14:36,Rosu,9,Preluat,4
6276,2026-07-10 19:57,Verde,132,In Asteptare,NULL
6277,2026-07-02 11:52,Rosu,25,Externat,NULL
6278,2026-07-17 14:53,Galben,155,Externat,NULL
6279,2026-07-13 14:00,Galben,170,In Asteptare,NULL
6280,2026-07-01 13:03,Verde,181,Externat,NULL
6281,2026-07-26 00:14,Galben,209,Externat,NULL
6282,2026-07-21 19:52,Albastru,224,In Asteptare,NULL
6283,2026-07-05 03:12,Verde,91,Preluat,12
6284,2026-07-04 17:24,Verde,11,Externat,NULL
6285,2026-07-06 21:02,Galben,163,Externat,NULL
6286,2026-07-13 21:11,Albastru,50,Externat,NULL
6287,2026-07-28 16:08,Verde,124,Externat,NULL
6288,2026-07-01 04:20,Verde,38,Externat,NULL
6289,2026-07-22 00:45,Rosu,25,Preluat,15
6290,2026-07-15 17:53,Galben,28,In Asteptare,NULL
6291,2026-07-07 11:59,Verde,73,Externat,NULL
6292,2026-07-05 10:45,Verde,136,Externat,NULL
6293,2026-07-04 00:26,Galben,154,Externat,NULL
6294,2026-07-17 17:04,Albastru,30,Preluat,4
6295,2026-07-26 07:22,Verde,78,Externat,NULL
6296,2026-07-16 22:49,Verde,203,Externat,NULL
6297,2026-07-24 11:10,Verde,106,In Asteptare,NULL
6298,2026-07-03 03:42,Galben,122,Externat,NULL
6299,2026-07-10 14:59,Galben,238,In Asteptare,NULL
6300,2026-07-30 00:17,Verde,142,Externat,NULL
6301,2026-07-27 22:28,Verde,176,Externat,NULL
6302,2026-07-07 08:56,Galben,20,Externat,NULL
6303,2026-07-29 15:51,Verde,210,In Asteptare,NULL
6304,2026-07-07 09:48,Galben,176,In Asteptare,NULL
6305,2026-07-08 07:08,Verde,78,Preluat,2
6306,2026-07-07 05:41,Albastru,172,Preluat,48
6307,2026-07-30 08:07,Galben,166,Externat,NULL
6308,2026-07-07 13:26,Verde,31,Preluat,41
6309,2026-07-22 21:19,Verde,240,In Asteptare,NULL
6310,2026-07-10 13:32,Verde,150,Preluat,11
6311,2026-07-29 04:52,Verde,210,Externat,NULL
6312,2026-07-03 02:46,Rosu,23,Externat,NULL
6313,2026-07-17 10:38,Rosu,17,Preluat,34
6314,2026-07-26 05:04,Verde,229,Externat,NULL
6315,2026-07-28 02:03,Verde,47,Externat,NULL
6316,2026-07-11 18:42,Albastru,139,In Asteptare,NULL
6317,2026-07-17 21:48,Galben,185,Externat,NULL
6318,2026-07-27 13:37,Albastru,95,Externat,NULL
6319,2026-07-16 18:40,Verde,175,Externat,NULL
6320,2026-07-12 23:55,Verde,25,Preluat,38
6321,2026-07-25 04:03,Albastru,157,Externat,NULL
6322,2026-07-05 08:23,Rosu,16,Externat,NULL
6323,2026-07-28 06:31,Rosu,3,In Asteptare,NULL
6324,2026-07-12 07:17,Galben,171,In Asteptare,NULL
6325,2026-07-28 01:15,Rosu,27,Preluat,12
6326,2026-07-19 18:20,Galben,88,Preluat,1
6327,2026-07-25 03:01,Galben,208,Preluat,36
6328,2026-07-14 14:59,Rosu,11,Externat,NULL
6329,2026-07-26 19:12,Galben,21,Preluat,21
6330,2026-07-12 11:24,Galben,122,Externat,NULL
6331,2026-07-14 21:12,Verde,171,Preluat,7
6332,2026-07-30 18:55,Rosu,30,Preluat,33
6333,2026-07-12 16:51,Verde,169,Externat,NULL
6334,2026-07-10 00:29,Galben,152,In Asteptare,NULL
6335,2026-07-09 17:39,Galben,128,Preluat,3
6336,2026-07-21 11:18,Verde,179,In Asteptare,NULL
6337,2026-07-25 01:14,Galben,44,Preluat,26
6338,2026-07-08 23:59,Rosu,17,Externat,NULL
6339,2026-07-15 02:52,Galben,39,Externat,NULL
6340,2026-07-27 04:03,Verde,239,Externat,NULL
6341,2026-07-19 06:17,Verde,100,Externat,NULL
6342,2026-07-03 14:37,Verde,188,Preluat,15
6343,2026-07-22 04:42,Verde,31,Externat,NULL
6344,2026-07-03 07:19,Albastru,89,Externat,NULL
6345,2026-07-28 14:25,Verde,132,Externat,NULL
6346,2026-07-17 17:01,Verde,37,Preluat,27
6347,2026-07-08 02:39,Verde,109,Externat,NULL
6348,2026-07-12 20:57,Verde,37,Externat,NULL
6349,2026-07-17 11:58,Galben,130,Externat,NULL
6350,2026-07-13 02:26,Galben,12,Externat,NULL
6351,2026-07-09 20:07,Verde,103,Externat,NULL
6352,2026-07-23 03:23,Galben,105,In Asteptare,NULL
6353,2026-07-05 04:06,Galben,7,Externat,NULL
6354,2026-07-01 17:00,Galben,22,In Asteptare,NULL
6355,2026-07-29 01:32,Verde,146,Preluat,29
6356,2026-07-14 09:41,Galben,148,Preluat,39
6357,2026-07-03 23:51,Verde,8,In Asteptare,NULL
6358,2026-07-10 10:23,Galben,189,Preluat,15
6359,2026-07-23 20:33,Galben,157,In Asteptare,NULL
6360,2026-07-27 13:11,Verde,58,Externat,NULL
6361,2026-07-22 18:47,Galben,176,Externat,NULL
6362,2026-07-12 23:25,Verde,239,In Asteptare,NULL
6363,2026-07-28 05:57,Rosu,12,Preluat,40
6364,2026-07-10 23:47,Galben,194,Externat,NULL
6365,2026-07-13 04:37,Galben,74,In Asteptare,NULL
6366,2026-07-22 16:12,Verde,6,In Asteptare,NULL
6367,2026-07-02 16:58,Galben,167,Externat,NULL
6368,2026-07-04 14:30,Rosu,24,Preluat,50
6369,2026-07-11 03:25,Galben,217,Preluat,48
6370,2026-07-12 20:03,Verde,194,Preluat,45
6371,2026-07-25 19:26,Albastru,39,In Asteptare,NULL
6372,2026-07-27 23:12,Galben,136,In Asteptare,NULL
6373,2026-07-11 16:38,Albastru,165,Externat,NULL
6374,2026-07-24 03:47,Galben,136,Externat,NULL
6375,2026-07-24 18:25,Galben,138,Externat,NULL
6376,2026-07-12 18:30,Rosu,30,In Asteptare,NULL
6377,2026-07-18 10:31,Galben,154,In Asteptare,NULL
6378,2026-07-17 02:35,Rosu,21,Externat,NULL
6379,2026-07-10 06:05,Verde,113,In Asteptare,NULL
6380,2026-07-07 10:00,Galben,234,Preluat,28
6381,2026-07-08 09:31,Galben,110,Externat,NULL
6382,2026-07-22 06:09,Rosu,25,Externat,NULL
6383,2026-07-27 02:01,Verde,117,Externat,NULL
6384,2026-07-14 15:15,Galben,164,In Asteptare,NULL
6385,2026-07-28 14:53,Galben,16,Preluat,46
6386,2026-07-26 00:46,Rosu,10,Preluat,12
6387,2026-07-26 19:00,Albastru,57,In Asteptare,NULL
6388,2026-07-23 13:50,Verde,173,Externat,NULL
6389,2026-07-21 12:29,Verde,34,In Asteptare,NULL
6390,2026-07-27 09:13,Galben,151,Externat,NULL
6391,2026-07-23 00:28,Galben,211,In Asteptare,NULL
6392,2026-07-25 08:40,Verde,107,Externat,NULL
6393,2026-07-11 21:04,Galben,38,Externat,NULL
6394,2026-07-03 22:58,Galben,43,Preluat,15
6395,2026-07-08 06:48,Galben,153,Preluat,43
6396,2026-07-12 12:13,Verde,95,Externat,NULL
6397,2026-07-03 14:29,Verde,113,Preluat,33
6398,2026-07-17 08:36,Galben,95,In Asteptare,NULL
6399,2026-07-13 06:24,Verde,166,Externat,NULL
6400,2026-07-02 13:31,Galben,164,Externat,NULL
6401,2026-07-25 21:57,Verde,148,Preluat,20
6402,2026-07-04 11:03,Verde,7,Externat,NULL
6403,2026-07-20 16:10,Galben,239,Externat,NULL
6404,2026-07-05 09:31,Galben,138,Externat,NULL
6405,2026-07-18 23:09,Galben,64,Externat,NULL
6406,2026-07-25 23:44,Albastru,106,Externat,NULL
6407,2026-07-15 02:31,Verde,10,In Asteptare,NULL
6408,2026-07-04 23:41,Verde,157,Externat,NULL
6409,2026-07-11 22:24,Albastru,16,Preluat,6
6410,2026-07-10 08:58,Albastru,123,Externat,NULL
6411,2026-07-02 10:14,Galben,175,Preluat,28
6412,2026-07-12 23:30,Verde,53,Preluat,36
6413,2026-07-23 01:22,Verde,75,Externat,NULL
6414,2026-07-11 23:22,Rosu,22,In Asteptare,NULL
6415,2026-07-16 23:17,Verde,75,In Asteptare,NULL
6416,2026-07-12 17:16,Verde,93,Preluat,10
6417,2026-07-11 02:49,Verde,235,Externat,NULL
6418,2026-07-02 03:24,Galben,62,In Asteptare,NULL
6419,2026-07-18 04:09,Galben,240,Preluat,28
6420,2026-07-01 01:26,Galben,77,In Asteptare,NULL
6421,2026-07-10 02:20,Galben,148,In Asteptare,NULL
6422,2026-07-22 00:08,Galben,79,In Asteptare,NULL
6423,2026-07-24 18:53,Galben,234,Preluat,7
6424,2026-07-17 08:31,Verde,165,Preluat,43
6425,2026-07-19 02:53,Albastru,240,Externat,NULL
6426,2026-07-08 18:19,Verde,179,Externat,NULL
6427,2026-07-14 08:09,Verde,131,Preluat,12
6428,2026-07-26 03:52,Galben,191,In Asteptare,NULL
6429,2026-07-12 05:17,Albastru,121,In Asteptare,NULL
6430,2026-07-17 23:02,Galben,73,In Asteptare,NULL
6431,2026-07-26 17:56,Verde,129,In Asteptare,NULL
6432,2026-07-28 09:34,Verde,117,Externat,NULL
6433,2026-07-15 11:26,Verde,124,In Asteptare,NULL
6434,2026-07-29 10:12,Verde,219,Externat,NULL
6435,2026-07-11 11:59,Galben,105,Preluat,41
6436,2026-07-15 17:50,Albastru,127,Preluat,18
6437,2026-07-08 18:50,Verde,80,Externat,NULL
6438,2026-07-30 15:40,Rosu,27,In Asteptare,NULL
6439,2026-07-29 01:37,Rosu,6,Externat,NULL
6440,2026-07-24 02:34,Verde,18,In Asteptare,NULL
6441,2026-07-19 19:35,Verde,193,Externat,NULL
6442,2026-07-10 12:42,Galben,92,In Asteptare,NULL
6443,2026-07-30 16:37,Galben,135,Preluat,16
6444,2026-07-22 01:39,Galben,141,Externat,NULL
6445,2026-07-12 02:16,Galben,137,Preluat,47
6446,2026-07-13 20:27,Galben,91,Preluat,23
6447,2026-07-16 06:05,Galben,156,Externat,NULL
6448,2026-07-05 19:12,Galben,144,Externat,NULL
6449,2026-07-07 23:35,Verde,163,Externat,NULL
6450,2026-07-04 05:19,Verde,97,In Asteptare,NULL
6451,2026-07-25 04:34,Galben,80,Externat,NULL
6452,2026-07-26 05:50,Galben,160,Externat,NULL
6453,2026-07-07 08:42,Albastru,72,Externat,NULL
6454,2026-07-11 14:59,Verde,176,In Asteptare,NULL
6455,2026-07-07 16:24,Verde,86,Externat,NULL
6456,2026-07-02 17:36,Verde,150,Externat,NULL
6457,2026-07-08 14:39,Galben,41,Preluat,21
6458,2026-07-24 12:09,Verde,101,Preluat,12
6459,2026-07-22 09:49,Verde,175,In Asteptare,NULL
6460,2026-07-15 15:32,Verde,116,Externat,NULL
6461,2026-07-02 11:40,Verde,123,In Asteptare,NULL
6462,2026-07-04 22:44,Albastru,151,Preluat,33
6463,2026-07-02 11:38,Galben,89,Externat,NULL
6464,2026-07-26 09:19,Verde,6,Preluat,12
6465,2026-07-10 03:14,Verde,219,In Asteptare,NULL
6466,2026-07-17 12:56,Galben,54,Externat,NULL
6467,2026-07-07 03:46,Galben,184,Externat,NULL
6468,2026-07-07 10:32,Galben,209,Preluat,25
6469,2026-07-28 02:21,Galben,49,Externat,NULL
6470,2026-07-19 14:56,Verde,38,Externat,NULL
6471,2026-07-22 21:05,Verde,28,Externat,NULL
6472,2026-07-18 01:46,Verde,36,Externat,NULL
6473,2026-07-22 10:43,Verde,194,Preluat,37
6474,2026-07-25 06:51,Verde,19,Externat,NULL
6475,2026-07-27 17:09,Verde,224,In Asteptare,NULL
6476,2026-07-08 21:03,Verde,183,Externat,NULL
6477,2026-07-02 10:42,Verde,79,In Asteptare,NULL
6478,2026-07-26 05:04,Galben,100,Externat,NULL
6479,2026-07-03 17:30,Albastru,27,In Asteptare,NULL
6480,2026-07-14 18:38,Verde,76,Preluat,32
6481,2026-07-02 03:36,Verde,160,In Asteptare,NULL
6482,2026-07-03 19:38,Galben,120,Externat,NULL
6483,2026-07-28 11:27,Verde,109,Preluat,33
6484,2026-07-15 18:48,Albastru,22,In Asteptare,NULL
6485,2026-07-04 20:00,Verde,187,Preluat,46
6486,2026-07-12 05:52,Galben,109,Preluat,8
6487,2026-07-14 23:38,Galben,208,In Asteptare,NULL
6488,2026-07-23 05:12,Galben,212,Externat,NULL
6489,2026-07-18 02:49,Albastru,197,Externat,NULL
6490,2026-07-11 13:13,Verde,49,Externat,NULL
6491,2026-07-14 23:14,Verde,202,Externat,NULL
6492,2026-07-02 04:34,Verde,141,In Asteptare,NULL
6493,2026-07-07 06:00,Galben,222,Externat,NULL
6494,2026-07-29 12:24,Galben,167,In Asteptare,NULL
6495,2026-07-04 06:44,Verde,233,Externat,NULL
6496,2026-07-27 13:03,Galben,94,Externat,NULL
6497,2026-07-06 16:23,Verde,169,Externat,NULL
6498,2026-07-18 01:58,Rosu,9,Preluat,38
6499,2026-07-20 05:21,Albastru,26,Externat,NULL
6500,2026-07-25 06:01,Verde,201,In Asteptare,NULL
6501,2026-07-27 04:30,Verde,75,Externat,NULL
6502,2026-07-14 01:07,Galben,191,Externat,NULL
6503,2026-07-02 06:42,Verde,158,Externat,NULL
6504,2026-07-14 04:44,Albastru,131,Externat,NULL
6505,2026-07-08 14:52,Verde,220,Externat,NULL
6506,2026-07-01 14:31,Rosu,16,Externat,NULL
6507,2026-07-10 05:45,Verde,113,Externat,NULL
6508,2026-07-25 03:48,Galben,27,Preluat,5
6509,2026-07-21 01:48,Verde,188,Externat,NULL
6510,2026-07-30 16:15,Verde,28,Externat,NULL
6511,2026-07-03 03:52,Verde,38,Externat,NULL
6512,2026-07-19 05:25,Verde,118,Externat,NULL
6513,2026-07-29 20:43,Verde,161,Externat,NULL
6514,2026-07-06 00:56,Galben,171,Externat,NULL
6515,2026-07-02 10:17,Verde,126,In Asteptare,NULL
6516,2026-07-04 13:22,Verde,13,In Asteptare,NULL
6517,2026-07-19 01:26,Albastru,74,Preluat,19
6518,2026-07-08 14:46,Verde,67,Preluat,23
6519,2026-07-16 08:57,Verde,149,Externat,NULL
6520,2026-07-19 09:38,Galben,107,In Asteptare,NULL
6521,2026-07-18 04:39,Verde,110,In Asteptare,NULL
6522,2026-07-18 04:38,Albastru,159,Preluat,20
6523,2026-07-08 05:52,Galben,233,Externat,NULL
6524,2026-07-04 11:39,Galben,127,Externat,NULL
6525,2026-07-03 15:22,Rosu,18,Externat,NULL
6526,2026-07-03 22:31,Galben,175,Externat,NULL
6527,2026-07-19 15:36,Verde,210,Preluat,41
6528,2026-07-29 08:02,Verde,63,Preluat,42
6529,2026-07-10 12:46,Galben,35,In Asteptare,NULL
6530,2026-07-09 03:44,Verde,70,Preluat,14
6531,2026-07-17 20:31,Galben,48,Preluat,11
6532,2026-07-14 22:15,Galben,80,Preluat,46
6533,2026-07-27 11:16,Albastru,188,Externat,NULL
6534,2026-07-18 09:33,Verde,190,Preluat,49
6535,2026-07-05 02:56,Albastru,196,Externat,NULL
6536,2026-07-02 01:25,Galben,54,Preluat,42
6537,2026-07-11 02:13,Rosu,11,Preluat,2
6538,2026-07-02 21:16,Albastru,149,In Asteptare,NULL
6539,2026-07-14 12:44,Galben,28,Externat,NULL
6540,2026-07-10 23:28,Galben,57,Externat,NULL
6541,2026-07-25 13:37,Albastru,80,Preluat,37
6542,2026-07-14 19:03,Verde,171,Preluat,44
6543,2026-07-02 00:57,Rosu,20,Externat,NULL
6544,2026-07-04 09:07,Galben,7,Preluat,11
6545,2026-07-15 06:51,Albastru,235,In Asteptare,NULL
6546,2026-07-30 12:30,Galben,78,Externat,NULL
6547,2026-07-07 23:05,Galben,134,Externat,NULL
6548,2026-07-07 16:45,Galben,120,Externat,NULL
6549,2026-07-21 09:58,Galben,187,Preluat,39
6550,2026-07-10 22:40,Verde,216,Externat,NULL
6551,2026-07-23 01:00,Albastru,125,Externat,NULL
6552,2026-07-11 12:51,Galben,137,Externat,NULL
6553,2026-07-03 04:19,Verde,57,Preluat,50
6554,2026-07-15 00:22,Galben,238,Externat,NULL
6555,2026-07-18 12:40,Verde,197,Externat,NULL
6556,2026-07-21 06:15,Galben,37,Preluat,1
6557,2026-07-13 07:17,Galben,185,Externat,NULL
6558,2026-07-28 08:36,Galben,216,Externat,NULL
6559,2026-07-25 00:27,Galben,48,Externat,NULL
6560,2026-07-13 12:33,Verde,218,Externat,NULL
6561,2026-07-24 11:32,Verde,133,In Asteptare,NULL
6562,2026-07-14 18:33,Verde,186,Externat,NULL
6563,2026-07-09 13:47,Verde,221,Externat,NULL
6564,2026-07-26 16:35,Verde,164,Externat,NULL
6565,2026-07-18 13:05,Galben,15,Externat,NULL
6566,2026-07-29 06:02,Galben,67,Externat,NULL
6567,2026-07-03 15:30,Verde,92,Externat,NULL
6568,2026-07-14 09:05,Rosu,28,Externat,NULL
6569,2026-07-30 17:11,Galben,67,Preluat,49
6570,2026-07-26 08:57,Albastru,240,In Asteptare,NULL
6571,2026-07-03 08:16,Galben,38,Preluat,38
6572,2026-07-08 01:58,Galben,40,Externat,NULL
6573,2026-07-22 14:34,Albastru,98,Externat,NULL
6574,2026-07-06 19:29,Rosu,8,Preluat,20
6575,2026-07-06 15:00,Verde,196,Externat,NULL
6576,2026-07-19 11:15,Rosu,9,In Asteptare,NULL
6577,2026-07-19 06:46,Galben,51,Externat,NULL
6578,2026-07-03 09:06,Galben,212,In Asteptare,NULL
6579,2026-07-30 13:15,Verde,144,Preluat,36
6580,2026-07-12 21:32,Verde,196,Preluat,11
6581,2026-07-26 11:03,Galben,85,Preluat,48
6582,2026-07-16 20:36,Galben,169,Externat,NULL
6583,2026-07-08 02:54,Albastru,14,Externat,NULL
6584,2026-07-02 03:06,Verde,22,Externat,NULL
6585,2026-07-22 09:02,Verde,75,Externat,NULL
6586,2026-07-11 21:54,Verde,197,Externat,NULL
6587,2026-07-06 04:14,Verde,145,In Asteptare,NULL
6588,2026-07-04 20:00,Verde,54,Externat,NULL
6589,2026-07-20 01:44,Galben,52,Preluat,19
6590,2026-07-18 03:26,Verde,214,Preluat,35
6591,2026-07-15 03:10,Galben,236,Preluat,28
6592,2026-07-03 07:21,Verde,82,Externat,NULL
6593,2026-07-20 06:34,Verde,195,Externat,NULL
6594,2026-07-04 16:19,Galben,45,Preluat,28
6595,2026-07-03 06:29,Albastru,85,In Asteptare,NULL
6596,2026-07-05 10:14,Verde,123,Externat,NULL
6597,2026-07-19 13:43,Galben,159,Preluat,48
6598,2026-07-16 21:57,Albastru,116,In Asteptare,NULL
6599,2026-07-18 01:52,Verde,96,Preluat,12
6600,2026-07-19 05:01,Verde,124,Externat,NULL
6601,2026-07-14 05:05,Albastru,153,Externat,NULL
6602,2026-07-06 15:29,Galben,89,Externat,NULL
6603,2026-07-16 03:07,Galben,64,Preluat,46
6604,2026-07-25 10:13,Rosu,3,Preluat,9
6605,2026-07-25 16:15,Galben,28,In Asteptare,NULL
6606,2026-07-21 18:24,Verde,105,Preluat,47
6607,2026-07-02 05:46,Verde,8,In Asteptare,NULL
6608,2026-07-08 05:31,Verde,81,Externat,NULL
6609,2026-07-19 04:15,Galben,21,Preluat,8
6610,2026-07-21 05:45,Galben,162,In Asteptare,NULL
6611,2026-07-09 08:26,Galben,102,Externat,NULL
6612,2026-07-24 14:55,Verde,130,Preluat,34
6613,2026-07-08 13:59,Galben,100,Preluat,18
6614,2026-07-17 10:17,Verde,41,In Asteptare,NULL
6615,2026-07-08 13:01,Galben,168,Externat,NULL
6616,2026-07-13 07:37,Galben,149,Externat,NULL
6617,2026-07-26 12:14,Verde,232,Externat,NULL
6618,2026-07-03 05:41,Verde,189,In Asteptare,NULL
6619,2026-07-30 06:23,Galben,174,Externat,NULL
6620,2026-07-04 01:50,Rosu,14,Preluat,12
6621,2026-07-09 20:12,Galben,36,In Asteptare,NULL
6622,2026-07-17 11:05,Galben,128,In Asteptare,NULL
6623,2026-07-10 07:33,Rosu,8,Externat,NULL
6624,2026-07-26 21:25,Verde,197,In Asteptare,NULL
6625,2026-07-19 16:47,Rosu,18,Externat,NULL
6626,2026-07-03 05:49,Rosu,1,Externat,NULL
6627,2026-07-19 15:49,Albastru,82,Preluat,8
6628,2026-07-16 11:55,Galben,202,In Asteptare,NULL
6629,2026-07-18 05:16,Verde,219,Preluat,29
6630,2026-07-02 18:01,Galben,196,Preluat,35
6631,2026-07-11 14:07,Verde,232,In Asteptare,NULL
6632,2026-07-15 20:24,Rosu,7,Preluat,42
6633,2026-07-06 19:22,Galben,72,Externat,NULL
6634,2026-07-08 07:20,Galben,106,Preluat,39
6635,2026-07-07 15:34,Verde,186,Preluat,47
6636,2026-07-30 11:14,Galben,75,In Asteptare,NULL
6637,2026-07-25 22:02,Rosu,24,Externat,NULL
6638,2026-07-04 08:38,Verde,218,Externat,NULL
6639,2026-07-23 02:30,Galben,15,In Asteptare,NULL
6640,2026-07-20 21:20,Verde,19,In Asteptare,NULL
6641,2026-07-26 05:46,Verde,219,Externat,NULL
6642,2026-07-02 17:55,Galben,48,Preluat,6
6643,2026-07-26 04:53,Galben,142,Externat,NULL
6644,2026-07-18 08:35,Verde,90,Preluat,27
6645,2026-07-09 05:50,Verde,27,Preluat,34
6646,2026-07-20 09:11,Verde,228,Externat,NULL
6647,2026-07-24 08:57,Verde,230,Externat,NULL
6648,2026-07-14 14:35,Galben,43,In Asteptare,NULL
6649,2026-07-16 09:25,Galben,206,Preluat,44
6650,2026-07-11 06:22,Galben,219,Externat,NULL
6651,2026-07-29 14:11,Verde,45,Externat,NULL
6652,2026-07-05 18:01,Verde,60,In Asteptare,NULL
6653,2026-07-07 12:10,Verde,115,Externat,NULL
6654,2026-07-02 10:30,Verde,210,Externat,NULL
6655,2026-07-12 11:11,Verde,41,In Asteptare,NULL
6656,2026-07-04 09:58,Verde,136,Externat,NULL
6657,2026-07-15 00:33,Galben,20,Preluat,3
6658,2026-07-13 01:02,Galben,178,In Asteptare,NULL
6659,2026-07-11 19:38,Verde,82,Preluat,46
6660,2026-07-17 17:39,Galben,236,Preluat,42
6661,2026-07-05 00:03,Verde,226,Preluat,10
6662,2026-07-07 04:59,Rosu,29,Preluat,36
6663,2026-07-24 07:30,Verde,86,Externat,NULL
6664,2026-07-19 08:02,Verde,101,Preluat,50
6665,2026-07-08 23:42,Verde,99,In Asteptare,NULL
6666,2026-07-12 19:09,Verde,199,Externat,NULL
6667,2026-07-10 05:50,Verde,200,Preluat,28
6668,2026-07-14 13:08,Verde,207,Externat,NULL
6669,2026-07-25 11:12,Galben,140,Preluat,34
6670,2026-07-03 09:19,Verde,104,In Asteptare,NULL
6671,2026-07-30 04:13,Verde,16,Preluat,40
6672,2026-07-26 05:01,Verde,111,Externat,NULL
6673,2026-07-26 05:40,Albastru,48,Preluat,28
6674,2026-07-10 16:19,Rosu,10,Preluat,39
6675,2026-07-06 08:13,Verde,50,Externat,NULL
6676,2026-07-16 08:03,Galben,191,Preluat,50
6677,2026-07-12 18:47,Verde,120,Externat,NULL
6678,2026-07-10 22:48,Galben,137,In Asteptare,NULL
6679,2026-07-11 07:01,Galben,33,Preluat,40
6680,2026-07-28 03:19,Albastru,116,Externat,NULL
6681,2026-07-13 19:24,Verde,157,Preluat,20
6682,2026-07-27 04:55,Verde,66,In Asteptare,NULL
6683,2026-07-13 16:16,Verde,93,Externat,NULL
6684,2026-07-13 04:54,Galben,66,In Asteptare,NULL
6685,2026-07-08 03:38,Galben,197,Externat,NULL
6686,2026-07-11 12:55,Galben,111,Externat,NULL
6687,2026-07-12 11:12,Albastru,163,Externat,NULL
6688,2026-07-23 14:46,Verde,95,Externat,NULL
6689,2026-07-08 21:02,Verde,42,In Asteptare,NULL
6690,2026-07-24 03:30,Verde,147,Externat,NULL
6691,2026-07-10 12:44,Rosu,17,In Asteptare,NULL
6692,2026-07-03 12:35,Verde,108,Externat,NULL
6693,2026-07-28 23:12,Rosu,8,Externat,NULL
6694,2026-07-05 04:50,Rosu,12,Externat,NULL
6695,2026-07-01 10:47,Galben,6,Preluat,2
6696,2026-07-05 09:21,Galben,42,Preluat,1
6697,2026-07-30 07:48,Verde,69,Preluat,36
6698,2026-07-29 02:00,Verde,142,Preluat,20
6699,2026-07-26 04:01,Verde,97,Externat,NULL
6700,2026-07-29 19:59,Galben,5,Externat,NULL
6701,2026-07-17 01:05,Verde,132,Externat,NULL
6702,2026-07-17 15:33,Galben,44,In Asteptare,NULL
6703,2026-07-23 10:47,Galben,218,In Asteptare,NULL
6704,2026-07-14 10:27,Galben,109,In Asteptare,NULL
6705,2026-07-14 10:49,Galben,98,Externat,NULL
6706,2026-07-24 06:12,Verde,67,Preluat,18
6707,2026-07-13 11:04,Verde,74,In Asteptare,NULL
6708,2026-07-03 05:44,Albastru,59,In Asteptare,NULL
6709,2026-07-12 21:52,Verde,154,Externat,NULL
6710,2026-07-29 18:10,Galben,171,In Asteptare,NULL
6711,2026-07-18 15:34,Verde,138,Preluat,18
6712,2026-07-02 17:15,Verde,14,In Asteptare,NULL
6713,2026-07-07 13:16,Rosu,14,Preluat,18
6714,2026-07-01 05:10,Galben,37,Preluat,16
6715,2026-07-26 19:25,Verde,109,Externat,NULL
6716,2026-07-28 07:26,Galben,220,Externat,NULL
6717,2026-07-30 08:22,Verde,192,Externat,NULL
6718,2026-07-23 07:00,Galben,133,Externat,NULL
6719,2026-07-26 01:14,Rosu,9,Externat,NULL
6720,2026-07-17 01:37,Verde,152,Externat,NULL
6721,2026-07-11 02:32,Rosu,3,Externat,NULL
6722,2026-07-10 06:00,Albastru,167,Preluat,30
6723,2026-07-13 04:52,Verde,141,Externat,NULL
6724,2026-07-16 13:11,Verde,84,Externat,NULL
6725,2026-07-04 05:33,Verde,26,Externat,NULL
6726,2026-07-25 18:25,Verde,134,Externat,NULL
6727,2026-07-09 19:28,Galben,240,Externat,NULL
6728,2026-07-25 07:24,Rosu,3,Preluat,6
6729,2026-07-16 17:58,Galben,102,Externat,NULL
6730,2026-07-13 03:06,Verde,49,In Asteptare,NULL
6731,2026-07-12 01:27,Galben,112,In Asteptare,NULL
6732,2026-07-29 03:18,Galben,77,Externat,NULL
6733,2026-07-16 17:13,Albastru,228,Preluat,9
6734,2026-07-21 22:58,Verde,169,Externat,NULL
6735,2026-07-08 13:56,Verde,13,In Asteptare,NULL
6736,2026-07-15 13:19,Albastru,54,Externat,NULL
6737,2026-07-13 02:18,Verde,139,Externat,NULL
6738,2026-07-29 02:48,Galben,76,Preluat,22
6739,2026-07-20 03:02,Galben,214,Preluat,38
6740,2026-07-28 19:58,Verde,91,Externat,NULL
6741,2026-07-07 19:57,Verde,24,Externat,NULL
6742,2026-07-30 07:57,Verde,130,Preluat,35
6743,2026-07-14 14:26,Verde,85,Externat,NULL
6744,2026-07-21 16:26,Galben,97,Externat,NULL
6745,2026-07-30 03:52,Galben,145,Externat,NULL
6746,2026-07-30 15:13,Verde,216,Externat,NULL
6747,2026-07-26 18:00,Verde,191,In Asteptare,NULL
6748,2026-07-21 04:50,Verde,107,Externat,NULL
6749,2026-07-10 06:49,Verde,61,Externat,NULL
6750,2026-07-27 04:31,Albastru,209,Preluat,12
6751,2026-07-13 07:03,Verde,115,In Asteptare,NULL
6752,2026-07-05 20:35,Albastru,58,Preluat,26
6753,2026-07-15 22:18,Verde,118,Preluat,22
6754,2026-07-29 08:18,Galben,226,Externat,NULL
6755,2026-07-11 15:18,Rosu,26,Externat,NULL
6756,2026-07-15 05:44,Galben,22,In Asteptare,NULL
6757,2026-07-19 13:11,Rosu,25,Preluat,33
6758,2026-07-15 09:06,Albastru,92,In Asteptare,NULL
6759,2026-07-01 01:16,Verde,111,In Asteptare,NULL
6760,2026-07-16 03:47,Verde,170,Externat,NULL
6761,2026-07-11 21:33,Verde,62,Externat,NULL
6762,2026-07-01 17:39,Verde,131,Preluat,25
6763,2026-07-03 03:34,Verde,158,Externat,NULL
6764,2026-07-11 17:44,Albastru,120,Preluat,23
6765,2026-07-29 00:34,Verde,209,Externat,NULL
6766,2026-07-11 12:25,Verde,8,In Asteptare,NULL
6767,2026-07-29 21:42,Galben,56,Preluat,45
6768,2026-07-08 03:23,Galben,158,Preluat,20
6769,2026-07-14 19:44,Verde,215,Externat,NULL
6770,2026-07-12 07:18,Albastru,158,Externat,NULL
6771,2026-07-02 19:45,Verde,185,In Asteptare,NULL
6772,2026-07-14 04:24,Galben,205,In Asteptare,NULL
6773,2026-07-20 04:58,Rosu,21,Externat,NULL
6774,2026-07-03 18:19,Galben,163,Preluat,40
6775,2026-07-08 23:14,Verde,131,Externat,NULL
6776,2026-07-16 21:24,Verde,180,Externat,NULL
6777,2026-07-02 21:31,Verde,155,Externat,NULL
6778,2026-07-21 09:42,Verde,68,Externat,NULL
6779,2026-07-23 21:50,Galben,228,Externat,NULL
6780,2026-07-14 14:10,Galben,127,Externat,NULL
6781,2026-07-19 19:08,Albastru,91,Externat,NULL
6782,2026-07-01 10:57,Verde,91,Preluat,23
6783,2026-07-14 09:10,Galben,25,Preluat,6
6784,2026-07-01 12:54,Verde,94,In Asteptare,NULL
6785,2026-07-13 22:18,Verde,105,Preluat,50
6786,2026-07-26 20:33,Galben,159,Externat,NULL
6787,2026-07-06 04:12,Galben,20,Preluat,4
6788,2026-07-10 17:48,Rosu,2,Preluat,45
6789,2026-07-11 14:54,Verde,135,Externat,NULL
6790,2026-07-23 23:23,Verde,93,Externat,NULL
6791,2026-07-24 18:48,Verde,23,Preluat,23
6792,2026-07-30 16:06,Rosu,22,Preluat,28
6793,2026-07-19 14:24,Rosu,5,Externat,NULL
6794,2026-07-30 00:23,Galben,81,Externat,NULL
6795,2026-07-11 20:37,Verde,103,Externat,NULL
6796,2026-07-23 02:27,Galben,135,Preluat,9
6797,2026-07-10 09:54,Galben,178,Externat,NULL
6798,2026-07-06 09:16,Albastru,54,Preluat,19
6799,2026-07-04 01:21,Galben,234,Externat,NULL
6800,2026-07-20 08:49,Verde,215,In Asteptare,NULL
6801,2026-07-30 18:36,Galben,68,Externat,NULL
6802,2026-07-09 10:47,Galben,143,Externat,NULL
6803,2026-07-10 09:49,Galben,109,Externat,NULL
6804,2026-07-02 07:12,Galben,43,Externat,NULL
6805,2026-07-04 02:11,Galben,92,Externat,NULL
6806,2026-07-10 20:42,Galben,211,Externat,NULL
6807,2026-07-11 04:06,Verde,233,Externat,NULL
6808,2026-07-22 18:14,Galben,147,Preluat,38
6809,2026-07-21 20:58,Galben,18,In Asteptare,NULL
6810,2026-07-12 07:56,Galben,115,Externat,NULL
6811,2026-07-11 22:01,Verde,133,In Asteptare,NULL
6812,2026-07-13 02:11,Rosu,27,Preluat,28
6813,2026-07-30 22:26,Verde,93,In Asteptare,NULL
6814,2026-07-18 00:03,Verde,148,Externat,NULL
6815,2026-07-11 03:19,Verde,8,In Asteptare,NULL
6816,2026-07-02 04:26,Galben,37,In Asteptare,NULL
6817,2026-07-24 06:50,Verde,67,In Asteptare,NULL
6818,2026-07-25 13:41,Verde,227,Externat,NULL
6819,2026-07-12 15:13,Galben,150,In Asteptare,NULL
6820,2026-07-10 21:27,Verde,141,Preluat,23
6821,2026-07-25 16:32,Verde,52,In Asteptare,NULL
6822,2026-07-19 04:58,Verde,31,Externat,NULL
6823,2026-07-03 16:18,Rosu,9,Preluat,27
6824,2026-07-30 17:53,Rosu,17,Externat,NULL
6825,2026-07-15 02:57,Galben,190,Externat,NULL
6826,2026-07-14 15:28,Galben,21,In Asteptare,NULL
6827,2026-07-03 02:56,Galben,235,Externat,NULL
6828,2026-07-06 20:13,Verde,162,Externat,NULL
6829,2026-07-15 23:48,Galben,77,In Asteptare,NULL
6830,2026-07-22 22:49,Verde,121,Preluat,38
6831,2026-07-16 19:55,Galben,178,In Asteptare,NULL
6832,2026-07-06 00:55,Galben,117,Preluat,4
6833,2026-07-19 18:47,Galben,65,In Asteptare,NULL
6834,2026-07-16 09:57,Verde,126,Externat,NULL
6835,2026-07-15 16:34,Galben,122,Preluat,44
6836,2026-07-28 05:41,Rosu,3,Preluat,46
6837,2026-07-11 18:27,Rosu,30,Externat,NULL
6838,2026-07-17 09:05,Verde,74,Externat,NULL
6839,2026-07-26 00:58,Galben,219,Externat,NULL
6840,2026-07-22 22:02,Galben,26,Externat,NULL
6841,2026-07-26 11:10,Verde,198,Preluat,28
6842,2026-07-20 04:02,Verde,10,Externat,NULL
6843,2026-07-24 17:00,Verde,8,Externat,NULL
6844,2026-07-05 23:29,Rosu,25,In Asteptare,NULL
6845,2026-07-11 12:33,Galben,44,Externat,NULL
6846,2026-07-08 22:54,Verde,213,Externat,NULL
6847,2026-07-06 07:35,Verde,128,Preluat,9
6848,2026-07-25 02:02,Verde,56,Externat,NULL
6849,2026-07-27 00:49,Verde,77,Externat,NULL
6850,2026-07-10 09:31,Verde,150,In Asteptare,NULL
6851,2026-07-23 22:32,Galben,206,Externat,NULL
6852,2026-07-17 05:30,Verde,91,Externat,NULL
6853,2026-07-28 21:12,Galben,68,In Asteptare,NULL
6854,2026-07-19 21:26,Rosu,26,Externat,NULL
6855,2026-07-22 02:45,Galben,68,Externat,NULL
6856,2026-07-20 10:13,Verde,196,Externat,NULL
6857,2026-07-30 23:01,Rosu,23,In Asteptare,NULL
6858,2026-07-27 01:09,Verde,197,Externat,NULL
6859,2026-07-08 15:08,Verde,117,Preluat,7
6860,2026-07-03 08:48,Verde,68,Externat,NULL
6861,2026-07-10 17:33,Verde,213,In Asteptare,NULL
6862,2026-07-21 21:00,Albastru,34,Externat,NULL
6863,2026-07-02 01:03,Verde,87,In Asteptare,NULL
6864,2026-07-04 22:59,Verde,164,Externat,NULL
6865,2026-07-12 03:06,Galben,234,In Asteptare,NULL
6866,2026-07-08 12:47,Verde,22,Externat,NULL
6867,2026-07-18 07:33,Verde,179,In Asteptare,NULL
6868,2026-07-26 15:49,Rosu,16,Preluat,33
6869,2026-07-20 06:19,Galben,224,Preluat,18
6870,2026-07-24 10:38,Galben,193,Preluat,23
6871,2026-07-04 04:48,Rosu,30,Externat,NULL
6872,2026-07-07 12:40,Galben,105,In Asteptare,NULL
6873,2026-07-23 07:43,Galben,85,In Asteptare,NULL
6874,2026-07-15 06:51,Galben,13,Externat,NULL
6875,2026-07-16 22:04,Verde,83,Preluat,39
6876,2026-07-09 13:29,Galben,170,Preluat,3
6877,2026-07-03 18:02,Verde,18,Preluat,11
6878,2026-07-11 08:28,Galben,40,Externat,NULL
6879,2026-07-05 13:56,Verde,28,Preluat,18
6880,2026-07-02 01:05,Galben,174,Preluat,40
6881,2026-07-04 00:26,Galben,217,Preluat,32
6882,2026-07-13 02:56,Verde,199,In Asteptare,NULL
6883,2026-07-06 20:36,Verde,216,Externat,NULL
6884,2026-07-15 02:08,Verde,193,Preluat,14
6885,2026-07-22 16:06,Verde,176,Preluat,40
6886,2026-07-13 03:14,Verde,214,Externat,NULL
6887,2026-07-09 14:56,Albastru,207,Externat,NULL
6888,2026-07-28 06:18,Galben,118,Externat,NULL
6889,2026-07-19 21:19,Rosu,9,Externat,NULL
6890,2026-07-23 08:18,Verde,96,Externat,NULL
6891,2026-07-25 07:38,Verde,138,Externat,NULL
6892,2026-07-10 22:53,Verde,72,Preluat,14
6893,2026-07-02 16:05,Verde,85,Preluat,41
6894,2026-07-18 08:20,Galben,30,Externat,NULL
6895,2026-07-11 21:39,Verde,63,Preluat,22
6896,2026-07-21 02:25,Rosu,2,In Asteptare,NULL
6897,2026-07-21 15:57,Galben,12,Externat,NULL
6898,2026-07-09 21:16,Verde,180,Externat,NULL
6899,2026-07-04 03:22,Galben,92,In Asteptare,NULL
6900,2026-07-01 17:14,Albastru,111,Externat,NULL
6901,2026-07-14 06:00,Verde,114,Externat,NULL
6902,2026-07-19 18:11,Galben,42,Preluat,36
6903,2026-07-09 13:52,Galben,87,Preluat,26
6904,2026-07-07 08:57,Verde,60,Preluat,3
6905,2026-07-15 10:50,Verde,17,Preluat,43
6906,2026-07-08 15:00,Verde,146,Externat,NULL
6907,2026-07-14 09:17,Galben,7,Externat,NULL
6908,2026-07-18 19:25,Galben,232,Externat,NULL
6909,2026-07-10 07:11,Verde,127,Externat,NULL
6910,2026-07-04 01:35,Rosu,25,Externat,NULL
6911,2026-07-12 06:58,Galben,159,Externat,NULL
6912,2026-07-27 09:58,Galben,144,Externat,NULL
6913,2026-07-14 17:35,Galben,211,Preluat,27
6914,2026-07-09 14:06,Galben,99,In Asteptare,NULL
6915,2026-07-04 02:25,Verde,130,Externat,NULL
6916,2026-07-19 07:23,Verde,47,Externat,NULL
6917,2026-07-14 19:43,Galben,47,Externat,NULL
6918,2026-07-22 02:42,Verde,115,In Asteptare,NULL
6919,2026-07-07 19:43,Verde,151,Externat,NULL
6920,2026-07-11 05:13,Albastru,114,Externat,NULL
6921,2026-07-28 14:56,Albastru,73,Externat,NULL
6922,2026-07-26 10:13,Galben,198,Preluat,31
6923,2026-07-11 19:54,Galben,166,Preluat,50
6924,2026-07-05 11:05,Verde,186,In Asteptare,NULL
6925,2026-07-17 21:56,Verde,157,Preluat,28
6926,2026-07-12 20:35,Verde,153,Preluat,33
6927,2026-07-21 12:38,Galben,185,In Asteptare,NULL
6928,2026-07-03 17:39,Galben,181,In Asteptare,NULL
6929,2026-07-25 04:22,Galben,166,Preluat,22
6930,2026-07-22 08:58,Verde,152,Externat,NULL
6931,2026-07-05 14:53,Galben,105,Externat,NULL
6932,2026-07-25 17:10,Galben,220,Preluat,49
6933,2026-07-03 20:00,Verde,167,Externat,NULL
6934,2026-07-10 23:18,Verde,123,Externat,NULL
6935,2026-07-01 14:27,Verde,48,Externat,NULL
6936,2026-07-15 08:23,Verde,94,In Asteptare,NULL
6937,2026-07-30 06:39,Galben,167,Externat,NULL
6938,2026-07-22 12:27,Verde,132,Externat,NULL
6939,2026-07-19 09:46,Galben,68,Externat,NULL
6940,2026-07-16 15:52,Verde,204,Preluat,49
6941,2026-07-16 21:10,Verde,17,Preluat,25
6942,2026-07-21 11:43,Verde,101,In Asteptare,NULL
6943,2026-07-23 18:35,Verde,37,Preluat,37
6944,2026-07-16 03:38,Verde,212,Externat,NULL
6945,2026-07-17 18:59,Galben,5,Preluat,39
6946,2026-07-17 23:12,Rosu,14,Externat,NULL
6947,2026-07-22 03:41,Galben,211,Externat,NULL
6948,2026-07-21 01:09,Albastru,205,Externat,NULL
6949,2026-07-13 06:57,Galben,235,Externat,NULL
6950,2026-07-07 11:47,Albastru,31,Externat,NULL
6951,2026-07-14 22:20,Galben,223,Preluat,29
6952,2026-07-03 22:25,Verde,143,Externat,NULL
6953,2026-07-20 08:26,Galben,60,Externat,NULL
6954,2026-07-08 23:31,Galben,11,Externat,NULL
6955,2026-07-12 17:52,Verde,63,In Asteptare,NULL
6956,2026-07-28 22:01,Rosu,16,Preluat,26
6957,2026-07-16 15:37,Verde,32,Externat,NULL
6958,2026-07-25 07:42,Verde,171,Externat,NULL
6959,2026-07-10 13:13,Verde,99,Externat,NULL
6960,2026-07-05 07:34,Verde,187,In Asteptare,NULL
6961,2026-07-13 12:46,Galben,183,Preluat,50
6962,2026-07-10 19:34,Verde,52,Preluat,3
6963,2026-07-15 11:20,Verde,126,Preluat,8
6964,2026-07-20 05:02,Verde,134,Externat,NULL
6965,2026-07-25 19:39,Galben,23,Preluat,9
6966,2026-07-19 04:51,Albastru,170,Externat,NULL
6967,2026-07-18 07:02,Galben,7,In Asteptare,NULL
6968,2026-07-02 19:37,Galben,23,Preluat,16
6969,2026-07-29 18:11,Verde,116,Preluat,29
6970,2026-07-07 16:13,Galben,218,Externat,NULL
6971,2026-07-29 00:38,Albastru,187,Externat,NULL
6972,2026-07-13 17:48,Rosu,22,Externat,NULL
6973,2026-07-27 21:41,Galben,13,Preluat,10
6974,2026-07-20 03:34,Verde,169,In Asteptare,NULL
6975,2026-07-26 07:45,Galben,114,Externat,NULL
6976,2026-07-03 16:08,Galben,104,Externat,NULL
6977,2026-07-10 10:00,Rosu,16,Externat,NULL
6978,2026-07-27 03:58,Rosu,5,Preluat,35
6979,2026-07-06 17:47,Rosu,25,Externat,NULL
6980,2026-07-06 00:14,Verde,165,Externat,NULL
6981,2026-07-08 04:13,Galben,74,In Asteptare,NULL
6982,2026-07-20 18:37,Verde,98,Preluat,50
6983,2026-07-20 08:40,Galben,134,Externat,NULL
6984,2026-07-11 02:09,Verde,229,Preluat,42
6985,2026-07-19 15:17,Verde,132,Externat,NULL
6986,2026-07-01 06:58,Verde,174,Externat,NULL
6987,2026-07-04 14:19,Verde,50,Preluat,18
6988,2026-07-08 20:53,Rosu,0,Externat,NULL
6989,2026-07-19 05:48,Albastru,108,Externat,NULL
6990,2026-07-27 07:15,Galben,68,Externat,NULL
6991,2026-07-06 04:18,Galben,55,Preluat,31
6992,2026-07-08 09:50,Verde,69,Externat,NULL
6993,2026-07-21 06:32,Galben,86,Externat,NULL
6994,2026-07-10 05:07,Galben,209,Externat,NULL
6995,2026-07-15 19:52,Galben,71,Externat,NULL
6996,2026-07-07 01:01,Galben,86,Preluat,43
6997,2026-07-11 02:10,Galben,158,Externat,NULL
6998,2026-07-23 21:27,Galben,176,Preluat,14
6999,2026-07-07 22:09,Verde,143,Externat,NULL
7000,2026-07-13 04:59,Verde,173,Preluat,6
7001,2026-07-11 08:05,Galben,102,Externat,NULL
7002,2026-07-14 13:32,Galben,179,In Asteptare,NULL
7003,2026-07-18 04:04,Galben,212,Externat,NULL
7004,2026-07-09 03:23,Galben,232,In Asteptare,NULL
7005,2026-07-10 12:51,Verde,164,Externat,NULL
7006,2026-07-26 12:56,Galben,25,In Asteptare,NULL
7007,2026-07-25 01:54,Galben,45,Externat,NULL
7008,2026-07-28 06:18,Verde,8,Externat,NULL
7009,2026-07-17 09:54,Verde,43,In Asteptare,NULL
7010,2026-07-04 07:07,Verde,23,Externat,NULL
7011,2026-07-13 15:02,Galben,238,Externat,NULL
7012,2026-07-21 08:33,Verde,137,Externat,NULL
7013,2026-07-01 19:00,Albastru,217,Externat,NULL
7014,2026-07-29 02:46,Galben,179,In Asteptare,NULL
7015,2026-07-07 17:54,Verde,122,In Asteptare,NULL
7016,2026-07-01 22:04,Verde,45,Externat,NULL
7017,2026-07-30 11:33,Albastru,6,Externat,NULL
7018,2026-07-10 11:11,Verde,61,Externat,NULL
7019,2026-07-09 09:46,Verde,117,Externat,NULL
7020,2026-07-20 16:00,Verde,21,In Asteptare,NULL
7021,2026-07-28 10:23,Galben,132,In Asteptare,NULL
7022,2026-07-02 09:51,Verde,160,Externat,NULL
7023,2026-07-24 22:47,Verde,67,Externat,NULL
7024,2026-07-20 22:12,Verde,137,Externat,NULL
7025,2026-07-15 13:49,Galben,21,In Asteptare,NULL
7026,2026-07-13 12:04,Galben,231,Externat,NULL
7027,2026-07-17 20:41,Verde,140,Preluat,26
7028,2026-07-24 16:25,Rosu,0,Preluat,32
7029,2026-07-18 12:09,Galben,125,In Asteptare,NULL
7030,2026-07-05 09:25,Verde,53,In Asteptare,NULL
7031,2026-07-11 17:53,Verde,131,Preluat,16
7032,2026-07-04 21:17,Verde,235,Preluat,39
7033,2026-07-17 13:43,Galben,24,In Asteptare,NULL
7034,2026-07-18 07:17,Verde,6,Preluat,12
7035,2026-07-09 14:23,Galben,19,Externat,NULL
7036,2026-07-20 20:36,Galben,12,In Asteptare,NULL
7037,2026-07-06 07:28,Galben,208,Preluat,29
7038,2026-07-04 21:21,Albastru,189,Preluat,1
7039,2026-07-10 10:46,Verde,15,Externat,NULL
7040,2026-07-09 16:30,Rosu,6,In Asteptare,NULL
7041,2026-07-24 09:05,Verde,137,Externat,NULL
7042,2026-07-15 12:47,Verde,139,In Asteptare,NULL
7043,2026-07-11 15:04,Galben,29,Preluat,43
7044,2026-07-10 04:15,Galben,99,Preluat,35
7045,2026-07-16 21:03,Albastru,157,Preluat,30
7046,2026-07-10 07:29,Galben,224,Preluat,36
7047,2026-07-23 16:53,Verde,56,Externat,NULL
7048,2026-07-24 05:55,Galben,43,Preluat,27
7049,2026-07-21 07:07,Albastru,31,Externat,NULL
7050,2026-07-21 22:22,Albastru,64,Preluat,4
7051,2026-07-09 07:48,Galben,22,Externat,NULL
7052,2026-07-01 10:41,Verde,156,Externat,NULL
7053,2026-07-27 14:52,Rosu,29,Externat,NULL
7054,2026-07-16 02:34,Rosu,6,Externat,NULL
7055,2026-07-28 16:34,Albastru,129,In Asteptare,NULL
7056,2026-07-18 23:37,Albastru,238,Preluat,46
7057,2026-07-16 13:04,Verde,144,In Asteptare,NULL
7058,2026-07-01 22:49,Verde,102,Externat,NULL
7059,2026-07-24 04:50,Galben,89,Preluat,32
7060,2026-07-14 01:11,Albastru,115,Externat,NULL
7061,2026-07-10 22:42,Verde,206,Preluat,8
7062,2026-07-25 10:31,Verde,70,Externat,NULL
7063,2026-07-25 02:42,Rosu,27,Externat,NULL
7064,2026-07-14 08:18,Rosu,27,Preluat,26
7065,2026-07-01 07:57,Rosu,2,In Asteptare,NULL
7066,2026-07-07 00:32,Verde,213,Preluat,40
7067,2026-07-02 04:19,Verde,120,In Asteptare,NULL
7068,2026-07-02 07:36,Verde,26,Externat,NULL
7069,2026-07-19 06:39,Verde,158,Externat,NULL
7070,2026-07-16 22:23,Verde,146,Externat,NULL
7071,2026-07-21 01:01,Verde,25,Externat,NULL
7072,2026-07-15 18:06,Rosu,5,In Asteptare,NULL
7073,2026-07-18 06:35,Galben,81,Externat,NULL
7074,2026-07-23 14:42,Galben,150,Preluat,38
7075,2026-07-08 10:27,Albastru,44,Externat,NULL
7076,2026-07-29 22:54,Rosu,0,In Asteptare,NULL
7077,2026-07-21 07:02,Albastru,13,Preluat,37
7078,2026-07-29 12:43,Albastru,219,Externat,NULL
7079,2026-07-15 10:30,Verde,199,Externat,NULL
7080,2026-07-25 12:57,Albastru,230,Externat,NULL
7081,2026-07-19 20:31,Verde,31,In Asteptare,NULL
7082,2026-07-05 00:19,Verde,157,In Asteptare,NULL
7083,2026-07-04 02:37,Verde,100,In Asteptare,NULL
7084,2026-07-27 20:55,Galben,77,In Asteptare,NULL
7085,2026-07-29 09:26,Albastru,226,Preluat,21
7086,2026-07-02 00:58,Verde,135,In Asteptare,NULL
7087,2026-07-28 04:05,Verde,240,Externat,NULL
7088,2026-07-22 17:09,Verde,63,In Asteptare,NULL
7089,2026-07-28 01:40,Albastru,60,Externat,NULL
7090,2026-07-30 11:19,Verde,234,In Asteptare,NULL
7091,2026-07-23 11:37,Galben,196,Preluat,38
7092,2026-07-30 17:55,Verde,96,In Asteptare,NULL
7093,2026-07-27 00:13,Galben,132,In Asteptare,NULL
7094,2026-07-22 21:25,Galben,45,Externat,NULL
7095,2026-07-09 17:42,Rosu,28,Preluat,9
7096,2026-07-05 09:41,Verde,110,Externat,NULL
7097,2026-07-07 16:58,Galben,64,Externat,NULL
7098,2026-07-29 16:32,Galben,124,In Asteptare,NULL
7099,2026-07-25 21:19,Verde,171,In Asteptare,NULL
7100,2026-07-10 20:44,Galben,45,Externat,NULL
7101,2026-07-07 01:55,Galben,195,Externat,NULL
7102,2026-07-01 11:26,Galben,10,Externat,NULL
7103,2026-07-06 20:31,Galben,100,In Asteptare,NULL
7104,2026-07-11 17:20,Galben,195,Externat,NULL
7105,2026-07-08 08:02,Verde,213,Externat,NULL
7106,2026-07-09 01:30,Verde,48,Externat,NULL
7107,2026-07-08 07:52,Galben,203,Externat,NULL
7108,2026-07-27 01:25,Galben,166,Preluat,7
7109,2026-07-05 12:58,Verde,208,Preluat,23
7110,2026-07-26 19:24,Albastru,150,Preluat,18
7111,2026-07-13 09:53,Galben,104,Externat,NULL
7112,2026-07-23 21:32,Verde,17,Externat,NULL
7113,2026-07-22 00:24,Galben,134,Preluat,10
7114,2026-07-03 02:19,Galben,217,In Asteptare,NULL
7115,2026-07-11 05:43,Verde,217,Externat,NULL
7116,2026-07-21 14:11,Galben,166,Externat,NULL
7117,2026-07-26 16:04,Verde,36,Preluat,44
7118,2026-07-20 07:56,Verde,7,Externat,NULL
7119,2026-07-09 10:25,Verde,28,Preluat,4
7120,2026-07-12 01:33,Verde,184,Externat,NULL
7121,2026-07-22 15:15,Galben,39,Externat,NULL
7122,2026-07-01 12:24,Galben,64,Externat,NULL
7123,2026-07-17 02:04,Verde,121,In Asteptare,NULL
7124,2026-07-14 23:21,Verde,17,Externat,NULL
7125,2026-07-18 22:01,Galben,127,Externat,NULL
7126,2026-07-06 17:40,Verde,75,Externat,NULL
7127,2026-07-24 15:58,Verde,124,Externat,NULL
7128,2026-07-21 06:01,Galben,153,Externat,NULL
7129,2026-07-24 01:05,Galben,227,Externat,NULL
7130,2026-07-30 00:06,Albastru,199,Externat,NULL
7131,2026-07-06 12:03,Verde,205,Externat,NULL
7132,2026-07-22 01:08,Verde,18,Externat,NULL
7133,2026-07-17 06:51,Verde,80,Externat,NULL
7134,2026-07-09 05:48,Rosu,16,Externat,NULL
7135,2026-07-29 21:38,Verde,103,Preluat,13
7136,2026-07-19 12:51,Galben,109,Externat,NULL
7137,2026-07-02 10:22,Albastru,224,Externat,NULL
7138,2026-07-16 16:38,Galben,175,Externat,NULL
7139,2026-07-18 11:31,Galben,110,In Asteptare,NULL
7140,2026-07-03 03:49,Galben,169,In Asteptare,NULL
7141,2026-07-05 11:32,Verde,205,In Asteptare,NULL
7142,2026-07-13 04:21,Galben,27,Externat,NULL
7143,2026-07-26 18:07,Galben,179,Externat,NULL
7144,2026-07-22 11:52,Verde,183,Externat,NULL
7145,2026-07-25 00:05,Galben,73,Preluat,31
7146,2026-07-22 12:32,Verde,40,In Asteptare,NULL
7147,2026-07-04 19:19,Verde,174,Preluat,45
7148,2026-07-24 12:10,Galben,24,Preluat,29
7149,2026-07-02 04:48,Galben,85,In Asteptare,NULL
7150,2026-07-14 00:07,Verde,230,Externat,NULL
7151,2026-07-22 08:08,Galben,84,Externat,NULL
7152,2026-07-10 18:24,Rosu,12,In Asteptare,NULL
7153,2026-07-14 14:29,Galben,235,Externat,NULL
7154,2026-07-09 07:13,Galben,147,Externat,NULL
7155,2026-07-02 00:36,Verde,92,Externat,NULL
7156,2026-07-07 22:26,Verde,135,Externat,NULL
7157,2026-07-28 00:25,Verde,234,In Asteptare,NULL
7158,2026-07-18 01:28,Verde,102,Preluat,11
7159,2026-07-30 10:26,Verde,155,In Asteptare,NULL
7160,2026-07-19 18:03,Galben,232,Externat,NULL
7161,2026-07-06 17:49,Verde,111,In Asteptare,NULL
7162,2026-07-22 00:46,Galben,25,Preluat,24
7163,2026-07-21 22:05,Verde,24,Preluat,42
7164,2026-07-18 03:08,Verde,67,In Asteptare,NULL
7165,2026-07-26 06:17,Galben,193,Externat,NULL
7166,2026-07-01 15:01,Galben,97,Externat,NULL
7167,2026-07-09 18:44,Verde,141,Preluat,12
7168,2026-07-19 03:40,Galben,203,In Asteptare,NULL
7169,2026-07-04 12:27,Rosu,27,In Asteptare,NULL
7170,2026-07-25 14:14,Verde,114,Preluat,43
7171,2026-07-23 08:02,Rosu,1,In Asteptare,NULL
7172,2026-07-26 20:38,Verde,132,Externat,NULL
7173,2026-07-05 11:51,Galben,215,Externat,NULL
7174,2026-07-08 12:09,Verde,107,Preluat,8
7175,2026-07-24 22:07,Verde,69,Externat,NULL
7176,2026-07-06 04:40,Verde,152,Preluat,49
7177,2026-07-14 03:01,Albastru,124,Externat,NULL
7178,2026-07-07 00:09,Galben,39,Externat,NULL
7179,2026-07-18 08:52,Verde,205,Externat,NULL
7180,2026-07-26 18:44,Rosu,24,In Asteptare,NULL
7181,2026-07-08 22:23,Verde,54,In Asteptare,NULL
7182,2026-07-05 19:39,Verde,92,In Asteptare,NULL
7183,2026-07-05 09:39,Galben,225,Externat,NULL
7184,2026-07-03 11:49,Rosu,9,Externat,NULL
7185,2026-07-14 07:01,Verde,79,Externat,NULL
7186,2026-07-02 04:13,Verde,156,In Asteptare,NULL
7187,2026-07-05 07:08,Verde,189,Externat,NULL
7188,2026-07-28 13:33,Rosu,29,Preluat,4
7189,2026-07-26 12:01,Albastru,217,Externat,NULL
7190,2026-07-30 11:51,Galben,6,Preluat,18
7191,2026-07-03 15:20,Verde,185,In Asteptare,NULL
7192,2026-07-19 00:39,Verde,115,In Asteptare,NULL
7193,2026-07-10 08:40,Verde,13,Externat,NULL
7194,2026-07-23 17:42,Verde,9,Preluat,43
7195,2026-07-19 17:33,Verde,80,Externat,NULL
7196,2026-07-10 18:01,Galben,43,In Asteptare,NULL
7197,2026-07-01 09:05,Galben,35,Externat,NULL
7198,2026-07-02 03:06,Albastru,177,In Asteptare,NULL
7199,2026-07-10 10:57,Galben,214,In Asteptare,NULL
7200,2026-07-17 22:38,Galben,223,Externat,NULL
7201,2026-07-19 01:37,Galben,176,Externat,NULL
7202,2026-07-25 12:42,Verde,175,Preluat,38
7203,2026-07-18 16:15,Verde,63,Preluat,41
7204,2026-07-27 15:59,Galben,77,Preluat,22
7205,2026-07-24 19:02,Verde,153,In Asteptare,NULL
7206,2026-07-10 09:05,Galben,56,Externat,NULL
7207,2026-07-24 10:47,Galben,65,Externat,NULL
7208,2026-07-28 02:40,Verde,173,Externat,NULL
7209,2026-07-13 01:14,Verde,101,Externat,NULL
7210,2026-07-02 16:37,Albastru,133,Preluat,24
7211,2026-07-19 02:10,Verde,207,Externat,NULL
7212,2026-07-22 07:47,Rosu,5,Externat,NULL
7213,2026-07-15 13:29,Galben,156,In Asteptare,NULL
7214,2026-07-17 22:51,Rosu,18,Externat,NULL
7215,2026-07-23 19:07,Verde,24,Externat,NULL
7216,2026-07-10 13:07,Verde,52,Preluat,14
7217,2026-07-08 15:37,Verde,53,Preluat,43
7218,2026-07-19 12:23,Verde,78,Externat,NULL
7219,2026-07-10 23:54,Galben,9,Preluat,21
7220,2026-07-21 11:13,Galben,171,Preluat,6
7221,2026-07-16 20:29,Galben,190,Externat,NULL
7222,2026-07-23 15:11,Albastru,239,Externat,NULL
7223,2026-07-19 21:37,Galben,78,Preluat,22
7224,2026-07-18 21:03,Galben,208,Externat,NULL
7225,2026-07-19 04:59,Verde,193,Externat,NULL
7226,2026-07-13 03:28,Verde,78,In Asteptare,NULL
7227,2026-07-04 13:16,Verde,176,Externat,NULL
7228,2026-07-24 09:32,Verde,180,Externat,NULL
7229,2026-07-18 16:44,Verde,48,Externat,NULL
7230,2026-07-14 15:05,Albastru,92,Preluat,13
7231,2026-07-28 17:40,Albastru,117,Externat,NULL
7232,2026-07-19 14:46,Albastru,192,Preluat,38
7233,2026-07-02 00:52,Verde,179,Externat,NULL
7234,2026-07-23 23:50,Rosu,17,Preluat,11
7235,2026-07-09 17:31,Galben,239,Preluat,14
7236,2026-07-22 00:02,Galben,35,Externat,NULL
7237,2026-07-06 23:35,Galben,183,In Asteptare,NULL
7238,2026-07-11 17:00,Verde,139,In Asteptare,NULL
7239,2026-07-27 13:36,Albastru,209,Externat,NULL
7240,2026-07-12 04:35,Galben,63,Externat,NULL
7241,2026-07-14 23:39,Galben,158,Externat,NULL
7242,2026-07-03 02:46,Galben,144,Externat,NULL
7243,2026-07-23 05:24,Rosu,5,Externat,NULL
7244,2026-07-05 02:54,Verde,200,Externat,NULL
7245,2026-07-05 20:17,Albastru,179,Externat,NULL
7246,2026-07-21 22:38,Albastru,31,Externat,NULL
7247,2026-07-04 03:58,Verde,190,Externat,NULL
7248,2026-07-03 09:56,Verde,169,Externat,NULL
7249,2026-07-03 22:25,Verde,19,In Asteptare,NULL
7250,2026-07-28 03:14,Verde,27,In Asteptare,NULL
7251,2026-07-21 06:02,Verde,179,Externat,NULL
7252,2026-07-30 17:30,Albastru,180,Externat,NULL
7253,2026-07-14 05:04,Albastru,53,Externat,NULL
7254,2026-07-24 23:04,Rosu,8,Externat,NULL
7255,2026-07-04 12:10,Verde,46,Externat,NULL
7256,2026-07-12 06:48,Galben,171,Externat,NULL
7257,2026-07-18 06:45,Galben,15,Preluat,34
7258,2026-07-10 12:37,Albastru,182,Externat,NULL
7259,2026-07-24 06:26,Verde,190,In Asteptare,NULL
7260,2026-07-28 22:31,Galben,23,Externat,NULL
7261,2026-07-18 00:17,Galben,89,Preluat,33
7262,2026-07-19 10:48,Verde,226,Externat,NULL
7263,2026-07-27 03:04,Verde,197,Externat,NULL
7264,2026-07-01 17:10,Verde,196,Preluat,31
7265,2026-07-14 12:00,Galben,30,Preluat,49
7266,2026-07-26 04:25,Verde,159,In Asteptare,NULL
7267,2026-07-16 17:33,Galben,44,Externat,NULL
7268,2026-07-11 13:44,Rosu,28,Preluat,7
7269,2026-07-19 08:16,Albastru,144,Externat,NULL
7270,2026-07-15 05:06,Verde,225,Externat,NULL
7271,2026-07-21 03:40,Rosu,29,Externat,NULL
7272,2026-07-29 09:52,Verde,145,Externat,NULL
7273,2026-07-14 13:40,Galben,149,In Asteptare,NULL
7274,2026-07-04 11:00,Verde,128,In Asteptare,NULL
7275,2026-07-12 22:16,Verde,180,Preluat,37
7276,2026-07-22 10:04,Verde,127,Preluat,22
7277,2026-07-17 05:42,Galben,168,Preluat,45
7278,2026-07-04 09:24,Rosu,15,Preluat,4
7279,2026-07-27 09:30,Rosu,0,Externat,NULL
7280,2026-07-28 02:22,Verde,79,In Asteptare,NULL
7281,2026-07-17 05:05,Verde,149,Externat,NULL
7282,2026-07-09 05:01,Galben,174,Externat,NULL
7283,2026-07-25 00:01,Galben,92,Externat,NULL
7284,2026-07-07 11:23,Rosu,1,Externat,NULL
7285,2026-07-24 08:36,Verde,47,Preluat,10
7286,2026-07-04 19:16,Verde,48,Preluat,38
7287,2026-07-04 21:11,Galben,5,Externat,NULL
7288,2026-07-13 23:59,Albastru,160,Externat,NULL
7289,2026-07-05 20:22,Verde,201,Externat,NULL
7290,2026-07-19 21:48,Verde,132,Externat,NULL
7291,2026-07-18 09:33,Galben,30,Externat,NULL
7292,2026-07-21 22:45,Verde,146,In Asteptare,NULL
7293,2026-07-15 09:36,Galben,27,Externat,NULL
7294,2026-07-22 06:34,Galben,203,Externat,NULL
7295,2026-07-11 12:54,Verde,33,In Asteptare,NULL
7296,2026-07-01 13:30,Galben,67,Externat,NULL
7297,2026-07-30 16:04,Albastru,5,In Asteptare,NULL
7298,2026-07-14 04:24,Galben,126,Preluat,30
7299,2026-07-24 12:57,Galben,17,Externat,NULL
7300,2026-07-23 08:12,Albastru,23,Externat,NULL
7301,2026-07-10 02:55,Galben,166,Preluat,21
7302,2026-07-04 08:38,Verde,218,Preluat,35
7303,2026-07-16 06:04,Verde,198,Externat,NULL
7304,2026-07-21 01:48,Verde,213,Externat,NULL
7305,2026-07-27 09:56,Albastru,58,In Asteptare,NULL
7306,2026-07-17 09:16,Verde,56,Preluat,43
7307,2026-07-07 17:34,Verde,96,In Asteptare,NULL
7308,2026-07-10 05:40,Verde,15,Preluat,2
7309,2026-07-21 23:42,Galben,91,In Asteptare,NULL
7310,2026-07-10 23:59,Galben,187,Externat,NULL
7311,2026-07-18 20:36,Verde,34,Preluat,36
7312,2026-07-04 02:33,Galben,233,Preluat,34
7313,2026-07-28 22:06,Verde,234,Externat,NULL
7314,2026-07-04 02:16,Verde,125,Preluat,22
7315,2026-07-10 03:37,Galben,122,Preluat,50
7316,2026-07-25 00:42,Verde,203,Preluat,36
7317,2026-07-26 19:55,Verde,199,Preluat,50
7318,2026-07-16 06:06,Albastru,37,Preluat,7
7319,2026-07-09 16:39,Verde,207,Externat,NULL
7320,2026-07-14 08:48,Verde,208,In Asteptare,NULL
7321,2026-07-05 13:54,Verde,220,Externat,NULL
7322,2026-07-03 07:04,Galben,221,Preluat,15
7323,2026-07-26 09:11,Verde,48,Externat,NULL
7324,2026-07-11 08:33,Galben,215,Externat,NULL
7325,2026-07-24 20:12,Verde,202,Externat,NULL
7326,2026-07-02 18:51,Albastru,148,Preluat,26
7327,2026-07-07 11:54,Galben,66,Preluat,7
7328,2026-07-22 15:15,Verde,203,Externat,NULL
7329,2026-07-07 17:07,Verde,86,Externat,NULL
7330,2026-07-02 19:21,Verde,22,Preluat,11
7331,2026-07-04 01:18,Albastru,86,In Asteptare,NULL
7332,2026-07-08 15:07,Verde,51,In Asteptare,NULL
7333,2026-07-09 17:17,Rosu,1,In Asteptare,NULL
7334,2026-07-21 10:44,Galben,204,In Asteptare,NULL
7335,2026-07-01 17:05,Galben,199,Externat,NULL
7336,2026-07-19 23:46,Galben,6,Preluat,35
7337,2026-07-06 22:34,Verde,37,Externat,NULL
7338,2026-07-20 21:12,Galben,147,Externat,NULL
7339,2026-07-28 08:20,Verde,10,Externat,NULL
7340,2026-07-05 14:28,Galben,158,Preluat,13
7341,2026-07-17 04:21,Verde,172,In Asteptare,NULL
7342,2026-07-05 23:08,Galben,81,In Asteptare,NULL
7343,2026-07-20 18:56,Rosu,2,In Asteptare,NULL
7344,2026-07-28 07:30,Galben,87,Externat,NULL
7345,2026-07-21 12:44,Galben,158,Externat,NULL
7346,2026-07-13 21:59,Galben,9,Preluat,48
7347,2026-07-16 02:25,Verde,140,Externat,NULL
7348,2026-07-01 11:23,Galben,92,Externat,NULL
7349,2026-07-11 00:51,Rosu,17,Externat,NULL
7350,2026-07-14 22:17,Verde,61,Externat,NULL
7351,2026-07-20 01:39,Verde,9,Preluat,6
7352,2026-07-10 19:33,Verde,62,Externat,NULL
7353,2026-07-25 01:59,Albastru,35,Preluat,33
7354,2026-07-16 02:23,Galben,207,In Asteptare,NULL
7355,2026-07-21 21:45,Rosu,10,Externat,NULL
7356,2026-07-13 13:52,Verde,131,In Asteptare,NULL
7357,2026-07-07 02:57,Verde,36,Preluat,20
7358,2026-07-01 08:48,Verde,78,Externat,NULL
7359,2026-07-24 08:24,Verde,55,Externat,NULL
7360,2026-07-14 05:10,Verde,179,Externat,NULL
7361,2026-07-17 03:13,Galben,125,In Asteptare,NULL
7362,2026-07-10 14:43,Rosu,0,Externat,NULL
7363,2026-07-15 16:52,Verde,230,Externat,NULL
7364,2026-07-27 11:01,Albastru,78,Preluat,37
7365,2026-07-28 20:13,Galben,54,In Asteptare,NULL
7366,2026-07-03 16:01,Galben,172,Preluat,41
7367,2026-07-17 05:20,Verde,236,Externat,NULL
7368,2026-07-24 09:55,Galben,28,Preluat,22
7369,2026-07-30 17:33,Galben,173,Preluat,12
7370,2026-07-26 03:44,Galben,129,Externat,NULL
7371,2026-07-14 04:23,Verde,198,Preluat,29
7372,2026-07-24 05:10,Galben,203,Externat,NULL
7373,2026-07-04 05:05,Albastru,160,In Asteptare,NULL
7374,2026-07-29 10:23,Galben,15,Externat,NULL
7375,2026-07-04 17:47,Galben,75,In Asteptare,NULL
7376,2026-07-10 06:24,Rosu,5,Externat,NULL
7377,2026-07-26 17:57,Rosu,4,Externat,NULL
7378,2026-07-15 21:41,Verde,36,Preluat,37
7379,2026-07-08 11:30,Verde,115,Externat,NULL
7380,2026-07-23 03:12,Albastru,137,Externat,NULL
7381,2026-07-21 22:53,Galben,123,Externat,NULL
7382,2026-07-09 07:44,Verde,122,Preluat,27
7383,2026-07-16 15:19,Verde,165,In Asteptare,NULL
7384,2026-07-02 16:28,Galben,66,Externat,NULL
7385,2026-07-01 04:36,Verde,38,Externat,NULL
7386,2026-07-01 08:55,Rosu,17,Externat,NULL
7387,2026-07-12 18:29,Albastru,122,Externat,NULL
7388,2026-07-24 00:05,Albastru,81,In Asteptare,NULL
7389,2026-07-07 19:01,Verde,51,Preluat,17
7390,2026-07-15 05:45,Verde,117,Preluat,9
7391,2026-07-16 18:33,Verde,181,Externat,NULL
7392,2026-07-01 04:44,Galben,230,Preluat,42
7393,2026-07-06 14:21,Verde,179,Externat,NULL
7394,2026-07-29 09:48,Galben,159,Preluat,32
7395,2026-07-13 22:24,Galben,80,Externat,NULL
7396,2026-07-19 18:22,Verde,176,Externat,NULL
7397,2026-07-28 01:54,Rosu,28,In Asteptare,NULL
7398,2026-07-20 05:03,Galben,183,In Asteptare,NULL
7399,2026-07-10 09:03,Galben,119,Externat,NULL
7400,2026-07-23 00:59,Verde,146,Externat,NULL
7401,2026-07-28 07:09,Verde,226,Externat,NULL
7402,2026-07-05 16:19,Verde,231,Preluat,11
7403,2026-07-28 03:44,Galben,170,Externat,NULL
7404,2026-07-05 11:49,Verde,45,Externat,NULL
7405,2026-07-29 02:53,Verde,108,Externat,NULL
7406,2026-07-30 15:30,Galben,89,Externat,NULL
7407,2026-07-04 17:51,Galben,107,Externat,NULL
7408,2026-07-25 15:40,Rosu,22,Externat,NULL
7409,2026-07-10 07:58,Galben,206,Externat,NULL
7410,2026-07-09 22:11,Galben,22,In Asteptare,NULL
7411,2026-07-05 23:08,Verde,207,Preluat,43
7412,2026-07-07 16:31,Verde,185,Preluat,20
7413,2026-07-06 23:23,Galben,42,In Asteptare,NULL
7414,2026-07-21 21:26,Verde,89,In Asteptare,NULL
7415,2026-07-22 01:49,Verde,181,Externat,NULL
7416,2026-07-25 01:34,Verde,158,Externat,NULL
7417,2026-07-27 16:35,Galben,16,Externat,NULL
7418,2026-07-27 20:49,Galben,92,Preluat,17
7419,2026-07-27 20:46,Galben,172,Preluat,5
7420,2026-07-13 15:32,Albastru,83,Externat,NULL
7421,2026-07-10 05:51,Albastru,106,Externat,NULL
7422,2026-07-23 20:29,Verde,148,Externat,NULL
7423,2026-07-01 03:10,Verde,149,Externat,NULL
7424,2026-07-06 03:47,Verde,190,In Asteptare,NULL
7425,2026-07-15 04:59,Verde,115,In Asteptare,NULL
7426,2026-07-22 14:23,Rosu,2,Externat,NULL
7427,2026-07-03 13:47,Verde,60,In Asteptare,NULL
7428,2026-07-07 00:02,Verde,72,Externat,NULL
7429,2026-07-23 09:08,Verde,75,Externat,NULL
7430,2026-07-30 12:39,Albastru,194,Externat,NULL
7431,2026-07-18 10:31,Verde,171,Externat,NULL
7432,2026-07-16 09:49,Verde,83,Preluat,47
7433,2026-07-29 11:56,Galben,32,Preluat,16
7434,2026-07-03 02:01,Verde,216,Externat,NULL
7435,2026-07-23 10:08,Albastru,35,Preluat,12
7436,2026-07-20 20:18,Verde,230,Preluat,32
7437,2026-07-02 21:40,Verde,31,Externat,NULL
7438,2026-07-30 07:19,Rosu,9,Externat,NULL
7439,2026-07-16 07:46,Verde,179,Externat,NULL
7440,2026-07-27 06:24,Verde,128,In Asteptare,NULL
7441,2026-07-17 11:23,Verde,43,Externat,NULL
7442,2026-07-04 15:43,Verde,39,Externat,NULL
7443,2026-07-03 17:08,Galben,18,Externat,NULL
7444,2026-07-29 22:11,Rosu,26,Externat,NULL
7445,2026-07-03 09:21,Verde,129,Preluat,11
7446,2026-07-02 02:42,Rosu,19,Preluat,43
7447,2026-07-09 23:08,Verde,136,Externat,NULL
7448,2026-07-29 15:36,Verde,22,Externat,NULL
7449,2026-07-14 17:18,Verde,154,Externat,NULL
7450,2026-07-13 01:44,Verde,78,In Asteptare,NULL
7451,2026-07-14 06:44,Galben,83,Preluat,3
7452,2026-07-30 05:33,Galben,34,In Asteptare,NULL
7453,2026-07-19 01:01,Verde,27,Preluat,29
7454,2026-07-23 07:42,Galben,92,In Asteptare,NULL
7455,2026-07-24 06:36,Verde,173,In Asteptare,NULL
7456,2026-07-24 13:26,Rosu,20,Externat,NULL
7457,2026-07-01 04:15,Galben,151,Externat,NULL
7458,2026-07-24 17:04,Verde,36,Externat,NULL
7459,2026-07-22 14:22,Galben,232,Preluat,24
7460,2026-07-12 09:49,Albastru,153,Externat,NULL
7461,2026-07-23 23:15,Verde,132,Externat,NULL
7462,2026-07-13 22:50,Verde,210,Externat,NULL
7463,2026-07-17 23:41,Verde,114,Externat,NULL
7464,2026-07-30 06:40,Galben,47,Externat,NULL
7465,2026-07-02 13:24,Albastru,202,In Asteptare,NULL
7466,2026-07-11 15:25,Verde,121,Externat,NULL
7467,2026-07-10 02:49,Verde,198,Externat,NULL
7468,2026-07-07 21:56,Galben,238,Externat,NULL
7469,2026-07-17 14:52,Verde,166,Externat,NULL
7470,2026-07-08 17:21,Galben,142,Externat,NULL
7471,2026-07-09 13:09,Verde,106,Externat,NULL
7472,2026-07-04 15:53,Rosu,12,In Asteptare,NULL
7473,2026-07-13 19:39,Verde,229,Externat,NULL
7474,2026-07-01 09:29,Albastru,13,Externat,NULL
7475,2026-07-02 23:16,Verde,65,Externat,NULL
7476,2026-07-04 18:37,Verde,128,Externat,NULL
7477,2026-07-08 13:28,Galben,169,Externat,NULL
7478,2026-07-18 17:36,Galben,46,Preluat,47
7479,2026-07-20 21:34,Verde,65,Preluat,15
7480,2026-07-26 02:50,Galben,216,In Asteptare,NULL
7481,2026-07-15 17:16,Verde,205,Externat,NULL
7482,2026-07-06 03:07,Verde,161,Preluat,3
7483,2026-07-19 13:15,Verde,146,Externat,NULL
7484,2026-07-09 09:18,Galben,227,In Asteptare,NULL
7485,2026-07-03 21:00,Verde,87,In Asteptare,NULL
7486,2026-07-13 20:29,Verde,56,Externat,NULL
7487,2026-07-01 01:03,Verde,127,Preluat,45
7488,2026-07-29 09:15,Verde,29,Preluat,43
7489,2026-07-06 16:27,Verde,61,Externat,NULL
7490,2026-07-20 14:47,Albastru,88,Externat,NULL
7491,2026-07-21 02:40,Galben,169,Preluat,39
7492,2026-07-15 17:32,Verde,179,Externat,NULL
7493,2026-07-15 19:08,Albastru,140,Externat,NULL
7494,2026-07-15 07:33,Verde,169,Externat,NULL
7495,2026-07-02 17:13,Verde,209,Externat,NULL
7496,2026-07-09 13:06,Galben,222,Externat,NULL
7497,2026-07-25 21:41,Verde,93,In Asteptare,NULL
7498,2026-07-21 19:06,Albastru,94,Preluat,28
7499,2026-07-15 03:11,Verde,234,Preluat,17
7500,2026-07-04 02:54,Galben,221,Preluat,41
7501,2026-07-18 22:14,Rosu,6,Preluat,22
7502,2026-07-14 17:26,Albastru,67,Preluat,46
7503,2026-07-26 08:39,Verde,160,Externat,NULL
7504,2026-07-29 09:20,Verde,239,Preluat,32
7505,2026-07-07 03:16,Verde,28,Externat,NULL
7506,2026-07-18 09:49,Verde,140,Preluat,43
7507,2026-07-07 15:58,Galben,102,Externat,NULL
7508,2026-07-09 13:39,Verde,12,Preluat,40
7509,2026-07-09 10:41,Verde,222,Externat,NULL
7510,2026-07-15 04:24,Galben,111,Externat,NULL
7511,2026-07-01 08:03,Rosu,21,Preluat,49
7512,2026-07-12 07:14,Verde,56,Preluat,41
7513,2026-07-13 09:40,Verde,147,Externat,NULL
7514,2026-07-25 16:19,Galben,189,Externat,NULL
7515,2026-07-06 12:45,Verde,13,In Asteptare,NULL
7516,2026-07-15 11:02,Verde,164,Preluat,23
7517,2026-07-24 07:48,Galben,99,Preluat,12
7518,2026-07-24 06:21,Verde,83,In Asteptare,NULL
7519,2026-07-16 16:17,Verde,97,Externat,NULL
7520,2026-07-14 11:45,Galben,102,Externat,NULL
7521,2026-07-14 06:15,Verde,186,Externat,NULL
7522,2026-07-26 23:56,Verde,190,Preluat,34
7523,2026-07-21 16:12,Galben,61,Preluat,35
7524,2026-07-06 11:20,Galben,152,In Asteptare,NULL
7525,2026-07-17 00:38,Verde,230,Externat,NULL
7526,2026-07-20 02:32,Albastru,178,Externat,NULL
7527,2026-07-30 04:04,Galben,133,In Asteptare,NULL
7528,2026-07-23 15:45,Verde,194,Preluat,30
7529,2026-07-24 03:28,Rosu,10,Externat,NULL
7530,2026-07-10 02:27,Verde,237,In Asteptare,NULL
7531,2026-07-28 22:25,Verde,189,Preluat,1
7532,2026-07-03 04:33,Galben,237,Externat,NULL
7533,2026-07-04 06:51,Albastru,91,In Asteptare,NULL
7534,2026-07-08 01:49,Verde,237,Preluat,44
7535,2026-07-28 06:54,Galben,13,Externat,NULL
7536,2026-07-30 13:08,Rosu,17,In Asteptare,NULL
7537,2026-07-03 12:22,Rosu,29,Externat,NULL
7538,2026-07-05 07:42,Verde,22,Externat,NULL
7539,2026-07-27 14:33,Verde,19,Preluat,39
7540,2026-07-13 20:08,Galben,119,Preluat,4
7541,2026-07-15 06:23,Verde,96,Preluat,35
7542,2026-07-24 11:46,Verde,238,Externat,NULL
7543,2026-07-12 09:59,Verde,62,Preluat,36
7544,2026-07-04 03:20,Rosu,13,Externat,NULL
7545,2026-07-18 01:16,Albastru,97,Externat,NULL
7546,2026-07-10 07:17,Galben,184,Preluat,49
7547,2026-07-05 07:13,Verde,70,Preluat,13
7548,2026-07-05 16:51,Verde,158,Externat,NULL
7549,2026-07-08 09:18,Verde,44,Externat,NULL
7550,2026-07-11 01:00,Verde,236,Preluat,18
7551,2026-07-22 10:27,Verde,167,In Asteptare,NULL
7552,2026-07-14 18:48,Galben,122,In Asteptare,NULL
7553,2026-07-09 15:05,Verde,116,Externat,NULL
7554,2026-07-22 10:46,Galben,30,Externat,NULL
7555,2026-07-18 10:57,Rosu,17,Preluat,43
7556,2026-07-28 12:06,Albastru,146,Preluat,39
7557,2026-07-13 10:42,Albastru,150,Preluat,10
7558,2026-07-16 19:05,Rosu,30,Preluat,33
7559,2026-07-17 03:38,Verde,35,Preluat,42
7560,2026-07-19 20:25,Verde,53,Externat,NULL
7561,2026-07-07 15:10,Verde,202,Externat,NULL
7562,2026-07-05 02:56,Galben,114,Preluat,49
7563,2026-07-11 03:21,Rosu,21,Preluat,22
7564,2026-07-06 14:04,Verde,228,Preluat,38
7565,2026-07-21 14:45,Verde,194,Externat,NULL
7566,2026-07-24 20:52,Galben,114,Externat,NULL
7567,2026-07-20 18:12,Galben,184,In Asteptare,NULL
7568,2026-07-03 14:50,Verde,207,Externat,NULL
7569,2026-07-28 22:56,Verde,89,Externat,NULL
7570,2026-07-20 20:48,Albastru,119,Externat,NULL
7571,2026-07-26 08:15,Albastru,162,In Asteptare,NULL
7572,2026-07-12 15:21,Verde,94,Externat,NULL
7573,2026-07-29 06:08,Verde,51,Preluat,30
7574,2026-07-26 00:40,Rosu,15,Externat,NULL
7575,2026-07-27 09:30,Verde,121,Externat,NULL
7576,2026-07-11 00:17,Rosu,6,Preluat,32
7577,2026-07-04 05:41,Verde,140,Externat,NULL
7578,2026-07-04 05:25,Galben,97,Externat,NULL
7579,2026-07-12 11:37,Verde,205,Preluat,20
7580,2026-07-01 07:16,Verde,165,Preluat,1
7581,2026-07-15 11:48,Verde,129,In Asteptare,NULL
7582,2026-07-26 17:31,Galben,51,Externat,NULL
7583,2026-07-04 07:33,Galben,166,Externat,NULL
7584,2026-07-09 10:55,Rosu,1,Preluat,19
7585,2026-07-03 18:30,Rosu,7,Preluat,35
7586,2026-07-15 15:31,Galben,103,In Asteptare,NULL
7587,2026-07-15 14:00,Verde,147,Externat,NULL
7588,2026-07-07 09:01,Galben,216,Externat,NULL
7589,2026-07-24 10:12,Galben,55,Externat,NULL
7590,2026-07-06 07:12,Verde,27,Externat,NULL
7591,2026-07-17 11:09,Galben,164,Externat,NULL
7592,2026-07-12 07:10,Galben,189,Preluat,36
7593,2026-07-20 11:57,Galben,233,Preluat,13
7594,2026-07-24 08:21,Albastru,83,Externat,NULL
7595,2026-07-16 13:31,Rosu,23,Externat,NULL
7596,2026-07-23 17:59,Albastru,180,Preluat,38
7597,2026-07-24 23:01,Verde,175,Preluat,34
7598,2026-07-09 22:12,Rosu,13,Preluat,7
7599,2026-07-04 02:57,Rosu,1,In Asteptare,NULL
7600,2026-07-27 21:26,Galben,188,Preluat,1
7601,2026-07-18 17:37,Verde,185,Preluat,1
7602,2026-07-11 21:27,Rosu,5,Preluat,49
7603,2026-07-14 23:46,Verde,49,Externat,NULL
7604,2026-07-08 09:20,Rosu,4,Externat,NULL
7605,2026-07-15 08:02,Verde,32,Preluat,20
7606,2026-07-24 21:43,Verde,228,In Asteptare,NULL
7607,2026-07-24 22:18,Verde,194,Preluat,24
7608,2026-07-13 18:07,Verde,217,Externat,NULL
7609,2026-07-20 21:48,Albastru,32,Externat,NULL
7610,2026-07-18 01:42,Galben,39,Externat,NULL
7611,2026-07-25 23:07,Verde,78,Preluat,7
7612,2026-07-12 08:10,Verde,101,Externat,NULL
7613,2026-07-13 04:59,Verde,54,Preluat,17
7614,2026-07-25 08:48,Albastru,147,In Asteptare,NULL
7615,2026-07-27 13:15,Verde,218,Externat,NULL
7616,2026-07-23 18:56,Galben,200,In Asteptare,NULL
7617,2026-07-15 13:16,Galben,155,Preluat,41
7618,2026-07-30 06:21,Rosu,0,Externat,NULL
7619,2026-07-07 20:51,Verde,230,Externat,NULL
7620,2026-07-06 20:04,Rosu,19,Externat,NULL
7621,2026-07-10 15:37,Verde,75,In Asteptare,NULL
7622,2026-07-29 20:54,Verde,65,Externat,NULL
7623,2026-07-01 21:38,Verde,33,In Asteptare,NULL
7624,2026-07-06 14:04,Verde,128,Preluat,42
7625,2026-07-06 23:33,Verde,69,Externat,NULL
7626,2026-07-16 08:20,Galben,5,Externat,NULL
7627,2026-07-03 02:30,Albastru,234,Externat,NULL
7628,2026-07-29 22:53,Galben,211,Preluat,48
7629,2026-07-19 17:34,Rosu,11,Externat,NULL
7630,2026-07-18 12:42,Galben,128,Externat,NULL
7631,2026-07-11 03:52,Verde,158,In Asteptare,NULL
7632,2026-07-06 22:39,Verde,82,Preluat,6
7633,2026-07-11 11:57,Rosu,7,Externat,NULL
7634,2026-07-06 13:41,Rosu,6,Preluat,45
7635,2026-07-10 02:53,Verde,174,Externat,NULL
7636,2026-07-07 04:57,Verde,214,Preluat,50
7637,2026-07-17 16:08,Galben,157,Preluat,45
7638,2026-07-21 22:58,Galben,118,Externat,NULL
7639,2026-07-10 20:32,Galben,84,In Asteptare,NULL
7640,2026-07-19 23:21,Verde,233,Externat,NULL
7641,2026-07-27 02:11,Verde,69,Externat,NULL
7642,2026-07-01 10:43,Verde,139,Externat,NULL
7643,2026-07-29 16:19,Galben,100,Externat,NULL
7644,2026-07-11 15:23,Galben,125,Externat,NULL
7645,2026-07-14 08:03,Verde,68,Externat,NULL
7646,2026-07-10 01:44,Verde,139,Preluat,21
7647,2026-07-10 08:39,Galben,39,In Asteptare,NULL
7648,2026-07-28 17:41,Verde,96,Preluat,22
7649,2026-07-20 21:33,Verde,224,Preluat,11
7650,2026-07-07 06:43,Albastru,200,Preluat,25
7651,2026-07-22 08:18,Galben,223,Externat,NULL
7652,2026-07-21 18:34,Verde,72,Externat,NULL
7653,2026-07-09 23:43,Verde,171,Externat,NULL
7654,2026-07-27 17:53,Verde,100,In Asteptare,NULL
7655,2026-07-19 16:05,Galben,98,Externat,NULL
7656,2026-07-10 10:57,Verde,77,Externat,NULL
7657,2026-07-07 00:07,Galben,220,In Asteptare,NULL
7658,2026-07-08 21:56,Verde,231,Externat,NULL
7659,2026-07-17 09:41,Verde,102,In Asteptare,NULL
7660,2026-07-25 15:20,Verde,232,Externat,NULL
7661,2026-07-23 18:49,Albastru,98,Externat,NULL
7662,2026-07-19 19:25,Galben,173,Externat,NULL
7663,2026-07-02 19:36,Albastru,208,Externat,NULL
7664,2026-07-20 06:37,Verde,56,Preluat,24
7665,2026-07-08 10:37,Galben,29,Preluat,13
7666,2026-07-22 19:22,Verde,71,Externat,NULL
7667,2026-07-15 14:36,Verde,172,Preluat,19
7668,2026-07-25 06:32,Galben,146,Externat,NULL
7669,2026-07-15 02:26,Verde,7,In Asteptare,NULL
7670,2026-07-09 13:44,Galben,148,Externat,NULL
7671,2026-07-24 07:43,Verde,147,Preluat,23
7672,2026-07-07 21:51,Galben,215,Externat,NULL
7673,2026-07-28 12:06,Verde,43,Externat,NULL
7674,2026-07-12 18:54,Verde,18,Preluat,48
7675,2026-07-19 09:03,Rosu,29,In Asteptare,NULL
7676,2026-07-03 13:35,Verde,183,Externat,NULL
7677,2026-07-19 04:43,Galben,232,Externat,NULL
7678,2026-07-13 11:47,Verde,146,Preluat,16
7679,2026-07-25 00:55,Galben,78,Externat,NULL
7680,2026-07-15 19:45,Verde,82,Preluat,32
7681,2026-07-03 07:58,Albastru,221,Preluat,24
7682,2026-07-07 02:14,Verde,84,Externat,NULL
7683,2026-07-09 04:47,Rosu,16,In Asteptare,NULL
7684,2026-07-07 01:36,Verde,239,Externat,NULL
7685,2026-07-05 12:08,Galben,159,Externat,NULL
7686,2026-07-27 13:21,Albastru,104,Externat,NULL
7687,2026-07-21 14:08,Verde,211,Preluat,37
7688,2026-07-03 00:18,Galben,201,Preluat,42
7689,2026-07-11 23:55,Galben,197,Externat,NULL
7690,2026-07-08 16:05,Galben,125,Externat,NULL
7691,2026-07-25 04:07,Rosu,21,Externat,NULL
7692,2026-07-07 09:50,Galben,71,Preluat,2
7693,2026-07-13 18:33,Galben,172,Preluat,35
7694,2026-07-02 10:49,Galben,125,Externat,NULL
7695,2026-07-03 00:31,Albastru,70,Preluat,9
7696,2026-07-11 17:12,Galben,5,Preluat,7
7697,2026-07-07 19:25,Verde,14,Preluat,10
7698,2026-07-24 06:27,Verde,142,Preluat,16
7699,2026-07-15 23:48,Galben,35,In Asteptare,NULL
7700,2026-07-24 15:25,Galben,183,Externat,NULL
7701,2026-07-29 14:39,Galben,215,Externat,NULL
7702,2026-07-20 08:59,Albastru,158,Preluat,36
7703,2026-07-08 16:18,Rosu,27,Preluat,21
7704,2026-07-24 02:56,Verde,24,Externat,NULL
7705,2026-07-23 11:38,Verde,221,Externat,NULL
7706,2026-07-17 03:05,Galben,26,Externat,NULL
7707,2026-07-22 01:30,Verde,32,In Asteptare,NULL
7708,2026-07-21 07:24,Galben,206,Preluat,18
7709,2026-07-07 09:46,Galben,179,In Asteptare,NULL
7710,2026-07-19 18:43,Verde,22,Externat,NULL
7711,2026-07-25 22:40,Albastru,150,In Asteptare,NULL
7712,2026-07-19 17:47,Rosu,13,In Asteptare,NULL
7713,2026-07-17 17:40,Galben,141,Externat,NULL
7714,2026-07-03 16:42,Verde,127,Externat,NULL
7715,2026-07-07 12:09,Galben,22,In Asteptare,NULL
7716,2026-07-06 05:23,Albastru,105,Externat,NULL
7717,2026-07-11 07:23,Albastru,190,Preluat,18
7718,2026-07-08 12:32,Galben,178,Externat,NULL
7719,2026-07-20 10:24,Verde,178,In Asteptare,NULL
7720,2026-07-01 16:54,Rosu,6,Preluat,50
7721,2026-07-09 08:32,Verde,220,Externat,NULL
7722,2026-07-26 02:27,Verde,169,Externat,NULL
7723,2026-07-25 17:23,Galben,169,In Asteptare,NULL
7724,2026-07-17 13:55,Rosu,24,Preluat,24
7725,2026-07-25 06:24,Galben,13,Externat,NULL
7726,2026-07-23 12:47,Galben,201,Externat,NULL
7727,2026-07-23 23:16,Rosu,3,Preluat,5
7728,2026-07-26 07:07,Galben,167,Externat,NULL
7729,2026-07-01 08:37,Galben,151,Externat,NULL
7730,2026-07-23 12:49,Verde,158,Preluat,7
7731,2026-07-23 00:07,Galben,149,Externat,NULL
7732,2026-07-30 18:35,Verde,64,In Asteptare,NULL
7733,2026-07-24 18:02,Rosu,13,Externat,NULL
7734,2026-07-22 06:40,Galben,58,Externat,NULL
7735,2026-07-22 11:55,Verde,42,Externat,NULL
7736,2026-07-23 07:28,Verde,125,Externat,NULL
7737,2026-07-06 15:07,Verde,26,Preluat,5
7738,2026-07-16 18:55,Verde,112,Preluat,9
7739,2026-07-10 08:27,Galben,198,Externat,NULL
7740,2026-07-14 05:32,Galben,179,Externat,NULL
7741,2026-07-20 04:26,Galben,58,Externat,NULL
7742,2026-07-13 06:32,Galben,7,In Asteptare,NULL
7743,2026-07-03 04:10,Verde,130,Externat,NULL
7744,2026-07-15 21:42,Rosu,6,Preluat,4
7745,2026-07-16 14:40,Verde,199,In Asteptare,NULL
7746,2026-07-30 03:47,Albastru,127,Externat,NULL
7747,2026-07-04 11:12,Rosu,15,Externat,NULL
7748,2026-07-04 00:30,Rosu,27,Externat,NULL
7749,2026-07-19 01:04,Verde,127,Preluat,19
7750,2026-07-10 13:47,Rosu,7,Externat,NULL
7751,2026-07-03 16:03,Galben,166,In Asteptare,NULL
7752,2026-07-14 23:48,Rosu,29,Externat,NULL
7753,2026-07-21 21:22,Galben,151,Preluat,20
7754,2026-07-05 09:15,Verde,190,Externat,NULL
7755,2026-07-09 18:32,Verde,180,Preluat,16
7756,2026-07-24 03:20,Verde,220,Externat,NULL
7757,2026-07-19 09:00,Verde,102,Preluat,36
7758,2026-07-24 10:50,Galben,31,In Asteptare,NULL
7759,2026-07-01 06:25,Galben,40,Externat,NULL
7760,2026-07-12 06:43,Galben,54,Externat,NULL
7761,2026-07-15 05:32,Galben,108,Externat,NULL
7762,2026-07-02 07:02,Verde,6,Externat,NULL
7763,2026-07-06 09:52,Verde,193,Preluat,36
7764,2026-07-08 10:47,Galben,214,Preluat,21
7765,2026-07-16 21:09,Verde,190,Externat,NULL
7766,2026-07-21 14:33,Galben,226,In Asteptare,NULL
7767,2026-07-20 22:06,Verde,69,Preluat,45
7768,2026-07-28 07:29,Albastru,8,Preluat,4
7769,2026-07-13 19:38,Galben,93,Externat,NULL
7770,2026-07-20 04:06,Galben,141,In Asteptare,NULL
7771,2026-07-26 00:03,Galben,176,In Asteptare,NULL
7772,2026-07-24 00:29,Verde,183,Externat,NULL
7773,2026-07-29 16:29,Verde,138,Preluat,46
7774,2026-07-18 18:55,Galben,117,Preluat,36
7775,2026-07-29 06:56,Verde,140,Preluat,34
7776,2026-07-20 21:09,Verde,30,Externat,NULL
7777,2026-07-30 13:57,Albastru,156,Externat,NULL
7778,2026-07-11 10:26,Rosu,27,Preluat,41
7779,2026-07-08 06:59,Rosu,28,In Asteptare,NULL
7780,2026-07-18 12:32,Verde,6,In Asteptare,NULL
7781,2026-07-08 00:36,Rosu,12,In Asteptare,NULL
7782,2026-07-12 10:08,Verde,33,Preluat,9
7783,2026-07-21 04:53,Galben,98,Preluat,48
7784,2026-07-05 10:23,Verde,205,Externat,NULL
7785,2026-07-23 08:15,Galben,165,Externat,NULL
7786,2026-07-30 16:18,Rosu,13,Externat,NULL
7787,2026-07-24 12:20,Albastru,239,Externat,NULL
7788,2026-07-21 14:01,Verde,204,Externat,NULL
7789,2026-07-23 04:37,Galben,98,Externat,NULL
7790,2026-07-03 20:49,Galben,214,Preluat,25
7791,2026-07-05 11:35,Galben,86,In Asteptare,NULL
7792,2026-07-22 13:39,Rosu,18,Preluat,10
7793,2026-07-08 16:57,Galben,43,Preluat,34
7794,2026-07-25 22:37,Verde,35,Preluat,27
7795,2026-07-10 01:08,Verde,213,In Asteptare,NULL
7796,2026-07-09 08:13,Verde,221,Preluat,9
7797,2026-07-30 02:35,Verde,204,Preluat,17
7798,2026-07-11 01:13,Verde,220,Preluat,3
7799,2026-07-05 23:11,Verde,27,In Asteptare,NULL
7800,2026-07-21 15:01,Verde,65,Preluat,43
7801,2026-07-18 23:22,Galben,238,Externat,NULL
7802,2026-07-27 01:27,Verde,147,Externat,NULL
7803,2026-07-26 13:27,Verde,5,Preluat,3
7804,2026-07-09 07:45,Verde,183,Preluat,23
7805,2026-07-11 16:50,Galben,55,Externat,NULL
7806,2026-07-14 17:30,Galben,240,Externat,NULL
7807,2026-07-12 12:32,Galben,160,Externat,NULL
7808,2026-07-09 13:31,Verde,183,In Asteptare,NULL
7809,2026-07-14 05:16,Albastru,49,In Asteptare,NULL
7810,2026-07-21 04:57,Verde,231,Preluat,7
7811,2026-07-24 11:58,Verde,126,Externat,NULL
7812,2026-07-11 17:08,Galben,127,In Asteptare,NULL
7813,2026-07-22 10:14,Rosu,5,In Asteptare,NULL
7814,2026-07-27 12:35,Verde,70,Externat,NULL
7815,2026-07-29 04:40,Verde,152,Externat,NULL
7816,2026-07-25 06:07,Galben,7,In Asteptare,NULL
7817,2026-07-12 17:33,Galben,69,Externat,NULL
7818,2026-07-04 06:35,Galben,26,In Asteptare,NULL
7819,2026-07-23 09:37,Galben,130,Externat,NULL
7820,2026-07-02 16:57,Verde,87,Externat,NULL
7821,2026-07-26 18:02,Galben,180,In Asteptare,NULL
7822,2026-07-22 06:02,Verde,35,In Asteptare,NULL
7823,2026-07-22 03:15,Verde,216,Preluat,45
7824,2026-07-13 03:46,Rosu,14,Externat,NULL
7825,2026-07-02 08:41,Rosu,6,Externat,NULL
7826,2026-07-21 09:41,Galben,118,Externat,NULL
7827,2026-07-14 06:22,Verde,87,Preluat,33
7828,2026-07-29 01:20,Galben,193,Externat,NULL
7829,2026-07-28 05:30,Verde,149,Preluat,38
7830,2026-07-14 00:17,Verde,90,Preluat,13
7831,2026-07-25 23:23,Verde,155,Preluat,25
7832,2026-07-25 07:44,Verde,46,Externat,NULL
7833,2026-07-08 07:22,Galben,197,Externat,NULL
7834,2026-07-19 08:56,Verde,108,In Asteptare,NULL
7835,2026-07-28 10:18,Albastru,200,Externat,NULL
7836,2026-07-10 22:40,Galben,73,Externat,NULL
7837,2026-07-05 05:09,Albastru,44,Externat,NULL
7838,2026-07-12 13:40,Verde,81,In Asteptare,NULL
7839,2026-07-06 02:45,Verde,79,Preluat,2
7840,2026-07-02 23:28,Verde,169,Externat,NULL
7841,2026-07-30 17:50,Verde,205,In Asteptare,NULL
7842,2026-07-14 12:40,Verde,132,Preluat,49
7843,2026-07-01 20:53,Verde,21,Externat,NULL
7844,2026-07-24 12:40,Verde,20,In Asteptare,NULL
7845,2026-07-11 13:51,Verde,23,Externat,NULL
7846,2026-07-12 18:42,Verde,91,Externat,NULL
7847,2026-07-03 21:35,Galben,227,Externat,NULL
7848,2026-07-20 04:32,Verde,98,Externat,NULL
7849,2026-07-01 18:04,Galben,112,Preluat,31
7850,2026-07-03 23:21,Galben,5,Preluat,1
7851,2026-07-09 23:19,Verde,158,Preluat,50
7852,2026-07-07 12:42,Galben,115,Externat,NULL
7853,2026-07-30 04:56,Verde,34,Externat,NULL
7854,2026-07-11 16:51,Verde,153,Preluat,32
7855,2026-07-15 11:44,Galben,221,Preluat,31
7856,2026-07-16 16:31,Verde,102,Externat,NULL
7857,2026-07-23 13:29,Verde,155,Preluat,32
7858,2026-07-19 05:12,Verde,240,Externat,NULL
7859,2026-07-02 07:01,Rosu,29,Externat,NULL
7860,2026-07-04 04:02,Verde,202,In Asteptare,NULL
7861,2026-07-23 18:40,Verde,156,In Asteptare,NULL
7862,2026-07-01 03:25,Galben,146,Externat,NULL
7863,2026-07-08 18:53,Galben,39,Externat,NULL
7864,2026-07-07 12:23,Verde,29,Externat,NULL
7865,2026-07-11 08:08,Verde,38,In Asteptare,NULL
7866,2026-07-02 12:56,Galben,129,Externat,NULL
7867,2026-07-12 23:25,Galben,140,Externat,NULL
7868,2026-07-05 19:32,Verde,161,Externat,NULL
7869,2026-07-09 16:05,Verde,35,Externat,NULL
7870,2026-07-14 07:24,Verde,207,Preluat,25
7871,2026-07-09 06:38,Galben,208,In Asteptare,NULL
7872,2026-07-11 06:54,Verde,22,Externat,NULL
7873,2026-07-30 13:26,Verde,10,Preluat,11
7874,2026-07-02 18:54,Galben,74,Externat,NULL
7875,2026-07-24 02:42,Galben,152,Externat,NULL
7876,2026-07-30 20:01,Verde,34,Preluat,34
7877,2026-07-25 11:03,Verde,214,Preluat,16
7878,2026-07-28 14:39,Albastru,219,Preluat,49
7879,2026-07-28 16:17,Rosu,9,Preluat,26
7880,2026-07-30 12:11,Galben,201,Externat,NULL
7881,2026-07-09 13:02,Verde,159,Preluat,17
7882,2026-07-27 17:38,Rosu,16,Externat,NULL
7883,2026-07-14 19:59,Albastru,185,Preluat,8
7884,2026-07-01 05:48,Galben,156,Preluat,21
7885,2026-07-03 20:49,Galben,113,In Asteptare,NULL
7886,2026-07-08 16:13,Galben,140,Externat,NULL
7887,2026-07-29 15:09,Verde,109,Externat,NULL
7888,2026-07-16 11:12,Rosu,24,In Asteptare,NULL
7889,2026-07-27 01:44,Albastru,150,Externat,NULL
7890,2026-07-15 08:19,Albastru,95,Preluat,41
7891,2026-07-10 22:45,Galben,65,Externat,NULL
7892,2026-07-27 00:34,Verde,55,Externat,NULL
7893,2026-07-10 13:40,Verde,211,Externat,NULL
7894,2026-07-19 04:23,Galben,55,Preluat,27
7895,2026-07-03 03:56,Verde,204,Externat,NULL
7896,2026-07-07 17:25,Galben,97,Externat,NULL
7897,2026-07-28 11:41,Rosu,23,Preluat,42
7898,2026-07-24 00:00,Verde,43,Externat,NULL
7899,2026-07-18 21:42,Galben,89,Externat,NULL
7900,2026-07-21 13:14,Verde,225,Preluat,1
7901,2026-07-27 14:07,Galben,101,In Asteptare,NULL
7902,2026-07-20 17:15,Verde,223,Externat,NULL
7903,2026-07-13 14:39,Rosu,23,Preluat,11
7904,2026-07-23 06:20,Verde,215,Preluat,30
7905,2026-07-18 04:08,Verde,191,Preluat,33
7906,2026-07-17 14:32,Verde,122,Externat,NULL
7907,2026-07-06 02:55,Verde,99,In Asteptare,NULL
7908,2026-07-02 14:56,Galben,118,In Asteptare,NULL
7909,2026-07-24 18:33,Galben,187,Externat,NULL
7910,2026-07-13 02:34,Rosu,10,Preluat,41
7911,2026-07-14 21:45,Galben,155,Preluat,14
7912,2026-07-02 01:59,Rosu,5,Externat,NULL
7913,2026-07-25 20:42,Verde,164,Preluat,41
7914,2026-07-04 13:01,Albastru,141,Externat,NULL
7915,2026-07-29 00:35,Galben,54,Externat,NULL
7916,2026-07-20 17:34,Verde,91,In Asteptare,NULL
7917,2026-07-14 17:19,Galben,122,Preluat,43
7918,2026-07-12 13:26,Galben,6,Preluat,27
7919,2026-07-18 07:06,Verde,196,Preluat,26
7920,2026-07-17 09:17,Rosu,15,Preluat,22
7921,2026-07-14 17:53,Rosu,0,Externat,NULL
7922,2026-07-09 16:22,Galben,213,Externat,NULL
7923,2026-07-13 14:29,Galben,19,Preluat,19
7924,2026-07-19 20:17,Galben,18,Externat,NULL
7925,2026-07-15 11:22,Verde,224,In Asteptare,NULL
7926,2026-07-24 01:46,Verde,173,Externat,NULL
7927,2026-07-26 07:10,Galben,100,Preluat,37
7928,2026-07-14 12:39,Verde,159,Preluat,39
7929,2026-07-11 04:21,Galben,173,Externat,NULL
7930,2026-07-11 21:08,Rosu,8,Externat,NULL
7931,2026-07-08 21:30,Verde,39,Externat,NULL
7932,2026-07-05 06:47,Verde,46,In Asteptare,NULL
7933,2026-07-25 10:03,Verde,178,Preluat,41
7934,2026-07-19 07:59,Verde,10,Preluat,15
7935,2026-07-18 22:09,Galben,101,Externat,NULL
7936,2026-07-03 02:13,Galben,213,Preluat,46
7937,2026-07-26 02:18,Rosu,15,Preluat,3
7938,2026-07-25 11:14,Verde,38,Preluat,21
7939,2026-07-21 16:41,Verde,70,Externat,NULL
7940,2026-07-12 00:20,Galben,234,Externat,NULL
7941,2026-07-01 22:51,Rosu,28,In Asteptare,NULL
7942,2026-07-01 11:11,Albastru,190,In Asteptare,NULL
7943,2026-07-04 02:19,Galben,123,Preluat,43
7944,2026-07-30 14:26,Verde,170,Preluat,45
7945,2026-07-03 09:23,Galben,84,Externat,NULL
7946,2026-07-25 05:43,Verde,225,Externat,NULL
7947,2026-07-12 19:42,Verde,31,Externat,NULL
7948,2026-07-23 11:50,Rosu,12,Preluat,33
7949,2026-07-21 02:49,Verde,139,Externat,NULL
7950,2026-07-25 21:28,Albastru,169,In Asteptare,NULL
7951,2026-07-16 13:35,Rosu,6,Externat,NULL
7952,2026-07-14 15:31,Galben,148,Externat,NULL
7953,2026-07-25 10:05,Galben,231,In Asteptare,NULL
7954,2026-07-20 15:18,Verde,196,Preluat,34
7955,2026-07-15 22:56,Verde,98,Externat,NULL
7956,2026-07-19 03:04,Rosu,11,Preluat,16
7957,2026-07-28 09:47,Galben,95,In Asteptare,NULL
7958,2026-07-29 15:08,Galben,58,In Asteptare,NULL
7959,2026-07-22 23:13,Verde,20,In Asteptare,NULL
7960,2026-07-28 01:35,Verde,138,In Asteptare,NULL
7961,2026-07-24 02:28,Rosu,21,Preluat,36
7962,2026-07-10 03:29,Verde,236,Externat,NULL
7963,2026-07-26 21:33,Verde,5,Externat,NULL
7964,2026-07-24 02:18,Galben,52,Preluat,48
7965,2026-07-22 05:32,Albastru,83,Externat,NULL
7966,2026-07-01 22:14,Galben,105,Externat,NULL
7967,2026-07-26 01:41,Verde,18,In Asteptare,NULL
7968,2026-07-02 15:07,Galben,74,Externat,NULL
7969,2026-07-13 00:07,Rosu,8,Externat,NULL
7970,2026-07-01 20:57,Galben,59,In Asteptare,NULL
7971,2026-07-12 04:14,Galben,105,Externat,NULL
7972,2026-07-13 23:05,Galben,131,Preluat,25
7973,2026-07-24 15:52,Verde,25,Externat,NULL
7974,2026-07-03 21:43,Verde,238,Externat,NULL
7975,2026-07-15 21:04,Verde,215,In Asteptare,NULL
7976,2026-07-11 16:41,Galben,206,Externat,NULL
7977,2026-07-29 19:09,Albastru,187,Externat,NULL
7978,2026-07-19 01:14,Verde,40,Externat,NULL
7979,2026-07-19 13:38,Galben,187,Externat,NULL
7980,2026-07-30 02:33,Galben,238,Externat,NULL
7981,2026-07-07 18:49,Galben,226,Externat,NULL
7982,2026-07-24 19:33,Galben,113,Externat,NULL
7983,2026-07-22 13:02,Galben,145,Preluat,13
7984,2026-07-12 22:51,Rosu,20,Preluat,36
7985,2026-07-14 04:51,Galben,73,Externat,NULL
7986,2026-07-28 23:13,Galben,12,Externat,NULL
7987,2026-07-08 18:19,Verde,214,In Asteptare,NULL
7988,2026-07-20 12:11,Albastru,151,In Asteptare,NULL
7989,2026-07-08 01:57,Verde,9,Externat,NULL
7990,2026-07-15 23:07,Verde,109,Externat,NULL
7991,2026-07-27 23:22,Galben,144,Preluat,28
7992,2026-07-14 20:14,Verde,122,Externat,NULL
7993,2026-07-07 02:46,Verde,90,Externat,NULL
7994,2026-07-24 22:00,Verde,225,Preluat,45
7995,2026-07-27 04:26,Galben,14,Externat,NULL
7996,2026-07-25 02:46,Galben,72,Externat,NULL
7997,2026-07-20 10:18,Galben,208,Preluat,42
7998,2026-07-30 22:14,Rosu,1,In Asteptare,NULL
7999,2026-07-27 16:11,Verde,130,In Asteptare,NULL
8000,2026-07-12 18:16,Galben,227,Externat,NULL
8001,2026-07-22 06:38,Verde,160,Externat,NULL
8002,2026-07-20 03:42,Rosu,11,Preluat,48
8003,2026-07-18 07:46,Galben,151,In Asteptare,NULL
8004,2026-07-02 18:30,Galben,85,Preluat,28
8005,2026-07-05 06:24,Galben,47,Externat,NULL
8006,2026-07-30 00:39,Verde,48,In Asteptare,NULL
8007,2026-07-30 03:36,Galben,227,Preluat,15
8008,2026-07-26 16:32,Galben,180,Externat,NULL
8009,2026-07-26 21:58,Galben,204,Preluat,7
8010,2026-07-27 16:54,Verde,121,Externat,NULL
8011,2026-07-18 17:10,Verde,30,Preluat,17
8012,2026-07-02 13:44,Verde,223,Externat,NULL
8013,2026-07-13 17:29,Verde,50,In Asteptare,NULL
8014,2026-07-18 09:00,Galben,172,In Asteptare,NULL
8015,2026-07-04 09:10,Verde,231,In Asteptare,NULL
8016,2026-07-13 18:36,Verde,82,Externat,NULL
8017,2026-07-27 12:31,Rosu,20,Externat,NULL
8018,2026-07-27 02:47,Verde,152,Externat,NULL
8019,2026-07-18 23:03,Verde,63,Preluat,36
8020,2026-07-29 00:55,Albastru,231,In Asteptare,NULL
8021,2026-07-25 03:19,Verde,124,Externat,NULL
8022,2026-07-02 21:35,Verde,57,Externat,NULL
8023,2026-07-06 00:45,Verde,77,Externat,NULL
8024,2026-07-09 13:47,Verde,73,Preluat,35
8025,2026-07-04 15:31,Albastru,108,In Asteptare,NULL
8026,2026-07-24 07:17,Galben,99,Preluat,11
8027,2026-07-24 09:10,Verde,123,Externat,NULL
8028,2026-07-29 22:18,Galben,159,In Asteptare,NULL
8029,2026-07-23 08:52,Verde,148,In Asteptare,NULL
8030,2026-07-19 07:13,Galben,113,In Asteptare,NULL
8031,2026-07-08 18:58,Verde,74,Externat,NULL
8032,2026-07-25 22:30,Verde,41,In Asteptare,NULL
8033,2026-07-20 03:26,Rosu,5,Preluat,1
8034,2026-07-04 18:53,Rosu,28,Preluat,6
8035,2026-07-04 07:24,Verde,142,In Asteptare,NULL
8036,2026-07-27 05:50,Verde,172,Preluat,21
8037,2026-07-26 00:01,Verde,210,Externat,NULL
8038,2026-07-24 14:13,Galben,235,Externat,NULL
8039,2026-07-10 22:34,Verde,137,Externat,NULL
8040,2026-07-28 14:58,Verde,82,Preluat,16
8041,2026-07-07 02:14,Galben,187,In Asteptare,NULL
8042,2026-07-08 11:19,Galben,215,In Asteptare,NULL
8043,2026-07-14 11:45,Verde,58,In Asteptare,NULL
8044,2026-07-19 21:36,Verde,156,Preluat,30
8045,2026-07-07 19:47,Albastru,22,Externat,NULL
8046,2026-07-22 16:47,Galben,9,Externat,NULL
8047,2026-07-24 17:12,Verde,28,In Asteptare,NULL
8048,2026-07-12 08:59,Verde,51,Externat,NULL
8049,2026-07-27 23:17,Rosu,28,In Asteptare,NULL
8050,2026-07-04 06:56,Verde,199,Externat,NULL
8051,2026-07-09 00:27,Galben,237,Preluat,20
8052,2026-07-25 22:47,Galben,34,Preluat,11
8053,2026-07-13 15:44,Verde,148,Preluat,3
8054,2026-07-10 06:44,Galben,47,Preluat,41
8055,2026-07-18 08:47,Galben,172,Externat,NULL
8056,2026-07-05 00:36,Verde,229,In Asteptare,NULL
8057,2026-07-30 18:16,Verde,216,Externat,NULL
8058,2026-07-06 23:12,Verde,115,Preluat,9
8059,2026-07-11 14:56,Galben,50,In Asteptare,NULL
8060,2026-07-13 06:42,Rosu,30,Preluat,25
8061,2026-07-16 01:48,Galben,239,Preluat,19
8062,2026-07-08 07:10,Galben,228,Externat,NULL
8063,2026-07-26 12:51,Rosu,0,Externat,NULL
8064,2026-07-26 12:16,Galben,86,In Asteptare,NULL
8065,2026-07-03 16:39,Rosu,11,Externat,NULL
8066,2026-07-24 06:53,Galben,121,Externat,NULL
8067,2026-07-17 11:30,Galben,155,Externat,NULL
8068,2026-07-15 01:47,Albastru,200,Externat,NULL
8069,2026-07-04 08:40,Verde,77,Externat,NULL
8070,2026-07-16 11:26,Galben,222,In Asteptare,NULL
8071,2026-07-28 07:57,Verde,126,Preluat,3
8072,2026-07-24 15:49,Galben,231,Preluat,13
8073,2026-07-03 17:30,Galben,33,Preluat,13
8074,2026-07-21 10:12,Rosu,24,Externat,NULL
8075,2026-07-08 23:22,Albastru,19,Preluat,45
8076,2026-07-07 06:47,Verde,113,Externat,NULL
8077,2026-07-03 22:24,Verde,216,Preluat,50
8078,2026-07-27 00:46,Rosu,10,Externat,NULL
8079,2026-07-06 18:11,Galben,195,Externat,NULL
8080,2026-07-27 01:12,Verde,126,In Asteptare,NULL
8081,2026-07-14 23:05,Verde,21,In Asteptare,NULL
8082,2026-07-03 14:11,Verde,94,Externat,NULL
8083,2026-07-29 19:11,Galben,197,In Asteptare,NULL
8084,2026-07-27 06:43,Verde,198,Externat,NULL
8085,2026-07-13 23:14,Rosu,26,In Asteptare,NULL
8086,2026-07-26 02:44,Albastru,239,In Asteptare,NULL
8087,2026-07-28 09:34,Galben,157,Externat,NULL
8088,2026-07-26 10:28,Galben,62,Externat,NULL
8089,2026-07-11 18:02,Galben,206,In Asteptare,NULL
8090,2026-07-17 00:16,Galben,103,Externat,NULL
8091,2026-07-16 14:12,Galben,171,In Asteptare,NULL
8092,2026-07-14 22:16,Galben,75,Externat,NULL
8093,2026-07-15 20:07,Rosu,9,Externat,NULL
8094,2026-07-09 02:08,Verde,236,Externat,NULL
8095,2026-07-30 05:59,Verde,225,Preluat,16
8096,2026-07-28 18:52,Rosu,3,Externat,NULL
8097,2026-07-17 10:52,Galben,137,Preluat,13
8098,2026-07-27 15:56,Galben,208,Externat,NULL
8099,2026-07-07 15:33,Verde,143,Preluat,5
8100,2026-07-23 06:28,Verde,79,Externat,NULL
8101,2026-07-21 18:47,Galben,108,Preluat,38
8102,2026-07-12 04:46,Albastru,203,Preluat,4
8103,2026-07-02 15:50,Verde,133,Externat,NULL
8104,2026-07-09 21:37,Rosu,26,Externat,NULL
8105,2026-07-26 07:21,Verde,23,Externat,NULL
8106,2026-07-17 11:09,Rosu,28,Preluat,5
8107,2026-07-25 10:29,Verde,15,Externat,NULL
8108,2026-07-04 11:29,Verde,148,Externat,NULL
8109,2026-07-10 04:33,Verde,130,Externat,NULL
8110,2026-07-12 13:39,Verde,122,Preluat,26
8111,2026-07-08 15:52,Albastru,235,Externat,NULL
8112,2026-07-03 00:36,Verde,66,Preluat,45
8113,2026-07-03 18:26,Verde,64,Preluat,38
8114,2026-07-27 10:50,Albastru,191,Preluat,11
8115,2026-07-28 18:01,Galben,121,Externat,NULL
8116,2026-07-01 21:01,Rosu,26,In Asteptare,NULL
8117,2026-07-02 08:31,Galben,35,Preluat,50
8118,2026-07-16 12:59,Galben,53,Externat,NULL
8119,2026-07-03 00:17,Galben,50,Preluat,38
8120,2026-07-16 08:05,Galben,215,Externat,NULL
8121,2026-07-11 08:36,Verde,138,Externat,NULL
8122,2026-07-11 05:08,Galben,62,In Asteptare,NULL
8123,2026-07-02 03:12,Rosu,2,Externat,NULL
8124,2026-07-30 14:27,Rosu,6,Externat,NULL
8125,2026-07-19 04:59,Verde,37,Externat,NULL
8126,2026-07-25 17:23,Galben,186,Externat,NULL
8127,2026-07-11 16:15,Verde,46,Externat,NULL
8128,2026-07-29 04:21,Galben,71,Preluat,7
8129,2026-07-02 07:35,Verde,126,Externat,NULL
8130,2026-07-30 01:25,Galben,198,Externat,NULL
8131,2026-07-24 08:36,Verde,54,Preluat,4
8132,2026-07-01 09:27,Verde,188,Externat,NULL
8133,2026-07-04 00:42,Verde,152,Preluat,43
8134,2026-07-09 08:53,Rosu,2,Preluat,27
8135,2026-07-16 14:50,Galben,104,Externat,NULL
8136,2026-07-03 00:37,Verde,166,Externat,NULL
8137,2026-07-18 00:51,Galben,142,Externat,NULL
8138,2026-07-16 18:04,Verde,197,Preluat,33
8139,2026-07-02 12:05,Albastru,165,Externat,NULL
8140,2026-07-21 18:32,Albastru,37,Externat,NULL
8141,2026-07-15 16:27,Galben,63,In Asteptare,NULL
8142,2026-07-27 07:59,Verde,51,Preluat,40
8143,2026-07-12 23:59,Rosu,24,Preluat,8
8144,2026-07-24 11:18,Rosu,17,Preluat,17
8145,2026-07-26 14:47,Verde,224,Externat,NULL
8146,2026-07-24 03:45,Verde,239,Externat,NULL
8147,2026-07-20 18:14,Galben,93,Preluat,22
8148,2026-07-22 20:18,Galben,229,In Asteptare,NULL
8149,2026-07-24 03:12,Rosu,6,In Asteptare,NULL
8150,2026-07-06 18:54,Rosu,30,Preluat,50
8151,2026-07-12 03:42,Rosu,30,Preluat,15
8152,2026-07-05 15:47,Verde,167,Externat,NULL
8153,2026-07-22 09:17,Verde,70,Externat,NULL
8154,2026-07-26 01:31,Galben,108,Preluat,40
8155,2026-07-11 10:56,Verde,221,Externat,NULL
8156,2026-07-23 23:45,Galben,224,Externat,NULL
8157,2026-07-28 05:56,Verde,125,Externat,NULL
8158,2026-07-08 03:30,Rosu,1,Externat,NULL
8159,2026-07-15 22:16,Verde,182,In Asteptare,NULL
8160,2026-07-15 00:24,Galben,32,Externat,NULL
8161,2026-07-17 00:33,Verde,179,Externat,NULL
8162,2026-07-11 14:44,Albastru,109,Externat,NULL
8163,2026-07-22 04:36,Verde,224,Externat,NULL
8164,2026-07-15 18:10,Galben,62,Externat,NULL
8165,2026-07-03 03:51,Galben,222,Externat,NULL
8166,2026-07-12 18:43,Galben,73,Externat,NULL
8167,2026-07-30 10:28,Albastru,129,Preluat,33
8168,2026-07-02 06:05,Verde,92,In Asteptare,NULL
8169,2026-07-04 20:06,Rosu,4,Preluat,19
8170,2026-07-07 05:56,Galben,49,Externat,NULL
8171,2026-07-10 17:38,Verde,176,Externat,NULL
8172,2026-07-13 04:43,Verde,229,Externat,NULL
8173,2026-07-13 18:02,Galben,136,In Asteptare,NULL
8174,2026-07-11 10:38,Verde,127,Preluat,39
8175,2026-07-20 15:15,Verde,157,Externat,NULL
8176,2026-07-06 09:55,Verde,125,Externat,NULL
8177,2026-07-21 13:24,Galben,178,Externat,NULL
8178,2026-07-06 12:29,Verde,119,Externat,NULL
8179,2026-07-10 20:13,Galben,115,Externat,NULL
8180,2026-07-19 15:02,Albastru,56,In Asteptare,NULL
8181,2026-07-28 21:58,Verde,191,In Asteptare,NULL
8182,2026-07-17 12:27,Galben,240,Externat,NULL
8183,2026-07-24 21:34,Albastru,164,Externat,NULL
8184,2026-07-28 09:02,Galben,236,Preluat,33
8185,2026-07-28 09:19,Verde,99,Preluat,43
8186,2026-07-15 00:52,Galben,21,Externat,NULL
8187,2026-07-04 07:56,Albastru,21,Externat,NULL
8188,2026-07-30 17:55,Galben,24,In Asteptare,NULL
8189,2026-07-27 21:40,Galben,13,Externat,NULL
8190,2026-07-04 21:23,Verde,158,Preluat,7
8191,2026-07-29 09:22,Galben,18,Externat,NULL
8192,2026-07-22 18:12,Galben,147,Externat,NULL
8193,2026-07-29 01:11,Galben,216,In Asteptare,NULL
8194,2026-07-16 00:34,Verde,116,In Asteptare,NULL
8195,2026-07-07 14:12,Verde,50,Preluat,42
8196,2026-07-06 18:21,Verde,152,In Asteptare,NULL
8197,2026-07-18 03:08,Galben,130,Externat,NULL
8198,2026-07-30 22:35,Verde,150,Preluat,20
8199,2026-07-16 17:26,Galben,54,Externat,NULL
8200,2026-07-11 10:52,Galben,135,Externat,NULL
8201,2026-07-12 23:57,Galben,133,Externat,NULL
8202,2026-07-06 03:41,Galben,49,Externat,NULL
8203,2026-07-10 10:05,Verde,106,Externat,NULL
8204,2026-07-26 15:41,Rosu,22,Externat,NULL
8205,2026-07-26 00:56,Galben,117,Preluat,11
8206,2026-07-24 19:45,Galben,221,Preluat,31
8207,2026-07-18 21:22,Galben,10,In Asteptare,NULL
8208,2026-07-24 14:38,Verde,229,Externat,NULL
8209,2026-07-17 16:19,Galben,110,Externat,NULL
8210,2026-07-20 14:27,Galben,186,Preluat,32
8211,2026-07-28 09:37,Albastru,52,Preluat,42
8212,2026-07-04 20:21,Verde,54,In Asteptare,NULL
8213,2026-07-15 22:42,Albastru,233,In Asteptare,NULL
8214,2026-07-20 06:02,Galben,191,Preluat,35
8215,2026-07-27 05:31,Galben,28,Externat,NULL
8216,2026-07-29 17:19,Verde,182,Preluat,44
8217,2026-07-27 06:15,Verde,58,Externat,NULL
8218,2026-07-16 23:19,Rosu,13,Preluat,46
8219,2026-07-11 20:46,Verde,41,Externat,NULL
8220,2026-07-24 16:24,Verde,90,Preluat,19
8221,2026-07-30 07:08,Galben,92,Externat,NULL
8222,2026-07-03 06:07,Verde,196,Preluat,12
8223,2026-07-08 12:54,Verde,32,Externat,NULL
8224,2026-07-04 01:04,Verde,215,Externat,NULL
8225,2026-07-13 16:02,Verde,34,Externat,NULL
8226,2026-07-14 08:26,Verde,172,Externat,NULL
8227,2026-07-10 14:52,Verde,66,Preluat,28
8228,2026-07-19 17:39,Galben,99,Preluat,18
8229,2026-07-06 17:15,Verde,77,Preluat,30
8230,2026-07-18 09:04,Verde,230,Externat,NULL
8231,2026-07-12 16:35,Verde,107,In Asteptare,NULL
8232,2026-07-11 17:49,Verde,206,Externat,NULL
8233,2026-07-10 18:47,Galben,13,Preluat,33
8234,2026-07-24 17:40,Galben,53,Externat,NULL
8235,2026-07-07 03:43,Verde,37,Externat,NULL
8236,2026-07-20 23:48,Verde,51,Preluat,35
8237,2026-07-13 08:41,Verde,66,Preluat,3
8238,2026-07-28 03:36,Galben,172,In Asteptare,NULL
8239,2026-07-10 16:16,Galben,23,In Asteptare,NULL
8240,2026-07-14 22:53,Verde,148,Externat,NULL
8241,2026-07-27 16:45,Galben,76,Externat,NULL
8242,2026-07-01 13:21,Galben,44,Externat,NULL
8243,2026-07-28 05:59,Verde,174,Externat,NULL
8244,2026-07-06 14:38,Galben,178,Preluat,19
8245,2026-07-06 19:06,Galben,161,In Asteptare,NULL
8246,2026-07-22 00:55,Verde,100,In Asteptare,NULL
8247,2026-07-20 03:33,Albastru,164,Externat,NULL
8248,2026-07-19 16:32,Galben,147,Externat,NULL
8249,2026-07-13 03:09,Galben,173,Preluat,17
8250,2026-07-01 17:38,Verde,82,Externat,NULL
8251,2026-07-10 15:55,Galben,80,In Asteptare,NULL
8252,2026-07-16 08:38,Verde,115,In Asteptare,NULL
8253,2026-07-18 00:48,Rosu,0,Externat,NULL
8254,2026-07-27 11:49,Verde,122,Externat,NULL
8255,2026-07-08 04:00,Galben,179,Preluat,26
8256,2026-07-26 20:11,Galben,218,Externat,NULL
8257,2026-07-25 00:55,Galben,54,Externat,NULL
8258,2026-07-30 19:31,Galben,113,Externat,NULL
8259,2026-07-25 14:44,Verde,136,Preluat,24
8260,2026-07-30 11:34,Verde,219,Externat,NULL
8261,2026-07-22 00:52,Verde,224,Preluat,49
8262,2026-07-28 17:01,Albastru,60,Preluat,32
8263,2026-07-11 06:05,Verde,32,Externat,NULL
8264,2026-07-21 06:37,Galben,112,Preluat,5
8265,2026-07-23 19:04,Rosu,25,Externat,NULL
8266,2026-07-08 13:21,Albastru,86,Preluat,35
8267,2026-07-02 12:32,Rosu,22,In Asteptare,NULL
8268,2026-07-13 12:10,Verde,126,Externat,NULL
8269,2026-07-08 16:38,Verde,197,Preluat,15
8270,2026-07-13 19:52,Galben,74,Externat,NULL
8271,2026-07-09 08:10,Galben,238,Externat,NULL
8272,2026-07-19 20:00,Verde,49,In Asteptare,NULL
8273,2026-07-17 11:00,Verde,123,Preluat,6
8274,2026-07-16 12:30,Rosu,17,Externat,NULL
8275,2026-07-20 23:27,Galben,41,Externat,NULL
8276,2026-07-24 08:28,Verde,221,Externat,NULL
8277,2026-07-12 20:07,Verde,234,Externat,NULL
8278,2026-07-25 03:01,Albastru,157,Externat,NULL
8279,2026-07-11 22:29,Galben,24,Externat,NULL
8280,2026-07-05 18:50,Rosu,0,Preluat,49
8281,2026-07-09 11:07,Albastru,150,Preluat,36
8282,2026-07-26 14:30,Galben,225,Preluat,37
8283,2026-07-20 17:46,Galben,20,Externat,NULL
8284,2026-07-18 11:57,Galben,106,Preluat,1
8285,2026-07-20 11:08,Galben,109,Externat,NULL
8286,2026-07-30 00:20,Verde,145,Preluat,24
8287,2026-07-26 13:58,Galben,179,In Asteptare,NULL
8288,2026-07-30 13:55,Verde,19,Preluat,18
8289,2026-07-22 09:14,Verde,236,Externat,NULL
8290,2026-07-01 01:22,Verde,128,Externat,NULL
8291,2026-07-03 17:57,Verde,76,Externat,NULL
8292,2026-07-04 18:04,Verde,221,Preluat,41
8293,2026-07-20 02:33,Rosu,6,Preluat,34
8294,2026-07-11 15:22,Verde,126,Preluat,33
8295,2026-07-12 10:16,Galben,199,Externat,NULL
8296,2026-07-14 02:04,Verde,208,Externat,NULL
8297,2026-07-07 17:23,Galben,95,Externat,NULL
8298,2026-07-09 19:40,Galben,23,Externat,NULL
8299,2026-07-16 13:41,Galben,108,Externat,NULL
8300,2026-07-01 04:42,Rosu,11,In Asteptare,NULL
8301,2026-07-16 14:25,Verde,128,Externat,NULL
8302,2026-07-20 15:50,Verde,145,Externat,NULL
8303,2026-07-20 20:25,Galben,206,Externat,NULL
8304,2026-07-22 09:05,Verde,9,Preluat,30
8305,2026-07-13 21:48,Galben,173,Preluat,26
8306,2026-07-20 17:46,Verde,38,Externat,NULL
8307,2026-07-10 21:54,Verde,23,Preluat,14
8308,2026-07-12 02:37,Verde,234,Preluat,35
8309,2026-07-12 13:43,Galben,36,Externat,NULL
8310,2026-07-10 20:07,Galben,133,In Asteptare,NULL
8311,2026-07-04 02:47,Galben,137,In Asteptare,NULL
8312,2026-07-12 05:00,Verde,177,Externat,NULL
8313,2026-07-30 14:50,Verde,121,Externat,NULL
8314,2026-07-07 11:12,Galben,60,Preluat,23
8315,2026-07-03 03:07,Albastru,76,Externat,NULL
8316,2026-07-14 11:38,Galben,76,Externat,NULL
8317,2026-07-19 17:39,Galben,184,Externat,NULL
8318,2026-07-10 06:50,Galben,86,Externat,NULL
8319,2026-07-04 04:48,Rosu,29,Preluat,39
8320,2026-07-20 22:55,Galben,199,In Asteptare,NULL
8321,2026-07-29 04:25,Galben,55,Externat,NULL
8322,2026-07-19 13:13,Verde,212,Preluat,7
8323,2026-07-29 17:31,Galben,69,Externat,NULL
8324,2026-07-24 23:13,Verde,31,Externat,NULL
8325,2026-07-27 13:41,Verde,161,Externat,NULL
8326,2026-07-11 01:55,Galben,204,Externat,NULL
8327,2026-07-18 11:12,Galben,133,Externat,NULL
8328,2026-07-15 02:15,Galben,49,Externat,NULL
8329,2026-07-07 16:00,Galben,60,In Asteptare,NULL
8330,2026-07-14 07:08,Rosu,26,In Asteptare,NULL
8331,2026-07-05 22:00,Verde,213,Externat,NULL
8332,2026-07-14 11:56,Albastru,134,Externat,NULL
8333,2026-07-04 05:47,Verde,156,Externat,NULL
8334,2026-07-08 01:22,Verde,22,In Asteptare,NULL
8335,2026-07-07 18:15,Galben,76,Externat,NULL
8336,2026-07-18 16:32,Rosu,25,Externat,NULL
8337,2026-07-03 21:19,Galben,118,Preluat,25
8338,2026-07-26 10:07,Verde,197,Externat,NULL
8339,2026-07-02 09:54,Galben,95,Preluat,31
8340,2026-07-28 12:45,Galben,209,In Asteptare,NULL
8341,2026-07-03 14:41,Rosu,24,Externat,NULL
8342,2026-07-11 13:24,Galben,201,Externat,NULL
8343,2026-07-15 22:36,Galben,175,Externat,NULL
8344,2026-07-08 17:48,Galben,188,Preluat,19
8345,2026-07-11 05:05,Albastru,217,Externat,NULL
8346,2026-07-23 01:25,Verde,108,Preluat,15
8347,2026-07-06 04:57,Verde,231,Preluat,34
8348,2026-07-14 16:53,Verde,199,Preluat,31
8349,2026-07-06 06:55,Albastru,148,Externat,NULL
8350,2026-07-05 00:15,Verde,236,In Asteptare,NULL
8351,2026-07-25 22:28,Rosu,9,Externat,NULL
8352,2026-07-12 12:50,Galben,86,In Asteptare,NULL
8353,2026-07-07 05:30,Verde,174,Externat,NULL
8354,2026-07-17 00:44,Verde,188,Externat,NULL
8355,2026-07-19 22:00,Verde,48,Preluat,37
8356,2026-07-13 12:49,Galben,41,Preluat,13
8357,2026-07-06 22:56,Albastru,216,Preluat,18
8358,2026-07-22 07:09,Verde,210,Externat,NULL
8359,2026-07-29 00:05,Verde,123,Externat,NULL
8360,2026-07-09 20:43,Rosu,16,Preluat,32
8361,2026-07-18 19:23,Albastru,143,Externat,NULL
8362,2026-07-05 05:11,Galben,19,Externat,NULL
8363,2026-07-17 05:47,Verde,203,Externat,NULL
8364,2026-07-24 06:27,Albastru,139,Externat,NULL
8365,2026-07-30 19:05,Verde,81,Externat,NULL
8366,2026-07-17 20:55,Rosu,2,In Asteptare,NULL
8367,2026-07-16 13:45,Verde,170,Externat,NULL
8368,2026-07-29 19:59,Rosu,5,Externat,NULL
8369,2026-07-15 08:37,Verde,29,Preluat,33
8370,2026-07-12 00:59,Verde,153,Externat,NULL
8371,2026-07-09 10:28,Verde,129,Externat,NULL
8372,2026-07-28 22:26,Verde,165,In Asteptare,NULL
8373,2026-07-16 12:09,Galben,64,Externat,NULL
8374,2026-07-29 12:23,Galben,236,Preluat,7
8375,2026-07-29 19:50,Verde,185,Preluat,12
8376,2026-07-23 19:58,Galben,166,In Asteptare,NULL
8377,2026-07-06 05:24,Verde,74,Externat,NULL
8378,2026-07-22 23:03,Galben,226,In Asteptare,NULL
8379,2026-07-08 03:35,Albastru,240,Externat,NULL
8380,2026-07-23 20:42,Verde,226,Externat,NULL
8381,2026-07-14 07:41,Galben,19,Preluat,6
8382,2026-07-22 12:13,Galben,191,Externat,NULL
8383,2026-07-18 01:57,Galben,97,In Asteptare,NULL
8384,2026-07-16 04:34,Galben,85,Externat,NULL
8385,2026-07-03 08:43,Galben,54,Preluat,12
8386,2026-07-02 19:19,Galben,111,Preluat,11
8387,2026-07-09 22:02,Albastru,6,In Asteptare,NULL
8388,2026-07-19 02:28,Galben,175,Externat,NULL
8389,2026-07-07 10:29,Galben,75,Externat,NULL
8390,2026-07-29 18:05,Galben,164,Preluat,22
8391,2026-07-01 05:56,Rosu,27,Externat,NULL
8392,2026-07-26 00:15,Verde,203,Preluat,18
8393,2026-07-06 21:30,Verde,16,In Asteptare,NULL
8394,2026-07-04 23:15,Rosu,9,Preluat,3
8395,2026-07-02 16:51,Galben,92,Externat,NULL
8396,2026-07-08 21:39,Galben,211,Externat,NULL
8397,2026-07-14 08:21,Verde,173,Externat,NULL
8398,2026-07-18 10:23,Verde,45,Externat,NULL
8399,2026-07-21 22:40,Verde,38,Externat,NULL
8400,2026-07-03 13:56,Galben,34,In Asteptare,NULL
8401,2026-07-19 01:03,Galben,163,Externat,NULL
8402,2026-07-15 22:11,Rosu,28,Externat,NULL
8403,2026-07-18 22:21,Galben,126,Externat,NULL
8404,2026-07-19 10:28,Verde,21,Externat,NULL
8405,2026-07-27 04:37,Galben,130,In Asteptare,NULL
8406,2026-07-17 01:41,Verde,139,Externat,NULL
8407,2026-07-03 16:09,Verde,99,Externat,NULL
8408,2026-07-16 19:02,Verde,11,In Asteptare,NULL
8409,2026-07-23 19:53,Verde,60,Externat,NULL
8410,2026-07-08 19:45,Galben,141,Externat,NULL
8411,2026-07-01 17:30,Albastru,88,Externat,NULL
8412,2026-07-20 06:04,Galben,105,Externat,NULL
8413,2026-07-12 18:25,Galben,99,Preluat,25
8414,2026-07-12 17:45,Verde,230,Externat,NULL
8415,2026-07-12 19:47,Verde,121,Preluat,45
8416,2026-07-30 07:23,Albastru,115,Externat,NULL
8417,2026-07-29 15:20,Verde,19,Preluat,17
8418,2026-07-11 23:49,Galben,152,Preluat,44
8419,2026-07-13 18:37,Galben,5,Externat,NULL
8420,2026-07-16 16:36,Galben,225,Preluat,37
8421,2026-07-12 03:13,Albastru,239,Externat,NULL
8422,2026-07-06 10:43,Verde,182,In Asteptare,NULL
8423,2026-07-17 08:40,Verde,147,Externat,NULL
8424,2026-07-13 22:55,Verde,165,Externat,NULL
8425,2026-07-18 20:36,Galben,145,In Asteptare,NULL
8426,2026-07-20 00:33,Verde,80,Externat,NULL
8427,2026-07-23 00:37,Verde,61,Externat,NULL
8428,2026-07-29 04:50,Verde,195,Preluat,15
8429,2026-07-26 18:46,Verde,168,Externat,NULL
8430,2026-07-01 19:46,Verde,161,In Asteptare,NULL
8431,2026-07-22 03:02,Verde,17,Externat,NULL
8432,2026-07-27 12:36,Verde,108,Externat,NULL
8433,2026-07-25 09:18,Albastru,115,In Asteptare,NULL
8434,2026-07-08 10:20,Albastru,177,Externat,NULL
8435,2026-07-06 09:32,Galben,194,In Asteptare,NULL
8436,2026-07-06 23:19,Albastru,33,In Asteptare,NULL
8437,2026-07-17 01:01,Galben,29,Externat,NULL
8438,2026-07-19 04:21,Galben,5,Externat,NULL
8439,2026-07-30 05:45,Verde,119,Preluat,45
8440,2026-07-10 22:18,Galben,206,In Asteptare,NULL
8441,2026-07-09 16:12,Rosu,0,Preluat,29
8442,2026-07-11 17:47,Verde,176,Preluat,40
8443,2026-07-17 01:43,Verde,85,Externat,NULL
8444,2026-07-01 03:55,Galben,174,Preluat,28
8445,2026-07-02 06:24,Galben,51,Preluat,27
8446,2026-07-07 14:54,Albastru,88,In Asteptare,NULL
8447,2026-07-20 07:18,Verde,136,Externat,NULL
8448,2026-07-17 21:52,Galben,47,Externat,NULL
8449,2026-07-05 16:22,Verde,194,Externat,NULL
8450,2026-07-11 18:47,Galben,24,In Asteptare,NULL
8451,2026-07-06 21:33,Verde,138,Preluat,43
8452,2026-07-22 01:50,Galben,177,In Asteptare,NULL
8453,2026-07-21 11:22,Galben,128,In Asteptare,NULL
8454,2026-07-13 12:04,Verde,85,Preluat,31
8455,2026-07-16 23:26,Albastru,228,Externat,NULL
8456,2026-07-10 21:13,Verde,141,Preluat,46
8457,2026-07-02 12:55,Verde,239,Externat,NULL
8458,2026-07-15 11:30,Rosu,1,Externat,NULL
8459,2026-07-20 11:11,Verde,197,In Asteptare,NULL
8460,2026-07-03 08:11,Verde,60,Externat,NULL
8461,2026-07-13 16:22,Verde,85,Preluat,34
8462,2026-07-09 11:02,Galben,142,Externat,NULL
8463,2026-07-06 21:15,Rosu,7,Externat,NULL
8464,2026-07-06 19:12,Verde,64,Preluat,5
8465,2026-07-18 11:42,Rosu,14,Externat,NULL
8466,2026-07-07 03:01,Rosu,20,Preluat,13
8467,2026-07-13 06:43,Verde,72,Preluat,18
8468,2026-07-20 07:15,Verde,141,Preluat,31
8469,2026-07-22 22:16,Verde,96,Externat,NULL
8470,2026-07-09 22:37,Rosu,12,Externat,NULL
8471,2026-07-10 08:49,Albastru,63,In Asteptare,NULL
8472,2026-07-17 21:49,Verde,91,In Asteptare,NULL
8473,2026-07-09 00:22,Galben,134,Externat,NULL
8474,2026-07-18 15:52,Albastru,116,Preluat,24
8475,2026-07-17 11:40,Verde,220,Preluat,35
8476,2026-07-16 20:55,Galben,91,Externat,NULL
8477,2026-07-20 23:53,Albastru,222,Externat,NULL
8478,2026-07-05 20:13,Galben,198,Externat,NULL
8479,2026-07-13 16:40,Galben,159,Externat,NULL
8480,2026-07-16 05:52,Galben,120,Externat,NULL
8481,2026-07-22 19:16,Verde,28,Externat,NULL
8482,2026-07-02 02:34,Verde,57,Externat,NULL
8483,2026-07-23 11:23,Verde,229,In Asteptare,NULL
8484,2026-07-22 00:19,Rosu,20,Externat,NULL
8485,2026-07-12 04:50,Galben,90,In Asteptare,NULL
8486,2026-07-17 18:35,Galben,168,Externat,NULL
8487,2026-07-09 00:36,Verde,166,Externat,NULL
8488,2026-07-09 11:52,Rosu,11,In Asteptare,NULL
8489,2026-07-13 12:21,Verde,171,Preluat,41
8490,2026-07-07 10:23,Verde,143,In Asteptare,NULL
8491,2026-07-23 02:11,Verde,157,In Asteptare,NULL
8492,2026-07-03 09:54,Verde,152,In Asteptare,NULL
8493,2026-07-27 22:17,Verde,48,Externat,NULL
8494,2026-07-01 13:19,Verde,70,Externat,NULL
8495,2026-07-16 02:32,Verde,124,Externat,NULL
8496,2026-07-23 18:09,Verde,62,Externat,NULL
8497,2026-07-12 10:36,Verde,217,Externat,NULL
8498,2026-07-13 01:07,Verde,173,Externat,NULL
8499,2026-07-15 16:26,Verde,156,Externat,NULL
8500,2026-07-12 03:35,Galben,178,Externat,NULL
8501,2026-07-09 07:36,Galben,125,Externat,NULL
8502,2026-07-28 19:33,Galben,226,Preluat,22
8503,2026-07-07 20:46,Rosu,0,Externat,NULL
8504,2026-07-19 16:15,Verde,30,Preluat,26
8505,2026-07-30 02:16,Rosu,14,Externat,NULL
8506,2026-07-14 01:21,Albastru,39,Preluat,42
8507,2026-07-17 22:39,Galben,31,Preluat,34
8508,2026-07-03 14:15,Verde,41,Externat,NULL
8509,2026-07-16 05:17,Verde,110,Externat,NULL
8510,2026-07-03 19:18,Verde,177,In Asteptare,NULL
8511,2026-07-15 17:27,Galben,24,Externat,NULL
8512,2026-07-18 15:16,Verde,83,Externat,NULL
8513,2026-07-08 11:08,Verde,61,Externat,NULL
8514,2026-07-08 08:49,Rosu,5,Preluat,40
8515,2026-07-25 18:07,Verde,87,Externat,NULL
8516,2026-07-10 19:08,Verde,8,Externat,NULL
8517,2026-07-25 22:53,Rosu,7,Externat,NULL
8518,2026-07-12 11:59,Rosu,26,Preluat,42
8519,2026-07-23 10:15,Galben,162,Preluat,46
8520,2026-07-23 11:35,Verde,193,Externat,NULL
8521,2026-07-13 00:55,Verde,177,Preluat,23
8522,2026-07-11 12:12,Verde,114,Externat,NULL
8523,2026-07-23 01:21,Albastru,56,Preluat,49
8524,2026-07-16 04:38,Galben,175,In Asteptare,NULL
8525,2026-07-22 22:54,Verde,6,In Asteptare,NULL
8526,2026-07-27 16:41,Galben,20,Preluat,11
8527,2026-07-10 00:07,Galben,152,Externat,NULL
8528,2026-07-26 19:51,Galben,53,Externat,NULL
8529,2026-07-22 08:23,Galben,144,In Asteptare,NULL
8530,2026-07-07 14:56,Galben,21,Preluat,43
8531,2026-07-27 11:02,Verde,79,Externat,NULL
8532,2026-07-29 14:25,Verde,200,Preluat,4
8533,2026-07-06 22:09,Galben,157,Externat,NULL
8534,2026-07-04 19:37,Galben,121,In Asteptare,NULL
8535,2026-07-21 13:38,Galben,55,Preluat,10
8536,2026-07-09 10:19,Albastru,13,Externat,NULL
8537,2026-07-20 14:30,Verde,139,Preluat,5
8538,2026-07-18 07:45,Verde,127,In Asteptare,NULL
8539,2026-07-23 06:59,Verde,216,Preluat,35
8540,2026-07-20 06:16,Galben,201,Externat,NULL
8541,2026-07-15 11:11,Galben,95,Preluat,22
8542,2026-07-04 00:27,Verde,190,Preluat,26
8543,2026-07-16 20:43,Verde,144,Externat,NULL
8544,2026-07-07 02:14,Verde,128,Externat,NULL
8545,2026-07-13 00:58,Verde,217,Preluat,3
8546,2026-07-13 18:50,Verde,224,Preluat,16
8547,2026-07-07 09:56,Albastru,79,Externat,NULL
8548,2026-07-23 19:10,Galben,6,Externat,NULL
8549,2026-07-22 17:02,Verde,228,In Asteptare,NULL
8550,2026-07-08 07:14,Verde,109,Externat,NULL
8551,2026-07-15 02:58,Albastru,240,In Asteptare,NULL
8552,2026-07-24 06:11,Verde,35,In Asteptare,NULL
8553,2026-07-10 08:04,Galben,240,Preluat,50
8554,2026-07-09 18:52,Galben,231,Externat,NULL
8555,2026-07-11 02:58,Galben,163,Preluat,25
8556,2026-07-05 15:39,Galben,106,Externat,NULL
8557,2026-07-29 09:44,Verde,172,Preluat,34
8558,2026-07-21 19:05,Galben,98,Preluat,39
8559,2026-07-15 21:24,Galben,59,Externat,NULL
8560,2026-07-08 04:18,Rosu,21,Externat,NULL
8561,2026-07-10 01:27,Albastru,138,Preluat,43
8562,2026-07-22 12:23,Verde,35,Externat,NULL
8563,2026-07-09 15:45,Galben,149,In Asteptare,NULL
8564,2026-07-10 12:19,Verde,83,Externat,NULL
8565,2026-07-12 21:45,Verde,29,Preluat,9
8566,2026-07-28 14:06,Albastru,76,Preluat,40
8567,2026-07-15 14:02,Verde,115,Externat,NULL
8568,2026-07-16 17:14,Albastru,132,Externat,NULL
8569,2026-07-01 22:27,Albastru,111,Externat,NULL
8570,2026-07-06 21:25,Verde,235,Preluat,18
8571,2026-07-02 22:24,Verde,155,In Asteptare,NULL
8572,2026-07-03 18:44,Galben,193,Externat,NULL
8573,2026-07-28 19:46,Galben,146,Externat,NULL
8574,2026-07-01 09:23,Rosu,11,Preluat,31
8575,2026-07-23 20:05,Albastru,134,Preluat,30
8576,2026-07-20 23:58,Verde,51,Externat,NULL
8577,2026-07-12 22:27,Verde,108,Preluat,27
8578,2026-07-14 00:46,Verde,22,Externat,NULL
8579,2026-07-29 22:55,Rosu,16,Preluat,25
8580,2026-07-28 04:24,Albastru,219,In Asteptare,NULL
8581,2026-07-09 00:14,Galben,175,Externat,NULL
8582,2026-07-06 19:49,Albastru,124,Externat,NULL
8583,2026-07-23 14:34,Albastru,182,In Asteptare,NULL
8584,2026-07-04 16:07,Galben,88,Externat,NULL
8585,2026-07-10 10:40,Albastru,21,In Asteptare,NULL
8586,2026-07-09 03:41,Albastru,222,Externat,NULL
8587,2026-07-30 22:48,Verde,137,Externat,NULL
8588,2026-07-30 09:23,Galben,181,In Asteptare,NULL
8589,2026-07-11 05:27,Verde,199,Preluat,30
8590,2026-07-25 06:10,Galben,199,Externat,NULL
8591,2026-07-08 03:48,Verde,90,Preluat,48
8592,2026-07-30 20:34,Verde,51,Preluat,26
8593,2026-07-25 20:30,Verde,138,Externat,NULL
8594,2026-07-04 08:17,Verde,79,Preluat,16
8595,2026-07-26 23:01,Verde,237,In Asteptare,NULL
8596,2026-07-17 10:28,Galben,188,Externat,NULL
8597,2026-07-11 02:59,Rosu,12,Externat,NULL
8598,2026-07-01 22:02,Verde,43,In Asteptare,NULL
8599,2026-07-18 19:25,Verde,73,Preluat,12
8600,2026-07-04 16:18,Galben,6,Externat,NULL
8601,2026-07-17 06:58,Galben,81,Externat,NULL
8602,2026-07-06 06:59,Verde,8,Externat,NULL
8603,2026-07-17 01:18,Verde,53,Externat,NULL
8604,2026-07-27 09:18,Verde,133,In Asteptare,NULL
8605,2026-07-28 08:32,Galben,17,Externat,NULL
8606,2026-07-14 04:01,Verde,43,In Asteptare,NULL
8607,2026-07-27 16:32,Galben,176,In Asteptare,NULL
8608,2026-07-18 19:06,Verde,107,Preluat,27
8609,2026-07-14 06:54,Verde,149,Externat,NULL
8610,2026-07-09 23:14,Verde,89,Externat,NULL
8611,2026-07-24 19:50,Verde,212,In Asteptare,NULL
8612,2026-07-13 06:37,Verde,98,Externat,NULL
8613,2026-07-20 07:36,Verde,104,Externat,NULL
8614,2026-07-19 03:12,Albastru,203,Externat,NULL
8615,2026-07-16 22:22,Rosu,6,Preluat,11
8616,2026-07-03 19:12,Verde,124,Externat,NULL
8617,2026-07-30 19:06,Rosu,29,In Asteptare,NULL
8618,2026-07-19 21:48,Galben,82,Externat,NULL
8619,2026-07-19 01:12,Galben,171,Externat,NULL
8620,2026-07-03 02:23,Galben,97,In Asteptare,NULL
8621,2026-07-18 05:32,Galben,97,Externat,NULL
8622,2026-07-19 20:41,Verde,176,Preluat,36
8623,2026-07-16 08:22,Galben,38,Externat,NULL
8624,2026-07-03 07:18,Galben,178,Preluat,49
8625,2026-07-19 15:27,Verde,41,Preluat,39
8626,2026-07-13 19:15,Galben,127,Preluat,32
8627,2026-07-17 06:43,Verde,168,In Asteptare,NULL
8628,2026-07-29 15:12,Albastru,232,Externat,NULL
8629,2026-07-12 09:43,Rosu,25,In Asteptare,NULL
8630,2026-07-07 15:34,Galben,42,Preluat,25
8631,2026-07-18 02:46,Verde,239,In Asteptare,NULL
8632,2026-07-25 04:01,Verde,135,Externat,NULL
8633,2026-07-18 13:36,Galben,140,Preluat,43
8634,2026-07-20 07:24,Galben,191,Preluat,25
8635,2026-07-15 01:14,Rosu,13,Externat,NULL
8636,2026-07-27 22:42,Verde,120,Preluat,22
8637,2026-07-15 19:49,Rosu,0,Externat,NULL
8638,2026-07-26 03:01,Galben,47,In Asteptare,NULL
8639,2026-07-11 16:31,Verde,131,Externat,NULL
8640,2026-07-21 07:24,Galben,124,Externat,NULL
8641,2026-07-01 02:07,Galben,210,Externat,NULL
8642,2026-07-03 12:49,Verde,32,Preluat,12
8643,2026-07-14 22:24,Galben,5,In Asteptare,NULL
8644,2026-07-18 18:24,Verde,28,Preluat,37
8645,2026-07-07 08:17,Galben,219,Preluat,29
8646,2026-07-22 16:56,Verde,230,Preluat,27
8647,2026-07-24 01:18,Rosu,21,Externat,NULL
8648,2026-07-02 04:01,Galben,36,Preluat,2
8649,2026-07-04 16:13,Verde,89,Externat,NULL
8650,2026-07-10 05:34,Albastru,75,Preluat,19
8651,2026-07-25 12:40,Verde,111,Externat,NULL
8652,2026-07-23 07:10,Galben,240,Externat,NULL
8653,2026-07-01 02:40,Galben,67,Externat,NULL
8654,2026-07-23 21:06,Verde,137,Preluat,32
8655,2026-07-25 05:19,Rosu,1,In Asteptare,NULL
8656,2026-07-12 02:59,Galben,68,Preluat,11
8657,2026-07-19 23:33,Rosu,16,Externat,NULL
8658,2026-07-01 12:38,Galben,70,In Asteptare,NULL
8659,2026-07-24 06:14,Galben,127,Externat,NULL
8660,2026-07-18 01:56,Verde,13,Externat,NULL
8661,2026-07-07 13:24,Galben,225,In Asteptare,NULL
8662,2026-07-06 12:41,Verde,216,Preluat,10
8663,2026-07-26 01:30,Galben,33,In Asteptare,NULL
8664,2026-07-04 16:54,Galben,206,In Asteptare,NULL
8665,2026-07-19 01:16,Verde,232,Externat,NULL
8666,2026-07-03 17:33,Galben,196,Preluat,12
8667,2026-07-16 15:31,Verde,102,Externat,NULL
8668,2026-07-18 17:01,Verde,77,Preluat,25
8669,2026-07-19 02:34,Galben,161,Externat,NULL
8670,2026-07-02 22:29,Galben,50,Externat,NULL
8671,2026-07-26 20:13,Verde,126,Externat,NULL
8672,2026-07-26 18:31,Rosu,28,Externat,NULL
8673,2026-07-10 13:37,Galben,236,Externat,NULL
8674,2026-07-27 17:54,Galben,86,Externat,NULL
8675,2026-07-24 01:05,Galben,59,Externat,NULL
8676,2026-07-06 20:44,Verde,124,Preluat,4
8677,2026-07-20 15:31,Galben,60,Preluat,17
8678,2026-07-12 12:00,Verde,216,Externat,NULL
8679,2026-07-09 04:04,Verde,218,Preluat,11
8680,2026-07-26 21:37,Albastru,71,Preluat,3
8681,2026-07-20 00:14,Galben,86,Preluat,39
8682,2026-07-29 04:17,Galben,43,Externat,NULL
8683,2026-07-21 01:42,Verde,82,Preluat,2
8684,2026-07-09 04:19,Albastru,17,In Asteptare,NULL
8685,2026-07-24 10:08,Verde,46,Externat,NULL
8686,2026-07-02 08:53,Verde,198,Externat,NULL
8687,2026-07-07 06:50,Rosu,18,Externat,NULL
8688,2026-07-15 07:34,Verde,10,Externat,NULL
8689,2026-07-29 18:15,Galben,40,Preluat,39
8690,2026-07-09 11:04,Galben,226,Externat,NULL
8691,2026-07-01 22:38,Verde,101,Preluat,3
8692,2026-07-02 19:56,Verde,162,In Asteptare,NULL
8693,2026-07-19 09:01,Rosu,21,In Asteptare,NULL
8694,2026-07-21 09:01,Rosu,21,Externat,NULL
8695,2026-07-03 23:49,Galben,78,Externat,NULL
8696,2026-07-05 03:46,Verde,104,Externat,NULL
8697,2026-07-13 01:17,Verde,109,Externat,NULL
8698,2026-07-13 05:43,Galben,163,Externat,NULL
8699,2026-07-19 17:26,Rosu,19,Externat,NULL
8700,2026-07-14 14:23,Verde,103,Preluat,34
8701,2026-07-26 19:47,Albastru,204,Externat,NULL
8702,2026-07-29 11:25,Verde,238,Externat,NULL
8703,2026-07-21 14:47,Verde,60,Preluat,46
8704,2026-07-15 14:59,Galben,105,Externat,NULL
8705,2026-07-11 19:28,Verde,195,Externat,NULL
8706,2026-07-26 02:03,Galben,158,Preluat,39
8707,2026-07-06 05:01,Galben,30,In Asteptare,NULL
8708,2026-07-26 02:22,Rosu,8,In Asteptare,NULL
8709,2026-07-06 13:48,Verde,197,Externat,NULL
8710,2026-07-22 08:09,Galben,138,Preluat,20
8711,2026-07-04 22:37,Verde,220,Externat,NULL
8712,2026-07-24 08:14,Verde,50,Externat,NULL
8713,2026-07-02 10:31,Verde,195,Externat,NULL
8714,2026-07-29 21:26,Galben,191,Externat,NULL
8715,2026-07-15 15:54,Galben,130,Externat,NULL
8716,2026-07-04 13:22,Rosu,17,Externat,NULL
8717,2026-07-12 18:25,Verde,125,Externat,NULL
8718,2026-07-22 18:39,Rosu,14,Externat,NULL
8719,2026-07-23 01:52,Albastru,96,Externat,NULL
8720,2026-07-20 04:52,Galben,211,In Asteptare,NULL
8721,2026-07-10 18:47,Verde,90,In Asteptare,NULL
8722,2026-07-12 16:35,Verde,28,Externat,NULL
8723,2026-07-30 13:42,Galben,75,Preluat,30
8724,2026-07-20 17:09,Albastru,216,In Asteptare,NULL
8725,2026-07-04 09:59,Albastru,181,In Asteptare,NULL
8726,2026-07-26 23:03,Albastru,231,In Asteptare,NULL
8727,2026-07-23 00:05,Galben,20,Preluat,23
8728,2026-07-04 22:40,Verde,46,Externat,NULL
8729,2026-07-04 15:36,Albastru,104,In Asteptare,NULL
8730,2026-07-20 13:52,Albastru,202,Preluat,38
8731,2026-07-13 15:49,Galben,187,Externat,NULL
8732,2026-07-18 18:52,Verde,75,In Asteptare,NULL
8733,2026-07-23 07:30,Verde,146,Preluat,1
8734,2026-07-23 02:32,Verde,102,Externat,NULL
8735,2026-07-22 02:27,Albastru,218,In Asteptare,NULL
8736,2026-07-13 22:11,Verde,139,Externat,NULL
8737,2026-07-03 03:34,Verde,7,Externat,NULL
8738,2026-07-26 19:23,Galben,29,Preluat,47
8739,2026-07-14 05:49,Verde,7,Preluat,38
8740,2026-07-15 22:49,Rosu,15,Externat,NULL
8741,2026-07-21 13:21,Verde,32,Externat,NULL
8742,2026-07-11 23:29,Verde,20,In Asteptare,NULL
8743,2026-07-24 07:35,Rosu,29,Externat,NULL
8744,2026-07-09 16:41,Verde,156,Preluat,49
8745,2026-07-14 14:26,Verde,55,Externat,NULL
8746,2026-07-13 07:00,Galben,177,Externat,NULL
8747,2026-07-27 21:02,Verde,219,Preluat,50
8748,2026-07-30 02:56,Galben,108,Externat,NULL
8749,2026-07-12 10:09,Verde,5,Preluat,28
8750,2026-07-05 00:07,Verde,220,Externat,NULL
8751,2026-07-04 21:13,Verde,48,Preluat,37
8752,2026-07-10 05:27,Verde,202,Externat,NULL
8753,2026-07-25 22:38,Verde,235,In Asteptare,NULL
8754,2026-07-06 02:58,Galben,29,Externat,NULL
8755,2026-07-17 08:41,Verde,237,Preluat,35
8756,2026-07-06 20:46,Galben,207,Externat,NULL
8757,2026-07-14 07:51,Rosu,30,Externat,NULL
8758,2026-07-12 02:08,Galben,51,Externat,NULL
8759,2026-07-03 11:17,Galben,67,Externat,NULL
8760,2026-07-07 10:14,Verde,192,Preluat,40
8761,2026-07-26 20:45,Galben,54,Externat,NULL
8762,2026-07-05 16:02,Rosu,23,Externat,NULL
8763,2026-07-30 23:42,Galben,55,Externat,NULL
8764,2026-07-16 20:17,Verde,143,Externat,NULL
8765,2026-07-26 09:43,Albastru,237,Preluat,28
8766,2026-07-08 14:27,Rosu,14,Preluat,17
8767,2026-07-15 12:05,Verde,82,Preluat,46
8768,2026-07-25 16:54,Galben,218,In Asteptare,NULL
8769,2026-07-20 01:17,Verde,152,Preluat,26
8770,2026-07-28 01:28,Galben,160,Externat,NULL
8771,2026-07-06 04:37,Galben,16,In Asteptare,NULL
8772,2026-07-12 17:13,Verde,218,Externat,NULL
8773,2026-07-19 01:43,Verde,56,In Asteptare,NULL
8774,2026-07-13 14:57,Verde,101,Externat,NULL
8775,2026-07-26 21:03,Galben,205,Externat,NULL
8776,2026-07-16 07:54,Verde,75,Externat,NULL
8777,2026-07-30 23:05,Rosu,15,Preluat,12
8778,2026-07-21 16:48,Galben,240,In Asteptare,NULL
8779,2026-07-09 21:29,Galben,232,Externat,NULL
8780,2026-07-11 03:37,Galben,61,Externat,NULL
8781,2026-07-28 16:24,Verde,123,In Asteptare,NULL
8782,2026-07-25 05:22,Galben,5,Externat,NULL
8783,2026-07-25 00:31,Verde,234,Externat,NULL
8784,2026-07-23 09:06,Albastru,193,Externat,NULL
8785,2026-07-13 11:10,Galben,147,Externat,NULL
8786,2026-07-21 11:01,Galben,168,Externat,NULL
8787,2026-07-13 08:21,Verde,147,Externat,NULL
8788,2026-07-07 10:33,Rosu,17,Externat,NULL
8789,2026-07-18 00:58,Galben,225,Preluat,18
8790,2026-07-14 14:07,Galben,176,Externat,NULL
8791,2026-07-08 16:16,Albastru,12,Externat,NULL
8792,2026-07-03 02:40,Galben,145,Externat,NULL
8793,2026-07-01 08:04,Albastru,26,Externat,NULL
8794,2026-07-27 22:55,Verde,146,Preluat,10
8795,2026-07-17 09:00,Galben,124,Externat,NULL
8796,2026-07-19 05:21,Galben,185,Preluat,43
8797,2026-07-28 17:19,Galben,48,Preluat,35
8798,2026-07-22 09:17,Verde,216,In Asteptare,NULL
8799,2026-07-09 11:44,Galben,94,In Asteptare,NULL
8800,2026-07-29 15:15,Verde,74,Externat,NULL
8801,2026-07-25 04:15,Verde,86,Externat,NULL
8802,2026-07-02 08:40,Verde,235,Preluat,20
8803,2026-07-08 08:55,Albastru,171,Externat,NULL
8804,2026-07-17 05:52,Verde,189,Externat,NULL
8805,2026-07-27 05:10,Rosu,13,Preluat,14
8806,2026-07-15 11:10,Galben,188,Externat,NULL
8807,2026-07-23 01:36,Rosu,26,Externat,NULL
8808,2026-07-22 18:47,Galben,55,Preluat,41
8809,2026-07-26 20:28,Galben,13,Externat,NULL
8810,2026-07-29 19:40,Verde,22,Externat,NULL
8811,2026-07-28 01:27,Verde,46,Externat,NULL
8812,2026-07-04 19:07,Galben,166,Preluat,33
8813,2026-07-28 13:06,Galben,33,Externat,NULL
8814,2026-07-23 19:35,Verde,230,Preluat,13
8815,2026-07-23 09:01,Galben,12,Preluat,46
8816,2026-07-11 12:30,Verde,54,Externat,NULL
8817,2026-07-15 06:31,Verde,144,In Asteptare,NULL
8818,2026-07-27 16:31,Rosu,17,Externat,NULL
8819,2026-07-14 13:20,Galben,134,Externat,NULL
8820,2026-07-18 10:01,Verde,232,Preluat,47
8821,2026-07-25 07:15,Rosu,6,Preluat,48
8822,2026-07-29 04:52,Verde,29,Preluat,31
8823,2026-07-10 11:22,Verde,100,In Asteptare,NULL
8824,2026-07-09 19:25,Galben,101,Preluat,25
8825,2026-07-07 12:32,Galben,206,In Asteptare,NULL
8826,2026-07-27 23:14,Rosu,8,Externat,NULL
8827,2026-07-29 15:28,Verde,86,Externat,NULL
8828,2026-07-24 06:58,Galben,210,In Asteptare,NULL
8829,2026-07-18 09:02,Verde,173,Externat,NULL
8830,2026-07-24 20:02,Galben,24,Preluat,13
8831,2026-07-11 18:47,Rosu,28,Externat,NULL
8832,2026-07-27 23:00,Rosu,10,Externat,NULL
8833,2026-07-08 01:20,Verde,228,Externat,NULL
8834,2026-07-04 07:24,Galben,151,In Asteptare,NULL
8835,2026-07-19 10:29,Verde,214,Externat,NULL
8836,2026-07-05 00:44,Verde,168,In Asteptare,NULL
8837,2026-07-18 07:05,Verde,140,Externat,NULL
8838,2026-07-22 00:17,Galben,94,Externat,NULL
8839,2026-07-07 08:38,Galben,104,In Asteptare,NULL
8840,2026-07-14 07:24,Galben,73,In Asteptare,NULL
8841,2026-07-30 09:21,Verde,134,Preluat,36
8842,2026-07-08 11:48,Galben,193,Externat,NULL
8843,2026-07-03 04:33,Galben,191,Externat,NULL
8844,2026-07-29 04:11,Verde,148,Externat,NULL
8845,2026-07-24 08:10,Galben,125,Externat,NULL
8846,2026-07-30 17:59,Rosu,1,Preluat,32
8847,2026-07-29 05:53,Verde,27,Externat,NULL
8848,2026-07-11 05:48,Verde,134,Preluat,13
8849,2026-07-29 00:13,Albastru,185,Externat,NULL
8850,2026-07-24 23:24,Galben,9,Externat,NULL
8851,2026-07-01 18:52,Galben,168,Externat,NULL
8852,2026-07-07 18:52,Rosu,24,Preluat,46
8853,2026-07-14 14:01,Rosu,30,Externat,NULL
8854,2026-07-12 15:45,Verde,83,Externat,NULL
8855,2026-07-21 09:17,Verde,200,Preluat,18
8856,2026-07-06 15:13,Verde,189,Preluat,48
8857,2026-07-26 20:28,Galben,160,Preluat,47
8858,2026-07-03 20:17,Albastru,84,Externat,NULL
8859,2026-07-24 22:27,Galben,87,Externat,NULL
8860,2026-07-18 11:09,Galben,184,In Asteptare,NULL
8861,2026-07-21 08:36,Verde,115,Externat,NULL
8862,2026-07-01 19:53,Galben,211,Preluat,20
8863,2026-07-08 09:45,Galben,58,Externat,NULL
8864,2026-07-20 16:20,Verde,62,Externat,NULL
8865,2026-07-24 12:13,Albastru,14,Externat,NULL
8866,2026-07-11 09:46,Albastru,65,Preluat,4
8867,2026-07-29 08:37,Galben,133,Preluat,27
8868,2026-07-17 19:55,Rosu,12,Preluat,24
8869,2026-07-13 20:17,Galben,191,In Asteptare,NULL
8870,2026-07-20 23:32,Verde,194,Externat,NULL
8871,2026-07-16 23:36,Albastru,123,In Asteptare,NULL
8872,2026-07-20 19:43,Verde,30,Preluat,25
8873,2026-07-29 19:05,Galben,172,Externat,NULL
8874,2026-07-30 22:43,Galben,103,Externat,NULL
8875,2026-07-18 14:05,Verde,230,Externat,NULL
8876,2026-07-18 05:55,Galben,17,Preluat,28
8877,2026-07-17 07:07,Rosu,16,Externat,NULL
8878,2026-07-26 20:36,Galben,236,Preluat,34
8879,2026-07-26 22:49,Verde,201,Preluat,30
8880,2026-07-07 22:14,Galben,25,Preluat,24
8881,2026-07-20 00:04,Verde,150,Externat,NULL
8882,2026-07-16 01:07,Verde,48,Preluat,22
8883,2026-07-02 02:08,Verde,199,Preluat,41
8884,2026-07-03 19:41,Galben,28,In Asteptare,NULL
8885,2026-07-08 18:59,Galben,217,Preluat,40
8886,2026-07-05 05:08,Verde,62,Externat,NULL
8887,2026-07-30 05:07,Galben,18,In Asteptare,NULL
8888,2026-07-24 16:50,Verde,101,Externat,NULL
8889,2026-07-18 00:58,Albastru,79,Externat,NULL
8890,2026-07-13 21:19,Verde,46,Externat,NULL
8891,2026-07-20 07:32,Galben,88,In Asteptare,NULL
8892,2026-07-20 22:23,Verde,173,Preluat,42
8893,2026-07-30 02:47,Verde,20,Preluat,47
8894,2026-07-19 12:08,Verde,42,Externat,NULL
8895,2026-07-20 15:22,Verde,111,Externat,NULL
8896,2026-07-29 21:18,Verde,64,Preluat,27
8897,2026-07-22 08:27,Galben,127,Externat,NULL
8898,2026-07-24 08:25,Galben,113,Preluat,35
8899,2026-07-11 04:37,Galben,199,Externat,NULL
8900,2026-07-19 08:54,Verde,108,Externat,NULL
8901,2026-07-10 04:14,Verde,28,Externat,NULL
8902,2026-07-04 02:39,Verde,111,Externat,NULL
8903,2026-07-08 00:29,Verde,74,Externat,NULL
8904,2026-07-14 03:25,Galben,59,Externat,NULL
8905,2026-07-12 11:33,Verde,214,Preluat,1
8906,2026-07-21 00:23,Galben,221,In Asteptare,NULL
8907,2026-07-10 08:26,Verde,210,Externat,NULL
8908,2026-07-06 19:17,Verde,176,Externat,NULL
8909,2026-07-18 16:38,Albastru,186,Externat,NULL
8910,2026-07-12 04:18,Albastru,45,Externat,NULL
8911,2026-07-14 02:47,Galben,64,Externat,NULL
8912,2026-07-06 11:41,Galben,45,In Asteptare,NULL
8913,2026-07-17 13:48,Verde,131,Externat,NULL
8914,2026-07-17 07:57,Galben,161,Preluat,39
8915,2026-07-19 20:31,Verde,226,Externat,NULL
8916,2026-07-12 15:36,Verde,146,In Asteptare,NULL
8917,2026-07-23 21:25,Verde,221,Preluat,14
8918,2026-07-05 21:07,Verde,84,Preluat,49
8919,2026-07-19 22:48,Verde,16,Preluat,31
8920,2026-07-22 18:22,Verde,207,Externat,NULL
8921,2026-07-20 07:18,Verde,204,Externat,NULL
8922,2026-07-30 03:42,Verde,165,Externat,NULL
8923,2026-07-12 22:11,Galben,49,Preluat,29
8924,2026-07-24 19:39,Galben,193,In Asteptare,NULL
8925,2026-07-10 17:52,Galben,195,Externat,NULL
8926,2026-07-12 06:53,Galben,203,Externat,NULL
8927,2026-07-01 07:50,Rosu,15,In Asteptare,NULL
8928,2026-07-19 07:09,Galben,35,Externat,NULL
8929,2026-07-15 12:22,Galben,238,Externat,NULL
8930,2026-07-02 09:38,Galben,128,In Asteptare,NULL
8931,2026-07-02 21:01,Verde,212,Preluat,45
8932,2026-07-06 19:12,Galben,110,In Asteptare,NULL
8933,2026-07-23 22:26,Verde,200,Externat,NULL
8934,2026-07-05 14:36,Galben,7,Preluat,28
8935,2026-07-06 15:41,Verde,134,Preluat,7
8936,2026-07-07 12:01,Verde,177,Externat,NULL
8937,2026-07-24 04:32,Verde,131,Preluat,2
8938,2026-07-08 08:00,Verde,89,In Asteptare,NULL
8939,2026-07-22 23:45,Rosu,3,Preluat,41
8940,2026-07-14 05:13,Verde,73,In Asteptare,NULL
8941,2026-07-06 13:26,Verde,163,In Asteptare,NULL
8942,2026-07-25 04:46,Verde,123,Externat,NULL
8943,2026-07-07 08:28,Verde,139,In Asteptare,NULL
8944,2026-07-09 01:32,Albastru,230,In Asteptare,NULL
8945,2026-07-30 11:49,Galben,69,Preluat,45
8946,2026-07-10 08:18,Verde,135,Externat,NULL
8947,2026-07-02 14:50,Albastru,21,In Asteptare,NULL
8948,2026-07-05 09:09,Galben,237,Externat,NULL
8949,2026-07-04 11:53,Galben,67,Preluat,33
8950,2026-07-18 16:56,Galben,204,In Asteptare,NULL
8951,2026-07-08 20:48,Galben,140,Externat,NULL
8952,2026-07-29 22:37,Galben,199,In Asteptare,NULL
8953,2026-07-28 16:33,Verde,28,Externat,NULL
8954,2026-07-04 14:44,Rosu,24,In Asteptare,NULL
8955,2026-07-05 01:55,Verde,90,In Asteptare,NULL
8956,2026-07-14 16:19,Verde,106,Externat,NULL
8957,2026-07-30 12:20,Verde,223,Externat,NULL
8958,2026-07-01 20:31,Verde,236,In Asteptare,NULL
8959,2026-07-11 15:22,Verde,44,Preluat,23
8960,2026-07-15 22:17,Galben,168,Externat,NULL
8961,2026-07-28 23:11,Verde,13,Externat,NULL
8962,2026-07-28 03:43,Galben,223,Preluat,24
8963,2026-07-06 18:08,Verde,83,Externat,NULL
8964,2026-07-11 11:38,Verde,117,Preluat,45
8965,2026-07-03 08:58,Verde,227,Externat,NULL
8966,2026-07-08 15:46,Galben,195,Preluat,30
8967,2026-07-19 23:22,Albastru,170,Preluat,45
8968,2026-07-20 23:11,Galben,113,In Asteptare,NULL
8969,2026-07-05 11:21,Verde,130,Externat,NULL
8970,2026-07-04 12:48,Galben,211,Preluat,9
8971,2026-07-13 00:48,Galben,64,In Asteptare,NULL
8972,2026-07-28 13:17,Albastru,76,Externat,NULL
8973,2026-07-12 14:06,Verde,127,Preluat,10
8974,2026-07-01 13:30,Verde,95,Externat,NULL
8975,2026-07-28 01:51,Verde,131,Preluat,9
8976,2026-07-21 05:35,Verde,66,Externat,NULL
8977,2026-07-23 18:39,Galben,102,Preluat,7
8978,2026-07-16 17:26,Verde,66,Preluat,50
8979,2026-07-13 05:19,Verde,224,Preluat,41
8980,2026-07-06 03:47,Verde,113,Externat,NULL
8981,2026-07-08 15:00,Galben,140,Preluat,22
8982,2026-07-29 23:37,Verde,237,Externat,NULL
8983,2026-07-15 02:55,Verde,181,Preluat,8
8984,2026-07-17 07:47,Galben,24,Externat,NULL
8985,2026-07-25 06:45,Rosu,13,Preluat,30
8986,2026-07-07 10:07,Verde,151,Preluat,28
8987,2026-07-05 17:20,Galben,71,Preluat,5
8988,2026-07-06 00:05,Verde,89,Preluat,26
8989,2026-07-29 04:08,Galben,38,Externat,NULL
8990,2026-07-21 02:40,Verde,152,In Asteptare,NULL
8991,2026-07-23 06:18,Galben,178,Preluat,41
8992,2026-07-07 10:34,Albastru,41,Externat,NULL
8993,2026-07-28 11:02,Verde,112,In Asteptare,NULL
8994,2026-07-22 03:15,Verde,137,Externat,NULL
8995,2026-07-03 06:02,Rosu,4,Externat,NULL
8996,2026-07-01 06:40,Verde,74,Externat,NULL
8997,2026-07-17 01:41,Galben,40,Preluat,40
8998,2026-07-30 06:56,Galben,199,In Asteptare,NULL
8999,2026-07-26 19:39,Verde,65,Preluat,38
9000,2026-07-30 10:16,Rosu,30,Externat,NULL
9001,2026-07-13 16:16,Galben,11,Externat,NULL
9002,2026-07-20 11:46,Galben,109,Externat,NULL
9003,2026-07-28 17:48,Verde,221,Preluat,41
9004,2026-07-17 15:10,Verde,195,Externat,NULL
9005,2026-07-05 02:22,Galben,70,Externat,NULL
9006,2026-07-26 04:24,Verde,184,Externat,NULL
9007,2026-07-14 21:41,Verde,106,Preluat,1
9008,2026-07-07 21:57,Verde,98,Preluat,3
9009,2026-07-14 14:38,Galben,115,Preluat,4
9010,2026-07-25 05:38,Rosu,13,Preluat,33
9011,2026-07-06 12:52,Albastru,235,Preluat,34
9012,2026-07-06 08:02,Verde,145,Externat,NULL
9013,2026-07-03 15:48,Verde,46,Externat,NULL
9014,2026-07-06 16:19,Verde,159,In Asteptare,NULL
9015,2026-07-30 11:48,Galben,153,Externat,NULL
9016,2026-07-12 03:47,Galben,85,Externat,NULL
9017,2026-07-22 16:09,Galben,95,In Asteptare,NULL
9018,2026-07-01 21:25,Verde,90,Preluat,34
9019,2026-07-04 11:42,Rosu,16,In Asteptare,NULL
9020,2026-07-04 21:00,Verde,62,Externat,NULL
9021,2026-07-26 10:31,Verde,178,Externat,NULL
9022,2026-07-13 00:22,Verde,27,In Asteptare,NULL
9023,2026-07-12 03:52,Verde,83,Externat,NULL
9024,2026-07-06 21:00,Galben,199,Externat,NULL
9025,2026-07-18 20:40,Albastru,176,Preluat,46
9026,2026-07-05 13:40,Galben,158,Externat,NULL
9027,2026-07-22 21:06,Verde,58,Externat,NULL
9028,2026-07-15 11:46,Galben,73,Externat,NULL
9029,2026-07-11 18:53,Galben,45,Preluat,47
9030,2026-07-09 04:04,Galben,106,Externat,NULL
9031,2026-07-03 05:11,Verde,182,Externat,NULL
9032,2026-07-17 01:01,Verde,106,Externat,NULL
9033,2026-07-13 01:40,Verde,195,Preluat,31
9034,2026-07-28 21:50,Albastru,37,Externat,NULL
9035,2026-07-23 17:54,Verde,60,Externat,NULL
9036,2026-07-18 22:05,Verde,171,In Asteptare,NULL
9037,2026-07-12 18:18,Galben,134,Externat,NULL
9038,2026-07-05 20:26,Galben,105,In Asteptare,NULL
9039,2026-07-27 01:58,Galben,5,Externat,NULL
9040,2026-07-24 17:50,Verde,159,Externat,NULL
9041,2026-07-21 19:21,Rosu,22,Preluat,5
9042,2026-07-24 04:51,Rosu,6,In Asteptare,NULL
9043,2026-07-17 02:08,Galben,155,Preluat,10
9044,2026-07-20 21:15,Rosu,9,Externat,NULL
9045,2026-07-29 05:20,Galben,107,In Asteptare,NULL
9046,2026-07-23 21:16,Verde,177,Externat,NULL
9047,2026-07-17 08:33,Galben,113,In Asteptare,NULL
9048,2026-07-12 02:39,Verde,222,Externat,NULL
9049,2026-07-15 13:37,Rosu,8,Preluat,20
9050,2026-07-01 18:21,Verde,114,In Asteptare,NULL
9051,2026-07-26 18:22,Rosu,16,Externat,NULL
9052,2026-07-24 15:05,Verde,91,In Asteptare,NULL
9053,2026-07-17 01:08,Verde,219,Externat,NULL
9054,2026-07-22 00:00,Galben,18,Preluat,28
9055,2026-07-10 13:47,Verde,62,Externat,NULL
9056,2026-07-30 00:12,Verde,163,Externat,NULL
9057,2026-07-04 12:02,Albastru,235,Externat,NULL
9058,2026-07-22 01:51,Verde,7,Preluat,12
9059,2026-07-13 21:52,Galben,133,Preluat,23
9060,2026-07-28 06:48,Verde,92,In Asteptare,NULL
9061,2026-07-05 19:09,Verde,214,Externat,NULL
9062,2026-07-07 18:49,Rosu,7,Preluat,39
9063,2026-07-22 02:20,Galben,168,Externat,NULL
9064,2026-07-23 19:39,Galben,47,Preluat,22
9065,2026-07-06 06:36,Verde,43,Externat,NULL
9066,2026-07-28 07:20,Albastru,9,Externat,NULL
9067,2026-07-06 04:33,Verde,109,Externat,NULL
9068,2026-07-11 17:02,Galben,219,Preluat,38
9069,2026-07-29 09:00,Verde,123,Preluat,27
9070,2026-07-19 18:32,Verde,235,Preluat,22
9071,2026-07-24 02:31,Albastru,164,Preluat,34
9072,2026-07-11 10:21,Verde,66,Externat,NULL
9073,2026-07-14 07:48,Albastru,224,Preluat,14
9074,2026-07-18 08:49,Galben,208,In Asteptare,NULL
9075,2026-07-15 16:38,Verde,160,Externat,NULL
9076,2026-07-04 21:48,Galben,146,In Asteptare,NULL
9077,2026-07-26 20:23,Verde,23,Externat,NULL
9078,2026-07-14 12:56,Rosu,1,In Asteptare,NULL
9079,2026-07-28 14:51,Galben,119,Externat,NULL
9080,2026-07-15 02:52,Albastru,88,Externat,NULL
9081,2026-07-24 08:03,Verde,187,Preluat,48
9082,2026-07-02 21:10,Rosu,13,Externat,NULL
9083,2026-07-17 20:50,Galben,43,Preluat,38
9084,2026-07-26 05:30,Verde,153,Externat,NULL
9085,2026-07-14 02:29,Verde,206,Preluat,3
9086,2026-07-01 09:37,Galben,215,Preluat,39
9087,2026-07-26 02:14,Rosu,14,Preluat,20
9088,2026-07-23 17:53,Albastru,144,Preluat,21
9089,2026-07-14 18:58,Verde,108,In Asteptare,NULL
9090,2026-07-23 22:55,Verde,145,In Asteptare,NULL
9091,2026-07-18 17:29,Rosu,24,Externat,NULL
9092,2026-07-30 19:05,Galben,121,Preluat,34
9093,2026-07-23 17:27,Galben,104,Externat,NULL
9094,2026-07-25 18:49,Galben,38,Externat,NULL
9095,2026-07-21 16:14,Verde,134,Preluat,47
9096,2026-07-01 16:04,Verde,130,Preluat,25
9097,2026-07-23 11:47,Galben,104,In Asteptare,NULL
9098,2026-07-19 10:50,Rosu,19,Externat,NULL
9099,2026-07-10 10:25,Rosu,17,In Asteptare,NULL
9100,2026-07-17 11:11,Verde,102,In Asteptare,NULL
9101,2026-07-08 13:42,Rosu,6,Preluat,31
9102,2026-07-17 20:14,Verde,193,Externat,NULL
9103,2026-07-22 03:25,Galben,15,Externat,NULL
9104,2026-07-05 20:12,Galben,107,Preluat,24
9105,2026-07-30 03:44,Albastru,177,Externat,NULL
9106,2026-07-26 21:09,Galben,96,In Asteptare,NULL
9107,2026-07-30 00:35,Verde,158,Externat,NULL
9108,2026-07-06 17:57,Verde,128,In Asteptare,NULL
9109,2026-07-06 13:47,Verde,16,Externat,NULL
9110,2026-07-17 20:14,Rosu,3,Externat,NULL
9111,2026-07-16 02:12,Verde,123,Preluat,24
9112,2026-07-13 17:46,Verde,231,Externat,NULL
9113,2026-07-18 09:36,Verde,202,Externat,NULL
9114,2026-07-28 02:15,Galben,233,Preluat,23
9115,2026-07-04 21:44,Galben,44,Externat,NULL
9116,2026-07-01 16:21,Galben,174,Externat,NULL
9117,2026-07-03 16:11,Galben,68,Externat,NULL
9118,2026-07-11 20:15,Verde,51,In Asteptare,NULL
9119,2026-07-05 19:25,Albastru,68,Externat,NULL
9120,2026-07-25 18:30,Albastru,25,Externat,NULL
9121,2026-07-26 18:34,Verde,185,Preluat,1
9122,2026-07-02 21:01,Rosu,30,Preluat,14
9123,2026-07-22 23:56,Verde,77,In Asteptare,NULL
9124,2026-07-02 09:30,Galben,240,Externat,NULL
9125,2026-07-26 11:39,Verde,94,Externat,NULL
9126,2026-07-29 00:57,Verde,175,Externat,NULL
9127,2026-07-09 07:08,Verde,60,Preluat,36
9128,2026-07-10 22:17,Verde,189,Preluat,14
9129,2026-07-19 14:49,Verde,125,Externat,NULL
9130,2026-07-18 21:52,Verde,161,In Asteptare,NULL
9131,2026-07-22 08:00,Galben,220,Externat,NULL
9132,2026-07-22 00:24,Galben,181,Externat,NULL
9133,2026-07-10 07:38,Rosu,14,Preluat,31
9134,2026-07-11 18:40,Galben,94,Preluat,25
9135,2026-07-17 12:10,Verde,80,Preluat,21
9136,2026-07-30 04:15,Verde,121,Externat,NULL
9137,2026-07-11 07:01,Rosu,5,Preluat,38
9138,2026-07-15 08:05,Verde,168,Preluat,35
9139,2026-07-11 08:20,Galben,128,Externat,NULL
9140,2026-07-21 10:16,Verde,74,Externat,NULL
9141,2026-07-11 15:00,Galben,15,Externat,NULL
9142,2026-07-12 06:55,Verde,62,Externat,NULL
9143,2026-07-19 17:23,Albastru,61,Preluat,28
9144,2026-07-22 16:42,Rosu,1,Preluat,27
9145,2026-07-09 05:34,Verde,170,Externat,NULL
9146,2026-07-19 17:37,Verde,100,Externat,NULL
9147,2026-07-07 14:48,Galben,13,Externat,NULL
9148,2026-07-22 14:14,Galben,235,In Asteptare,NULL
9149,2026-07-24 17:42,Galben,61,In Asteptare,NULL
9150,2026-07-11 13:56,Albastru,186,Preluat,48
9151,2026-07-12 00:34,Rosu,17,Externat,NULL
9152,2026-07-23 06:21,Rosu,9,Externat,NULL
9153,2026-07-23 13:24,Verde,184,Externat,NULL
9154,2026-07-04 19:39,Albastru,10,Preluat,3
9155,2026-07-20 14:37,Rosu,26,Preluat,29
9156,2026-07-03 21:33,Albastru,215,Preluat,19
9157,2026-07-30 19:17,Galben,156,Externat,NULL
9158,2026-07-12 13:28,Galben,52,Preluat,46
9159,2026-07-15 10:52,Rosu,2,In Asteptare,NULL
9160,2026-07-05 01:46,Verde,30,Externat,NULL
9161,2026-07-29 16:01,Albastru,209,Externat,NULL
9162,2026-07-13 14:48,Galben,161,Externat,NULL
9163,2026-07-13 10:50,Albastru,41,Preluat,8
9164,2026-07-04 16:48,Verde,37,Externat,NULL
9165,2026-07-02 19:06,Albastru,88,Externat,NULL
9166,2026-07-18 14:03,Verde,85,Externat,NULL
9167,2026-07-22 00:32,Verde,163,Externat,NULL
9168,2026-07-20 11:37,Albastru,207,Preluat,31
9169,2026-07-27 23:38,Verde,81,In Asteptare,NULL
9170,2026-07-28 11:14,Verde,60,Externat,NULL
9171,2026-07-01 08:28,Galben,59,Externat,NULL
9172,2026-07-14 07:34,Galben,164,In Asteptare,NULL
9173,2026-07-11 09:54,Galben,86,Externat,NULL
9174,2026-07-16 09:29,Verde,227,Preluat,23
9175,2026-07-04 07:11,Verde,62,Externat,NULL
9176,2026-07-09 19:24,Verde,25,In Asteptare,NULL
9177,2026-07-19 00:23,Verde,32,Externat,NULL
9178,2026-07-07 06:18,Galben,99,Preluat,16
9179,2026-07-21 12:30,Verde,9,Externat,NULL
9180,2026-07-29 06:15,Rosu,13,Preluat,48
9181,2026-07-15 08:45,Rosu,0,Externat,NULL
9182,2026-07-24 07:34,Verde,95,Externat,NULL
9183,2026-07-25 10:42,Galben,57,Externat,NULL
9184,2026-07-23 22:51,Galben,68,Preluat,14
9185,2026-07-22 15:56,Rosu,10,In Asteptare,NULL
9186,2026-07-17 05:19,Verde,111,Externat,NULL
9187,2026-07-06 12:08,Verde,71,Externat,NULL
9188,2026-07-07 06:35,Verde,118,Externat,NULL
9189,2026-07-17 03:13,Galben,88,In Asteptare,NULL
9190,2026-07-09 03:56,Galben,11,Preluat,22
9191,2026-07-18 09:47,Albastru,120,Preluat,8
9192,2026-07-07 22:36,Verde,198,In Asteptare,NULL
9193,2026-07-14 05:55,Galben,143,Preluat,8
9194,2026-07-28 23:49,Verde,66,Preluat,12
9195,2026-07-03 08:42,Verde,233,Externat,NULL
9196,2026-07-20 04:47,Galben,92,Externat,NULL
9197,2026-07-10 04:54,Rosu,3,Preluat,8
9198,2026-07-04 05:19,Verde,165,Preluat,3
9199,2026-07-13 06:37,Verde,228,Preluat,12
9200,2026-07-18 23:10,Galben,195,In Asteptare,NULL
9201,2026-07-20 08:30,Galben,156,In Asteptare,NULL
9202,2026-07-28 19:17,Verde,195,Preluat,37
9203,2026-07-28 05:46,Albastru,108,Externat,NULL
9204,2026-07-01 06:15,Verde,21,Externat,NULL
9205,2026-07-14 05:02,Albastru,166,Preluat,49
9206,2026-07-20 21:01,Verde,163,In Asteptare,NULL
9207,2026-07-19 18:11,Verde,90,Preluat,47
9208,2026-07-23 16:30,Galben,134,Preluat,34
9209,2026-07-23 00:32,Verde,139,Externat,NULL
9210,2026-07-20 23:12,Verde,111,Preluat,44
9211,2026-07-03 16:33,Rosu,16,Preluat,35
9212,2026-07-07 14:03,Verde,149,Preluat,12
9213,2026-07-22 21:43,Verde,22,In Asteptare,NULL
9214,2026-07-22 03:30,Albastru,166,Preluat,49
9215,2026-07-24 16:13,Verde,54,Externat,NULL
9216,2026-07-02 19:39,Rosu,29,Externat,NULL
9217,2026-07-29 15:35,Verde,53,Externat,NULL
9218,2026-07-04 14:58,Galben,96,Externat,NULL
9219,2026-07-15 05:38,Galben,210,Preluat,5
9220,2026-07-23 21:47,Galben,110,Externat,NULL
9221,2026-07-23 07:18,Verde,41,Preluat,5
9222,2026-07-09 14:13,Albastru,235,Externat,NULL
9223,2026-07-03 21:15,Galben,120,Externat,NULL
9224,2026-07-18 03:36,Galben,157,Externat,NULL
9225,2026-07-27 13:22,Verde,114,Preluat,16
9226,2026-07-12 05:34,Albastru,135,Preluat,30
9227,2026-07-03 19:51,Verde,134,In Asteptare,NULL
9228,2026-07-01 04:37,Galben,145,In Asteptare,NULL
9229,2026-07-07 06:54,Verde,199,Externat,NULL
9230,2026-07-07 19:59,Albastru,67,Externat,NULL
9231,2026-07-22 12:24,Verde,96,Preluat,50
9232,2026-07-19 08:17,Albastru,40,Externat,NULL
9233,2026-07-09 04:43,Verde,19,Preluat,32
9234,2026-07-17 11:01,Galben,184,Externat,NULL
9235,2026-07-20 01:20,Albastru,103,In Asteptare,NULL
9236,2026-07-20 08:55,Verde,52,Externat,NULL
9237,2026-07-05 20:04,Rosu,4,Externat,NULL
9238,2026-07-17 04:35,Albastru,15,Preluat,9
9239,2026-07-11 15:23,Rosu,3,Externat,NULL
9240,2026-07-17 23:52,Verde,226,Externat,NULL
9241,2026-07-03 11:21,Verde,169,Externat,NULL
9242,2026-07-27 17:49,Galben,240,Preluat,14
9243,2026-07-09 19:01,Verde,32,Preluat,13
9244,2026-07-01 16:34,Verde,49,Externat,NULL
9245,2026-07-12 06:32,Verde,14,Preluat,28
9246,2026-07-27 02:56,Galben,157,Externat,NULL
9247,2026-07-18 16:35,Verde,237,In Asteptare,NULL
9248,2026-07-19 13:34,Galben,109,Preluat,40
9249,2026-07-11 23:12,Rosu,19,Preluat,25
9250,2026-07-01 20:22,Verde,159,Externat,NULL
9251,2026-07-23 07:16,Verde,42,In Asteptare,NULL
9252,2026-07-02 02:58,Albastru,169,Externat,NULL
9253,2026-07-15 09:32,Galben,65,Externat,NULL
9254,2026-07-25 15:38,Albastru,84,Externat,NULL
9255,2026-07-11 15:10,Galben,164,Externat,NULL
9256,2026-07-26 12:41,Albastru,71,Externat,NULL
9257,2026-07-04 13:36,Galben,154,Preluat,43
9258,2026-07-20 08:32,Verde,71,Externat,NULL
9259,2026-07-14 00:11,Galben,213,In Asteptare,NULL
9260,2026-07-18 05:07,Albastru,234,Externat,NULL
9261,2026-07-01 03:37,Verde,230,Preluat,12
9262,2026-07-07 03:02,Galben,101,Preluat,2
9263,2026-07-04 18:17,Galben,64,Preluat,20
9264,2026-07-18 20:29,Verde,73,Externat,NULL
9265,2026-07-29 14:23,Verde,40,Externat,NULL
9266,2026-07-20 13:04,Verde,71,Externat,NULL
9267,2026-07-08 01:11,Galben,158,Preluat,18
9268,2026-07-19 05:12,Verde,96,Externat,NULL
9269,2026-07-28 01:59,Rosu,22,Externat,NULL
9270,2026-07-05 06:36,Verde,150,Preluat,23
9271,2026-07-04 20:36,Albastru,117,Preluat,3
9272,2026-07-29 04:00,Albastru,7,Externat,NULL
9273,2026-07-26 06:44,Galben,214,In Asteptare,NULL
9274,2026-07-06 18:39,Verde,229,Externat,NULL
9275,2026-07-04 13:11,Albastru,30,Externat,NULL
9276,2026-07-05 23:53,Verde,133,Externat,NULL
9277,2026-07-10 01:50,Verde,21,Externat,NULL
9278,2026-07-09 20:58,Galben,111,Preluat,48
9279,2026-07-10 07:26,Albastru,186,Externat,NULL
9280,2026-07-02 05:55,Verde,91,Preluat,15
9281,2026-07-19 22:31,Verde,72,Externat,NULL
9282,2026-07-03 20:45,Galben,71,Externat,NULL
9283,2026-07-26 09:51,Verde,114,In Asteptare,NULL
9284,2026-07-29 16:50,Verde,180,Externat,NULL
9285,2026-07-25 20:56,Galben,203,In Asteptare,NULL
9286,2026-07-03 07:18,Galben,93,Externat,NULL
9287,2026-07-13 04:34,Albastru,39,Externat,NULL
9288,2026-07-11 09:12,Verde,217,Externat,NULL
9289,2026-07-12 18:42,Verde,207,Preluat,31
9290,2026-07-21 18:05,Verde,194,Externat,NULL
9291,2026-07-27 00:12,Galben,9,In Asteptare,NULL
9292,2026-07-15 18:59,Verde,191,Externat,NULL
9293,2026-07-05 01:51,Verde,33,Preluat,25
9294,2026-07-14 06:43,Verde,158,In Asteptare,NULL
9295,2026-07-01 11:02,Verde,137,Preluat,16
9296,2026-07-13 20:17,Albastru,224,Preluat,19
9297,2026-07-26 03:40,Galben,103,Preluat,16
9298,2026-07-20 00:52,Galben,61,Preluat,30
9299,2026-07-11 11:22,Albastru,83,Preluat,10
9300,2026-07-01 15:17,Verde,71,In Asteptare,NULL
9301,2026-07-24 23:56,Verde,232,Externat,NULL
9302,2026-07-19 10:02,Galben,90,Preluat,20
9303,2026-07-12 03:38,Verde,135,Externat,NULL
9304,2026-07-09 01:50,Verde,68,Externat,NULL
9305,2026-07-05 23:52,Rosu,16,In Asteptare,NULL
9306,2026-07-09 17:52,Galben,108,Preluat,15
9307,2026-07-10 11:39,Verde,73,Preluat,41
9308,2026-07-03 18:17,Verde,122,Externat,NULL
9309,2026-07-12 18:17,Rosu,24,Externat,NULL
9310,2026-07-12 18:37,Verde,204,Externat,NULL
9311,2026-07-23 08:49,Verde,201,In Asteptare,NULL
9312,2026-07-07 05:07,Verde,32,Externat,NULL
9313,2026-07-03 06:22,Albastru,47,Preluat,27
9314,2026-07-11 10:41,Galben,19,Externat,NULL
9315,2026-07-11 22:05,Rosu,22,Externat,NULL
9316,2026-07-16 14:41,Galben,116,Externat,NULL
9317,2026-07-26 03:40,Albastru,54,In Asteptare,NULL
9318,2026-07-18 00:53,Galben,19,Externat,NULL
9319,2026-07-15 07:46,Albastru,69,Externat,NULL
9320,2026-07-29 17:23,Galben,11,Preluat,47
9321,2026-07-28 18:01,Verde,69,Externat,NULL
9322,2026-07-15 05:44,Verde,19,Externat,NULL
9323,2026-07-13 19:17,Verde,204,Externat,NULL
9324,2026-07-04 21:04,Verde,115,Externat,NULL
9325,2026-07-26 11:17,Verde,11,Externat,NULL
9326,2026-07-29 00:57,Rosu,13,In Asteptare,NULL
9327,2026-07-03 07:37,Galben,183,Externat,NULL
9328,2026-07-12 04:09,Verde,25,In Asteptare,NULL
9329,2026-07-02 00:34,Galben,12,Preluat,18
9330,2026-07-21 20:23,Verde,189,Externat,NULL
9331,2026-07-15 05:22,Verde,23,Preluat,37
9332,2026-07-29 02:28,Galben,154,Externat,NULL
9333,2026-07-08 18:22,Albastru,101,Externat,NULL
9334,2026-07-18 21:48,Rosu,1,Externat,NULL
9335,2026-07-08 17:45,Galben,229,Externat,NULL
9336,2026-07-19 02:47,Galben,86,Externat,NULL
9337,2026-07-15 11:25,Verde,188,Externat,NULL
9338,2026-07-29 20:02,Galben,213,In Asteptare,NULL
9339,2026-07-28 22:08,Galben,24,Externat,NULL
9340,2026-07-21 06:52,Verde,72,In Asteptare,NULL
9341,2026-07-18 14:00,Rosu,14,In Asteptare,NULL
9342,2026-07-26 01:02,Verde,56,Preluat,37
9343,2026-07-02 14:51,Galben,158,Preluat,1
9344,2026-07-22 18:57,Verde,88,Preluat,28
9345,2026-07-08 13:10,Galben,32,Preluat,10
9346,2026-07-05 21:52,Galben,233,Preluat,34
9347,2026-07-11 12:59,Galben,36,Externat,NULL
9348,2026-07-05 22:55,Galben,8,Preluat,46
9349,2026-07-19 11:30,Verde,54,In Asteptare,NULL
9350,2026-07-24 22:21,Verde,134,Preluat,43
9351,2026-07-10 06:35,Galben,237,Externat,NULL
9352,2026-07-04 18:55,Verde,92,In Asteptare,NULL
9353,2026-07-24 13:40,Verde,165,Externat,NULL
9354,2026-07-02 01:28,Verde,180,Preluat,40
9355,2026-07-11 06:43,Verde,165,In Asteptare,NULL
9356,2026-07-04 18:37,Galben,48,Externat,NULL
9357,2026-07-03 18:29,Galben,117,Externat,NULL
9358,2026-07-09 03:49,Galben,69,In Asteptare,NULL
9359,2026-07-14 13:43,Galben,153,Preluat,14
9360,2026-07-26 18:17,Galben,8,Externat,NULL
9361,2026-07-22 09:26,Verde,228,Externat,NULL
9362,2026-07-23 15:01,Verde,34,Externat,NULL
9363,2026-07-27 10:39,Rosu,5,Externat,NULL
9364,2026-07-01 02:12,Verde,233,Externat,NULL
9365,2026-07-26 10:01,Galben,33,Preluat,31
9366,2026-07-28 19:41,Verde,111,Preluat,16
9367,2026-07-11 19:21,Rosu,1,In Asteptare,NULL
9368,2026-07-26 18:50,Galben,130,Preluat,27
9369,2026-07-21 17:00,Galben,53,In Asteptare,NULL
9370,2026-07-26 10:32,Galben,88,Preluat,50
9371,2026-07-21 06:28,Verde,186,Preluat,30
9372,2026-07-26 21:09,Verde,104,Externat,NULL
9373,2026-07-27 21:05,Verde,171,Externat,NULL
9374,2026-07-21 13:54,Verde,52,Externat,NULL
9375,2026-07-13 10:03,Galben,122,Preluat,50
9376,2026-07-23 19:38,Verde,153,Externat,NULL
9377,2026-07-21 01:21,Verde,196,Externat,NULL
9378,2026-07-13 19:16,Galben,177,Externat,NULL
9379,2026-07-18 01:37,Verde,207,Externat,NULL
9380,2026-07-26 23:26,Galben,175,Externat,NULL
9381,2026-07-29 06:30,Verde,222,In Asteptare,NULL
9382,2026-07-02 12:39,Albastru,214,Preluat,26
9383,2026-07-14 05:15,Verde,64,Preluat,32
9384,2026-07-07 05:50,Rosu,13,Preluat,5
9385,2026-07-09 22:02,Galben,198,Externat,NULL
9386,2026-07-09 19:25,Rosu,16,Externat,NULL
9387,2026-07-22 11:05,Galben,180,Preluat,49
9388,2026-07-20 07:41,Verde,33,Externat,NULL
9389,2026-07-26 15:11,Galben,72,Externat,NULL
9390,2026-07-03 22:13,Galben,233,Externat,NULL
9391,2026-07-30 16:48,Verde,165,In Asteptare,NULL
9392,2026-07-25 18:50,Albastru,123,Externat,NULL
9393,2026-07-27 21:14,Verde,223,Externat,NULL
9394,2026-07-11 04:06,Galben,128,Preluat,46
9395,2026-07-23 01:52,Rosu,16,Externat,NULL
9396,2026-07-09 04:53,Verde,79,Preluat,19
9397,2026-07-14 08:43,Galben,191,Preluat,10
9398,2026-07-16 11:21,Verde,191,Externat,NULL
9399,2026-07-20 17:31,Galben,78,In Asteptare,NULL
9400,2026-07-09 19:21,Verde,206,Externat,NULL
9401,2026-07-04 21:57,Verde,129,Externat,NULL
9402,2026-07-20 01:59,Verde,124,Externat,NULL
9403,2026-07-21 06:03,Verde,38,Externat,NULL
9404,2026-07-16 21:19,Verde,37,Externat,NULL
9405,2026-07-02 01:43,Verde,153,Externat,NULL
9406,2026-07-16 15:04,Albastru,11,Externat,NULL
9407,2026-07-04 18:42,Rosu,20,In Asteptare,NULL
9408,2026-07-01 10:22,Galben,31,Externat,NULL
9409,2026-07-08 06:00,Albastru,75,Externat,NULL
9410,2026-07-20 19:45,Rosu,28,In Asteptare,NULL
9411,2026-07-29 03:41,Rosu,15,Preluat,3
9412,2026-07-14 22:32,Galben,64,Preluat,44
9413,2026-07-10 02:28,Verde,30,Preluat,31
9414,2026-07-20 13:30,Galben,226,Externat,NULL
9415,2026-07-05 09:49,Galben,14,Externat,NULL
9416,2026-07-21 17:35,Verde,107,Externat,NULL
9417,2026-07-06 23:10,Verde,158,Externat,NULL
9418,2026-07-02 03:47,Galben,144,Externat,NULL
9419,2026-07-01 08:12,Verde,92,Externat,NULL
9420,2026-07-16 22:14,Albastru,73,Externat,NULL
9421,2026-07-10 10:25,Verde,46,Externat,NULL
9422,2026-07-28 13:16,Verde,176,Externat,NULL
9423,2026-07-23 06:21,Verde,90,Preluat,26
9424,2026-07-04 00:53,Galben,48,Externat,NULL
9425,2026-07-30 23:22,Rosu,19,Externat,NULL
9426,2026-07-12 23:12,Verde,208,In Asteptare,NULL
9427,2026-07-21 14:22,Verde,89,Externat,NULL
9428,2026-07-14 22:10,Galben,77,In Asteptare,NULL
9429,2026-07-23 09:30,Albastru,131,Externat,NULL
9430,2026-07-13 08:08,Galben,30,Externat,NULL
9431,2026-07-17 21:09,Verde,168,Externat,NULL
9432,2026-07-08 16:37,Verde,213,Externat,NULL
9433,2026-07-24 16:52,Verde,117,Preluat,48
9434,2026-07-10 14:46,Verde,154,In Asteptare,NULL
9435,2026-07-04 00:07,Galben,90,Externat,NULL
9436,2026-07-15 01:37,Galben,25,Externat,NULL
9437,2026-07-17 16:59,Verde,82,Preluat,46
9438,2026-07-09 08:38,Verde,187,Externat,NULL
9439,2026-07-22 19:13,Rosu,29,In Asteptare,NULL
9440,2026-07-12 11:34,Albastru,154,Externat,NULL
9441,2026-07-09 12:51,Galben,22,In Asteptare,NULL
9442,2026-07-19 05:11,Rosu,4,Preluat,7
9443,2026-07-16 01:09,Verde,31,Externat,NULL
9444,2026-07-11 07:27,Galben,182,Preluat,27
9445,2026-07-20 06:57,Verde,145,In Asteptare,NULL
9446,2026-07-25 05:22,Verde,132,Externat,NULL
9447,2026-07-14 11:27,Verde,21,Externat,NULL
9448,2026-07-09 15:59,Verde,71,Preluat,38
9449,2026-07-05 20:54,Galben,97,Externat,NULL
9450,2026-07-15 16:55,Verde,214,Externat,NULL
9451,2026-07-05 22:48,Rosu,3,In Asteptare,NULL
9452,2026-07-11 19:35,Verde,120,Externat,NULL
9453,2026-07-08 04:53,Rosu,21,In Asteptare,NULL
9454,2026-07-30 06:58,Verde,235,Externat,NULL
9455,2026-07-28 00:44,Verde,147,Externat,NULL
9456,2026-07-15 06:49,Verde,167,In Asteptare,NULL
9457,2026-07-30 18:48,Galben,149,Externat,NULL
9458,2026-07-11 19:00,Verde,149,Preluat,40
9459,2026-07-24 03:45,Galben,122,Externat,NULL
9460,2026-07-03 23:40,Galben,76,In Asteptare,NULL
9461,2026-07-16 19:29,Verde,83,In Asteptare,NULL
9462,2026-07-10 03:38,Galben,227,Preluat,3
9463,2026-07-13 02:21,Galben,62,Preluat,36
9464,2026-07-19 14:04,Galben,55,Externat,NULL
9465,2026-07-14 13:01,Rosu,28,Externat,NULL
9466,2026-07-17 11:52,Galben,195,In Asteptare,NULL
9467,2026-07-05 03:05,Verde,33,Externat,NULL
9468,2026-07-16 22:54,Verde,159,Externat,NULL
9469,2026-07-24 00:32,Galben,168,Externat,NULL
9470,2026-07-06 18:12,Galben,102,Externat,NULL
9471,2026-07-26 03:17,Galben,199,Preluat,35
9472,2026-07-29 12:32,Verde,131,In Asteptare,NULL
9473,2026-07-13 04:24,Verde,86,In Asteptare,NULL
9474,2026-07-15 14:28,Verde,127,In Asteptare,NULL
9475,2026-07-15 10:05,Rosu,23,Preluat,9
9476,2026-07-10 00:15,Verde,221,Externat,NULL
9477,2026-07-29 00:50,Verde,108,Externat,NULL
9478,2026-07-18 05:28,Galben,100,Externat,NULL
9479,2026-07-26 03:47,Verde,185,Preluat,40
9480,2026-07-21 09:54,Verde,221,In Asteptare,NULL
9481,2026-07-11 07:21,Verde,60,Preluat,21
9482,2026-07-13 05:39,Galben,90,Preluat,38
9483,2026-07-19 14:45,Verde,57,Preluat,48
9484,2026-07-02 13:15,Galben,27,Externat,NULL
9485,2026-07-23 13:59,Verde,184,Externat,NULL
9486,2026-07-18 22:31,Rosu,12,In Asteptare,NULL
9487,2026-07-02 19:58,Verde,101,Preluat,28
9488,2026-07-07 18:24,Rosu,24,Externat,NULL
9489,2026-07-01 16:20,Verde,221,Preluat,6
9490,2026-07-07 12:25,Galben,112,In Asteptare,NULL
9491,2026-07-30 20:26,Verde,7,Externat,NULL
9492,2026-07-18 15:33,Rosu,29,Preluat,19
9493,2026-07-24 21:06,Galben,230,In Asteptare,NULL
9494,2026-07-19 17:48,Verde,149,Preluat,4
9495,2026-07-10 08:11,Verde,195,In Asteptare,NULL
9496,2026-07-05 18:19,Galben,83,Externat,NULL
9497,2026-07-11 01:15,Galben,232,Preluat,39
9498,2026-07-05 14:36,Galben,143,Externat,NULL
9499,2026-07-25 09:14,Verde,167,Externat,NULL
9500,2026-07-30 16:38,Verde,41,Externat,NULL
9501,2026-07-01 14:38,Rosu,24,Externat,NULL
9502,2026-07-16 04:36,Rosu,16,In Asteptare,NULL
9503,2026-07-19 03:55,Verde,228,In Asteptare,NULL
9504,2026-07-01 14:37,Galben,166,Externat,NULL
9505,2026-07-25 16:56,Galben,232,Externat,NULL
9506,2026-07-24 12:26,Verde,183,Preluat,10
9507,2026-07-05 19:40,Rosu,23,In Asteptare,NULL
9508,2026-07-27 18:57,Verde,120,In Asteptare,NULL
9509,2026-07-16 14:13,Verde,177,Preluat,28
9510,2026-07-05 10:03,Verde,153,Externat,NULL
9511,2026-07-11 00:04,Verde,121,Preluat,45
9512,2026-07-06 20:29,Albastru,237,Externat,NULL
9513,2026-07-26 00:35,Verde,123,Externat,NULL
9514,2026-07-11 16:09,Rosu,13,Preluat,1
9515,2026-07-11 00:49,Albastru,6,Externat,NULL
9516,2026-07-03 23:29,Verde,167,Externat,NULL
9517,2026-07-29 22:53,Rosu,7,Externat,NULL
9518,2026-07-21 00:58,Rosu,27,In Asteptare,NULL
9519,2026-07-09 07:25,Galben,123,Externat,NULL
9520,2026-07-17 07:42,Rosu,9,Preluat,47
9521,2026-07-03 03:47,Galben,95,In Asteptare,NULL
9522,2026-07-17 07:46,Verde,212,In Asteptare,NULL
9523,2026-07-30 12:39,Galben,23,In Asteptare,NULL
9524,2026-07-11 02:07,Verde,77,In Asteptare,NULL
9525,2026-07-25 16:03,Verde,218,Externat,NULL
9526,2026-07-18 04:59,Galben,43,Externat,NULL
9527,2026-07-19 20:59,Albastru,235,Externat,NULL
9528,2026-07-17 18:11,Rosu,5,In Asteptare,NULL
9529,2026-07-06 05:17,Verde,140,Preluat,29
9530,2026-07-18 12:41,Rosu,4,Preluat,7
9531,2026-07-15 08:27,Albastru,235,Preluat,13
9532,2026-07-12 11:12,Verde,48,In Asteptare,NULL
9533,2026-07-22 11:50,Galben,11,Preluat,43
9534,2026-07-08 19:51,Galben,96,Externat,NULL
9535,2026-07-15 14:43,Verde,110,Preluat,29
9536,2026-07-22 08:47,Rosu,26,Externat,NULL
9537,2026-07-23 16:48,Verde,140,In Asteptare,NULL
9538,2026-07-07 22:42,Albastru,132,Externat,NULL
9539,2026-07-21 20:38,Galben,47,Externat,NULL
9540,2026-07-19 17:43,Galben,83,Externat,NULL
9541,2026-07-18 15:46,Rosu,28,Preluat,40
9542,2026-07-21 02:47,Galben,9,Externat,NULL
9543,2026-07-30 13:48,Verde,175,In Asteptare,NULL
9544,2026-07-18 09:43,Verde,176,Preluat,38
9545,2026-07-05 12:42,Albastru,100,Preluat,28
9546,2026-07-13 22:47,Rosu,21,Preluat,47
9547,2026-07-12 17:58,Verde,37,Preluat,3
9548,2026-07-21 14:09,Verde,87,Externat,NULL
9549,2026-07-29 21:58,Verde,62,Preluat,47
9550,2026-07-03 18:12,Verde,222,Externat,NULL
9551,2026-07-13 15:37,Verde,240,Externat,NULL
9552,2026-07-27 10:10,Albastru,21,Preluat,43
9553,2026-07-20 07:43,Verde,16,Externat,NULL
9554,2026-07-29 03:34,Verde,54,Externat,NULL
9555,2026-07-06 00:57,Galben,112,In Asteptare,NULL
9556,2026-07-28 23:25,Galben,167,Externat,NULL
9557,2026-07-25 10:46,Albastru,122,Externat,NULL
9558,2026-07-22 23:11,Verde,158,Preluat,3
9559,2026-07-13 05:25,Galben,237,Externat,NULL
9560,2026-07-04 09:31,Verde,81,Externat,NULL
9561,2026-07-21 16:57,Galben,70,Externat,NULL
9562,2026-07-22 19:50,Verde,179,Preluat,21
9563,2026-07-10 09:58,Galben,240,In Asteptare,NULL
9564,2026-07-28 01:20,Galben,51,Preluat,1
9565,2026-07-12 23:31,Verde,141,Externat,NULL
9566,2026-07-17 19:09,Rosu,17,Preluat,43
9567,2026-07-20 08:46,Rosu,8,Externat,NULL
9568,2026-07-01 02:57,Rosu,20,Externat,NULL
9569,2026-07-07 16:05,Verde,224,Preluat,15
9570,2026-07-27 15:50,Verde,42,Externat,NULL
9571,2026-07-14 12:01,Galben,103,Externat,NULL
9572,2026-07-12 02:22,Galben,35,Preluat,34
9573,2026-07-23 19:07,Galben,229,Preluat,48
9574,2026-07-08 03:46,Albastru,47,Externat,NULL
9575,2026-07-19 10:23,Verde,37,Externat,NULL
9576,2026-07-03 09:03,Galben,83,Externat,NULL
9577,2026-07-16 08:38,Verde,229,In Asteptare,NULL
9578,2026-07-22 12:39,Verde,193,Externat,NULL
9579,2026-07-09 22:18,Galben,135,Preluat,18
9580,2026-07-15 13:02,Albastru,238,Externat,NULL
9581,2026-07-03 13:20,Albastru,135,Preluat,19
9582,2026-07-24 16:12,Albastru,58,Preluat,27
9583,2026-07-02 10:10,Verde,93,In Asteptare,NULL
9584,2026-07-09 01:43,Verde,235,Preluat,16
9585,2026-07-14 05:50,Verde,210,In Asteptare,NULL
9586,2026-07-18 22:24,Verde,225,Externat,NULL
9587,2026-07-25 20:20,Albastru,214,Externat,NULL
9588,2026-07-29 07:15,Galben,170,Externat,NULL
9589,2026-07-25 23:24,Verde,57,Preluat,2
9590,2026-07-02 10:46,Albastru,183,In Asteptare,NULL
9591,2026-07-08 12:55,Verde,102,In Asteptare,NULL
9592,2026-07-21 16:06,Verde,234,In Asteptare,NULL
9593,2026-07-15 13:41,Verde,47,Externat,NULL
9594,2026-07-12 16:33,Galben,128,Externat,NULL
9595,2026-07-08 18:11,Verde,6,Externat,NULL
9596,2026-07-01 15:33,Verde,219,In Asteptare,NULL
9597,2026-07-28 20:06,Verde,50,Externat,NULL
9598,2026-07-25 14:00,Rosu,24,Externat,NULL
9599,2026-07-25 21:28,Rosu,20,In Asteptare,NULL
9600,2026-07-30 15:30,Verde,230,Externat,NULL
9601,2026-07-14 08:41,Albastru,188,In Asteptare,NULL
9602,2026-07-21 17:48,Verde,76,Externat,NULL
9603,2026-07-24 11:29,Galben,183,Externat,NULL
9604,2026-07-16 20:20,Galben,42,Preluat,20
9605,2026-07-12 07:58,Albastru,120,Preluat,2
9606,2026-07-03 14:26,Galben,85,Externat,NULL
9607,2026-07-23 04:12,Verde,143,In Asteptare,NULL
9608,2026-07-02 07:34,Rosu,2,Preluat,39
9609,2026-07-12 03:07,Verde,200,Externat,NULL
9610,2026-07-20 22:47,Galben,78,Preluat,3
9611,2026-07-14 15:01,Galben,141,Externat,NULL
9612,2026-07-11 01:37,Galben,126,In Asteptare,NULL
9613,2026-07-06 10:39,Verde,24,Preluat,3
9614,2026-07-29 18:48,Rosu,29,Externat,NULL
9615,2026-07-24 05:21,Verde,18,Preluat,9
9616,2026-07-30 22:51,Albastru,67,Preluat,27
9617,2026-07-18 18:34,Verde,157,In Asteptare,NULL
9618,2026-07-26 08:29,Verde,192,Externat,NULL
9619,2026-07-25 19:43,Albastru,212,In Asteptare,NULL
9620,2026-07-19 12:23,Verde,15,Externat,NULL
9621,2026-07-21 15:59,Galben,194,Externat,NULL
9622,2026-07-18 15:12,Galben,116,Externat,NULL
9623,2026-07-07 05:21,Verde,195,Preluat,20
9624,2026-07-19 04:28,Albastru,235,Externat,NULL
9625,2026-07-17 19:14,Albastru,240,In Asteptare,NULL
9626,2026-07-25 16:26,Verde,109,Externat,NULL
9627,2026-07-18 00:09,Albastru,115,Externat,NULL
9628,2026-07-17 11:40,Verde,60,In Asteptare,NULL
9629,2026-07-14 11:47,Verde,117,Externat,NULL
9630,2026-07-25 18:20,Galben,90,Externat,NULL
9631,2026-07-10 21:18,Galben,228,Preluat,40
9632,2026-07-28 08:22,Galben,115,In Asteptare,NULL
9633,2026-07-18 00:48,Galben,180,In Asteptare,NULL
9634,2026-07-21 12:42,Albastru,78,Preluat,49
9635,2026-07-19 03:11,Verde,100,Preluat,33
9636,2026-07-15 21:52,Albastru,196,Preluat,36
9637,2026-07-26 05:49,Galben,13,Preluat,11
9638,2026-07-20 04:08,Rosu,30,Preluat,40
9639,2026-07-01 06:38,Rosu,17,Externat,NULL
9640,2026-07-30 22:36,Galben,120,Externat,NULL
9641,2026-07-30 01:45,Verde,156,In Asteptare,NULL
9642,2026-07-11 10:14,Verde,108,Externat,NULL
9643,2026-07-09 02:06,Galben,130,Externat,NULL
9644,2026-07-14 23:55,Galben,128,Externat,NULL
9645,2026-07-01 06:17,Verde,14,Preluat,45
9646,2026-07-09 03:06,Verde,206,Externat,NULL
9647,2026-07-21 07:57,Verde,107,Preluat,7
9648,2026-07-25 15:01,Galben,225,Externat,NULL
9649,2026-07-16 12:10,Verde,207,Externat,NULL
9650,2026-07-19 14:42,Verde,210,Preluat,38
9651,2026-07-12 13:51,Albastru,132,Externat,NULL
9652,2026-07-19 20:45,Verde,219,In Asteptare,NULL
9653,2026-07-16 04:12,Rosu,3,In Asteptare,NULL
9654,2026-07-06 21:01,Galben,12,Externat,NULL
9655,2026-07-21 18:22,Verde,162,Externat,NULL
9656,2026-07-02 23:44,Albastru,158,Preluat,25
9657,2026-07-04 05:38,Albastru,24,Externat,NULL
9658,2026-07-01 06:47,Rosu,7,Externat,NULL
9659,2026-07-04 21:54,Galben,214,Externat,NULL
9660,2026-07-16 14:33,Galben,73,Externat,NULL
9661,2026-07-12 07:36,Galben,215,Externat,NULL
9662,2026-07-18 18:57,Galben,18,Preluat,13
9663,2026-07-06 14:19,Galben,60,Externat,NULL
9664,2026-07-24 07:04,Galben,179,In Asteptare,NULL
9665,2026-07-05 04:09,Verde,59,In Asteptare,NULL
9666,2026-07-19 09:18,Verde,184,Preluat,31
9667,2026-07-01 13:34,Rosu,2,Preluat,10
9668,2026-07-10 21:18,Verde,62,Preluat,3
9669,2026-07-25 19:14,Rosu,30,Externat,NULL
9670,2026-07-02 13:18,Verde,160,Externat,NULL
9671,2026-07-11 05:52,Verde,80,Externat,NULL
9672,2026-07-21 12:30,Albastru,229,In Asteptare,NULL
9673,2026-07-12 02:24,Galben,82,Preluat,40
9674,2026-07-26 17:59,Galben,42,Preluat,14
9675,2026-07-21 08:37,Galben,75,Externat,NULL
9676,2026-07-15 08:21,Galben,84,Preluat,5
9677,2026-07-24 21:34,Verde,56,Preluat,12
9678,2026-07-04 21:26,Galben,154,Externat,NULL
9679,2026-07-24 01:00,Verde,219,Preluat,1
9680,2026-07-23 22:54,Galben,84,Externat,NULL
9681,2026-07-17 12:22,Verde,186,Externat,NULL
9682,2026-07-12 07:34,Galben,64,Externat,NULL
9683,2026-07-23 23:52,Galben,63,Preluat,28
9684,2026-07-02 05:01,Verde,233,Externat,NULL
9685,2026-07-06 06:10,Galben,137,Externat,NULL
9686,2026-07-12 20:49,Verde,203,Externat,NULL
9687,2026-07-11 23:17,Verde,179,Externat,NULL
9688,2026-07-09 21:53,Galben,67,Preluat,15
9689,2026-07-28 15:05,Albastru,7,Preluat,50
9690,2026-07-30 16:18,Albastru,65,Externat,NULL
9691,2026-07-13 17:50,Verde,133,Preluat,4
9692,2026-07-10 15:23,Galben,116,Externat,NULL
9693,2026-07-25 06:59,Verde,94,Externat,NULL
9694,2026-07-13 18:25,Galben,227,Externat,NULL
9695,2026-07-01 12:54,Rosu,15,Externat,NULL
9696,2026-07-12 18:39,Galben,21,Preluat,24
9697,2026-07-10 03:55,Verde,83,Preluat,43
9698,2026-07-30 21:06,Galben,188,Externat,NULL
9699,2026-07-06 12:37,Verde,135,Preluat,2
9700,2026-07-05 23:37,Verde,77,In Asteptare,NULL
9701,2026-07-13 15:06,Verde,98,In Asteptare,NULL
9702,2026-07-12 02:11,Galben,112,Externat,NULL
9703,2026-07-22 08:42,Galben,41,In Asteptare,NULL
9704,2026-07-10 21:23,Verde,149,Externat,NULL
9705,2026-07-07 22:53,Albastru,127,In Asteptare,NULL
9706,2026-07-18 23:35,Galben,107,Externat,NULL
9707,2026-07-26 20:15,Galben,236,Preluat,39
9708,2026-07-10 15:32,Verde,237,Externat,NULL
9709,2026-07-01 14:31,Verde,67,Preluat,10
9710,2026-07-02 16:30,Rosu,12,Externat,NULL
9711,2026-07-04 14:33,Verde,62,Externat,NULL
9712,2026-07-14 17:52,Albastru,88,Externat,NULL
9713,2026-07-14 11:36,Galben,104,Preluat,1
9714,2026-07-28 07:13,Verde,31,Preluat,35
9715,2026-07-11 19:19,Verde,192,In Asteptare,NULL
9716,2026-07-09 12:43,Galben,24,Externat,NULL
9717,2026-07-15 09:24,Rosu,13,Preluat,37
9718,2026-07-30 13:52,Verde,21,Preluat,31
9719,2026-07-26 20:25,Verde,240,In Asteptare,NULL
9720,2026-07-06 07:09,Galben,221,Externat,NULL
9721,2026-07-16 18:37,Rosu,27,Preluat,17
9722,2026-07-13 07:51,Verde,136,Externat,NULL
9723,2026-07-21 18:52,Galben,158,Externat,NULL
9724,2026-07-26 20:18,Galben,179,In Asteptare,NULL
9725,2026-07-26 18:07,Verde,21,Preluat,46
9726,2026-07-28 15:56,Verde,230,Preluat,2
9727,2026-07-15 03:29,Rosu,10,Preluat,12
9728,2026-07-22 07:21,Galben,142,Externat,NULL
9729,2026-07-19 03:59,Galben,134,Externat,NULL
9730,2026-07-09 16:37,Albastru,13,Externat,NULL
9731,2026-07-30 16:41,Galben,179,Preluat,42
9732,2026-07-07 09:13,Galben,64,Externat,NULL
9733,2026-07-12 02:35,Galben,24,Externat,NULL
9734,2026-07-17 17:06,Verde,130,Externat,NULL
9735,2026-07-12 10:10,Galben,78,In Asteptare,NULL
9736,2026-07-22 20:52,Verde,123,Externat,NULL
9737,2026-07-19 14:50,Galben,142,Externat,NULL
9738,2026-07-14 05:12,Galben,81,Externat,NULL
9739,2026-07-19 19:40,Galben,126,Externat,NULL
9740,2026-07-29 04:25,Galben,219,Externat,NULL
9741,2026-07-10 16:15,Albastru,147,Externat,NULL
9742,2026-07-24 13:09,Verde,163,In Asteptare,NULL
9743,2026-07-17 21:36,Verde,219,Externat,NULL
9744,2026-07-28 18:37,Verde,106,In Asteptare,NULL
9745,2026-07-06 07:51,Verde,53,Preluat,34
9746,2026-07-08 05:09,Verde,47,Preluat,7
9747,2026-07-22 11:49,Galben,122,Externat,NULL
9748,2026-07-19 08:44,Verde,38,Externat,NULL
9749,2026-07-02 23:24,Rosu,13,Preluat,27
9750,2026-07-21 17:52,Verde,130,Preluat,4
9751,2026-07-02 02:49,Verde,74,In Asteptare,NULL
9752,2026-07-29 03:01,Galben,207,In Asteptare,NULL
9753,2026-07-02 00:06,Verde,83,In Asteptare,NULL
9754,2026-07-27 15:05,Galben,36,Preluat,31
9755,2026-07-02 05:33,Galben,21,Preluat,37
9756,2026-07-28 10:55,Galben,27,Externat,NULL
9757,2026-07-27 04:38,Verde,157,Externat,NULL
9758,2026-07-29 11:48,Rosu,19,Externat,NULL
9759,2026-07-18 23:16,Verde,151,Preluat,4
9760,2026-07-19 22:17,Verde,217,Externat,NULL
9761,2026-07-08 02:52,Verde,53,Preluat,48
9762,2026-07-25 19:43,Verde,104,Preluat,34
9763,2026-07-24 12:27,Galben,209,Externat,NULL
9764,2026-07-22 08:57,Albastru,153,Preluat,41
9765,2026-07-08 20:19,Galben,128,Externat,NULL
9766,2026-07-10 10:41,Rosu,18,In Asteptare,NULL
9767,2026-07-13 07:02,Albastru,86,Preluat,35
9768,2026-07-18 22:04,Galben,64,Externat,NULL
9769,2026-07-28 13:38,Galben,94,Externat,NULL
9770,2026-07-04 12:14,Verde,122,Externat,NULL
9771,2026-07-25 20:46,Rosu,7,Preluat,34
9772,2026-07-03 15:40,Verde,169,Externat,NULL
9773,2026-07-11 08:55,Verde,33,Externat,NULL
9774,2026-07-07 12:49,Albastru,36,In Asteptare,NULL
9775,2026-07-23 13:48,Verde,24,In Asteptare,NULL
9776,2026-07-13 19:30,Galben,101,Externat,NULL
9777,2026-07-04 15:42,Verde,138,Preluat,48
9778,2026-07-01 04:09,Albastru,91,Externat,NULL
9779,2026-07-21 12:03,Galben,153,Preluat,12
9780,2026-07-22 21:13,Verde,46,Preluat,40
9781,2026-07-13 08:05,Galben,149,In Asteptare,NULL
9782,2026-07-21 17:35,Verde,155,Preluat,50
9783,2026-07-28 19:52,Verde,13,Preluat,3
9784,2026-07-11 13:03,Galben,210,Preluat,42
9785,2026-07-29 09:50,Verde,77,Externat,NULL
9786,2026-07-02 23:51,Galben,186,In Asteptare,NULL
9787,2026-07-14 19:26,Galben,236,In Asteptare,NULL
9788,2026-07-06 22:27,Galben,141,Externat,NULL
9789,2026-07-08 03:15,Galben,182,Externat,NULL
9790,2026-07-25 21:36,Galben,199,In Asteptare,NULL
9791,2026-07-23 16:05,Albastru,201,Externat,NULL
9792,2026-07-23 14:43,Verde,85,In Asteptare,NULL
9793,2026-07-17 05:09,Verde,83,Externat,NULL
9794,2026-07-01 11:51,Verde,103,In Asteptare,NULL
9795,2026-07-22 11:36,Rosu,6,In Asteptare,NULL
9796,2026-07-11 12:46,Verde,185,Preluat,36
9797,2026-07-13 23:52,Rosu,2,Preluat,36
9798,2026-07-26 06:00,Verde,146,Externat,NULL
9799,2026-07-10 13:34,Verde,233,Externat,NULL
9800,2026-07-13 03:03,Galben,161,Externat,NULL
9801,2026-07-19 17:49,Rosu,24,Externat,NULL
9802,2026-07-02 05:40,Galben,80,Preluat,4
9803,2026-07-06 02:38,Galben,215,Externat,NULL
9804,2026-07-01 04:07,Verde,182,Externat,NULL
9805,2026-07-05 00:23,Galben,96,In Asteptare,NULL
9806,2026-07-10 13:23,Galben,25,Preluat,32
9807,2026-07-12 11:45,Galben,152,Externat,NULL
9808,2026-07-06 20:15,Rosu,23,In Asteptare,NULL
9809,2026-07-17 12:16,Galben,89,Externat,NULL
9810,2026-07-06 20:54,Galben,182,Preluat,2
9811,2026-07-19 11:22,Galben,90,Preluat,20
9812,2026-07-21 15:18,Verde,10,Preluat,33
9813,2026-07-05 20:46,Verde,117,In Asteptare,NULL
9814,2026-07-04 17:35,Verde,32,Preluat,39
9815,2026-07-28 20:27,Verde,72,Externat,NULL
9816,2026-07-25 22:02,Verde,79,Externat,NULL
9817,2026-07-16 01:52,Verde,39,In Asteptare,NULL
9818,2026-07-21 08:49,Galben,78,Preluat,2
9819,2026-07-27 19:45,Verde,85,In Asteptare,NULL
9820,2026-07-29 19:11,Verde,17,In Asteptare,NULL
9821,2026-07-13 22:12,Rosu,25,Externat,NULL
9822,2026-07-10 00:19,Galben,227,Externat,NULL
9823,2026-07-20 15:36,Verde,112,In Asteptare,NULL
9824,2026-07-09 16:09,Verde,64,Externat,NULL
9825,2026-07-08 02:07,Verde,93,In Asteptare,NULL
9826,2026-07-15 22:11,Albastru,87,Preluat,7
9827,2026-07-01 04:16,Galben,180,In Asteptare,NULL
9828,2026-07-15 17:31,Verde,7,In Asteptare,NULL
9829,2026-07-25 22:51,Verde,234,Externat,NULL
9830,2026-07-11 09:00,Galben,171,Externat,NULL
9831,2026-07-29 05:51,Verde,29,Externat,NULL
9832,2026-07-10 17:50,Verde,119,Preluat,11
9833,2026-07-28 11:42,Galben,207,Externat,NULL
9834,2026-07-25 00:59,Rosu,27,Externat,NULL
9835,2026-07-03 22:31,Verde,225,Externat,NULL
9836,2026-07-08 01:39,Verde,218,Externat,NULL
9837,2026-07-14 04:02,Verde,42,Externat,NULL
9838,2026-07-25 12:13,Verde,11,Externat,NULL
9839,2026-07-24 06:12,Galben,133,Preluat,14
9840,2026-07-25 04:27,Verde,206,Preluat,16
9841,2026-07-01 03:20,Rosu,3,Preluat,6
9842,2026-07-22 15:59,Galben,179,Preluat,9
9843,2026-07-10 13:21,Galben,226,Preluat,9
9844,2026-07-03 18:34,Galben,216,Externat,NULL
9845,2026-07-19 06:02,Verde,189,Externat,NULL
9846,2026-07-14 01:01,Rosu,10,Externat,NULL
9847,2026-07-04 18:18,Rosu,30,In Asteptare,NULL
9848,2026-07-15 20:57,Verde,63,Externat,NULL
9849,2026-07-14 11:19,Galben,110,Externat,NULL
9850,2026-07-29 10:32,Albastru,95,Externat,NULL
9851,2026-07-13 07:54,Verde,211,Preluat,45
9852,2026-07-11 07:26,Verde,75,Preluat,14
9853,2026-07-03 23:52,Albastru,56,Preluat,28
9854,2026-07-04 23:44,Rosu,19,In Asteptare,NULL
9855,2026-07-15 13:22,Verde,40,Externat,NULL
9856,2026-07-21 05:46,Verde,91,In Asteptare,NULL
9857,2026-07-13 15:53,Galben,54,Externat,NULL
9858,2026-07-15 05:12,Albastru,223,Externat,NULL
9859,2026-07-05 04:25,Galben,119,In Asteptare,NULL
9860,2026-07-17 00:56,Galben,14,Preluat,20
9861,2026-07-04 15:27,Verde,178,Externat,NULL
9862,2026-07-24 00:42,Verde,186,Externat,NULL
9863,2026-07-03 20:45,Galben,184,Externat,NULL
9864,2026-07-27 01:32,Galben,149,Externat,NULL
9865,2026-07-19 21:02,Rosu,11,Externat,NULL
9866,2026-07-11 09:01,Verde,164,Externat,NULL
9867,2026-07-23 11:20,Rosu,8,Preluat,23
9868,2026-07-06 09:05,Verde,38,Preluat,7
9869,2026-07-13 11:10,Galben,25,Externat,NULL
9870,2026-07-19 19:35,Galben,5,Preluat,28
9871,2026-07-06 18:04,Rosu,0,Preluat,24
9872,2026-07-14 01:23,Verde,174,Externat,NULL
9873,2026-07-15 16:21,Verde,219,In Asteptare,NULL
9874,2026-07-06 03:28,Verde,92,Externat,NULL
9875,2026-07-12 23:41,Verde,229,Preluat,46
9876,2026-07-10 00:14,Verde,35,Preluat,24
9877,2026-07-28 04:47,Rosu,27,Externat,NULL
9878,2026-07-25 19:52,Verde,114,In Asteptare,NULL
9879,2026-07-17 11:59,Verde,49,Preluat,1
9880,2026-07-14 18:15,Verde,171,In Asteptare,NULL
9881,2026-07-03 04:11,Galben,137,Externat,NULL
9882,2026-07-21 23:39,Galben,226,Externat,NULL
9883,2026-07-23 16:33,Galben,57,Externat,NULL
9884,2026-07-21 19:11,Albastru,38,Externat,NULL
9885,2026-07-01 08:28,Verde,147,Externat,NULL
9886,2026-07-22 12:14,Albastru,68,In Asteptare,NULL
9887,2026-07-18 05:31,Verde,93,In Asteptare,NULL
9888,2026-07-05 01:24,Verde,230,Preluat,37
9889,2026-07-13 07:35,Albastru,200,Externat,NULL
9890,2026-07-02 08:16,Verde,98,Externat,NULL
9891,2026-07-28 13:09,Rosu,23,Externat,NULL
9892,2026-07-04 15:26,Verde,100,In Asteptare,NULL
9893,2026-07-21 01:21,Verde,225,Externat,NULL
9894,2026-07-12 23:28,Verde,90,In Asteptare,NULL
9895,2026-07-23 11:37,Galben,97,Preluat,14
9896,2026-07-03 21:07,Galben,8,Preluat,18
9897,2026-07-19 07:49,Verde,72,Externat,NULL
9898,2026-07-06 04:25,Verde,236,Preluat,18
9899,2026-07-28 12:43,Albastru,118,Externat,NULL
9900,2026-07-25 02:24,Galben,221,Externat,NULL
9901,2026-07-22 15:34,Verde,164,Externat,NULL
9902,2026-07-23 15:31,Galben,144,Preluat,3
9903,2026-07-03 04:59,Galben,221,Externat,NULL
9904,2026-07-15 07:43,Galben,240,Preluat,2
9905,2026-07-13 03:00,Rosu,23,Preluat,9
9906,2026-07-11 10:32,Rosu,7,Externat,NULL
9907,2026-07-30 02:24,Rosu,27,In Asteptare,NULL
9908,2026-07-27 12:10,Verde,144,Externat,NULL
9909,2026-07-23 05:29,Verde,129,Externat,NULL
9910,2026-07-03 06:04,Galben,167,Externat,NULL
9911,2026-07-11 20:19,Verde,135,Externat,NULL
9912,2026-07-24 23:01,Verde,231,Preluat,32
9913,2026-07-24 17:59,Galben,27,Externat,NULL
9914,2026-07-17 13:18,Rosu,10,In Asteptare,NULL
9915,2026-07-19 11:41,Verde,148,Preluat,33
9916,2026-07-25 00:30,Verde,117,In Asteptare,NULL
9917,2026-07-20 06:06,Rosu,19,Externat,NULL
9918,2026-07-04 15:25,Verde,34,Externat,NULL
9919,2026-07-15 01:37,Verde,21,Preluat,4
9920,2026-07-29 14:07,Verde,100,Preluat,9
9921,2026-07-25 11:52,Galben,132,Externat,NULL
9922,2026-07-06 21:18,Verde,147,Externat,NULL
9923,2026-07-04 09:25,Verde,168,Externat,NULL
9924,2026-07-14 02:44,Verde,103,In Asteptare,NULL
9925,2026-07-27 11:35,Galben,30,Preluat,41
9926,2026-07-29 17:48,Rosu,15,Externat,NULL
9927,2026-07-29 16:00,Verde,26,Preluat,2
9928,2026-07-06 23:37,Galben,74,Preluat,8
9929,2026-07-28 20:19,Verde,143,Externat,NULL
9930,2026-07-11 13:22,Galben,154,In Asteptare,NULL
9931,2026-07-24 19:27,Galben,26,Externat,NULL
9932,2026-07-10 00:18,Galben,235,Externat,NULL
9933,2026-07-06 03:02,Verde,111,Preluat,36
9934,2026-07-06 11:59,Verde,48,Externat,NULL
9935,2026-07-13 10:14,Galben,104,In Asteptare,NULL
9936,2026-07-17 04:20,Albastru,78,Externat,NULL
9937,2026-07-30 22:22,Galben,57,In Asteptare,NULL
9938,2026-07-25 00:32,Verde,58,Externat,NULL
9939,2026-07-30 10:17,Verde,176,Externat,NULL
9940,2026-07-09 23:37,Verde,116,In Asteptare,NULL
9941,2026-07-22 00:33,Verde,165,Preluat,46
9942,2026-07-17 16:27,Galben,181,Externat,NULL
9943,2026-07-03 06:23,Galben,192,Externat,NULL
9944,2026-07-30 03:43,Galben,227,Preluat,28
9945,2026-07-29 01:39,Verde,184,Externat,NULL
9946,2026-07-19 01:29,Galben,195,Externat,NULL
9947,2026-07-14 16:23,Rosu,17,In Asteptare,NULL
9948,2026-07-14 12:29,Galben,217,Preluat,31
9949,2026-07-28 11:44,Verde,155,Externat,NULL
9950,2026-07-27 14:23,Rosu,20,Preluat,4
9951,2026-07-18 18:19,Rosu,1,Externat,NULL
9952,2026-07-11 04:19,Rosu,3,Externat,NULL
9953,2026-07-29 06:46,Albastru,58,Externat,NULL
9954,2026-07-25 22:34,Galben,27,Preluat,36
9955,2026-07-08 13:32,Galben,115,Externat,NULL
9956,2026-07-20 07:16,Rosu,29,Preluat,40
9957,2026-07-20 00:42,Galben,72,Externat,NULL
9958,2026-07-12 03:13,Galben,210,Preluat,34
9959,2026-07-16 22:52,Verde,234,Preluat,26
9960,2026-07-28 08:13,Verde,228,Externat,NULL
9961,2026-07-07 14:58,Galben,168,Preluat,30
9962,2026-07-04 06:18,Galben,236,Externat,NULL
9963,2026-07-08 17:43,Galben,185,Externat,NULL
9964,2026-07-10 06:21,Galben,226,In Asteptare,NULL
9965,2026-07-10 09:45,Albastru,111,Preluat,9
9966,2026-07-26 13:44,Galben,77,Externat,NULL
9967,2026-07-15 02:09,Verde,101,Externat,NULL
9968,2026-07-29 02:51,Galben,25,Preluat,24
9969,2026-07-16 12:16,Galben,6,Externat,NULL
9970,2026-07-12 20:13,Albastru,99,Externat,NULL
9971,2026-07-26 09:55,Verde,186,Externat,NULL
9972,2026-07-20 04:49,Albastru,30,Externat,NULL
9973,2026-07-08 09:11,Verde,152,Externat,NULL
9974,2026-07-20 23:03,Verde,139,Preluat,28
9975,2026-07-03 19:17,Verde,164,In Asteptare,NULL
9976,2026-07-14 22:44,Verde,223,In Asteptare,NULL
9977,2026-07-25 20:51,Rosu,13,Preluat,5
9978,2026-07-23 02:36,Galben,104,Externat,NULL
9979,2026-07-07 15:31,Galben,221,Externat,NULL
9980,2026-07-01 21:56,Albastru,81,Externat,NULL
9981,2026-07-23 02:34,Verde,131,In Asteptare,NULL
9982,2026-07-16 06:55,Verde,85,In Asteptare,NULL
9983,2026-07-14 07:14,Verde,49,Preluat,46
9984,2026-07-25 15:27,Albastru,72,Externat,NULL
9985,2026-07-30 14:30,Verde,179,Preluat,33
9986,2026-07-02 01:37,Verde,115,In Asteptare,NULL
9987,2026-07-21 19:25,Galben,70,Externat,NULL
9988,2026-07-24 03:28,Albastru,140,Externat,NULL
9989,2026-07-16 09:44,Galben,141,In Asteptare,NULL
9990,2026-07-13 18:40,Rosu,4,Preluat,47
9991,2026-07-10 21:47,Galben,98,In Asteptare,NULL
9992,2026-07-13 05:57,Rosu,9,Externat,NULL
9993,2026-07-11 05:39,Verde,57,In Asteptare,NULL
9994,2026-07-26 23:42,Galben,158,Externat,NULL
9995,2026-07-22 18:10,Galben,159,Externat,NULL
9996,2026-07-22 23:24,Verde,5,Externat,NULL
9997,2026-07-29 16:36,Verde,41,Externat,NULL
9998,2026-07-24 20:38,Galben,145,Preluat,33
9999,2026-07-19 06:07,Verde,183,Externat,NULL
10000,2026-07-05 07:15,Verde,147,Externat,NULL
