LogID,ResourceID,PatientID,StartTime,EndTime
1,43,4037,2026-07-22 12:49,2026-07-22 14:19
2,52,8278,2026-07-24 23:27,2026-07-24 23:50
3,15,9325,2026-07-19 13:25,2026-07-19 14:25
4,49,1765,2026-07-21 20:39,2026-07-21 22:02
5,66,4324,2026-07-29 22:10,2026-07-29 22:55
6,82,7553,2026-07-06 20:10,2026-07-06 20:21
7,5,6357,2026-07-25 18:15,2026-07-25 19:37
8,94,837,2026-07-20 09:43,2026-07-20 10:05
9,79,4826,2026-07-13 17:49,2026-07-13 19:00
10,88,7225,2026-07-20 08:41,2026-07-20 08:54
11,15,4494,2026-07-06 06:15,2026-07-06 07:27
12,49,1818,2026-07-12 15:29,2026-07-12 17:04
13,38,4623,2026-07-10 15:27,2026-07-10 16:30
14,12,6434,2026-07-29 23:20,2026-07-30 00:03
15,90,4201,2026-07-28 18:03,NULL
16,31,5529,2026-07-26 03:20,NULL
17,10,3367,2026-07-19 22:48,2026-07-19 23:45
18,25,4913,2026-07-22 13:44,2026-07-22 14:40
19,11,6272,2026-07-06 15:51,2026-07-06 16:01
20,83,4928,2026-07-22 14:09,2026-07-22 15:45
21,26,1483,2026-07-05 04:55,2026-07-05 05:59
22,96,2852,2026-07-29 22:15,2026-07-29 22:51
23,100,2779,2026-07-18 19:40,2026-07-18 20:05
24,69,8106,2026-07-01 18:30,2026-07-01 20:13
25,52,7548,2026-07-22 11:11,2026-07-22 11:22
26,100,7404,2026-07-06 13:27,2026-07-06 13:54
27,15,4547,2026-07-13 23:33,2026-07-14 00:13
28,29,8141,2026-07-26 01:16,2026-07-26 01:27
29,27,224,2026-07-18 14:09,NULL
30,19,2254,2026-07-11 21:44,2026-07-11 21:57
31,35,3076,2026-07-11 10:52,2026-07-11 12:38
32,91,4884,2026-07-19 08:53,2026-07-19 09:26
33,4,5439,2026-07-29 06:41,2026-07-29 08:38
34,74,6734,2026-07-30 01:06,2026-07-30 02:48
35,29,4992,2026-07-21 10:03,2026-07-21 10:22
36,75,174,2026-07-17 05:33,2026-07-17 06:28
37,17,1226,2026-07-30 15:23,2026-07-30 17:00
38,70,2323,2026-07-19 15:07,2026-07-19 16:26
39,45,8128,2026-07-07 13:57,NULL
40,40,5829,2026-07-21 15:32,2026-07-21 16:20
41,53,6685,2026-07-03 12:22,2026-07-03 13:16
42,44,4360,2026-07-08 23:01,2026-07-09 00:23
43,36,1323,2026-07-20 19:39,2026-07-20 21:29
44,92,5265,2026-07-01 19:13,NULL
45,47,3958,2026-07-06 19:09,2026-07-06 21:03
46,40,1658,2026-07-14 21:52,2026-07-14 22:45
47,60,2664,2026-07-24 23:40,2026-07-24 23:54
48,3,5506,2026-07-20 04:57,2026-07-20 06:27
49,98,2782,2026-07-10 18:01,2026-07-10 19:22
50,79,7518,2026-07-07 10:05,2026-07-07 10:47
51,19,1056,2026-07-11 19:32,2026-07-11 19:54
52,23,3405,2026-07-10 02:15,2026-07-10 02:58
53,55,4963,2026-07-19 09:36,2026-07-19 10:36
54,71,9763,2026-07-02 16:04,2026-07-02 17:33
55,10,7220,2026-07-09 13:58,2026-07-09 15:32
56,47,4098,2026-07-01 13:40,2026-07-01 15:26
57,12,8979,2026-07-02 06:02,NULL
58,34,557,2026-07-17 09:00,NULL
59,70,8067,2026-07-09 10:24,2026-07-09 10:38
60,68,1,2026-07-08 01:07,2026-07-08 03:01
61,16,3089,2026-07-29 00:20,2026-07-29 01:20
62,79,3053,2026-07-02 05:15,2026-07-02 06:42
63,43,1221,2026-07-26 04:43,2026-07-26 06:39
64,9,2246,2026-07-18 22:08,2026-07-18 23:30
65,60,9961,2026-07-13 19:35,2026-07-13 19:53
66,87,3622,2026-07-08 03:22,2026-07-08 04:40
67,35,8646,2026-07-09 11:23,2026-07-09 12:17
68,61,6822,2026-07-16 09:00,2026-07-16 09:25
69,86,9923,2026-07-28 07:54,2026-07-28 09:32
70,11,7748,2026-07-25 02:42,NULL
71,12,34,2026-07-29 02:29,2026-07-29 03:54
72,2,1532,2026-07-28 14:47,2026-07-28 15:33
73,63,8435,2026-07-14 13:15,2026-07-14 14:14
74,67,9743,2026-07-02 22:48,2026-07-03 00:21
75,57,917,2026-07-07 22:48,2026-07-07 23:36
76,77,6919,2026-07-30 11:06,2026-07-30 11:41
77,62,8712,2026-07-24 09:12,2026-07-24 10:02
78,65,7073,2026-07-02 02:30,2026-07-02 02:59
79,32,4448,2026-07-13 11:45,2026-07-13 12:31
80,49,5965,2026-07-24 05:10,2026-07-24 05:30
81,37,7139,2026-07-09 22:19,2026-07-10 00:16
82,67,8339,2026-07-10 16:25,2026-07-10 17:31
83,93,8585,2026-07-14 07:22,2026-07-14 08:08
84,11,9549,2026-07-09 19:26,2026-07-09 21:20
85,76,1693,2026-07-06 18:17,2026-07-06 19:23
86,61,825,2026-07-09 22:01,2026-07-09 22:19
87,34,9319,2026-07-09 13:07,2026-07-09 14:48
88,19,2484,2026-07-08 16:13,2026-07-08 18:13
89,47,7190,2026-07-20 21:06,2026-07-20 21:17
90,24,8897,2026-07-01 10:25,2026-07-01 11:49
91,73,3613,2026-07-15 12:11,2026-07-15 14:03
92,75,8453,2026-07-07 13:37,2026-07-07 15:13
93,69,802,2026-07-28 01:23,2026-07-28 03:23
94,47,6508,2026-07-09 19:43,2026-07-09 20:39
95,61,6329,2026-07-08 07:17,2026-07-08 07:54
96,75,9196,2026-07-01 01:06,2026-07-01 01:16
97,74,3945,2026-07-16 10:32,2026-07-16 10:58
98,95,3569,2026-07-11 03:59,2026-07-11 05:41
99,8,9590,2026-07-29 00:32,2026-07-29 01:56
100,89,8564,2026-07-28 08:28,NULL
101,80,7701,2026-07-01 18:48,2026-07-01 20:27
102,79,3007,2026-07-04 02:31,2026-07-04 03:29
103,6,9644,2026-07-14 12:10,2026-07-14 13:39
104,97,1431,2026-07-23 13:53,2026-07-23 14:27
105,17,7365,2026-07-20 09:59,2026-07-20 11:36
106,97,2508,2026-07-10 17:46,2026-07-10 19:20
107,73,3971,2026-07-23 23:43,2026-07-24 01:33
108,30,2519,2026-07-24 18:06,2026-07-24 20:04
109,32,670,2026-07-05 14:51,2026-07-05 16:26
110,46,6488,2026-07-14 22:50,2026-07-15 00:16
111,94,2819,2026-07-19 09:37,2026-07-19 11:03
112,91,4140,2026-07-09 22:17,2026-07-09 23:43
113,92,7108,2026-07-25 15:16,2026-07-25 16:28
114,19,1930,2026-07-07 01:37,2026-07-07 01:55
115,81,6039,2026-07-04 02:59,2026-07-04 04:28
116,83,6491,2026-07-12 20:24,2026-07-12 21:40
117,1,480,2026-07-09 22:14,2026-07-09 23:58
118,71,6050,2026-07-06 22:22,2026-07-06 23:01
119,91,2904,2026-07-07 12:18,2026-07-07 13:00
120,10,7214,2026-07-10 22:53,2026-07-11 00:51
121,3,8601,2026-07-18 17:21,2026-07-18 17:53
122,81,6383,2026-07-21 11:03,2026-07-21 11:24
123,18,1092,2026-07-20 06:30,2026-07-20 08:14
124,80,8727,2026-07-06 00:36,2026-07-06 02:14
125,13,4011,2026-07-30 18:07,2026-07-30 18:20
126,4,9730,2026-07-10 12:52,2026-07-10 14:04
127,65,2968,2026-07-24 22:22,2026-07-24 23:47
128,95,7403,2026-07-29 06:28,2026-07-29 07:07
129,51,8704,2026-07-24 00:46,2026-07-24 01:00
130,85,3540,2026-07-07 11:19,2026-07-07 12:55
131,55,2101,2026-07-21 18:48,NULL
132,71,1354,2026-07-25 07:42,2026-07-25 08:33
133,96,409,2026-07-06 07:36,2026-07-06 09:34
134,96,6306,2026-07-13 03:31,2026-07-13 04:13
135,11,7348,2026-07-13 19:35,2026-07-13 20:37
136,89,3043,2026-07-26 08:02,2026-07-26 09:34
137,96,8593,2026-07-29 10:56,2026-07-29 11:49
138,45,2877,2026-07-23 13:37,2026-07-23 14:12
139,37,3886,2026-07-19 03:09,2026-07-19 04:11
140,99,1878,2026-07-26 09:15,2026-07-26 10:38
141,2,671,2026-07-25 04:54,2026-07-25 05:20
142,27,926,2026-07-27 12:36,2026-07-27 14:29
143,67,3695,2026-07-09 20:05,2026-07-09 22:02
144,81,588,2026-07-22 08:30,2026-07-22 08:52
145,91,5868,2026-07-18 11:38,2026-07-18 11:54
146,70,5044,2026-07-11 02:24,NULL
147,34,838,2026-07-03 01:51,2026-07-03 03:40
148,7,271,2026-07-11 05:42,2026-07-11 07:10
149,53,1582,2026-07-02 16:50,2026-07-02 17:22
150,24,8027,2026-07-18 20:53,NULL
151,49,6871,2026-07-11 05:13,2026-07-11 06:50
152,5,3383,2026-07-16 06:04,2026-07-16 07:26
153,9,743,2026-07-29 04:13,2026-07-29 05:43
154,46,8026,2026-07-06 02:24,2026-07-06 03:51
155,41,9761,2026-07-12 04:43,2026-07-12 05:37
156,64,6267,2026-07-21 00:30,NULL
157,15,832,2026-07-06 22:08,2026-07-06 22:49
158,87,9282,2026-07-30 15:28,2026-07-30 15:44
159,75,9726,2026-07-13 21:58,2026-07-13 22:41
160,15,9360,2026-07-08 23:39,2026-07-09 00:55
161,18,9782,2026-07-18 11:01,NULL
162,97,4392,2026-07-18 06:34,2026-07-18 06:45
163,25,9706,2026-07-21 06:14,2026-07-21 06:45
164,52,9272,2026-07-14 03:28,2026-07-14 04:45
165,97,1283,2026-07-25 23:00,NULL
166,81,3814,2026-07-13 08:07,2026-07-13 09:49
167,88,5945,2026-07-03 20:22,2026-07-03 21:01
168,75,9688,2026-07-18 19:19,2026-07-18 20:24
169,71,8731,2026-07-02 16:11,2026-07-02 16:52
170,41,6087,2026-07-07 05:34,2026-07-07 06:41
171,45,8175,2026-07-09 19:12,2026-07-09 19:39
172,3,4874,2026-07-02 22:02,2026-07-02 23:34
173,60,6189,2026-07-18 02:09,2026-07-18 03:36
174,76,5568,2026-07-24 17:14,2026-07-24 17:46
175,52,7409,2026-07-05 02:32,2026-07-05 04:04
176,34,9692,2026-07-10 09:06,2026-07-10 10:57
177,99,3640,2026-07-21 18:36,2026-07-21 20:20
178,27,5940,2026-07-25 04:42,2026-07-25 05:59
179,81,8925,2026-07-12 18:50,NULL
180,29,1679,2026-07-28 09:02,2026-07-28 10:22
181,39,2868,2026-07-18 06:54,2026-07-18 07:48
182,82,784,2026-07-01 19:18,2026-07-01 20:24
183,84,2988,2026-07-28 19:01,2026-07-28 20:20
184,96,1410,2026-07-01 21:32,2026-07-01 23:13
185,4,1134,2026-07-15 20:17,2026-07-15 21:12
186,13,4461,2026-07-26 00:52,2026-07-26 02:23
187,40,2407,2026-07-12 23:31,2026-07-13 00:54
188,19,4249,2026-07-03 20:19,2026-07-03 20:50
189,6,9286,2026-07-21 09:58,2026-07-21 11:03
190,94,4396,2026-07-18 11:12,2026-07-18 13:03
191,44,2099,2026-07-20 03:16,2026-07-20 04:36
192,56,4616,2026-07-11 01:02,2026-07-11 01:26
193,83,4710,2026-07-04 10:42,2026-07-04 11:03
194,78,1348,2026-07-02 11:48,2026-07-02 13:46
195,22,575,2026-07-05 17:03,2026-07-05 19:01
196,49,9248,2026-07-13 21:12,2026-07-13 21:59
197,64,206,2026-07-20 10:20,NULL
198,60,9046,2026-07-01 17:51,2026-07-01 19:11
199,20,9199,2026-07-10 08:20,NULL
200,21,5885,2026-07-24 23:15,2026-07-25 00:13
201,18,3475,2026-07-21 23:08,2026-07-21 23:29
202,44,2354,2026-07-04 20:52,2026-07-04 22:41
203,26,8998,2026-07-12 05:22,2026-07-12 06:52
204,6,5579,2026-07-26 20:41,2026-07-26 21:03
205,78,3187,2026-07-04 22:40,2026-07-05 00:16
206,43,1075,2026-07-12 18:51,2026-07-12 19:06
207,68,8041,2026-07-04 14:13,2026-07-04 15:09
208,26,9075,2026-07-08 09:11,2026-07-08 10:03
209,48,2699,2026-07-14 02:55,2026-07-14 04:50
210,23,695,2026-07-22 07:41,2026-07-22 09:07
211,83,5322,2026-07-22 02:54,2026-07-22 04:46
212,87,2567,2026-07-14 04:53,2026-07-14 06:45
213,29,7108,2026-07-12 00:06,2026-07-12 01:49
214,54,8858,2026-07-16 01:51,2026-07-16 02:01
215,45,5331,2026-07-21 07:26,2026-07-21 09:23
216,29,8675,2026-07-19 18:08,2026-07-19 19:07
217,89,2432,2026-07-11 23:54,2026-07-12 01:04
218,80,3419,2026-07-28 23:32,2026-07-29 00:47
219,81,7802,2026-07-12 07:38,2026-07-12 08:04
220,95,9581,2026-07-24 06:51,2026-07-24 08:51
221,12,1457,2026-07-20 04:54,2026-07-20 05:29
222,47,4759,2026-07-17 15:14,2026-07-17 15:45
223,79,5867,2026-07-11 18:28,2026-07-11 19:53
224,16,3371,2026-07-04 13:33,2026-07-04 14:13
225,89,1696,2026-07-15 16:56,NULL
226,33,2097,2026-07-20 12:59,2026-07-20 14:24
227,71,437,2026-07-27 05:20,2026-07-27 06:17
228,76,2907,2026-07-15 18:42,2026-07-15 20:12
229,36,8358,2026-07-13 03:54,2026-07-13 05:28
230,53,3502,2026-07-05 02:06,2026-07-05 02:40
231,7,5679,2026-07-27 10:38,2026-07-27 12:18
232,50,3463,2026-07-27 04:11,2026-07-27 04:26
233,96,9825,2026-07-14 11:56,2026-07-14 12:24
234,42,6438,2026-07-28 20:03,2026-07-28 20:56
235,57,8827,2026-07-14 10:34,2026-07-14 11:40
236,81,7729,2026-07-22 08:23,2026-07-22 08:55
237,56,2097,2026-07-12 05:47,2026-07-12 05:57
238,13,6104,2026-07-18 12:29,2026-07-18 13:06
239,37,9484,2026-07-23 10:00,2026-07-23 11:30
240,23,28,2026-07-08 13:39,NULL
241,37,7678,2026-07-20 16:32,2026-07-20 16:54
242,31,9587,2026-07-17 01:32,NULL
243,86,3773,2026-07-13 12:08,2026-07-13 13:25
244,13,6576,2026-07-23 17:21,2026-07-23 18:35
245,80,6915,2026-07-18 01:48,2026-07-18 02:11
246,34,1058,2026-07-24 22:28,2026-07-24 23:08
247,23,633,2026-07-26 22:59,2026-07-27 00:29
248,17,8641,2026-07-15 17:35,2026-07-15 18:40
249,7,1410,2026-07-11 07:34,2026-07-11 09:31
250,38,4491,2026-07-21 00:10,2026-07-21 01:04
251,12,1749,2026-07-19 04:52,2026-07-19 05:50
252,58,5282,2026-07-12 09:31,2026-07-12 11:17
253,99,9769,2026-07-28 03:29,2026-07-28 04:28
254,12,9971,2026-07-15 23:53,2026-07-16 00:53
255,33,6613,2026-07-12 22:30,2026-07-12 23:39
256,98,380,2026-07-17 00:20,2026-07-17 01:58
257,49,4177,2026-07-13 15:39,NULL
258,48,8000,2026-07-13 19:17,2026-07-13 20:58
259,22,1469,2026-07-24 21:30,2026-07-24 22:58
260,28,1926,2026-07-04 07:11,2026-07-04 07:52
261,93,2254,2026-07-18 00:30,2026-07-18 00:51
262,11,3488,2026-07-30 21:21,2026-07-30 22:19
263,15,2577,2026-07-30 12:30,2026-07-30 13:11
264,77,1075,2026-07-10 12:04,2026-07-10 14:03
265,47,7253,2026-07-22 16:35,2026-07-22 17:13
266,89,4340,2026-07-27 23:02,2026-07-27 23:59
267,1,2447,2026-07-16 13:00,2026-07-16 13:54
268,9,3015,2026-07-09 19:05,2026-07-09 20:00
269,18,4765,2026-07-05 15:06,2026-07-05 15:31
270,48,3653,2026-07-14 21:14,2026-07-14 22:19
271,49,6674,2026-07-10 15:59,2026-07-10 17:14
272,69,7645,2026-07-04 17:02,2026-07-04 18:29
273,8,8332,2026-07-27 22:20,2026-07-27 22:42
274,53,6016,2026-07-19 17:49,2026-07-19 19:21
275,80,88,2026-07-23 10:05,2026-07-23 10:16
276,78,9787,2026-07-08 01:51,2026-07-08 02:52
277,63,6473,2026-07-14 19:55,2026-07-14 20:14
278,61,3671,2026-07-21 23:30,2026-07-22 01:27
279,48,8570,2026-07-14 14:20,NULL
280,90,3885,2026-07-04 00:10,2026-07-04 01:13
281,54,8871,2026-07-12 06:21,2026-07-12 07:20
282,57,4473,2026-07-06 15:29,2026-07-06 17:10
283,26,5298,2026-07-29 23:34,2026-07-29 23:58
284,92,7129,2026-07-29 17:15,NULL
285,18,4419,2026-07-01 12:21,2026-07-01 14:09
286,12,5456,2026-07-22 13:54,2026-07-22 14:40
287,81,8359,2026-07-27 21:21,2026-07-27 22:07
288,24,9963,2026-07-18 04:01,2026-07-18 05:54
289,91,4975,2026-07-28 00:25,2026-07-28 02:14
290,14,5833,2026-07-18 16:38,2026-07-18 16:49
291,11,3560,2026-07-03 20:43,2026-07-03 21:29
292,96,5768,2026-07-28 07:55,2026-07-28 09:37
293,60,9356,2026-07-28 03:43,2026-07-28 04:31
294,61,2431,2026-07-19 09:10,2026-07-19 09:41
295,83,2978,2026-07-21 00:18,NULL
296,82,5644,2026-07-21 21:09,2026-07-21 21:30
297,45,9541,2026-07-20 04:08,2026-07-20 05:20
298,85,6276,2026-07-20 07:21,2026-07-20 08:42
299,95,6043,2026-07-26 05:10,2026-07-26 05:36
300,56,1395,2026-07-18 02:27,2026-07-18 03:32
301,81,9556,2026-07-16 11:14,2026-07-16 12:50
302,61,9954,2026-07-28 12:33,2026-07-28 14:07
303,2,9528,2026-07-20 06:59,2026-07-20 07:15
304,55,2114,2026-07-11 18:42,2026-07-11 20:05
305,5,4980,2026-07-16 11:40,NULL
306,40,7845,2026-07-04 19:15,NULL
307,46,3342,2026-07-27 16:17,2026-07-27 17:04
308,38,7378,2026-07-10 06:44,2026-07-10 07:23
309,43,8982,2026-07-27 20:30,2026-07-27 21:34
310,25,3726,2026-07-20 19:17,2026-07-20 20:53
311,25,5149,2026-07-01 13:30,2026-07-01 14:18
312,3,6024,2026-07-22 08:37,2026-07-22 09:00
313,57,8572,2026-07-09 00:10,2026-07-09 00:53
314,57,5802,2026-07-05 14:02,2026-07-05 14:44
315,93,6295,2026-07-10 17:11,2026-07-10 19:03
316,29,323,2026-07-04 12:29,2026-07-04 12:54
317,55,4791,2026-07-09 21:00,2026-07-09 21:26
318,42,578,2026-07-08 02:41,2026-07-08 03:06
319,45,1376,2026-07-02 13:04,2026-07-02 15:00
320,14,5596,2026-07-05 03:14,NULL
321,83,9400,2026-07-24 22:41,2026-07-25 00:41
322,5,9202,2026-07-06 01:57,2026-07-06 03:36
323,28,141,2026-07-29 15:54,2026-07-29 17:29
324,59,905,2026-07-08 01:49,2026-07-08 03:35
325,57,1685,2026-07-03 13:45,2026-07-03 14:01
326,100,1238,2026-07-01 21:17,2026-07-01 22:25
327,66,9069,2026-07-08 07:57,2026-07-08 09:23
328,15,1081,2026-07-15 05:59,2026-07-15 06:58
329,73,8046,2026-07-05 05:45,2026-07-05 06:56
330,82,3448,2026-07-14 05:28,2026-07-14 06:47
331,3,5378,2026-07-26 06:28,NULL
332,24,616,2026-07-20 02:42,NULL
333,94,5935,2026-07-23 21:47,2026-07-23 22:46
334,74,4642,2026-07-18 10:53,2026-07-18 12:07
335,57,9181,2026-07-03 03:34,2026-07-03 04:13
336,33,3110,2026-07-23 20:08,2026-07-23 20:23
337,15,9237,2026-07-08 07:44,2026-07-08 08:20
338,6,5051,2026-07-10 22:26,2026-07-10 22:59
339,13,1137,2026-07-01 16:21,2026-07-01 17:40
340,12,7112,2026-07-11 19:00,NULL
341,13,5739,2026-07-05 12:42,2026-07-05 13:14
342,9,8304,2026-07-15 12:59,2026-07-15 13:30
343,39,3049,2026-07-20 18:27,2026-07-20 19:59
344,12,4080,2026-07-01 04:52,2026-07-01 05:21
345,75,4252,2026-07-18 21:21,2026-07-18 21:56
346,92,9701,2026-07-10 04:20,2026-07-10 05:18
347,68,4295,2026-07-07 04:44,2026-07-07 06:09
348,86,3831,2026-07-16 21:04,2026-07-16 21:35
349,13,9730,2026-07-24 08:05,2026-07-24 08:35
350,85,7604,2026-07-01 12:23,2026-07-01 14:08
351,45,3161,2026-07-06 02:00,2026-07-06 03:56
352,63,2088,2026-07-20 19:37,2026-07-20 20:03
353,49,2898,2026-07-07 14:30,2026-07-07 15:30
354,19,4738,2026-07-06 19:44,2026-07-06 20:36
355,100,1070,2026-07-13 10:04,2026-07-13 11:29
356,95,872,2026-07-07 13:12,2026-07-07 14:18
357,3,4795,2026-07-09 21:31,NULL
358,63,4445,2026-07-18 02:23,2026-07-18 04:07
359,31,238,2026-07-19 14:06,NULL
360,58,3471,2026-07-02 19:44,2026-07-02 20:29
361,11,9438,2026-07-05 18:08,2026-07-05 19:09
362,91,6428,2026-07-03 23:30,2026-07-04 00:05
363,13,3026,2026-07-11 13:10,2026-07-11 14:26
364,15,1600,2026-07-07 06:08,2026-07-07 07:17
365,13,7742,2026-07-13 18:39,2026-07-13 19:21
366,74,6974,2026-07-18 14:50,2026-07-18 16:20
367,85,4151,2026-07-14 16:00,2026-07-14 16:59
368,99,3638,2026-07-17 19:26,2026-07-17 20:37
369,93,5026,2026-07-20 19:30,2026-07-20 20:55
370,82,3257,2026-07-26 21:50,2026-07-26 23:19
371,14,789,2026-07-05 10:30,2026-07-05 12:25
372,86,5073,2026-07-12 14:05,2026-07-12 14:34
373,91,3223,2026-07-27 01:01,2026-07-27 02:50
374,20,3562,2026-07-06 15:42,2026-07-06 16:38
375,100,9832,2026-07-03 14:02,2026-07-03 15:46
376,90,8919,2026-07-01 01:59,2026-07-01 02:40
377,39,9499,2026-07-25 07:17,2026-07-25 07:37
378,10,6355,2026-07-22 02:38,2026-07-22 03:22
379,87,5666,2026-07-02 04:51,2026-07-02 05:11
380,88,7218,2026-07-08 15:20,2026-07-08 16:10
381,22,8443,2026-07-20 07:30,2026-07-20 09:18
382,20,6931,2026-07-03 15:53,2026-07-03 17:28
383,36,2400,2026-07-04 07:32,2026-07-04 09:18
384,18,88,2026-07-09 08:08,2026-07-09 08:35
385,10,9983,2026-07-04 02:12,2026-07-04 02:42
386,36,4821,2026-07-02 00:59,2026-07-02 01:55
387,11,7190,2026-07-15 05:46,2026-07-15 06:11
388,88,7876,2026-07-06 22:07,2026-07-06 22:37
389,81,4036,2026-07-21 04:38,2026-07-21 06:33
390,78,9698,2026-07-24 04:53,2026-07-24 05:26
391,88,1679,2026-07-26 19:59,2026-07-26 20:43
392,86,7762,2026-07-11 21:13,2026-07-11 22:26
393,75,2319,2026-07-20 20:47,2026-07-20 21:15
394,7,6453,2026-07-17 20:34,2026-07-17 21:53
395,30,552,2026-07-01 16:20,2026-07-01 17:20
396,25,2392,2026-07-20 08:06,2026-07-20 08:18
397,4,6735,2026-07-24 06:19,2026-07-24 07:39
398,38,8992,2026-07-04 05:13,NULL
399,29,692,2026-07-11 03:56,2026-07-11 05:21
400,99,5750,2026-07-05 07:06,2026-07-05 07:16
401,6,325,2026-07-04 07:13,2026-07-04 07:27
402,84,3142,2026-07-26 01:23,2026-07-26 02:04
403,11,8425,2026-07-20 00:05,2026-07-20 01:10
404,26,1324,2026-07-18 14:02,2026-07-18 14:24
405,70,7784,2026-07-10 18:58,2026-07-10 19:23
406,78,2658,2026-07-20 08:52,2026-07-20 09:02
407,71,2123,2026-07-30 02:39,2026-07-30 04:23
408,13,2866,2026-07-04 05:10,2026-07-04 05:27
409,53,9264,2026-07-07 17:44,2026-07-07 18:46
410,25,4155,2026-07-30 04:54,2026-07-30 05:31
411,55,2761,2026-07-16 15:23,2026-07-16 16:24
412,18,7519,2026-07-05 04:45,2026-07-05 06:08
413,27,4290,2026-07-07 07:34,2026-07-07 07:49
414,29,6877,2026-07-27 20:15,2026-07-27 22:14
415,59,3428,2026-07-25 23:03,2026-07-26 00:46
416,47,1646,2026-07-28 07:14,2026-07-28 08:49
417,52,5559,2026-07-09 03:08,2026-07-09 04:11
418,80,271,2026-07-09 22:34,NULL
419,66,5637,2026-07-12 10:56,NULL
420,77,1803,2026-07-05 22:54,2026-07-05 23:25
421,74,5445,2026-07-28 04:42,2026-07-28 05:03
422,44,1217,2026-07-11 16:39,2026-07-11 18:31
423,1,9794,2026-07-30 17:40,2026-07-30 17:50
424,87,1454,2026-07-30 14:58,2026-07-30 15:43
425,14,5075,2026-07-20 00:51,NULL
426,74,2846,2026-07-08 16:18,2026-07-08 17:58
427,22,5759,2026-07-15 03:05,2026-07-15 04:26
428,96,4254,2026-07-16 18:39,2026-07-16 19:23
429,76,271,2026-07-18 06:23,2026-07-18 08:02
430,52,8692,2026-07-23 23:12,NULL
431,91,1843,2026-07-16 20:41,2026-07-16 22:28
432,11,3098,2026-07-18 10:45,2026-07-18 11:40
433,85,8858,2026-07-02 15:50,2026-07-02 16:23
434,77,7331,2026-07-16 11:13,2026-07-16 12:46
435,97,6371,2026-07-02 23:09,2026-07-02 23:35
436,66,7977,2026-07-15 07:20,2026-07-15 08:37
437,82,7174,2026-07-21 21:13,2026-07-21 21:23
438,37,7829,2026-07-12 03:33,2026-07-12 05:05
439,88,9104,2026-07-18 14:41,2026-07-18 15:56
440,12,634,2026-07-13 00:04,NULL
441,51,9258,2026-07-11 14:40,2026-07-11 14:52
442,49,1537,2026-07-14 14:04,2026-07-14 14:18
443,60,3235,2026-07-06 18:24,2026-07-06 19:09
444,26,7521,2026-07-16 16:11,2026-07-16 16:46
445,24,8931,2026-07-25 15:47,2026-07-25 16:35
446,50,685,2026-07-07 03:09,2026-07-07 04:00
447,71,5844,2026-07-29 11:52,2026-07-29 13:11
448,100,2536,2026-07-21 09:23,2026-07-21 09:59
449,66,4183,2026-07-27 10:57,2026-07-27 12:14
450,13,748,2026-07-11 10:39,2026-07-11 11:00
451,79,5657,2026-07-22 17:35,2026-07-22 19:30
452,100,3258,2026-07-23 03:12,2026-07-23 03:55
453,96,6437,2026-07-14 05:49,2026-07-14 06:51
454,16,5819,2026-07-23 20:11,2026-07-23 22:00
455,74,7431,2026-07-20 06:43,2026-07-20 08:03
456,16,6303,2026-07-20 11:20,2026-07-20 12:12
457,68,3803,2026-07-02 20:26,2026-07-02 21:52
458,62,6238,2026-07-21 17:08,2026-07-21 18:03
459,75,4614,2026-07-27 16:01,2026-07-27 17:08
460,21,1157,2026-07-26 21:03,2026-07-26 22:08
461,5,2121,2026-07-30 16:40,2026-07-30 16:54
462,53,8157,2026-07-03 13:07,2026-07-03 13:39
463,78,9176,2026-07-25 00:25,2026-07-25 00:55
464,33,9179,2026-07-18 03:34,2026-07-18 04:22
465,50,3351,2026-07-07 18:33,2026-07-07 19:09
466,92,6947,2026-07-17 05:07,NULL
467,82,4899,2026-07-24 06:55,2026-07-24 08:04
468,95,9628,2026-07-21 12:37,2026-07-21 13:35
469,91,1283,2026-07-26 11:11,2026-07-26 12:15
470,96,7365,2026-07-12 19:19,2026-07-12 21:03
471,54,3474,2026-07-07 17:00,2026-07-07 17:20
472,38,2097,2026-07-29 17:41,2026-07-29 18:08
473,40,1981,2026-07-15 23:52,2026-07-16 01:10
474,26,2602,2026-07-20 21:44,2026-07-20 23:31
475,84,701,2026-07-06 08:50,2026-07-06 10:06
476,50,7140,2026-07-02 18:18,2026-07-02 19:01
477,71,8584,2026-07-14 08:17,2026-07-14 09:01
478,51,7986,2026-07-01 03:15,NULL
479,30,5308,2026-07-19 22:06,2026-07-19 23:37
480,79,6001,2026-07-11 00:48,2026-07-11 02:20
481,28,1372,2026-07-22 08:19,NULL
482,87,1896,2026-07-28 14:04,2026-07-28 15:23
483,64,9367,2026-07-10 16:23,2026-07-10 17:30
484,28,9049,2026-07-18 11:36,2026-07-18 12:46
485,86,8259,2026-07-24 22:44,2026-07-25 00:11
486,21,252,2026-07-28 08:19,2026-07-28 08:45
487,15,4839,2026-07-25 02:53,2026-07-25 04:49
488,29,2103,2026-07-02 20:17,2026-07-02 20:36
489,88,5796,2026-07-24 04:05,2026-07-24 05:59
490,59,6434,2026-07-27 18:38,2026-07-27 20:00
491,59,2607,2026-07-22 07:16,2026-07-22 08:23
492,84,8334,2026-07-16 10:51,2026-07-16 11:10
493,33,1997,2026-07-12 07:31,2026-07-12 08:55
494,45,220,2026-07-30 12:35,2026-07-30 14:32
495,16,7395,2026-07-24 08:52,NULL
496,70,5253,2026-07-17 22:43,2026-07-17 23:12
497,2,6436,2026-07-14 23:13,2026-07-14 23:23
498,58,4514,2026-07-18 04:44,2026-07-18 05:39
499,16,6895,2026-07-18 17:28,NULL
500,97,6471,2026-07-07 17:28,2026-07-07 18:08
501,39,3497,2026-07-01 22:39,NULL
502,7,5490,2026-07-25 10:38,2026-07-25 12:06
503,6,7082,2026-07-26 14:15,2026-07-26 16:12
504,37,5252,2026-07-11 10:50,2026-07-11 12:40
505,56,6548,2026-07-22 17:32,2026-07-22 18:03
506,47,5763,2026-07-06 21:48,2026-07-06 23:32
507,42,3846,2026-07-28 11:43,2026-07-28 13:23
508,94,6969,2026-07-30 18:27,2026-07-30 20:22
509,51,2131,2026-07-11 14:36,2026-07-11 16:14
510,86,9651,2026-07-17 21:44,2026-07-17 23:05
511,60,5438,2026-07-29 20:54,NULL
512,45,1143,2026-07-05 00:55,2026-07-05 01:12
513,32,1775,2026-07-23 00:27,2026-07-23 01:23
514,93,3090,2026-07-10 17:39,2026-07-10 19:31
515,65,6750,2026-07-18 19:41,2026-07-18 20:23
516,5,7451,2026-07-29 12:27,2026-07-29 14:25
517,16,8750,2026-07-05 07:34,2026-07-05 09:06
518,34,9833,2026-07-18 23:52,2026-07-19 01:05
519,29,3654,2026-07-09 02:38,2026-07-09 04:37
520,64,915,2026-07-22 09:11,2026-07-22 11:11
521,97,9107,2026-07-29 15:16,2026-07-29 16:23
522,92,3360,2026-07-20 14:03,2026-07-20 14:46
523,24,6524,2026-07-07 02:00,2026-07-07 03:41
524,67,4827,2026-07-24 23:35,2026-07-25 00:35
525,2,4937,2026-07-11 07:37,2026-07-11 09:09
526,99,9609,2026-07-22 13:08,2026-07-22 13:46
527,98,1702,2026-07-12 08:59,2026-07-12 10:22
528,10,9779,2026-07-30 21:59,2026-07-30 22:34
529,31,708,2026-07-24 18:18,2026-07-24 18:59
530,29,7863,2026-07-20 00:56,2026-07-20 02:19
531,38,3883,2026-07-02 07:03,2026-07-02 08:37
532,75,1214,2026-07-28 16:23,2026-07-28 17:36
533,90,6728,2026-07-04 01:48,2026-07-04 03:23
534,96,1191,2026-07-07 00:51,2026-07-07 01:52
535,18,8303,2026-07-19 17:09,2026-07-19 17:47
536,2,273,2026-07-01 21:55,2026-07-01 22:46
537,94,7305,2026-07-25 20:37,2026-07-25 21:36
538,37,9376,2026-07-23 07:00,2026-07-23 08:40
539,19,8642,2026-07-21 20:10,2026-07-21 21:44
540,81,860,2026-07-05 08:56,2026-07-05 10:47
541,37,8859,2026-07-22 04:14,NULL
542,61,9195,2026-07-04 20:15,2026-07-04 21:00
543,56,6126,2026-07-05 05:21,2026-07-05 07:00
544,9,3004,2026-07-27 22:51,2026-07-28 00:11
545,86,9620,2026-07-08 22:41,2026-07-08 23:13
546,23,2566,2026-07-11 21:13,2026-07-11 22:05
547,9,2975,2026-07-04 17:10,2026-07-04 17:30
548,64,2453,2026-07-25 23:09,NULL
549,31,7380,2026-07-14 09:12,2026-07-14 09:31
550,3,928,2026-07-21 01:32,2026-07-21 03:09
551,4,9891,2026-07-08 13:02,2026-07-08 13:23
552,82,5188,2026-07-24 06:30,2026-07-24 07:28
553,73,9822,2026-07-21 04:56,2026-07-21 06:48
554,32,6388,2026-07-24 22:06,2026-07-24 23:24
555,21,6729,2026-07-05 00:15,2026-07-05 01:52
556,83,3887,2026-07-04 12:51,2026-07-04 14:50
557,76,4742,2026-07-10 07:21,2026-07-10 07:52
558,29,4797,2026-07-03 20:44,NULL
559,98,7252,2026-07-18 08:08,2026-07-18 09:19
560,36,7215,2026-07-07 11:40,2026-07-07 12:15
561,41,9852,2026-07-16 02:20,NULL
562,12,1670,2026-07-25 03:19,NULL
563,99,1892,2026-07-14 08:11,2026-07-14 09:48
564,78,7032,2026-07-15 13:41,2026-07-15 14:31
565,27,2924,2026-07-05 15:54,2026-07-05 16:23
566,75,8224,2026-07-21 01:20,2026-07-21 03:06
567,62,7806,2026-07-03 20:14,2026-07-03 21:44
568,63,6198,2026-07-11 17:07,2026-07-11 17:46
569,30,9784,2026-07-24 08:02,2026-07-24 10:00
570,30,9682,2026-07-09 23:29,2026-07-10 01:16
571,71,9233,2026-07-11 14:45,2026-07-11 16:08
572,16,6179,2026-07-02 03:41,2026-07-02 05:05
573,51,388,2026-07-09 07:20,2026-07-09 09:19
574,14,7550,2026-07-18 16:28,2026-07-18 18:04
575,93,1024,2026-07-18 21:59,2026-07-18 23:33
576,77,3396,2026-07-13 04:13,2026-07-13 05:03
577,73,523,2026-07-08 06:39,2026-07-08 07:55
578,22,2515,2026-07-06 06:53,2026-07-06 07:26
579,80,3500,2026-07-20 21:16,2026-07-20 22:38
580,2,609,2026-07-27 01:40,NULL
581,57,7936,2026-07-03 21:03,2026-07-03 22:39
582,40,245,2026-07-25 19:25,2026-07-25 21:19
583,40,3371,2026-07-20 20:16,2026-07-20 20:33
584,97,287,2026-07-04 15:35,2026-07-04 16:40
585,11,9691,2026-07-05 22:43,2026-07-05 23:10
586,18,8001,2026-07-14 09:27,2026-07-14 11:04
587,85,6319,2026-07-15 19:31,2026-07-15 20:11
588,38,6655,2026-07-10 20:45,2026-07-10 21:09
589,82,1804,2026-07-16 17:20,2026-07-16 18:09
590,16,6765,2026-07-15 09:03,2026-07-15 10:08
591,93,6541,2026-07-04 11:03,2026-07-04 13:03
592,100,4158,2026-07-02 12:02,2026-07-02 12:28
593,27,1949,2026-07-11 09:39,2026-07-11 11:02
594,45,661,2026-07-04 08:30,2026-07-04 09:47
595,72,7707,2026-07-10 02:39,2026-07-10 03:27
596,57,8807,2026-07-18 12:11,2026-07-18 12:30
597,32,9961,2026-07-21 03:23,2026-07-21 03:46
598,16,944,2026-07-02 00:41,2026-07-02 02:20
599,79,7283,2026-07-10 22:47,2026-07-10 23:59
600,16,1012,2026-07-16 05:52,2026-07-16 07:20
601,96,9483,2026-07-18 23:57,2026-07-19 01:36
602,82,2965,2026-07-27 06:24,2026-07-27 07:01
603,34,8334,2026-07-02 08:14,2026-07-02 08:27
604,60,7050,2026-07-19 12:20,2026-07-19 14:05
605,59,1783,2026-07-23 07:53,2026-07-23 09:27
606,79,6176,2026-07-06 20:23,NULL
607,72,8311,2026-07-30 14:59,NULL
608,90,3435,2026-07-30 11:34,2026-07-30 12:35
609,89,7086,2026-07-16 02:57,2026-07-16 04:46
610,35,5690,2026-07-26 19:55,2026-07-26 20:34
611,84,8499,2026-07-06 02:12,2026-07-06 03:25
612,53,616,2026-07-15 08:20,2026-07-15 08:34
613,30,2448,2026-07-19 16:26,2026-07-19 18:11
614,64,7398,2026-07-25 10:16,2026-07-25 11:56
615,45,5143,2026-07-12 17:23,2026-07-12 19:14
616,58,7455,2026-07-28 09:16,2026-07-28 11:06
617,14,632,2026-07-06 03:54,2026-07-06 05:02
618,66,5032,2026-07-26 13:57,2026-07-26 15:55
619,70,490,2026-07-14 13:54,NULL
620,61,626,2026-07-14 23:03,2026-07-15 00:06
621,18,3812,2026-07-16 20:33,2026-07-16 22:03
622,58,4081,2026-07-08 22:16,2026-07-08 22:28
623,76,710,2026-07-21 23:39,NULL
624,88,6733,2026-07-11 10:17,2026-07-11 12:05
625,10,6645,2026-07-17 09:52,2026-07-17 10:44
626,62,8105,2026-07-26 21:10,NULL
627,10,5551,2026-07-23 16:40,2026-07-23 18:23
628,54,3493,2026-07-20 20:32,2026-07-20 22:23
629,73,895,2026-07-07 03:00,NULL
630,9,4051,2026-07-05 07:06,NULL
631,23,2485,2026-07-27 02:34,2026-07-27 03:16
632,65,1777,2026-07-16 21:39,2026-07-16 22:20
633,39,4467,2026-07-29 19:55,2026-07-29 20:37
634,8,4147,2026-07-23 00:59,NULL
635,1,6677,2026-07-22 14:13,2026-07-22 14:33
636,11,4002,2026-07-20 14:24,2026-07-20 16:20
637,97,1152,2026-07-15 04:08,2026-07-15 04:42
638,51,854,2026-07-22 22:53,2026-07-22 23:18
639,77,4233,2026-07-11 21:50,2026-07-11 22:46
640,62,8725,2026-07-08 12:30,2026-07-08 14:12
641,55,2110,2026-07-27 10:33,2026-07-27 11:30
642,83,457,2026-07-16 22:25,2026-07-16 23:58
643,45,9563,2026-07-27 01:17,2026-07-27 03:08
644,89,376,2026-07-16 00:31,2026-07-16 00:58
645,79,5451,2026-07-28 14:48,2026-07-28 16:15
646,92,2520,2026-07-01 05:30,2026-07-01 06:53
647,13,8052,2026-07-04 16:37,NULL
648,92,3556,2026-07-07 10:28,2026-07-07 11:49
649,27,8375,2026-07-29 07:41,2026-07-29 08:43
650,86,4205,2026-07-24 01:09,2026-07-24 02:52
651,96,1448,2026-07-01 12:43,2026-07-01 14:33
652,33,4860,2026-07-16 04:29,2026-07-16 05:22
653,35,8227,2026-07-08 04:58,2026-07-08 05:20
654,19,932,2026-07-17 18:24,2026-07-17 19:06
655,86,8535,2026-07-20 10:02,2026-07-20 11:07
656,14,4194,2026-07-12 14:56,2026-07-12 15:40
657,53,2722,2026-07-27 09:56,2026-07-27 10:27
658,5,846,2026-07-04 18:46,NULL
659,7,5527,2026-07-23 17:06,2026-07-23 17:32
660,97,2189,2026-07-01 06:15,2026-07-01 07:26
661,98,395,2026-07-20 19:48,2026-07-20 21:35
662,74,1690,2026-07-17 06:17,2026-07-17 08:01
663,26,3791,2026-07-05 13:32,2026-07-05 14:25
664,46,1754,2026-07-22 05:19,2026-07-22 07:00
665,85,1744,2026-07-12 07:28,2026-07-12 09:24
666,63,5918,2026-07-16 19:47,2026-07-16 20:58
667,68,4741,2026-07-17 21:18,NULL
668,24,1953,2026-07-11 04:33,NULL
669,42,6444,2026-07-14 04:36,2026-07-14 05:27
670,22,8201,2026-07-28 23:06,2026-07-29 00:00
671,11,6780,2026-07-30 03:39,2026-07-30 05:24
672,93,2182,2026-07-30 03:53,2026-07-30 05:27
673,45,7971,2026-07-19 00:31,2026-07-19 01:04
674,31,692,2026-07-14 19:13,2026-07-14 20:11
675,18,1571,2026-07-04 09:29,2026-07-04 10:01
676,90,5584,2026-07-02 15:02,2026-07-02 17:00
677,67,6498,2026-07-26 11:55,2026-07-26 13:35
678,38,1180,2026-07-26 11:49,2026-07-26 13:49
679,56,4957,2026-07-19 06:37,NULL
680,71,9054,2026-07-24 11:16,2026-07-24 12:46
681,38,8810,2026-07-30 15:03,2026-07-30 16:11
682,37,704,2026-07-29 15:46,2026-07-29 16:07
683,48,3625,2026-07-13 21:19,2026-07-13 21:42
684,26,1042,2026-07-08 11:43,2026-07-08 13:07
685,19,1010,2026-07-23 15:04,2026-07-23 15:23
686,90,691,2026-07-17 18:00,2026-07-17 19:10
687,82,3734,2026-07-01 10:13,2026-07-01 11:41
688,82,4118,2026-07-29 04:27,2026-07-29 06:05
689,97,9623,2026-07-02 16:11,2026-07-02 18:07
690,68,8863,2026-07-26 14:24,2026-07-26 15:51
691,24,6778,2026-07-02 01:28,2026-07-02 02:32
692,82,4287,2026-07-21 01:28,2026-07-21 02:19
693,61,6811,2026-07-11 01:33,2026-07-11 01:59
694,58,6272,2026-07-07 13:23,NULL
695,49,5338,2026-07-19 12:12,2026-07-19 13:41
696,14,2430,2026-07-27 17:50,2026-07-27 18:01
697,1,5936,2026-07-17 14:34,2026-07-17 15:32
698,12,9608,2026-07-22 17:09,NULL
699,91,9720,2026-07-28 10:34,2026-07-28 11:53
700,44,3298,2026-07-19 06:13,2026-07-19 07:03
701,4,6836,2026-07-12 18:56,2026-07-12 19:24
702,6,7819,2026-07-21 12:34,2026-07-21 13:03
703,38,2754,2026-07-21 18:41,2026-07-21 20:23
704,54,4907,2026-07-28 01:44,2026-07-28 02:27
705,86,7557,2026-07-25 01:28,2026-07-25 02:20
706,71,9859,2026-07-07 14:54,NULL
707,4,7535,2026-07-07 20:59,2026-07-07 22:06
708,34,883,2026-07-22 14:11,2026-07-22 16:01
709,84,5456,2026-07-04 20:25,2026-07-04 20:39
710,78,5389,2026-07-09 21:43,2026-07-09 22:32
711,65,5799,2026-07-22 12:56,2026-07-22 13:40
712,49,608,2026-07-13 14:49,NULL
713,74,2758,2026-07-01 11:52,2026-07-01 13:08
714,30,7565,2026-07-19 21:54,2026-07-19 23:50
715,59,7566,2026-07-23 15:20,2026-07-23 15:45
716,98,6071,2026-07-17 16:38,2026-07-17 17:50
717,6,5143,2026-07-13 23:16,2026-07-14 00:23
718,69,3205,2026-07-21 18:05,2026-07-21 19:29
719,90,3655,2026-07-17 20:02,2026-07-17 21:04
720,33,6408,2026-07-14 04:04,2026-07-14 06:01
721,98,5105,2026-07-18 18:32,2026-07-18 19:53
722,9,2582,2026-07-12 21:56,2026-07-12 23:46
723,62,8367,2026-07-18 11:48,2026-07-18 13:38
724,41,3095,2026-07-28 10:16,2026-07-28 10:47
725,6,3284,2026-07-25 09:31,2026-07-25 11:00
726,99,5614,2026-07-11 13:13,2026-07-11 14:11
727,46,9502,2026-07-22 17:23,2026-07-22 17:42
728,3,1321,2026-07-09 09:20,2026-07-09 10:09
729,99,7287,2026-07-21 08:55,2026-07-21 10:23
730,68,8683,2026-07-26 19:12,2026-07-26 20:52
731,65,7508,2026-07-26 03:31,NULL
732,15,6146,2026-07-23 08:35,2026-07-23 09:19
733,61,5249,2026-07-12 05:03,2026-07-12 05:27
734,79,8441,2026-07-04 00:29,2026-07-04 01:34
735,50,3937,2026-07-01 15:31,2026-07-01 17:10
736,15,1034,2026-07-05 20:38,2026-07-05 22:25
737,73,7790,2026-07-09 07:49,2026-07-09 09:00
738,41,2617,2026-07-09 20:09,2026-07-09 20:57
739,88,6648,2026-07-11 01:52,2026-07-11 03:01
740,56,1393,2026-07-08 12:09,2026-07-08 12:38
741,20,7800,2026-07-27 13:00,2026-07-27 14:35
742,78,1485,2026-07-08 03:37,2026-07-08 04:13
743,43,4978,2026-07-11 20:14,2026-07-11 22:10
744,77,5248,2026-07-11 06:35,2026-07-11 07:57
745,33,1159,2026-07-20 13:34,2026-07-20 15:05
746,90,9978,2026-07-11 14:52,2026-07-11 15:12
747,100,522,2026-07-01 02:30,2026-07-01 04:15
748,93,9259,2026-07-29 21:17,NULL
749,34,1483,2026-07-23 02:24,2026-07-23 04:03
750,62,2213,2026-07-01 10:07,2026-07-01 11:18
751,5,3474,2026-07-16 11:38,2026-07-16 12:56
752,99,6635,2026-07-23 04:58,2026-07-23 05:44
753,20,7115,2026-07-08 21:31,2026-07-08 22:51
754,64,8662,2026-07-22 05:53,2026-07-22 06:16
755,15,3616,2026-07-25 14:02,2026-07-25 15:44
756,45,8151,2026-07-20 03:20,2026-07-20 04:44
757,68,5769,2026-07-25 18:19,2026-07-25 18:55
758,48,4234,2026-07-26 17:28,2026-07-26 19:10
759,89,1872,2026-07-06 22:36,2026-07-06 23:01
760,24,2270,2026-07-12 06:48,2026-07-12 08:28
761,48,6633,2026-07-29 16:44,2026-07-29 17:16
762,21,5168,2026-07-26 20:36,2026-07-26 20:56
763,37,9466,2026-07-08 23:26,2026-07-08 23:47
764,2,2399,2026-07-02 07:23,2026-07-02 09:00
765,71,967,2026-07-17 14:25,2026-07-17 15:17
766,100,9541,2026-07-18 01:14,2026-07-18 01:47
767,41,5879,2026-07-23 04:56,2026-07-23 06:32
768,94,9941,2026-07-22 06:03,2026-07-22 06:30
769,16,7610,2026-07-20 18:58,2026-07-20 20:20
770,69,3485,2026-07-09 05:34,NULL
771,98,3631,2026-07-19 20:32,2026-07-19 21:44
772,26,6589,2026-07-04 23:23,2026-07-05 00:47
773,41,9767,2026-07-08 14:17,2026-07-08 16:03
774,5,9982,2026-07-08 20:10,2026-07-08 21:50
775,72,6694,2026-07-08 10:28,2026-07-08 10:58
776,10,5893,2026-07-22 11:05,2026-07-22 11:32
777,31,3554,2026-07-21 08:34,2026-07-21 09:17
778,55,8624,2026-07-19 22:19,NULL
779,68,4478,2026-07-21 03:58,2026-07-21 04:17
780,84,6255,2026-07-11 00:48,2026-07-11 02:29
781,71,1095,2026-07-17 01:36,2026-07-17 02:56
782,22,6330,2026-07-30 17:48,2026-07-30 19:12
783,61,4386,2026-07-25 12:50,2026-07-25 14:37
784,71,4197,2026-07-26 05:03,2026-07-26 07:02
785,52,9910,2026-07-18 12:00,2026-07-18 12:11
786,6,747,2026-07-29 17:05,2026-07-29 17:54
787,94,5745,2026-07-05 09:13,2026-07-05 10:24
788,68,3788,2026-07-18 01:45,NULL
789,70,4793,2026-07-20 07:46,NULL
790,56,5106,2026-07-10 11:37,NULL
791,50,6416,2026-07-27 08:58,2026-07-27 10:15
792,37,4871,2026-07-28 01:02,2026-07-28 02:07
793,49,57,2026-07-11 18:11,2026-07-11 19:49
794,62,4221,2026-07-02 09:21,2026-07-02 10:13
795,54,1971,2026-07-25 20:45,2026-07-25 22:07
796,41,2284,2026-07-13 21:11,2026-07-13 22:31
797,72,1824,2026-07-10 16:38,2026-07-10 18:11
798,3,5887,2026-07-12 07:27,2026-07-12 08:37
799,98,4367,2026-07-03 06:36,2026-07-03 07:43
800,58,9792,2026-07-18 12:28,2026-07-18 13:41
801,27,8575,2026-07-06 10:29,2026-07-06 10:43
802,50,2992,2026-07-06 04:55,2026-07-06 05:54
803,73,5556,2026-07-18 15:18,2026-07-18 17:04
804,41,751,2026-07-07 07:31,2026-07-07 09:20
805,43,3317,2026-07-03 19:06,2026-07-03 20:43
806,53,9556,2026-07-17 18:44,2026-07-17 19:37
807,77,8262,2026-07-24 17:44,2026-07-24 19:20
808,24,7522,2026-07-14 14:50,2026-07-14 16:45
809,100,3028,2026-07-01 14:37,2026-07-01 15:16
810,34,7630,2026-07-27 08:55,2026-07-27 10:45
811,95,8508,2026-07-04 23:17,2026-07-04 23:53
812,4,6329,2026-07-06 18:00,2026-07-06 19:16
813,26,613,2026-07-16 11:35,2026-07-16 11:54
814,18,8579,2026-07-11 07:07,2026-07-11 08:25
815,45,9725,2026-07-03 23:28,2026-07-04 01:22
816,40,9835,2026-07-21 11:18,2026-07-21 12:57
817,38,6851,2026-07-29 18:34,2026-07-29 19:19
818,58,703,2026-07-26 08:51,2026-07-26 09:46
819,16,4409,2026-07-19 16:05,2026-07-19 18:01
820,12,3263,2026-07-23 06:19,2026-07-23 06:47
821,43,2687,2026-07-12 07:53,2026-07-12 09:39
822,20,3268,2026-07-20 03:12,2026-07-20 03:47
823,36,701,2026-07-22 17:31,2026-07-22 17:50
824,62,2584,2026-07-23 20:08,2026-07-23 22:02
825,4,7718,2026-07-03 12:57,2026-07-03 14:01
826,45,5650,2026-07-25 12:10,2026-07-25 14:07
827,89,4232,2026-07-12 12:12,2026-07-12 12:58
828,60,5063,2026-07-22 01:24,2026-07-22 02:30
829,20,4142,2026-07-01 16:53,NULL
830,40,2918,2026-07-17 20:43,2026-07-17 22:18
831,12,3758,2026-07-24 07:04,2026-07-24 08:10
832,4,9775,2026-07-29 00:18,2026-07-29 01:29
833,19,5507,2026-07-24 00:16,2026-07-24 01:53
834,96,8602,2026-07-01 06:51,2026-07-01 07:49
835,56,2940,2026-07-29 00:54,2026-07-29 01:51
836,84,2108,2026-07-03 14:04,2026-07-03 14:46
837,75,3675,2026-07-08 16:11,2026-07-08 17:26
838,58,6322,2026-07-13 16:46,2026-07-13 18:33
839,5,1640,2026-07-21 20:30,NULL
840,65,119,2026-07-21 08:16,2026-07-21 09:23
841,97,1509,2026-07-18 08:25,2026-07-18 09:52
842,26,9174,2026-07-05 11:00,2026-07-05 11:19
843,60,7835,2026-07-22 21:35,NULL
844,53,6844,2026-07-22 09:00,2026-07-22 10:11
845,38,9089,2026-07-17 14:54,2026-07-17 15:40
846,53,7720,2026-07-03 19:07,2026-07-03 19:25
847,61,4664,2026-07-06 19:12,2026-07-06 19:22
848,55,2374,2026-07-09 11:19,NULL
849,5,9313,2026-07-07 13:47,2026-07-07 14:02
850,36,2229,2026-07-11 06:57,2026-07-11 08:09
851,58,6951,2026-07-18 10:52,2026-07-18 12:15
852,65,2344,2026-07-17 04:07,2026-07-17 05:04
853,32,2738,2026-07-25 04:59,2026-07-25 06:33
854,5,9557,2026-07-05 08:06,2026-07-05 10:00
855,49,4766,2026-07-22 11:23,2026-07-22 12:38
856,67,448,2026-07-30 04:54,2026-07-30 05:15
857,58,3326,2026-07-08 03:23,2026-07-08 04:40
858,38,4414,2026-07-28 23:47,NULL
859,80,3655,2026-07-21 05:00,2026-07-21 05:24
860,43,478,2026-07-11 12:44,2026-07-11 13:33
861,4,4828,2026-07-18 01:43,2026-07-18 02:32
862,32,8338,2026-07-08 19:22,NULL
863,60,3437,2026-07-16 15:17,2026-07-16 16:47
864,99,6096,2026-07-26 21:40,2026-07-26 22:17
865,15,2432,2026-07-14 07:16,2026-07-14 07:50
866,36,1540,2026-07-21 16:31,2026-07-21 16:50
867,35,4531,2026-07-11 08:50,2026-07-11 09:08
868,67,1678,2026-07-27 17:39,2026-07-27 19:34
869,96,3386,2026-07-29 20:22,2026-07-29 21:00
870,76,5338,2026-07-23 08:17,2026-07-23 09:28
871,16,250,2026-07-23 01:28,2026-07-23 03:00
872,2,9008,2026-07-21 14:37,2026-07-21 15:39
873,8,7146,2026-07-20 06:42,2026-07-20 07:43
874,67,1399,2026-07-29 16:19,2026-07-29 17:00
875,99,7288,2026-07-12 21:10,2026-07-12 22:19
876,18,9133,2026-07-09 06:52,2026-07-09 07:46
877,84,2263,2026-07-20 13:09,2026-07-20 15:04
878,87,5393,2026-07-13 06:53,2026-07-13 07:15
879,76,3672,2026-07-27 09:15,2026-07-27 09:42
880,61,8035,2026-07-16 01:24,2026-07-16 03:09
881,87,3314,2026-07-15 03:49,2026-07-15 05:35
882,34,1937,2026-07-11 01:56,2026-07-11 02:57
883,24,2676,2026-07-30 06:14,2026-07-30 07:05
884,52,9040,2026-07-25 02:30,2026-07-25 03:03
885,24,2697,2026-07-13 20:16,2026-07-13 22:09
886,2,4881,2026-07-12 16:09,2026-07-12 18:03
887,12,3421,2026-07-28 20:11,2026-07-28 20:39
888,35,2618,2026-07-26 08:32,2026-07-26 09:44
889,41,5710,2026-07-17 14:40,2026-07-17 16:40
890,94,5804,2026-07-29 19:36,2026-07-29 20:23
891,63,3072,2026-07-30 15:43,2026-07-30 17:38
892,36,3055,2026-07-26 13:57,2026-07-26 14:42
893,85,4714,2026-07-24 18:57,2026-07-24 19:31
894,13,3591,2026-07-01 10:15,2026-07-01 10:43
895,57,1798,2026-07-12 06:58,2026-07-12 07:37
896,49,5254,2026-07-17 11:36,2026-07-17 12:54
897,23,9793,2026-07-03 21:58,2026-07-03 22:33
898,21,4270,2026-07-02 00:49,2026-07-02 01:00
899,3,7695,2026-07-10 03:53,2026-07-10 05:33
900,33,6752,2026-07-13 07:17,2026-07-13 08:26
901,76,3430,2026-07-24 20:00,2026-07-24 20:27
902,36,8715,2026-07-08 12:29,2026-07-08 12:48
903,41,9298,2026-07-21 21:23,2026-07-21 23:23
904,94,4746,2026-07-15 02:18,2026-07-15 04:17
905,94,2776,2026-07-19 01:22,2026-07-19 02:37
906,62,3785,2026-07-24 08:59,2026-07-24 10:54
907,42,5669,2026-07-04 10:32,2026-07-04 12:19
908,55,439,2026-07-18 20:55,2026-07-18 21:20
909,77,8674,2026-07-19 19:06,2026-07-19 19:24
910,4,1010,2026-07-14 06:51,2026-07-14 08:08
911,93,95,2026-07-24 01:00,2026-07-24 02:04
912,86,5621,2026-07-20 07:23,2026-07-20 08:50
913,22,7818,2026-07-10 22:12,2026-07-10 23:04
914,77,8468,2026-07-15 19:18,NULL
915,87,1008,2026-07-07 16:22,2026-07-07 16:32
916,43,3627,2026-07-01 10:03,2026-07-01 11:11
917,78,2592,2026-07-21 03:11,2026-07-21 04:45
918,23,6701,2026-07-28 18:08,2026-07-28 19:49
919,11,526,2026-07-20 06:17,2026-07-20 07:21
920,9,5008,2026-07-19 20:27,2026-07-19 20:37
921,8,7813,2026-07-26 07:36,2026-07-26 08:59
922,14,7121,2026-07-15 20:35,2026-07-15 21:11
923,12,7394,2026-07-06 21:21,2026-07-06 22:16
924,34,8309,2026-07-01 02:50,2026-07-01 04:12
925,53,2882,2026-07-10 13:03,2026-07-10 14:59
926,15,5480,2026-07-11 20:12,2026-07-11 21:38
927,45,9146,2026-07-11 08:08,2026-07-11 09:12
928,96,1248,2026-07-08 17:27,2026-07-08 18:36
929,89,9693,2026-07-03 07:50,2026-07-03 09:27
930,74,3228,2026-07-28 15:06,2026-07-28 15:40
931,92,9795,2026-07-30 10:27,2026-07-30 11:59
932,71,312,2026-07-27 08:23,2026-07-27 10:16
933,78,2932,2026-07-22 21:05,2026-07-22 22:12
934,92,5825,2026-07-12 07:11,2026-07-12 07:30
935,23,8423,2026-07-05 01:28,2026-07-05 02:32
936,67,8043,2026-07-21 11:58,2026-07-21 13:57
937,53,4194,2026-07-03 11:06,2026-07-03 12:22
938,61,9296,2026-07-11 18:42,2026-07-11 19:52
939,31,8439,2026-07-10 03:15,2026-07-10 04:17
940,77,9977,2026-07-21 14:32,2026-07-21 15:14
941,86,783,2026-07-16 02:27,2026-07-16 03:29
942,15,4025,2026-07-09 20:17,2026-07-09 20:59
943,36,4458,2026-07-21 22:32,2026-07-21 23:56
944,34,686,2026-07-13 13:26,2026-07-13 15:21
945,86,9965,2026-07-22 10:25,2026-07-22 11:04
946,91,8908,2026-07-15 20:23,2026-07-15 20:42
947,60,6927,2026-07-27 17:29,2026-07-27 17:53
948,48,8058,2026-07-07 03:02,2026-07-07 03:36
949,33,4684,2026-07-14 15:32,NULL
950,89,9693,2026-07-19 11:15,2026-07-19 13:05
951,77,7028,2026-07-17 14:02,2026-07-17 14:13
952,6,2928,2026-07-15 11:10,2026-07-15 12:55
953,75,1433,2026-07-14 02:03,2026-07-14 04:03
954,81,8870,2026-07-12 20:57,2026-07-12 22:32
955,97,8009,2026-07-02 06:54,2026-07-02 08:37
956,86,61,2026-07-22 10:40,2026-07-22 10:58
957,75,800,2026-07-24 11:09,NULL
958,19,9166,2026-07-03 10:21,2026-07-03 11:24
959,34,7723,2026-07-26 08:15,2026-07-26 09:46
960,83,2464,2026-07-05 01:05,2026-07-05 02:29
961,38,3739,2026-07-30 22:48,2026-07-31 00:45
962,77,8915,2026-07-17 18:39,2026-07-17 19:47
963,67,1506,2026-07-11 05:51,2026-07-11 07:15
964,8,2732,2026-07-04 22:21,2026-07-04 23:52
965,72,6231,2026-07-30 16:26,2026-07-30 17:41
966,57,6219,2026-07-19 18:42,2026-07-19 20:41
967,94,5100,2026-07-08 13:47,2026-07-08 15:14
968,70,8167,2026-07-15 23:17,2026-07-16 00:54
969,23,5081,2026-07-03 06:47,2026-07-03 08:32
970,5,9824,2026-07-07 17:43,2026-07-07 19:40
971,92,8721,2026-07-02 10:30,2026-07-02 11:47
972,66,1432,2026-07-05 22:30,2026-07-05 23:39
973,73,9059,2026-07-28 07:25,NULL
974,12,8143,2026-07-11 13:40,2026-07-11 15:39
975,27,1526,2026-07-30 09:50,2026-07-30 10:39
976,48,3335,2026-07-23 02:56,2026-07-23 03:52
977,17,1409,2026-07-30 15:09,2026-07-30 16:51
978,58,5317,2026-07-17 11:41,2026-07-17 12:38
979,28,4058,2026-07-16 11:53,NULL
980,50,6130,2026-07-04 18:08,2026-07-04 19:17
981,74,6368,2026-07-17 20:57,2026-07-17 22:50
982,20,6499,2026-07-06 05:14,NULL
983,17,3498,2026-07-20 22:06,2026-07-20 22:29
984,65,4400,2026-07-15 19:01,2026-07-15 19:48
985,9,27,2026-07-20 14:12,2026-07-20 15:22
986,8,187,2026-07-16 12:53,2026-07-16 14:19
987,97,41,2026-07-21 00:19,2026-07-21 02:06
988,51,9682,2026-07-17 01:26,2026-07-17 01:37
989,13,1425,2026-07-13 22:34,2026-07-14 00:10
990,73,6468,2026-07-10 21:49,2026-07-10 22:40
991,47,5460,2026-07-15 00:15,2026-07-15 01:26
992,65,7347,2026-07-22 06:39,2026-07-22 07:12
993,22,2151,2026-07-25 06:15,2026-07-25 06:43
994,72,8699,2026-07-13 01:23,NULL
995,16,611,2026-07-07 02:31,2026-07-07 03:39
996,73,1889,2026-07-28 17:34,2026-07-28 17:56
997,96,2110,2026-07-22 21:40,2026-07-22 22:06
998,90,4474,2026-07-05 23:10,2026-07-05 23:31
999,45,6980,2026-07-10 17:45,2026-07-10 19:45
1000,64,2319,2026-07-26 20:32,2026-07-26 22:31
1001,9,5980,2026-07-15 21:06,2026-07-15 21:16
1002,53,9171,2026-07-30 11:42,2026-07-30 13:14
1003,3,6659,2026-07-03 17:56,2026-07-03 19:11
1004,86,2071,2026-07-02 03:35,2026-07-02 04:00
1005,70,2252,2026-07-26 22:11,2026-07-26 23:37
1006,69,6449,2026-07-18 23:55,NULL
1007,56,7688,2026-07-24 21:25,2026-07-24 22:46
1008,19,7866,2026-07-27 09:15,2026-07-27 10:05
1009,4,2578,2026-07-05 13:03,2026-07-05 14:18
1010,79,2010,2026-07-15 05:14,2026-07-15 07:02
1011,24,4047,2026-07-05 09:17,2026-07-05 10:39
1012,88,7962,2026-07-18 15:59,2026-07-18 16:40
1013,85,8020,2026-07-08 23:26,2026-07-08 23:56
1014,64,9277,2026-07-13 21:32,NULL
1015,68,6332,2026-07-14 01:12,2026-07-14 02:07
1016,76,2459,2026-07-07 17:48,2026-07-07 19:22
1017,82,5350,2026-07-15 15:44,2026-07-15 16:38
1018,18,9758,2026-07-12 23:37,2026-07-13 00:15
1019,27,2639,2026-07-10 20:49,2026-07-10 21:58
1020,89,116,2026-07-24 14:40,2026-07-24 15:55
1021,76,7704,2026-07-17 18:30,2026-07-17 19:02
1022,78,9627,2026-07-08 16:30,2026-07-08 16:55
1023,75,4187,2026-07-02 12:19,NULL
1024,95,5105,2026-07-30 22:21,NULL
1025,15,4161,2026-07-26 13:17,2026-07-26 14:22
1026,35,5786,2026-07-15 19:09,2026-07-15 19:58
1027,71,9450,2026-07-09 05:32,2026-07-09 06:08
1028,29,9191,2026-07-27 18:12,2026-07-27 20:07
1029,71,9940,2026-07-22 05:56,2026-07-22 07:03
1030,48,7774,2026-07-05 03:08,2026-07-05 04:08
1031,47,518,2026-07-05 13:25,2026-07-05 14:03
1032,16,5770,2026-07-03 12:33,2026-07-03 14:25
1033,77,2152,2026-07-14 03:12,2026-07-14 03:53
1034,47,9401,2026-07-25 03:29,2026-07-25 04:39
1035,5,79,2026-07-10 00:27,2026-07-10 01:11
1036,74,2947,2026-07-29 06:14,2026-07-29 07:56
1037,11,9310,2026-07-09 07:04,2026-07-09 08:04
1038,27,7225,2026-07-06 10:48,2026-07-06 11:55
1039,57,4730,2026-07-21 01:43,2026-07-21 02:39
1040,3,1894,2026-07-05 15:44,2026-07-05 17:34
1041,79,5634,2026-07-20 20:04,2026-07-20 20:44
1042,93,8943,2026-07-05 23:54,2026-07-06 00:31
1043,62,9434,2026-07-10 20:17,2026-07-10 21:28
1044,100,3741,2026-07-11 06:52,2026-07-11 07:47
1045,76,8187,2026-07-05 06:54,2026-07-05 08:13
1046,97,6869,2026-07-06 06:34,2026-07-06 08:07
1047,93,6910,2026-07-09 15:28,2026-07-09 17:27
1048,47,3307,2026-07-03 15:25,2026-07-03 16:18
1049,74,3660,2026-07-16 04:26,NULL
1050,12,825,2026-07-15 11:12,2026-07-15 11:27
1051,99,7189,2026-07-25 03:56,2026-07-25 05:54
1052,3,681,2026-07-17 19:04,2026-07-17 20:32
1053,85,7564,2026-07-03 20:57,2026-07-03 21:51
1054,50,3762,2026-07-14 15:41,2026-07-14 17:39
1055,43,4107,2026-07-06 04:48,2026-07-06 06:48
1056,69,7719,2026-07-03 21:47,2026-07-03 22:54
1057,27,8407,2026-07-16 05:22,2026-07-16 07:17
1058,43,9835,2026-07-02 14:37,2026-07-02 16:26
1059,43,6379,2026-07-06 06:49,2026-07-06 08:20
1060,65,9614,2026-07-27 03:12,2026-07-27 04:25
1061,52,2409,2026-07-16 18:33,2026-07-16 18:45
1062,95,2322,2026-07-03 16:23,2026-07-03 17:36
1063,2,2680,2026-07-29 03:49,2026-07-29 05:09
1064,48,9922,2026-07-05 12:57,2026-07-05 14:25
1065,74,774,2026-07-19 06:01,2026-07-19 07:30
1066,88,1927,2026-07-07 15:50,2026-07-07 17:26
1067,87,7022,2026-07-23 04:02,2026-07-23 04:53
1068,59,2802,2026-07-10 08:09,2026-07-10 09:24
1069,31,7953,2026-07-10 17:18,2026-07-10 19:07
1070,81,1575,2026-07-12 00:20,2026-07-12 01:48
1071,97,1014,2026-07-08 00:26,2026-07-08 02:21
1072,46,8357,2026-07-27 21:36,2026-07-27 22:14
1073,79,8362,2026-07-18 06:09,2026-07-18 07:21
1074,53,2632,2026-07-11 17:00,2026-07-11 18:27
1075,96,5318,2026-07-12 15:34,2026-07-12 16:33
1076,14,4942,2026-07-07 02:24,2026-07-07 02:49
1077,16,6876,2026-07-13 21:54,2026-07-13 23:26
1078,70,1918,2026-07-17 02:19,2026-07-17 03:50
1079,85,7108,2026-07-22 23:43,2026-07-23 00:05
1080,49,9714,2026-07-17 21:50,2026-07-17 22:16
1081,12,5726,2026-07-11 00:25,2026-07-11 01:15
1082,79,6893,2026-07-21 12:50,2026-07-21 14:40
1083,47,1043,2026-07-01 09:42,2026-07-01 10:04
1084,69,2327,2026-07-20 09:54,2026-07-20 10:11
1085,6,8221,2026-07-19 11:06,2026-07-19 11:48
1086,77,1437,2026-07-22 16:26,2026-07-22 17:13
1087,19,7290,2026-07-10 01:15,2026-07-10 02:31
1088,41,6310,2026-07-03 23:15,2026-07-04 00:22
1089,49,8329,2026-07-26 03:06,2026-07-26 04:40
1090,33,5883,2026-07-17 08:15,2026-07-17 09:52
1091,29,3918,2026-07-09 09:44,2026-07-09 10:46
1092,91,4728,2026-07-14 17:06,2026-07-14 18:43
1093,74,5204,2026-07-19 19:17,2026-07-19 20:17
1094,99,2418,2026-07-10 09:31,2026-07-10 10:02
1095,73,2279,2026-07-16 19:35,2026-07-16 20:52
1096,99,5011,2026-07-10 20:34,2026-07-10 21:50
1097,28,5721,2026-07-11 06:28,2026-07-11 08:26
1098,27,8030,2026-07-16 16:37,2026-07-16 18:31
1099,20,9353,2026-07-02 17:12,2026-07-02 17:59
1100,72,4618,2026-07-07 09:13,2026-07-07 10:42
1101,91,7537,2026-07-02 11:58,2026-07-02 13:11
1102,37,9076,2026-07-01 22:41,NULL
1103,61,3638,2026-07-10 18:33,2026-07-10 18:43
1104,5,1000,2026-07-07 19:00,2026-07-07 20:20
1105,44,804,2026-07-24 13:11,2026-07-24 13:26
1106,43,7991,2026-07-17 06:10,2026-07-17 07:33
1107,87,8021,2026-07-25 12:33,2026-07-25 13:41
1108,15,1141,2026-07-03 16:02,2026-07-03 17:37
1109,67,5229,2026-07-25 04:38,2026-07-25 05:51
1110,80,1071,2026-07-23 21:06,2026-07-23 21:53
1111,3,6764,2026-07-25 07:00,2026-07-25 08:10
1112,16,1098,2026-07-12 15:03,2026-07-12 16:32
1113,77,3644,2026-07-08 11:17,2026-07-08 13:02
1114,44,8887,2026-07-17 06:07,NULL
1115,80,7569,2026-07-16 10:48,2026-07-16 10:58
1116,88,9274,2026-07-17 02:15,2026-07-17 02:28
1117,39,386,2026-07-13 02:05,2026-07-13 03:42
1118,77,1906,2026-07-22 22:42,2026-07-22 23:00
1119,70,325,2026-07-24 19:01,2026-07-24 19:46
1120,24,1474,2026-07-24 15:01,2026-07-24 16:18
1121,75,1160,2026-07-04 02:37,2026-07-04 04:29
1122,59,2155,2026-07-07 16:12,2026-07-07 17:07
1123,83,1935,2026-07-07 21:19,2026-07-07 23:15
1124,31,1300,2026-07-26 19:02,2026-07-26 19:59
1125,21,2594,2026-07-16 12:25,2026-07-16 12:41
1126,23,2805,2026-07-16 12:03,2026-07-16 12:55
1127,90,2699,2026-07-13 14:43,2026-07-13 16:02
1128,32,4449,2026-07-01 07:49,2026-07-01 08:37
1129,96,8239,2026-07-05 22:06,2026-07-05 23:33
1130,29,5331,2026-07-15 08:55,2026-07-15 10:13
1131,76,998,2026-07-04 15:31,2026-07-04 15:43
1132,95,7006,2026-07-11 05:44,2026-07-11 07:09
1133,65,8015,2026-07-26 19:53,2026-07-26 20:31
1134,80,845,2026-07-27 00:23,2026-07-27 02:23
1135,96,6516,2026-07-23 18:37,2026-07-23 20:13
1136,27,1637,2026-07-09 18:45,2026-07-09 20:34
1137,98,8472,2026-07-19 09:28,2026-07-19 11:21
1138,58,7294,2026-07-19 23:23,2026-07-19 23:35
1139,48,3719,2026-07-28 15:19,2026-07-28 16:45
1140,8,9786,2026-07-23 19:49,2026-07-23 20:29
1141,56,6683,2026-07-30 02:03,2026-07-30 04:01
1142,47,7065,2026-07-10 17:45,2026-07-10 18:10
1143,67,8306,2026-07-11 14:31,2026-07-11 16:14
1144,50,3336,2026-07-22 06:32,2026-07-22 07:00
1145,94,8627,2026-07-02 16:40,2026-07-02 18:24
1146,87,3882,2026-07-08 01:13,2026-07-08 01:58
1147,96,7713,2026-07-26 19:23,2026-07-26 20:56
1148,16,2095,2026-07-13 05:25,2026-07-13 06:00
1149,29,6874,2026-07-13 03:13,2026-07-13 03:29
1150,64,9176,2026-07-19 01:47,2026-07-19 03:08
1151,89,2530,2026-07-17 22:59,2026-07-17 23:24
1152,81,1305,2026-07-01 02:50,2026-07-01 03:17
1153,14,7313,2026-07-28 05:26,2026-07-28 05:56
1154,92,460,2026-07-17 19:00,2026-07-17 19:47
1155,85,8198,2026-07-29 14:20,2026-07-29 14:53
1156,52,2623,2026-07-14 10:26,2026-07-14 11:58
1157,11,1154,2026-07-05 03:23,2026-07-05 04:35
1158,35,3286,2026-07-25 22:20,2026-07-26 00:00
1159,5,8875,2026-07-21 06:34,2026-07-21 08:21
1160,80,5697,2026-07-13 02:34,2026-07-13 04:18
1161,14,1137,2026-07-06 01:10,2026-07-06 02:29
1162,65,44,2026-07-19 12:48,2026-07-19 13:13
1163,89,7199,2026-07-15 23:59,2026-07-16 00:18
1164,50,9041,2026-07-17 01:59,2026-07-17 03:14
1165,93,8741,2026-07-23 19:42,2026-07-23 20:00
1166,26,9975,2026-07-11 20:34,2026-07-11 21:52
1167,64,2715,2026-07-12 22:26,2026-07-12 23:48
1168,55,8044,2026-07-20 12:41,2026-07-20 12:59
1169,75,5069,2026-07-07 14:59,2026-07-07 16:23
1170,2,1804,2026-07-01 16:52,2026-07-01 18:09
1171,22,4971,2026-07-02 14:39,2026-07-02 15:58
1172,5,5946,2026-07-03 05:05,2026-07-03 05:26
1173,10,7514,2026-07-29 10:42,2026-07-29 12:35
1174,54,7036,2026-07-23 18:57,2026-07-23 20:19
1175,92,7814,2026-07-11 07:37,NULL
1176,30,2004,2026-07-15 09:02,2026-07-15 09:38
1177,66,3558,2026-07-30 18:25,2026-07-30 18:44
1178,41,8411,2026-07-01 06:40,2026-07-01 06:57
1179,53,8213,2026-07-10 05:08,2026-07-10 05:30
1180,40,6679,2026-07-20 18:36,2026-07-20 18:55
1181,43,3584,2026-07-16 15:55,2026-07-16 16:52
1182,95,9165,2026-07-22 12:42,NULL
1183,65,9266,2026-07-04 14:43,2026-07-04 15:18
1184,87,1606,2026-07-01 10:30,2026-07-01 12:27
1185,98,6210,2026-07-06 07:08,2026-07-06 09:04
1186,11,1246,2026-07-19 15:31,2026-07-19 16:51
1187,25,8391,2026-07-07 10:48,2026-07-07 11:19
1188,80,9104,2026-07-29 20:58,2026-07-29 21:12
1189,49,2371,2026-07-09 02:34,2026-07-09 04:04
1190,29,3800,2026-07-08 10:07,2026-07-08 11:17
1191,77,1458,2026-07-19 04:06,2026-07-19 05:32
1192,30,7662,2026-07-07 15:26,2026-07-07 16:15
1193,15,2535,2026-07-27 01:43,2026-07-27 02:12
1194,84,7715,2026-07-09 18:45,2026-07-09 20:32
1195,21,8616,2026-07-18 05:06,2026-07-18 05:39
1196,56,7199,2026-07-07 09:00,2026-07-07 09:51
1197,95,2396,2026-07-14 22:13,NULL
1198,21,5531,2026-07-23 17:33,NULL
1199,17,1153,2026-07-25 00:32,2026-07-25 00:48
1200,47,1073,2026-07-02 04:58,2026-07-02 05:21
1201,10,8972,2026-07-27 10:34,2026-07-27 12:27
1202,68,4315,2026-07-08 17:54,2026-07-08 19:08
1203,12,4671,2026-07-28 18:19,2026-07-28 20:16
1204,20,1443,2026-07-11 21:36,2026-07-11 22:45
1205,48,1565,2026-07-20 05:34,2026-07-20 06:10
1206,4,1572,2026-07-05 05:01,2026-07-05 05:18
1207,18,7137,2026-07-30 19:45,2026-07-30 21:07
1208,52,1096,2026-07-29 11:31,2026-07-29 12:09
1209,90,684,2026-07-10 21:49,2026-07-10 23:04
1210,53,4651,2026-07-03 07:39,2026-07-03 08:25
1211,6,5711,2026-07-06 10:02,2026-07-06 11:13
1212,63,1989,2026-07-15 02:41,2026-07-15 03:46
1213,57,3067,2026-07-08 19:15,2026-07-08 20:03
1214,96,3865,2026-07-10 12:20,2026-07-10 12:50
1215,34,8701,2026-07-18 19:55,2026-07-18 21:30
1216,97,4548,2026-07-17 01:32,2026-07-17 03:30
1217,30,4593,2026-07-25 12:05,NULL
1218,51,9857,2026-07-26 02:13,2026-07-26 02:28
1219,64,7812,2026-07-28 12:57,2026-07-28 14:08
1220,91,4476,2026-07-12 20:39,2026-07-12 21:35
1221,53,5417,2026-07-04 01:02,NULL
1222,43,1831,2026-07-16 18:36,2026-07-16 18:48
1223,91,8511,2026-07-17 02:35,2026-07-17 03:35
1224,64,4267,2026-07-07 02:56,2026-07-07 03:08
1225,64,8116,2026-07-14 11:45,2026-07-14 13:10
1226,68,2843,2026-07-02 08:30,2026-07-02 08:47
1227,58,3727,2026-07-10 04:18,2026-07-10 06:12
1228,64,8992,2026-07-15 03:04,2026-07-15 04:53
1229,5,8791,2026-07-05 19:09,2026-07-05 21:05
1230,39,105,2026-07-06 23:07,2026-07-07 00:02
1231,74,8823,2026-07-21 02:28,2026-07-21 03:04
1232,24,3085,2026-07-10 03:18,2026-07-10 04:04
1233,1,3097,2026-07-02 04:09,2026-07-02 05:58
1234,91,3357,2026-07-18 20:10,2026-07-18 20:43
1235,84,5750,2026-07-05 23:35,2026-07-06 01:10
1236,11,8288,2026-07-02 23:39,2026-07-03 00:21
1237,55,6100,2026-07-22 21:30,2026-07-22 21:56
1238,64,7685,2026-07-06 07:55,2026-07-06 08:58
1239,35,203,2026-07-15 14:13,2026-07-15 15:21
1240,51,713,2026-07-03 03:14,NULL
1241,38,9990,2026-07-12 22:26,2026-07-12 22:46
1242,48,1981,2026-07-19 19:32,2026-07-19 19:59
1243,49,454,2026-07-20 17:49,2026-07-20 19:18
1244,2,6534,2026-07-03 14:04,2026-07-03 14:20
1245,12,232,2026-07-22 13:47,2026-07-22 15:09
1246,27,8512,2026-07-16 09:22,2026-07-16 09:33
1247,54,4840,2026-07-23 15:38,2026-07-23 16:16
1248,58,3103,2026-07-27 02:07,NULL
1249,53,77,2026-07-01 04:24,2026-07-01 05:54
1250,71,7498,2026-07-16 10:06,2026-07-16 10:36
1251,68,7826,2026-07-21 20:39,2026-07-21 22:20
1252,72,1120,2026-07-16 07:30,2026-07-16 09:21
1253,87,7064,2026-07-19 07:13,2026-07-19 08:41
1254,51,6949,2026-07-07 20:54,2026-07-07 21:10
1255,58,3265,2026-07-04 08:33,2026-07-04 09:16
1256,30,6796,2026-07-30 02:09,2026-07-30 03:02
1257,69,1219,2026-07-21 22:27,2026-07-22 00:10
1258,84,5939,2026-07-15 16:05,2026-07-15 16:48
1259,87,7846,2026-07-29 13:08,2026-07-29 14:09
1260,47,4252,2026-07-17 12:54,2026-07-17 14:17
1261,16,5148,2026-07-27 07:41,2026-07-27 09:12
1262,76,7505,2026-07-18 11:54,2026-07-18 13:31
1263,10,6969,2026-07-14 04:54,2026-07-14 06:07
1264,83,707,2026-07-07 23:22,2026-07-08 01:13
1265,51,3501,2026-07-05 06:01,2026-07-05 06:53
1266,8,7491,2026-07-17 04:12,NULL
1267,87,6958,2026-07-21 08:22,2026-07-21 08:37
1268,36,2485,2026-07-24 11:46,2026-07-24 12:39
1269,25,2112,2026-07-05 19:27,2026-07-05 20:02
1270,33,9924,2026-07-21 19:09,NULL
1271,18,7212,2026-07-03 03:51,NULL
1272,67,960,2026-07-15 06:30,2026-07-15 06:59
1273,34,665,2026-07-26 01:50,NULL
1274,100,8690,2026-07-15 19:23,2026-07-15 20:15
1275,86,7744,2026-07-11 11:49,2026-07-11 12:58
1276,50,4683,2026-07-19 00:55,NULL
1277,95,2312,2026-07-05 00:31,2026-07-05 01:27
1278,58,3386,2026-07-30 02:25,2026-07-30 03:05
1279,2,9665,2026-07-18 03:25,2026-07-18 05:12
1280,23,9687,2026-07-21 21:33,2026-07-21 23:04
1281,17,5675,2026-07-19 07:17,NULL
1282,61,6252,2026-07-07 23:55,2026-07-08 01:47
1283,41,5820,2026-07-04 10:13,NULL
1284,30,7096,2026-07-10 07:58,2026-07-10 08:09
1285,45,2878,2026-07-03 10:58,2026-07-03 11:59
1286,68,9037,2026-07-11 02:09,2026-07-11 03:20
1287,44,5019,2026-07-04 11:42,2026-07-04 12:23
1288,6,571,2026-07-29 08:58,2026-07-29 09:13
1289,35,6182,2026-07-20 11:35,2026-07-20 12:44
1290,84,3780,2026-07-10 00:26,2026-07-10 02:01
1291,57,1540,2026-07-14 00:26,2026-07-14 01:14
1292,7,4302,2026-07-29 08:28,NULL
1293,70,641,2026-07-06 20:44,NULL
1294,15,1303,2026-07-09 22:48,2026-07-09 23:35
1295,68,5306,2026-07-29 16:49,2026-07-29 17:22
1296,53,2866,2026-07-13 07:03,2026-07-13 07:57
1297,41,1062,2026-07-26 21:59,2026-07-26 22:47
1298,78,4882,2026-07-25 01:24,2026-07-25 02:39
1299,82,1949,2026-07-16 15:05,2026-07-16 15:18
1300,27,7352,2026-07-04 04:05,2026-07-04 04:59
1301,89,2881,2026-07-05 21:51,2026-07-05 22:33
1302,57,2918,2026-07-01 20:13,2026-07-01 20:27
1303,17,9704,2026-07-28 12:20,2026-07-28 13:45
1304,86,2859,2026-07-04 16:42,2026-07-04 18:17
1305,82,228,2026-07-26 00:25,2026-07-26 00:35
1306,44,157,2026-07-05 20:59,2026-07-05 22:19
1307,21,5627,2026-07-12 11:46,2026-07-12 12:23
1308,13,8072,2026-07-21 10:59,2026-07-21 11:58
1309,90,2045,2026-07-03 22:28,NULL
1310,43,6145,2026-07-24 21:52,2026-07-24 23:27
1311,39,3586,2026-07-09 04:33,2026-07-09 05:02
1312,85,4411,2026-07-07 13:49,2026-07-07 14:20
1313,69,9088,2026-07-25 07:51,2026-07-25 09:26
1314,45,1983,2026-07-28 23:58,2026-07-29 01:26
1315,73,6303,2026-07-30 10:50,2026-07-30 12:12
1316,23,3119,2026-07-25 01:55,NULL
1317,37,2503,2026-07-20 08:50,2026-07-20 09:12
1318,27,7907,2026-07-14 07:02,NULL
1319,83,1747,2026-07-26 22:27,2026-07-26 23:13
1320,67,211,2026-07-22 04:27,2026-07-22 05:52
1321,42,9229,2026-07-20 10:35,2026-07-20 11:29
1322,29,1780,2026-07-01 22:27,2026-07-01 23:33
1323,53,7589,2026-07-03 22:17,2026-07-03 23:46
1324,56,2051,2026-07-09 07:22,2026-07-09 07:52
1325,52,8370,2026-07-05 07:31,2026-07-05 08:46
1326,6,3127,2026-07-20 01:59,2026-07-20 02:11
1327,90,3522,2026-07-03 11:27,2026-07-03 13:01
1328,94,2133,2026-07-04 16:38,2026-07-04 18:20
1329,95,4024,2026-07-10 22:47,2026-07-10 23:15
1330,89,3911,2026-07-27 00:10,2026-07-27 01:17
1331,34,7578,2026-07-03 23:01,2026-07-04 00:47
1332,71,8678,2026-07-17 03:47,2026-07-17 05:41
1333,94,2113,2026-07-10 05:14,2026-07-10 06:14
1334,44,8572,2026-07-14 04:38,2026-07-14 06:18
1335,33,8120,2026-07-30 18:43,2026-07-30 19:25
1336,100,5298,2026-07-06 03:04,2026-07-06 04:34
1337,67,6310,2026-07-25 04:49,2026-07-25 05:24
1338,42,3545,2026-07-24 12:40,NULL
1339,70,5411,2026-07-15 16:40,2026-07-15 17:40
1340,59,8612,2026-07-11 09:19,2026-07-11 09:43
1341,42,1934,2026-07-27 21:21,2026-07-27 21:56
1342,90,3951,2026-07-08 08:30,2026-07-08 10:30
1343,49,8399,2026-07-25 13:45,2026-07-25 15:14
1344,27,8826,2026-07-17 20:08,2026-07-17 21:07
1345,20,179,2026-07-19 21:53,2026-07-19 22:43
1346,35,8487,2026-07-18 04:29,2026-07-18 06:24
1347,49,5023,2026-07-06 10:44,2026-07-06 12:07
1348,93,6381,2026-07-18 15:43,2026-07-18 17:35
1349,97,4386,2026-07-14 06:33,2026-07-14 06:58
1350,26,8023,2026-07-13 20:01,2026-07-13 20:46
1351,19,9361,2026-07-20 04:51,2026-07-20 06:09
1352,75,8733,2026-07-16 01:49,2026-07-16 02:14
1353,1,2488,2026-07-28 17:29,2026-07-28 19:18
1354,100,9746,2026-07-28 13:11,NULL
1355,13,4164,2026-07-10 07:29,2026-07-10 07:46
1356,82,3007,2026-07-20 17:12,2026-07-20 18:40
1357,10,6819,2026-07-08 01:27,2026-07-08 02:12
1358,92,9399,2026-07-15 05:14,2026-07-15 05:48
1359,47,8992,2026-07-25 04:42,NULL
1360,22,5967,2026-07-23 20:08,2026-07-23 21:56
1361,81,1828,2026-07-16 12:58,2026-07-16 13:54
1362,18,8080,2026-07-24 06:09,2026-07-24 08:00
1363,36,4537,2026-07-15 00:57,2026-07-15 02:43
1364,92,8307,2026-07-14 20:00,2026-07-14 21:24
1365,69,5544,2026-07-07 20:53,2026-07-07 22:27
1366,24,4249,2026-07-04 01:55,2026-07-04 02:24
1367,43,8961,2026-07-26 06:17,2026-07-26 07:56
1368,89,8679,2026-07-22 18:09,2026-07-22 19:38
1369,3,9352,2026-07-11 07:03,2026-07-11 07:53
1370,69,4595,2026-07-10 02:35,2026-07-10 03:29
1371,2,4513,2026-07-05 02:48,2026-07-05 03:07
1372,60,4546,2026-07-28 10:05,2026-07-28 11:33
1373,36,7750,2026-07-10 01:19,NULL
1374,68,4771,2026-07-25 18:51,2026-07-25 19:11
1375,45,6895,2026-07-02 14:18,2026-07-02 15:58
1376,29,894,2026-07-21 02:58,2026-07-21 04:02
1377,69,4161,2026-07-21 07:05,2026-07-21 07:36
1378,60,2366,2026-07-09 11:06,2026-07-09 12:54
1379,95,1111,2026-07-19 02:45,2026-07-19 04:42
1380,44,7654,2026-07-14 06:02,2026-07-14 07:10
1381,23,7201,2026-07-04 22:18,2026-07-04 23:56
1382,21,7650,2026-07-10 21:12,2026-07-10 22:04
1383,37,9904,2026-07-03 21:29,2026-07-03 21:59
1384,99,3814,2026-07-06 03:19,2026-07-06 03:29
1385,27,1243,2026-07-15 09:00,2026-07-15 10:20
1386,73,9002,2026-07-22 03:45,2026-07-22 04:05
1387,23,860,2026-07-08 04:48,2026-07-08 06:37
1388,42,3383,2026-07-20 22:54,2026-07-20 23:48
1389,5,9498,2026-07-27 13:27,2026-07-27 13:47
1390,64,609,2026-07-26 15:10,2026-07-26 16:29
1391,61,8787,2026-07-02 03:32,2026-07-02 04:25
1392,34,298,2026-07-07 10:02,2026-07-07 11:55
1393,10,8416,2026-07-23 14:04,2026-07-23 15:40
1394,62,9115,2026-07-24 12:14,2026-07-24 14:10
1395,22,1634,2026-07-26 17:11,2026-07-26 17:41
1396,27,242,2026-07-19 09:37,2026-07-19 10:01
1397,38,7898,2026-07-09 11:10,2026-07-09 12:12
1398,42,131,2026-07-03 13:42,2026-07-03 14:16
1399,57,4176,2026-07-08 00:57,2026-07-08 02:42
1400,50,5318,2026-07-04 11:00,2026-07-04 12:05
1401,8,9159,2026-07-22 13:00,NULL
1402,56,1937,2026-07-13 09:13,2026-07-13 10:10
1403,21,8134,2026-07-02 19:54,NULL
1404,70,3284,2026-07-10 05:38,2026-07-10 07:32
1405,55,4255,2026-07-14 02:53,2026-07-14 03:58
1406,78,5634,2026-07-16 18:52,2026-07-16 19:23
1407,32,8695,2026-07-28 17:49,2026-07-28 18:09
1408,57,2112,2026-07-23 14:21,2026-07-23 15:14
1409,45,4523,2026-07-10 21:03,NULL
1410,39,9432,2026-07-10 04:18,2026-07-10 04:45
1411,7,3819,2026-07-04 09:42,2026-07-04 11:27
1412,38,1935,2026-07-18 12:41,2026-07-18 13:31
1413,89,6790,2026-07-05 04:43,2026-07-05 05:03
1414,31,3112,2026-07-12 04:32,2026-07-12 06:16
1415,1,3721,2026-07-14 03:39,2026-07-14 04:37
1416,83,9921,2026-07-25 16:15,2026-07-25 18:12
1417,69,5162,2026-07-03 06:06,2026-07-03 06:43
1418,70,5707,2026-07-23 19:16,2026-07-23 20:23
1419,31,7972,2026-07-08 04:38,2026-07-08 05:21
1420,22,9547,2026-07-18 23:44,2026-07-18 23:59
1421,40,7878,2026-07-23 08:10,2026-07-23 08:22
1422,50,3097,2026-07-17 10:19,2026-07-17 10:47
1423,39,9731,2026-07-09 20:01,2026-07-09 20:57
1424,18,1189,2026-07-12 05:13,2026-07-12 06:03
1425,16,2722,2026-07-01 05:29,2026-07-01 06:47
1426,63,8347,2026-07-14 15:20,2026-07-14 15:41
1427,10,7071,2026-07-27 02:58,2026-07-27 04:04
1428,45,7988,2026-07-01 10:20,2026-07-01 12:17
1429,69,2357,2026-07-06 11:40,2026-07-06 13:33
1430,35,4346,2026-07-10 23:37,2026-07-11 00:34
1431,41,8432,2026-07-10 01:08,NULL
1432,46,499,2026-07-15 12:32,NULL
1433,93,329,2026-07-17 14:03,2026-07-17 15:01
1434,77,8566,2026-07-03 16:27,2026-07-03 18:01
1435,7,7782,2026-07-08 01:49,2026-07-08 03:11
1436,31,9640,2026-07-21 08:59,2026-07-21 10:53
1437,73,1721,2026-07-19 19:53,2026-07-19 21:07
1438,26,9284,2026-07-06 09:35,2026-07-06 10:06
1439,36,7657,2026-07-18 01:08,2026-07-18 02:13
1440,98,2582,2026-07-26 04:06,2026-07-26 05:59
1441,99,2432,2026-07-01 14:11,NULL
1442,19,2752,2026-07-14 12:31,2026-07-14 14:15
1443,65,2514,2026-07-05 23:31,2026-07-06 00:09
1444,2,728,2026-07-18 08:18,2026-07-18 09:55
1445,23,3634,2026-07-06 09:11,2026-07-06 10:49
1446,90,4468,2026-07-04 12:10,NULL
1447,86,8442,2026-07-29 07:35,2026-07-29 08:12
1448,28,4505,2026-07-25 13:29,2026-07-25 15:17
1449,79,1760,2026-07-23 15:36,2026-07-23 16:55
1450,10,4828,2026-07-17 16:41,2026-07-17 17:58
1451,2,6142,2026-07-25 00:01,NULL
1452,38,3949,2026-07-15 20:42,2026-07-15 22:14
1453,14,6516,2026-07-04 00:58,2026-07-04 01:17
1454,98,5588,2026-07-09 05:01,NULL
1455,77,4948,2026-07-17 21:04,2026-07-17 22:42
1456,1,4651,2026-07-08 09:07,2026-07-08 10:42
1457,86,4701,2026-07-04 13:48,2026-07-04 15:11
1458,58,5707,2026-07-16 03:39,NULL
1459,63,5618,2026-07-16 06:10,2026-07-16 07:20
1460,86,4096,2026-07-26 11:54,2026-07-26 13:35
1461,40,3842,2026-07-17 10:59,2026-07-17 11:39
1462,2,4280,2026-07-21 06:13,2026-07-21 07:30
1463,75,7162,2026-07-09 18:42,NULL
1464,23,8107,2026-07-17 02:23,2026-07-17 03:49
1465,25,48,2026-07-30 05:51,2026-07-30 06:41
1466,56,9227,2026-07-30 16:24,2026-07-30 17:48
1467,40,856,2026-07-06 10:45,2026-07-06 11:19
1468,67,8507,2026-07-17 16:41,2026-07-17 17:55
1469,72,3946,2026-07-19 08:39,NULL
1470,51,921,2026-07-23 18:07,2026-07-23 18:55
1471,3,2948,2026-07-12 22:31,2026-07-13 00:21
1472,51,4717,2026-07-21 16:09,2026-07-21 17:29
1473,16,4142,2026-07-16 03:57,2026-07-16 04:50
1474,46,5549,2026-07-06 11:21,2026-07-06 12:20
1475,51,1244,2026-07-18 20:57,2026-07-18 21:19
1476,45,8141,2026-07-16 04:17,2026-07-16 04:34
1477,37,1523,2026-07-13 05:20,NULL
1478,8,1031,2026-07-09 01:28,2026-07-09 02:49
1479,75,2457,2026-07-19 04:03,2026-07-19 05:54
1480,61,815,2026-07-25 01:16,2026-07-25 02:00
1481,38,263,2026-07-18 14:24,2026-07-18 14:57
1482,75,8194,2026-07-01 00:53,NULL
1483,3,8586,2026-07-22 00:16,2026-07-22 01:21
1484,5,5034,2026-07-03 15:51,2026-07-03 16:47
1485,49,2968,2026-07-04 01:05,2026-07-04 02:07
1486,69,5161,2026-07-24 21:26,2026-07-24 21:50
1487,7,2927,2026-07-01 07:31,2026-07-01 09:24
1488,38,2521,2026-07-10 07:53,2026-07-10 09:29
1489,77,216,2026-07-10 01:54,2026-07-10 02:59
1490,11,7834,2026-07-12 05:34,2026-07-12 07:13
1491,21,9067,2026-07-24 17:14,2026-07-24 17:39
1492,41,5688,2026-07-10 08:28,2026-07-10 10:21
1493,97,1810,2026-07-07 21:57,NULL
1494,48,1750,2026-07-13 07:29,2026-07-13 08:24
1495,18,7993,2026-07-20 00:53,2026-07-20 01:22
1496,67,1996,2026-07-22 03:35,2026-07-22 04:55
1497,84,8136,2026-07-10 13:24,2026-07-10 14:32
1498,25,913,2026-07-07 19:18,2026-07-07 20:46
1499,3,256,2026-07-16 21:19,NULL
1500,3,2633,2026-07-02 08:02,NULL
1501,74,5614,2026-07-13 12:18,2026-07-13 14:16
1502,82,4343,2026-07-20 06:40,2026-07-20 08:00
1503,72,552,2026-07-29 19:33,2026-07-29 20:37
1504,82,1969,2026-07-04 18:52,NULL
1505,89,2352,2026-07-15 23:00,2026-07-15 23:32
1506,49,4807,2026-07-04 13:47,2026-07-04 14:50
1507,91,3502,2026-07-22 16:11,2026-07-22 16:35
1508,90,2859,2026-07-01 07:00,2026-07-01 07:54
1509,26,4293,2026-07-09 09:13,2026-07-09 10:53
1510,94,8824,2026-07-05 12:26,NULL
1511,61,1529,2026-07-14 19:55,2026-07-14 21:12
1512,18,4972,2026-07-14 08:05,2026-07-14 08:24
1513,35,7175,2026-07-18 19:17,NULL
1514,18,4267,2026-07-12 22:04,2026-07-12 23:37
1515,82,7355,2026-07-15 05:51,2026-07-15 07:01
1516,41,5658,2026-07-30 14:01,2026-07-30 14:20
1517,49,5251,2026-07-13 16:03,2026-07-13 17:16
1518,100,9015,2026-07-13 05:09,2026-07-13 05:44
1519,60,455,2026-07-28 05:06,2026-07-28 05:40
1520,97,8974,2026-07-30 11:28,2026-07-30 12:02
1521,23,1062,2026-07-13 17:55,2026-07-13 19:41
1522,1,6399,2026-07-11 20:52,2026-07-11 22:36
1523,21,1708,2026-07-02 20:20,2026-07-02 21:34
1524,45,5797,2026-07-27 09:51,2026-07-27 11:47
1525,25,8403,2026-07-01 10:19,2026-07-01 11:03
1526,62,4500,2026-07-29 02:45,2026-07-29 04:16
1527,19,7312,2026-07-03 09:25,2026-07-03 10:28
1528,69,353,2026-07-05 18:49,2026-07-05 20:36
1529,99,7151,2026-07-13 04:04,2026-07-13 05:59
1530,20,8507,2026-07-12 01:31,2026-07-12 02:57
1531,59,7179,2026-07-29 18:21,NULL
1532,49,3957,2026-07-24 12:37,2026-07-24 13:43
1533,98,8444,2026-07-15 15:19,2026-07-15 15:56
1534,4,19,2026-07-12 08:03,2026-07-12 08:37
1535,27,3744,2026-07-14 16:10,2026-07-14 17:46
1536,29,4824,2026-07-10 19:32,2026-07-10 21:05
1537,72,6555,2026-07-30 04:30,2026-07-30 05:46
1538,62,4204,2026-07-23 23:46,2026-07-24 01:34
1539,76,479,2026-07-13 00:32,2026-07-13 02:15
1540,62,9610,2026-07-11 08:14,2026-07-11 09:18
1541,85,3260,2026-07-23 01:46,2026-07-23 02:20
1542,56,8097,2026-07-27 08:37,2026-07-27 10:20
1543,8,4765,2026-07-11 00:06,2026-07-11 00:45
1544,98,9027,2026-07-19 23:17,2026-07-20 00:16
1545,11,1403,2026-07-25 21:28,NULL
1546,56,5037,2026-07-06 01:45,2026-07-06 03:36
1547,87,7040,2026-07-21 11:07,NULL
1548,50,9807,2026-07-23 01:39,2026-07-23 01:52
1549,69,1528,2026-07-08 22:46,2026-07-09 00:30
1550,61,6316,2026-07-13 05:31,2026-07-13 06:36
1551,44,2138,2026-07-15 15:02,2026-07-15 15:24
1552,30,9808,2026-07-03 06:28,2026-07-03 08:17
1553,87,4075,2026-07-27 00:35,2026-07-27 02:01
1554,25,8136,2026-07-05 04:16,2026-07-05 04:43
1555,27,1766,2026-07-14 11:56,2026-07-14 12:41
1556,31,5358,2026-07-19 13:14,NULL
1557,71,9402,2026-07-07 09:38,2026-07-07 11:32
1558,49,7661,2026-07-20 18:44,2026-07-20 20:27
1559,24,2286,2026-07-15 00:14,2026-07-15 01:08
1560,9,9157,2026-07-06 10:54,2026-07-06 12:17
1561,31,5368,2026-07-25 05:57,2026-07-25 07:15
1562,3,2658,2026-07-21 16:10,2026-07-21 17:08
1563,18,5677,2026-07-09 00:23,2026-07-09 01:06
1564,92,4270,2026-07-12 07:02,2026-07-12 08:00
1565,63,8641,2026-07-10 08:15,2026-07-10 09:31
1566,33,1716,2026-07-05 04:53,2026-07-05 06:04
1567,96,6235,2026-07-22 19:54,2026-07-22 20:41
1568,10,3783,2026-07-13 13:57,2026-07-13 15:14
1569,7,1919,2026-07-25 08:52,2026-07-25 10:03
1570,29,2137,2026-07-20 23:08,2026-07-20 23:54
1571,12,3797,2026-07-18 19:33,2026-07-18 19:45
1572,83,1551,2026-07-05 21:16,2026-07-05 21:35
1573,97,6474,2026-07-29 17:34,2026-07-29 18:18
1574,27,8874,2026-07-12 14:19,2026-07-12 14:58
1575,66,1172,2026-07-22 10:52,2026-07-22 11:48
1576,50,6196,2026-07-01 15:19,2026-07-01 16:11
1577,79,8569,2026-07-08 10:54,2026-07-08 11:56
1578,14,6695,2026-07-28 05:27,2026-07-28 07:21
1579,32,1632,2026-07-20 10:50,2026-07-20 12:34
1580,31,9679,2026-07-10 14:50,2026-07-10 16:26
1581,11,8949,2026-07-29 05:26,2026-07-29 06:00
1582,95,395,2026-07-06 13:43,2026-07-06 14:45
1583,1,8692,2026-07-13 16:26,2026-07-13 18:24
1584,76,2072,2026-07-01 00:17,2026-07-01 02:01
1585,37,429,2026-07-06 04:08,NULL
1586,43,5537,2026-07-30 06:48,2026-07-30 07:13
1587,24,417,2026-07-18 16:32,2026-07-18 16:45
1588,11,1967,2026-07-20 13:29,NULL
1589,15,7135,2026-07-10 10:55,2026-07-10 12:52
1590,38,741,2026-07-08 15:57,2026-07-08 16:43
1591,87,6929,2026-07-27 12:07,NULL
1592,94,9015,2026-07-03 15:32,2026-07-03 17:26
1593,3,9196,2026-07-10 12:38,2026-07-10 13:22
1594,88,1615,2026-07-18 03:20,2026-07-18 05:07
1595,99,5232,2026-07-17 13:28,2026-07-17 13:57
1596,81,5478,2026-07-01 11:12,2026-07-01 11:33
1597,59,1082,2026-07-29 07:53,2026-07-29 09:06
1598,65,4884,2026-07-26 19:14,2026-07-26 20:30
1599,32,3899,2026-07-02 00:51,2026-07-02 01:25
1600,40,8243,2026-07-21 18:31,2026-07-21 18:59
1601,74,2089,2026-07-20 15:48,2026-07-20 16:41
1602,46,4285,2026-07-27 11:35,2026-07-27 12:56
1603,21,7294,2026-07-22 17:16,2026-07-22 19:14
1604,87,5488,2026-07-25 04:00,2026-07-25 05:50
1605,63,74,2026-07-18 01:49,2026-07-18 02:51
1606,50,9488,2026-07-24 04:00,NULL
1607,17,7988,2026-07-09 11:25,2026-07-09 11:36
1608,88,6463,2026-07-17 17:44,2026-07-17 19:41
1609,97,9748,2026-07-12 11:07,2026-07-12 12:54
1610,28,7892,2026-07-26 02:47,2026-07-26 04:24
1611,41,7813,2026-07-21 19:41,2026-07-21 19:53
1612,9,7688,2026-07-27 23:33,NULL
1613,93,6322,2026-07-08 19:30,2026-07-08 21:11
1614,36,5605,2026-07-06 21:47,2026-07-06 23:11
1615,18,5982,2026-07-03 14:40,2026-07-03 14:59
1616,99,5555,2026-07-28 23:27,2026-07-29 00:56
1617,65,5094,2026-07-18 10:25,2026-07-18 12:00
1618,100,7021,2026-07-28 07:34,2026-07-28 09:32
1619,32,4994,2026-07-06 13:02,2026-07-06 14:03
1620,36,128,2026-07-24 16:59,2026-07-24 17:43
1621,2,5096,2026-07-03 03:44,2026-07-03 05:33
1622,44,2544,2026-07-26 07:02,2026-07-26 08:12
1623,73,6995,2026-07-18 09:52,2026-07-18 10:03
1624,81,3555,2026-07-15 03:58,NULL
1625,6,1185,2026-07-27 07:15,2026-07-27 07:46
1626,36,4093,2026-07-29 16:38,2026-07-29 17:04
1627,95,183,2026-07-30 05:36,2026-07-30 07:17
1628,19,9877,2026-07-09 00:27,2026-07-09 01:26
1629,95,7898,2026-07-19 15:45,2026-07-19 16:59
1630,10,7967,2026-07-12 01:30,2026-07-12 02:32
1631,41,232,2026-07-20 01:07,NULL
1632,32,5005,2026-07-25 18:26,2026-07-25 19:14
1633,7,4265,2026-07-01 12:06,2026-07-01 12:17
1634,29,1549,2026-07-10 13:12,2026-07-10 13:33
1635,48,5431,2026-07-26 09:26,2026-07-26 11:21
1636,96,763,2026-07-25 20:35,2026-07-25 22:35
1637,95,2346,2026-07-11 02:41,2026-07-11 04:13
1638,52,1291,2026-07-06 12:02,NULL
1639,24,1424,2026-07-26 04:05,2026-07-26 05:13
1640,38,5424,2026-07-08 18:11,2026-07-08 18:46
1641,9,9596,2026-07-03 15:28,2026-07-03 15:57
1642,89,737,2026-07-19 03:47,2026-07-19 04:13
1643,95,6801,2026-07-24 05:01,2026-07-24 07:01
1644,82,4213,2026-07-25 04:58,2026-07-25 06:47
1645,65,4219,2026-07-21 07:11,2026-07-21 08:38
1646,86,7945,2026-07-11 09:52,2026-07-11 11:28
1647,13,1555,2026-07-15 03:16,2026-07-15 04:40
1648,98,7337,2026-07-05 17:46,2026-07-05 18:19
1649,39,7498,2026-07-02 17:33,2026-07-02 17:50
1650,87,6631,2026-07-29 14:41,2026-07-29 15:38
1651,83,2213,2026-07-20 03:51,2026-07-20 04:21
1652,73,6624,2026-07-14 22:44,2026-07-15 00:28
1653,79,6678,2026-07-26 07:04,2026-07-26 07:23
1654,81,2438,2026-07-29 11:56,2026-07-29 12:14
1655,29,9057,2026-07-16 02:08,2026-07-16 03:55
1656,6,5592,2026-07-18 14:07,NULL
1657,33,559,2026-07-18 17:14,2026-07-18 18:06
1658,40,8961,2026-07-14 14:45,2026-07-14 15:23
1659,64,986,2026-07-15 18:15,2026-07-15 20:11
1660,93,5547,2026-07-11 03:52,2026-07-11 04:46
1661,62,5355,2026-07-23 11:22,2026-07-23 13:06
1662,44,5064,2026-07-25 16:41,2026-07-25 17:41
1663,61,9626,2026-07-10 12:07,2026-07-10 12:32
1664,47,3040,2026-07-10 13:12,NULL
1665,47,4780,2026-07-16 02:10,NULL
1666,27,8544,2026-07-11 01:13,2026-07-11 01:43
1667,91,2794,2026-07-30 05:40,2026-07-30 05:51
1668,95,5050,2026-07-10 04:41,2026-07-10 06:03
1669,56,9307,2026-07-12 13:48,2026-07-12 14:07
1670,43,7490,2026-07-26 17:05,2026-07-26 17:55
1671,97,2624,2026-07-29 23:24,2026-07-30 01:12
1672,49,7454,2026-07-04 03:49,2026-07-04 04:58
1673,38,3744,2026-07-30 15:36,2026-07-30 16:17
1674,46,9120,2026-07-12 15:53,2026-07-12 17:35
1675,11,7823,2026-07-10 12:54,NULL
1676,9,7412,2026-07-01 07:09,NULL
1677,92,5604,2026-07-02 11:00,2026-07-02 12:17
1678,66,3196,2026-07-05 12:14,2026-07-05 13:18
1679,75,1968,2026-07-25 04:51,2026-07-25 05:53
1680,92,10,2026-07-09 12:26,NULL
1681,40,3250,2026-07-27 18:29,2026-07-27 18:55
1682,76,3325,2026-07-21 03:56,2026-07-21 05:54
1683,96,6556,2026-07-26 12:08,NULL
1684,10,1840,2026-07-13 15:30,2026-07-13 16:33
1685,18,4477,2026-07-10 03:29,2026-07-10 04:38
1686,71,2135,2026-07-17 22:42,2026-07-18 00:29
1687,77,5704,2026-07-09 01:25,2026-07-09 01:56
1688,83,1198,2026-07-03 21:34,2026-07-03 23:25
1689,52,9123,2026-07-07 16:58,2026-07-07 18:15
1690,16,5195,2026-07-20 12:27,2026-07-20 13:38
1691,30,1542,2026-07-20 22:05,2026-07-20 22:16
1692,21,4640,2026-07-03 04:20,2026-07-03 04:48
1693,94,4767,2026-07-19 11:47,2026-07-19 13:30
1694,96,5115,2026-07-24 01:23,2026-07-24 02:19
1695,53,463,2026-07-06 10:45,2026-07-06 12:19
1696,65,8601,2026-07-04 03:51,NULL
1697,6,2375,2026-07-17 22:52,2026-07-17 23:27
1698,47,429,2026-07-03 04:36,2026-07-03 05:21
1699,5,8078,2026-07-27 17:48,2026-07-27 18:37
1700,36,3606,2026-07-05 14:45,2026-07-05 16:29
1701,98,6055,2026-07-17 21:20,2026-07-17 22:33
1702,28,1082,2026-07-09 21:48,2026-07-09 23:38
1703,41,4558,2026-07-11 14:09,2026-07-11 14:33
1704,61,9667,2026-07-18 14:14,2026-07-18 15:55
1705,46,2321,2026-07-13 23:16,2026-07-13 23:44
1706,91,9491,2026-07-01 07:25,2026-07-01 09:00
1707,14,8444,2026-07-02 11:10,2026-07-02 11:34
1708,98,5147,2026-07-10 01:57,2026-07-10 02:32
1709,40,8556,2026-07-26 09:38,2026-07-26 10:07
1710,84,6121,2026-07-22 15:58,2026-07-22 17:05
1711,32,4702,2026-07-01 04:35,2026-07-01 04:54
1712,81,6784,2026-07-13 08:10,2026-07-13 09:25
1713,53,3884,2026-07-20 08:32,2026-07-20 09:36
1714,62,3119,2026-07-14 12:52,2026-07-14 13:04
1715,29,4449,2026-07-10 07:19,2026-07-10 09:01
1716,10,2218,2026-07-28 11:36,2026-07-28 12:10
1717,14,8780,2026-07-04 05:46,NULL
1718,77,9232,2026-07-27 16:32,2026-07-27 16:55
1719,35,1306,2026-07-04 18:38,2026-07-04 18:51
1720,7,4222,2026-07-30 23:54,2026-07-31 01:43
1721,42,8918,2026-07-09 14:08,2026-07-09 15:45
1722,24,3231,2026-07-29 09:05,NULL
1723,66,6365,2026-07-25 13:27,2026-07-25 14:10
1724,57,3982,2026-07-27 02:23,2026-07-27 04:12
1725,90,333,2026-07-28 15:15,2026-07-28 15:30
1726,74,4044,2026-07-12 01:16,2026-07-12 02:31
1727,37,8709,2026-07-11 11:14,2026-07-11 11:34
1728,99,341,2026-07-21 12:56,2026-07-21 13:26
1729,31,4834,2026-07-06 13:03,2026-07-06 14:12
1730,24,5494,2026-07-01 22:31,2026-07-01 23:29
1731,40,9518,2026-07-08 17:43,2026-07-08 19:29
1732,12,819,2026-07-07 22:59,2026-07-07 23:46
1733,21,3152,2026-07-17 03:44,2026-07-17 05:22
1734,27,3563,2026-07-24 11:49,2026-07-24 13:34
1735,66,2210,2026-07-11 18:26,2026-07-11 18:55
1736,70,2855,2026-07-30 09:06,2026-07-30 09:38
1737,87,5514,2026-07-20 23:44,2026-07-21 00:41
1738,65,1434,2026-07-07 19:32,2026-07-07 21:13
1739,32,5129,2026-07-30 16:25,2026-07-30 17:53
1740,6,3141,2026-07-07 22:33,2026-07-07 23:25
1741,27,8242,2026-07-15 17:10,2026-07-15 18:53
1742,62,1194,2026-07-20 02:10,2026-07-20 02:47
1743,99,6947,2026-07-05 12:37,2026-07-05 13:27
1744,59,5673,2026-07-02 02:04,2026-07-02 02:49
1745,85,3438,2026-07-24 20:54,NULL
1746,67,5990,2026-07-14 20:01,2026-07-14 20:13
1747,24,3707,2026-07-09 10:31,2026-07-09 12:11
1748,32,8596,2026-07-12 17:04,NULL
1749,77,8909,2026-07-08 02:34,2026-07-08 04:27
1750,24,7919,2026-07-10 18:55,2026-07-10 20:50
1751,77,4223,2026-07-12 10:53,2026-07-12 12:29
1752,34,3669,2026-07-17 14:34,2026-07-17 15:18
1753,89,3045,2026-07-10 05:56,2026-07-10 07:10
1754,85,9520,2026-07-20 02:23,2026-07-20 02:38
1755,81,2251,2026-07-08 02:40,2026-07-08 03:21
1756,66,2718,2026-07-30 20:42,2026-07-30 21:20
1757,36,2165,2026-07-09 10:47,2026-07-09 11:27
1758,44,244,2026-07-20 12:47,2026-07-20 13:29
1759,98,3151,2026-07-06 19:36,2026-07-06 21:01
1760,83,2914,2026-07-04 18:59,2026-07-04 19:52
1761,35,7231,2026-07-16 18:20,2026-07-16 20:18
1762,83,7752,2026-07-04 11:55,2026-07-04 13:08
1763,15,534,2026-07-27 12:19,2026-07-27 13:50
1764,94,4266,2026-07-27 04:39,2026-07-27 04:49
1765,46,3970,2026-07-25 22:52,2026-07-25 23:06
1766,27,8980,2026-07-05 07:07,2026-07-05 08:51
1767,54,6658,2026-07-25 11:42,2026-07-25 13:24
1768,62,9759,2026-07-07 22:54,2026-07-07 23:50
1769,64,6244,2026-07-07 11:26,2026-07-07 13:05
1770,60,5998,2026-07-13 11:11,2026-07-13 11:59
1771,83,418,2026-07-13 02:37,2026-07-13 03:30
1772,31,7247,2026-07-28 00:55,2026-07-28 01:20
1773,69,4490,2026-07-10 19:15,NULL
1774,40,3387,2026-07-28 22:32,2026-07-28 23:34
1775,100,6566,2026-07-28 14:56,NULL
1776,21,6253,2026-07-19 23:11,2026-07-19 23:26
1777,42,4230,2026-07-24 08:53,2026-07-24 09:39
1778,96,7576,2026-07-13 05:05,2026-07-13 05:37
1779,72,6568,2026-07-10 21:05,2026-07-10 22:43
1780,29,5535,2026-07-02 18:25,2026-07-02 18:49
1781,78,7989,2026-07-13 08:47,2026-07-13 09:47
1782,19,4156,2026-07-22 03:16,2026-07-22 04:55
1783,2,6020,2026-07-28 03:34,2026-07-28 05:15
1784,56,1362,2026-07-14 17:06,2026-07-14 18:22
1785,12,5038,2026-07-15 04:46,2026-07-15 06:04
1786,26,6679,2026-07-07 00:41,2026-07-07 02:19
1787,52,8498,2026-07-17 09:07,2026-07-17 10:40
1788,3,3436,2026-07-25 13:07,NULL
1789,62,5515,2026-07-18 16:35,2026-07-18 17:15
1790,31,9638,2026-07-17 11:38,NULL
1791,54,1669,2026-07-14 01:06,2026-07-14 02:55
1792,13,6556,2026-07-02 18:28,2026-07-02 19:07
1793,50,8708,2026-07-27 21:04,2026-07-27 21:47
1794,19,2117,2026-07-28 04:16,2026-07-28 04:26
1795,67,4059,2026-07-04 14:38,2026-07-04 15:16
1796,41,1902,2026-07-26 20:40,2026-07-26 22:30
1797,53,4470,2026-07-22 08:20,2026-07-22 09:03
1798,93,7666,2026-07-30 07:31,2026-07-30 09:12
1799,71,8858,2026-07-05 23:56,2026-07-06 01:41
1800,90,1295,2026-07-14 03:52,2026-07-14 05:36
1801,51,9943,2026-07-17 00:26,2026-07-17 02:20
1802,59,347,2026-07-05 12:51,2026-07-05 13:28
1803,45,6359,2026-07-03 12:30,NULL
1804,85,7584,2026-07-26 13:33,2026-07-26 14:07
1805,59,3299,2026-07-01 21:51,2026-07-01 23:42
1806,5,2650,2026-07-08 11:47,2026-07-08 12:10
1807,45,9010,2026-07-27 15:55,2026-07-27 16:25
1808,52,4813,2026-07-08 00:14,2026-07-08 01:22
1809,93,5325,2026-07-05 14:00,2026-07-05 14:33
1810,63,7544,2026-07-11 19:20,2026-07-11 20:17
1811,61,4659,2026-07-28 10:16,NULL
1812,6,1618,2026-07-17 16:22,2026-07-17 17:57
1813,44,6154,2026-07-10 23:51,2026-07-11 01:45
1814,9,146,2026-07-25 10:10,2026-07-25 11:13
1815,35,1976,2026-07-10 15:05,2026-07-10 15:52
1816,74,764,2026-07-02 08:56,2026-07-02 10:52
1817,91,3056,2026-07-05 20:35,NULL
1818,60,1918,2026-07-04 12:01,2026-07-04 12:50
1819,62,7,2026-07-24 11:30,2026-07-24 12:04
1820,10,2033,2026-07-29 07:07,2026-07-29 07:39
1821,63,8797,2026-07-14 15:06,2026-07-14 15:42
1822,97,1383,2026-07-30 07:35,2026-07-30 08:08
1823,95,8539,2026-07-16 02:49,2026-07-16 04:48
1824,63,939,2026-07-20 11:18,2026-07-20 12:37
1825,58,7163,2026-07-28 13:41,2026-07-28 14:01
1826,65,3147,2026-07-10 23:33,NULL
1827,45,588,2026-07-20 03:16,2026-07-20 03:28
1828,15,6257,2026-07-09 15:26,2026-07-09 16:37
1829,38,7236,2026-07-08 23:53,2026-07-09 00:39
1830,41,2918,2026-07-01 13:14,2026-07-01 13:46
1831,8,8008,2026-07-05 07:31,2026-07-05 09:24
1832,50,8622,2026-07-13 11:10,2026-07-13 13:03
1833,21,1693,2026-07-08 20:47,NULL
1834,48,8860,2026-07-15 22:15,2026-07-15 22:58
1835,45,5944,2026-07-28 17:33,2026-07-28 18:32
1836,14,1263,2026-07-27 10:29,2026-07-27 10:40
1837,41,3705,2026-07-28 19:27,2026-07-28 21:07
1838,99,2593,2026-07-03 06:54,2026-07-03 08:41
1839,100,1816,2026-07-10 22:00,2026-07-10 23:06
1840,57,1269,2026-07-07 18:14,NULL
1841,64,2188,2026-07-23 14:43,2026-07-23 15:05
1842,43,5379,2026-07-08 18:33,2026-07-08 20:13
1843,1,484,2026-07-11 19:02,2026-07-11 19:44
1844,66,7121,2026-07-03 02:38,2026-07-03 03:42
1845,58,1917,2026-07-23 02:06,NULL
1846,29,2512,2026-07-30 19:09,2026-07-30 19:58
1847,99,1546,2026-07-11 21:41,NULL
1848,33,3133,2026-07-29 07:58,2026-07-29 09:33
1849,96,5905,2026-07-24 07:56,2026-07-24 08:36
1850,44,6100,2026-07-09 16:12,2026-07-09 17:30
1851,79,5853,2026-07-29 00:51,2026-07-29 01:32
1852,50,5761,2026-07-02 19:25,2026-07-02 20:09
1853,3,3430,2026-07-26 14:52,2026-07-26 16:44
1854,7,8001,2026-07-25 18:41,2026-07-25 20:27
1855,13,9244,2026-07-30 17:32,2026-07-30 18:12
1856,81,9803,2026-07-03 13:18,2026-07-03 15:13
1857,24,1038,2026-07-11 21:53,2026-07-11 23:23
1858,51,7753,2026-07-06 04:33,2026-07-06 05:17
1859,48,647,2026-07-13 11:44,2026-07-13 12:33
1860,17,2366,2026-07-08 03:09,NULL
1861,38,9510,2026-07-05 06:03,2026-07-05 06:56
1862,10,5044,2026-07-20 01:54,NULL
1863,100,2478,2026-07-20 12:55,2026-07-20 13:11
1864,53,2268,2026-07-10 13:23,2026-07-10 15:09
1865,78,571,2026-07-27 13:58,2026-07-27 14:16
1866,20,7997,2026-07-23 14:55,2026-07-23 16:01
1867,76,7910,2026-07-21 08:52,2026-07-21 10:36
1868,44,7664,2026-07-26 04:48,2026-07-26 05:26
1869,53,607,2026-07-25 15:42,2026-07-25 16:18
1870,37,2476,2026-07-30 02:18,2026-07-30 03:38
1871,83,1146,2026-07-13 17:23,2026-07-13 17:37
1872,53,3482,2026-07-30 16:08,2026-07-30 16:58
1873,29,9534,2026-07-23 19:11,NULL
1874,82,1204,2026-07-30 04:02,2026-07-30 05:59
1875,58,7246,2026-07-11 16:59,2026-07-11 17:31
1876,2,507,2026-07-29 23:47,2026-07-30 01:39
1877,84,7808,2026-07-04 06:47,2026-07-04 07:40
1878,61,8810,2026-07-14 16:40,2026-07-14 17:33
1879,2,4514,2026-07-25 17:02,2026-07-25 17:32
1880,84,2736,2026-07-30 02:14,2026-07-30 02:41
1881,54,1036,2026-07-22 03:26,2026-07-22 05:12
1882,2,8061,2026-07-14 16:56,2026-07-14 18:35
1883,11,9505,2026-07-21 15:35,2026-07-21 15:54
1884,62,9713,2026-07-17 15:55,2026-07-17 16:08
1885,86,1284,2026-07-21 19:31,2026-07-21 20:10
1886,79,6632,2026-07-07 18:23,2026-07-07 19:23
1887,63,7796,2026-07-24 17:24,2026-07-24 17:59
1888,1,4040,2026-07-11 23:35,2026-07-12 01:27
1889,59,4856,2026-07-26 13:36,NULL
1890,7,519,2026-07-29 15:36,2026-07-29 16:41
1891,80,4146,2026-07-18 17:55,2026-07-18 19:55
1892,15,521,2026-07-03 23:31,2026-07-04 00:26
1893,35,9989,2026-07-07 03:56,2026-07-07 05:22
1894,15,7342,2026-07-06 21:08,2026-07-06 22:23
1895,55,9591,2026-07-29 23:56,NULL
1896,48,3418,2026-07-05 21:48,2026-07-05 23:03
1897,80,7692,2026-07-03 09:02,2026-07-03 10:32
1898,79,36,2026-07-16 02:13,2026-07-16 03:53
1899,36,3723,2026-07-27 18:06,2026-07-27 18:45
1900,11,893,2026-07-13 15:03,2026-07-13 15:23
1901,85,985,2026-07-22 16:29,2026-07-22 16:46
1902,88,2555,2026-07-08 15:45,NULL
1903,96,2215,2026-07-14 21:11,2026-07-14 21:58
1904,22,8262,2026-07-04 11:29,2026-07-04 13:22
1905,64,9290,2026-07-21 05:12,2026-07-21 06:35
1906,53,2129,2026-07-11 07:29,2026-07-11 08:37
1907,69,6987,2026-07-15 05:48,2026-07-15 07:22
1908,86,1211,2026-07-28 15:59,2026-07-28 17:37
1909,80,9633,2026-07-19 03:41,2026-07-19 05:13
1910,86,1194,2026-07-30 14:08,2026-07-30 14:37
1911,33,1800,2026-07-17 22:39,2026-07-17 23:37
1912,40,633,2026-07-08 02:59,2026-07-08 03:29
1913,27,5603,2026-07-03 05:22,NULL
1914,1,6050,2026-07-24 15:57,2026-07-24 16:39
1915,62,6552,2026-07-25 22:50,2026-07-25 23:55
1916,92,7785,2026-07-10 18:03,2026-07-10 18:15
1917,20,9543,2026-07-12 18:55,2026-07-12 20:25
1918,44,3994,2026-07-09 05:50,2026-07-09 06:53
1919,45,8525,2026-07-03 11:40,2026-07-03 12:52
1920,13,9289,2026-07-01 20:23,2026-07-01 22:13
1921,16,6386,2026-07-12 21:28,2026-07-12 23:09
1922,84,5070,2026-07-24 18:01,2026-07-24 19:52
1923,45,4809,2026-07-25 08:51,2026-07-25 10:07
1924,76,2071,2026-07-16 08:10,2026-07-16 09:20
1925,63,9324,2026-07-22 16:45,2026-07-22 18:39
1926,30,9936,2026-07-18 22:26,2026-07-18 23:58
1927,97,2618,2026-07-17 16:00,2026-07-17 16:24
1928,56,5634,2026-07-20 15:57,2026-07-20 17:55
1929,56,8388,2026-07-24 10:31,2026-07-24 11:32
1930,64,4690,2026-07-25 16:01,2026-07-25 17:56
1931,89,314,2026-07-22 03:20,NULL
1932,41,5367,2026-07-18 01:05,2026-07-18 02:38
1933,5,1211,2026-07-12 11:31,2026-07-12 12:12
1934,74,5881,2026-07-27 06:10,2026-07-27 07:39
1935,16,1153,2026-07-05 15:43,2026-07-05 17:03
1936,2,5468,2026-07-27 06:41,2026-07-27 08:03
1937,10,299,2026-07-27 04:33,2026-07-27 06:26
1938,83,923,2026-07-10 13:15,2026-07-10 15:03
1939,23,1316,2026-07-26 18:02,2026-07-26 19:20
1940,69,8763,2026-07-11 17:16,2026-07-11 18:38
1941,55,1645,2026-07-29 03:33,2026-07-29 04:45
1942,49,1269,2026-07-22 23:42,2026-07-22 23:59
1943,89,61,2026-07-10 06:04,2026-07-10 06:25
1944,52,7850,2026-07-16 12:07,NULL
1945,95,3016,2026-07-07 06:01,2026-07-07 07:58
1946,14,5193,2026-07-13 18:10,NULL
1947,43,4984,2026-07-09 17:40,2026-07-09 18:45
1948,98,3939,2026-07-12 11:45,2026-07-12 13:10
1949,5,3686,2026-07-30 07:32,2026-07-30 09:30
1950,64,462,2026-07-03 19:59,2026-07-03 21:35
1951,78,8013,2026-07-03 20:30,2026-07-03 21:13
1952,96,30,2026-07-21 15:03,2026-07-21 15:30
1953,39,4033,2026-07-23 07:00,2026-07-23 08:03
1954,74,6987,2026-07-18 04:28,2026-07-18 06:28
1955,25,4973,2026-07-03 13:28,2026-07-03 14:37
1956,20,1649,2026-07-03 11:45,2026-07-03 12:02
1957,41,1017,2026-07-01 00:24,2026-07-01 02:14
1958,55,6612,2026-07-19 04:29,2026-07-19 05:21
1959,12,2161,2026-07-16 22:00,2026-07-16 22:15
1960,98,6777,2026-07-06 05:47,2026-07-06 06:46
1961,2,2476,2026-07-16 08:13,2026-07-16 09:25
1962,75,4773,2026-07-15 22:24,2026-07-16 00:06
1963,30,6898,2026-07-07 20:09,NULL
1964,4,1768,2026-07-26 15:02,2026-07-26 16:23
1965,76,6034,2026-07-20 11:24,2026-07-20 12:25
1966,71,6086,2026-07-13 06:54,2026-07-13 08:19
1967,44,4202,2026-07-01 11:00,2026-07-01 12:13
1968,100,350,2026-07-26 12:25,2026-07-26 12:56
1969,4,1201,2026-07-22 09:48,NULL
1970,49,7998,2026-07-23 23:47,2026-07-24 01:36
1971,80,2599,2026-07-04 20:51,2026-07-04 22:10
1972,28,4514,2026-07-10 11:33,2026-07-10 13:13
1973,22,3097,2026-07-15 12:31,2026-07-15 13:33
1974,42,8705,2026-07-06 22:10,2026-07-06 23:19
1975,57,4205,2026-07-13 23:09,NULL
1976,70,8186,2026-07-29 05:42,NULL
1977,41,4430,2026-07-27 15:35,2026-07-27 17:23
1978,10,6642,2026-07-12 14:06,2026-07-12 15:04
1979,72,2420,2026-07-26 23:04,2026-07-26 23:53
1980,8,3135,2026-07-05 22:36,2026-07-06 00:18
1981,32,9391,2026-07-04 00:03,2026-07-04 01:25
1982,72,4296,2026-07-13 16:15,2026-07-13 16:54
1983,51,9136,2026-07-26 23:24,2026-07-26 23:41
1984,4,8557,2026-07-28 14:23,2026-07-28 16:23
1985,38,532,2026-07-24 06:39,2026-07-24 07:09
1986,98,2797,2026-07-11 11:15,2026-07-11 11:25
1987,57,8356,2026-07-03 12:20,2026-07-03 12:47
1988,29,6800,2026-07-18 03:25,2026-07-18 04:16
1989,56,3497,2026-07-16 19:37,2026-07-16 21:06
1990,8,426,2026-07-15 05:58,2026-07-15 06:39
1991,5,7667,2026-07-04 11:13,NULL
1992,13,7489,2026-07-25 00:08,2026-07-25 00:42
1993,47,7933,2026-07-17 19:21,2026-07-17 21:06
1994,44,3484,2026-07-23 23:57,NULL
1995,37,4827,2026-07-14 12:47,2026-07-14 13:00
1996,100,8150,2026-07-05 13:39,2026-07-05 13:53
1997,7,8966,2026-07-26 16:30,2026-07-26 18:01
1998,9,2933,2026-07-21 13:00,NULL
1999,10,8934,2026-07-23 12:47,2026-07-23 14:43
2000,18,2005,2026-07-19 05:04,2026-07-19 05:21
2001,48,6492,2026-07-17 10:39,2026-07-17 12:19
2002,9,1107,2026-07-25 02:22,2026-07-25 02:55
2003,6,6386,2026-07-24 16:59,2026-07-24 18:38
2004,26,4401,2026-07-11 07:05,2026-07-11 07:51
2005,53,2291,2026-07-15 20:17,2026-07-15 21:35
2006,26,3671,2026-07-01 00:51,2026-07-01 02:18
2007,30,9055,2026-07-13 20:53,2026-07-13 22:05
2008,32,4082,2026-07-14 00:18,2026-07-14 01:33
2009,82,619,2026-07-02 16:57,NULL
2010,67,6667,2026-07-20 19:58,2026-07-20 20:29
2011,100,9028,2026-07-30 19:09,2026-07-30 20:04
2012,51,5995,2026-07-15 20:09,2026-07-15 21:40
2013,41,2708,2026-07-05 17:24,2026-07-05 18:32
2014,38,56,2026-07-05 16:47,2026-07-05 17:49
2015,40,5681,2026-07-21 08:33,2026-07-21 10:20
2016,37,9745,2026-07-12 01:26,2026-07-12 01:38
2017,26,6880,2026-07-02 12:21,2026-07-02 13:06
2018,91,9741,2026-07-06 01:19,2026-07-06 03:11
2019,87,2664,2026-07-16 01:23,NULL
2020,50,8966,2026-07-13 03:57,2026-07-13 05:36
2021,10,258,2026-07-12 05:48,2026-07-12 07:15
2022,29,7245,2026-07-01 22:48,2026-07-02 00:35
2023,100,4896,2026-07-02 14:06,2026-07-02 16:03
2024,2,5488,2026-07-07 03:03,2026-07-07 04:05
2025,72,4861,2026-07-05 18:01,2026-07-05 19:25
2026,63,8251,2026-07-09 18:39,2026-07-09 19:29
2027,13,1720,2026-07-14 21:19,2026-07-14 21:42
2028,38,7167,2026-07-18 02:48,2026-07-18 03:08
2029,12,2894,2026-07-06 00:52,2026-07-06 01:03
2030,26,8106,2026-07-10 01:13,2026-07-10 03:08
2031,39,8054,2026-07-18 03:01,NULL
2032,98,5482,2026-07-26 21:00,2026-07-26 22:39
2033,96,6291,2026-07-07 23:20,NULL
2034,35,1872,2026-07-07 22:12,2026-07-07 23:58
2035,12,2588,2026-07-07 01:57,2026-07-07 03:32
2036,52,3800,2026-07-28 14:58,2026-07-28 15:52
2037,91,8499,2026-07-21 19:03,2026-07-21 19:15
2038,84,6216,2026-07-17 21:29,2026-07-17 23:10
2039,89,8750,2026-07-24 20:00,2026-07-24 21:58
2040,45,3433,2026-07-15 21:01,2026-07-15 22:54
2041,5,3651,2026-07-23 18:20,2026-07-23 19:12
2042,75,1386,2026-07-01 00:13,2026-07-01 01:33
2043,39,4333,2026-07-27 21:50,2026-07-27 22:54
2044,68,9420,2026-07-04 19:43,2026-07-04 19:56
2045,59,9355,2026-07-03 09:04,2026-07-03 10:13
2046,21,9253,2026-07-05 10:57,2026-07-05 12:22
2047,94,3637,2026-07-18 12:46,2026-07-18 14:43
2048,99,5113,2026-07-24 14:22,2026-07-24 14:33
2049,89,3589,2026-07-15 09:57,2026-07-15 11:54
2050,1,8751,2026-07-15 12:33,NULL
2051,12,763,2026-07-05 09:18,NULL
2052,57,8110,2026-07-05 23:01,2026-07-06 00:33
2053,94,4560,2026-07-02 09:29,2026-07-02 09:39
2054,25,7760,2026-07-22 03:37,NULL
2055,83,2380,2026-07-03 15:01,2026-07-03 16:10
2056,82,714,2026-07-17 13:43,2026-07-17 13:54
2057,81,8160,2026-07-04 16:14,2026-07-04 17:48
2058,31,4332,2026-07-21 10:03,2026-07-21 11:01
2059,35,9466,2026-07-23 07:39,2026-07-23 09:30
2060,65,5226,2026-07-08 16:06,2026-07-08 17:08
2061,51,5134,2026-07-09 08:18,2026-07-09 09:33
2062,35,5542,2026-07-16 01:14,2026-07-16 03:08
2063,66,9082,2026-07-09 18:41,2026-07-09 19:50
2064,16,2155,2026-07-29 04:14,2026-07-29 06:08
2065,14,2192,2026-07-27 02:34,2026-07-27 03:32
2066,32,7297,2026-07-25 20:03,2026-07-25 21:29
2067,51,4014,2026-07-26 10:18,2026-07-26 11:59
2068,62,2808,2026-07-04 05:20,2026-07-04 05:33
2069,37,1972,2026-07-25 13:52,2026-07-25 15:27
2070,37,8020,2026-07-13 06:01,NULL
2071,23,692,2026-07-02 02:21,2026-07-02 03:29
2072,73,4865,2026-07-08 22:04,2026-07-08 23:49
2073,75,7589,2026-07-11 11:00,2026-07-11 12:10
2074,30,1261,2026-07-14 15:21,2026-07-14 16:01
2075,26,1338,2026-07-18 12:07,2026-07-18 12:39
2076,99,320,2026-07-08 22:12,2026-07-08 23:09
2077,78,3949,2026-07-09 16:53,2026-07-09 17:08
2078,66,942,2026-07-21 18:10,2026-07-21 18:41
2079,92,1782,2026-07-21 21:06,2026-07-21 21:34
2080,28,2764,2026-07-29 12:49,2026-07-29 13:55
2081,64,8450,2026-07-01 11:51,2026-07-01 13:48
2082,91,9134,2026-07-16 11:54,2026-07-16 12:14
2083,66,441,2026-07-17 03:01,NULL
2084,44,4979,2026-07-13 00:05,2026-07-13 01:00
2085,68,4530,2026-07-21 01:05,2026-07-21 01:26
2086,4,3526,2026-07-05 09:56,2026-07-05 11:20
2087,33,7531,2026-07-28 14:39,NULL
2088,47,703,2026-07-19 05:27,NULL
2089,42,2787,2026-07-12 11:02,2026-07-12 12:35
2090,53,8389,2026-07-13 01:58,2026-07-13 02:10
2091,5,6265,2026-07-21 12:36,2026-07-21 13:06
2092,30,9787,2026-07-03 06:55,2026-07-03 07:14
2093,85,8717,2026-07-08 08:17,2026-07-08 09:35
2094,22,2808,2026-07-28 23:38,2026-07-29 00:59
2095,80,7897,2026-07-26 17:14,2026-07-26 17:30
2096,33,6435,2026-07-14 23:26,2026-07-14 23:45
2097,33,3505,2026-07-24 18:14,2026-07-24 19:40
2098,78,1128,2026-07-01 05:13,2026-07-01 06:28
2099,47,1991,2026-07-14 13:42,2026-07-14 15:16
2100,2,7544,2026-07-22 13:42,2026-07-22 14:09
2101,41,8275,2026-07-02 08:57,2026-07-02 10:36
2102,97,1674,2026-07-21 23:16,2026-07-21 23:56
2103,85,110,2026-07-06 10:54,2026-07-06 11:27
2104,45,1858,2026-07-12 00:05,2026-07-12 01:47
2105,64,6406,2026-07-29 11:49,2026-07-29 12:15
2106,58,939,2026-07-08 17:51,2026-07-08 18:13
2107,40,8298,2026-07-16 17:49,2026-07-16 18:05
2108,31,8032,2026-07-23 07:40,2026-07-23 09:09
2109,68,7113,2026-07-28 09:29,2026-07-28 10:51
2110,56,9126,2026-07-04 20:43,2026-07-04 22:16
2111,27,3425,2026-07-08 18:43,2026-07-08 18:53
2112,32,9495,2026-07-02 20:34,NULL
2113,6,6654,2026-07-30 01:16,2026-07-30 02:20
2114,26,558,2026-07-21 20:13,2026-07-21 20:49
2115,24,9845,2026-07-11 23:55,NULL
2116,41,24,2026-07-16 10:56,2026-07-16 12:38
2117,18,2222,2026-07-27 02:44,2026-07-27 03:35
2118,61,5224,2026-07-15 15:42,NULL
2119,5,9740,2026-07-15 06:52,2026-07-15 07:56
2120,69,3245,2026-07-01 08:37,2026-07-01 09:07
2121,49,3653,2026-07-01 06:58,2026-07-01 08:26
2122,69,9908,2026-07-07 15:18,2026-07-07 16:38
2123,12,2163,2026-07-08 12:32,2026-07-08 14:02
2124,6,9255,2026-07-23 05:24,2026-07-23 06:24
2125,53,6989,2026-07-01 23:53,2026-07-02 00:07
2126,86,9974,2026-07-29 18:39,2026-07-29 19:33
2127,27,4949,2026-07-05 04:15,2026-07-05 05:31
2128,9,3340,2026-07-28 00:35,2026-07-28 00:52
2129,59,4864,2026-07-13 14:17,2026-07-13 14:46
2130,91,8841,2026-07-05 11:11,2026-07-05 12:11
2131,39,2947,2026-07-12 08:11,2026-07-12 08:29
2132,93,3624,2026-07-13 15:26,2026-07-13 17:12
2133,50,8634,2026-07-19 14:59,2026-07-19 15:33
2134,30,7791,2026-07-14 22:27,2026-07-14 23:22
2135,35,4106,2026-07-11 21:07,2026-07-11 22:05
2136,24,5537,2026-07-29 14:00,NULL
2137,18,3366,2026-07-30 11:45,NULL
2138,25,8821,2026-07-27 12:56,2026-07-27 14:48
2139,28,435,2026-07-02 08:14,2026-07-02 08:51
2140,27,5685,2026-07-27 05:21,2026-07-27 06:12
2141,23,6490,2026-07-08 14:02,NULL
2142,41,8709,2026-07-11 10:22,2026-07-11 11:11
2143,94,2958,2026-07-26 21:28,2026-07-26 21:58
2144,46,7671,2026-07-11 06:40,2026-07-11 07:32
2145,21,523,2026-07-21 18:15,2026-07-21 19:08
2146,93,6154,2026-07-03 07:55,NULL
2147,30,1320,2026-07-28 08:45,2026-07-28 09:35
2148,11,4028,2026-07-30 13:24,2026-07-30 13:45
2149,82,6265,2026-07-22 11:00,NULL
2150,57,9478,2026-07-26 05:55,2026-07-26 07:46
2151,8,3989,2026-07-10 01:50,2026-07-10 02:21
2152,30,132,2026-07-24 01:45,NULL
2153,94,2677,2026-07-07 21:45,2026-07-07 23:28
2154,71,2209,2026-07-28 22:16,2026-07-29 00:08
2155,14,3332,2026-07-18 12:17,2026-07-18 14:13
2156,57,3758,2026-07-16 14:24,2026-07-16 16:07
2157,49,5971,2026-07-02 12:44,NULL
2158,15,4214,2026-07-16 16:38,2026-07-16 17:16
2159,20,7593,2026-07-25 21:23,2026-07-25 22:29
2160,63,1033,2026-07-22 10:35,2026-07-22 12:14
2161,45,8901,2026-07-13 20:52,NULL
2162,100,87,2026-07-02 05:53,2026-07-02 06:27
2163,55,2634,2026-07-21 09:15,2026-07-21 10:34
2164,97,661,2026-07-24 10:41,2026-07-24 10:56
2165,76,2376,2026-07-17 10:28,NULL
2166,56,7654,2026-07-17 11:50,2026-07-17 12:09
2167,69,4376,2026-07-29 12:02,2026-07-29 12:46
2168,17,4294,2026-07-20 10:27,NULL
2169,91,2813,2026-07-01 07:09,2026-07-01 08:29
2170,65,8077,2026-07-10 17:29,2026-07-10 18:43
2171,26,4453,2026-07-17 03:15,2026-07-17 04:23
2172,97,8348,2026-07-14 09:07,2026-07-14 10:49
2173,86,9067,2026-07-08 19:02,NULL
2174,89,1318,2026-07-03 11:51,2026-07-03 13:41
2175,55,9221,2026-07-02 10:53,2026-07-02 11:14
2176,61,4687,2026-07-22 16:52,2026-07-22 17:10
2177,38,4985,2026-07-11 07:28,2026-07-11 07:44
2178,59,1937,2026-07-21 19:13,2026-07-21 20:03
2179,59,6509,2026-07-21 23:50,2026-07-22 01:27
2180,75,886,2026-07-19 22:00,2026-07-19 22:33
2181,91,3046,2026-07-18 11:26,2026-07-18 12:50
2182,43,9612,2026-07-11 20:48,2026-07-11 21:30
2183,25,4205,2026-07-04 00:59,2026-07-04 01:26
2184,59,2013,2026-07-13 18:14,2026-07-13 19:13
2185,61,1820,2026-07-18 15:28,NULL
2186,58,8448,2026-07-12 11:53,2026-07-12 13:50
2187,7,4963,2026-07-16 09:08,2026-07-16 10:48
2188,5,3400,2026-07-13 18:49,2026-07-13 20:17
2189,50,6070,2026-07-14 18:19,2026-07-14 18:57
2190,10,8065,2026-07-06 03:03,2026-07-06 03:34
2191,72,8640,2026-07-15 13:33,2026-07-15 15:22
2192,11,6781,2026-07-25 18:42,2026-07-25 19:47
2193,94,1523,2026-07-01 11:15,2026-07-01 12:08
2194,59,5041,2026-07-16 16:08,2026-07-16 16:58
2195,66,1509,2026-07-05 14:28,2026-07-05 15:22
2196,28,9104,2026-07-05 16:58,2026-07-05 18:51
2197,33,2556,2026-07-11 16:23,2026-07-11 16:52
2198,69,6698,2026-07-24 14:01,2026-07-24 15:39
2199,26,4791,2026-07-11 03:49,2026-07-11 05:45
2200,18,4138,2026-07-30 10:10,2026-07-30 11:32
2201,39,5570,2026-07-06 01:32,2026-07-06 03:30
2202,89,5659,2026-07-02 12:50,2026-07-02 13:52
2203,89,5862,2026-07-25 17:53,2026-07-25 19:28
2204,9,3534,2026-07-28 13:10,2026-07-28 14:05
2205,28,5286,2026-07-14 17:45,2026-07-14 18:02
2206,89,7547,2026-07-05 06:45,2026-07-05 06:56
2207,78,2163,2026-07-22 05:29,2026-07-22 05:56
2208,55,4964,2026-07-14 00:05,NULL
2209,35,7284,2026-07-15 03:47,2026-07-15 04:45
2210,20,5586,2026-07-23 22:42,2026-07-23 23:05
2211,19,6252,2026-07-12 20:26,2026-07-12 21:28
2212,73,9591,2026-07-02 08:50,NULL
2213,49,1323,2026-07-20 19:33,2026-07-20 21:20
2214,38,7151,2026-07-16 07:55,2026-07-16 08:41
2215,38,2377,2026-07-22 01:30,NULL
2216,24,8551,2026-07-13 23:34,2026-07-14 00:44
2217,26,6460,2026-07-11 06:45,2026-07-11 07:49
2218,90,8190,2026-07-15 16:47,2026-07-15 17:21
2219,9,1748,2026-07-25 16:33,2026-07-25 17:35
2220,98,1714,2026-07-20 05:38,2026-07-20 07:25
2221,91,1217,2026-07-25 06:19,2026-07-25 07:59
2222,58,9171,2026-07-30 03:35,2026-07-30 05:00
2223,53,8489,2026-07-05 04:56,2026-07-05 06:38
2224,36,1432,2026-07-17 02:07,2026-07-17 02:43
2225,88,8406,2026-07-13 03:45,2026-07-13 04:38
2226,79,7342,2026-07-02 12:49,2026-07-02 13:03
2227,56,1837,2026-07-12 00:38,2026-07-12 02:26
2228,49,5221,2026-07-14 10:43,2026-07-14 10:56
2229,58,4301,2026-07-24 00:45,2026-07-24 02:40
2230,87,4996,2026-07-25 18:15,2026-07-25 19:47
2231,33,7251,2026-07-30 12:13,2026-07-30 13:11
2232,62,3927,2026-07-17 03:56,2026-07-17 04:26
2233,96,2157,2026-07-10 05:24,2026-07-10 06:26
2234,92,2523,2026-07-07 19:50,2026-07-07 20:23
2235,62,6320,2026-07-05 03:08,2026-07-05 04:54
2236,23,3095,2026-07-06 12:31,2026-07-06 12:53
2237,12,7962,2026-07-05 14:18,2026-07-05 14:52
2238,3,8942,2026-07-19 06:59,2026-07-19 08:38
2239,73,154,2026-07-23 05:40,2026-07-23 06:47
2240,57,358,2026-07-19 21:23,2026-07-19 22:28
2241,61,671,2026-07-03 04:27,NULL
2242,93,1862,2026-07-07 10:17,2026-07-07 10:40
2243,30,2538,2026-07-03 04:18,2026-07-03 04:52
2244,43,8732,2026-07-28 06:40,2026-07-28 07:23
2245,41,9241,2026-07-29 00:52,2026-07-29 02:34
2246,31,1149,2026-07-09 04:20,2026-07-09 05:19
2247,27,8552,2026-07-25 13:56,2026-07-25 14:53
2248,75,6427,2026-07-17 02:03,2026-07-17 02:39
2249,32,200,2026-07-22 05:03,2026-07-22 05:55
2250,65,7645,2026-07-14 15:36,2026-07-14 16:03
2251,19,5942,2026-07-02 19:58,NULL
2252,34,5085,2026-07-22 12:08,2026-07-22 13:55
2253,36,1683,2026-07-07 08:28,2026-07-07 09:04
2254,87,3385,2026-07-24 23:03,2026-07-24 23:36
2255,82,1834,2026-07-02 11:46,2026-07-02 13:09
2256,94,865,2026-07-07 07:43,2026-07-07 09:00
2257,23,2810,2026-07-18 01:24,2026-07-18 03:19
2258,18,5132,2026-07-14 17:08,2026-07-14 19:02
2259,39,7776,2026-07-28 10:58,2026-07-28 12:26
2260,58,144,2026-07-20 23:47,NULL
2261,75,6080,2026-07-08 01:55,2026-07-08 02:27
2262,40,2229,2026-07-17 07:29,2026-07-17 07:47
2263,21,8149,2026-07-21 01:52,2026-07-21 03:48
2264,59,1506,2026-07-27 12:47,2026-07-27 13:18
2265,87,5612,2026-07-15 10:21,2026-07-15 11:44
2266,40,64,2026-07-15 15:14,NULL
2267,87,6569,2026-07-02 00:13,2026-07-02 00:35
2268,82,9760,2026-07-26 15:29,2026-07-26 16:57
2269,64,4293,2026-07-06 00:49,2026-07-06 02:16
2270,14,6420,2026-07-22 18:12,2026-07-22 19:54
2271,92,4454,2026-07-16 00:13,2026-07-16 00:38
2272,13,7849,2026-07-21 16:19,2026-07-21 17:18
2273,65,2441,2026-07-26 18:44,2026-07-26 19:47
2274,23,5316,2026-07-23 00:09,2026-07-23 01:09
2275,46,212,2026-07-04 00:53,2026-07-04 01:12
2276,47,9103,2026-07-24 09:00,2026-07-24 10:31
2277,98,9487,2026-07-11 22:39,2026-07-11 23:53
2278,36,8868,2026-07-02 20:04,2026-07-02 21:31
2279,33,7523,2026-07-01 02:01,2026-07-01 04:00
2280,48,1197,2026-07-18 06:04,2026-07-18 06:49
2281,80,1308,2026-07-20 03:17,2026-07-20 04:11
2282,91,5006,2026-07-16 16:39,2026-07-16 17:17
2283,92,6999,2026-07-05 02:53,2026-07-05 03:56
2284,92,1645,2026-07-12 00:04,2026-07-12 00:25
2285,1,8937,2026-07-08 16:53,2026-07-08 18:48
2286,66,3730,2026-07-27 03:19,2026-07-27 04:09
2287,37,5869,2026-07-18 13:42,NULL
2288,39,1986,2026-07-12 09:18,2026-07-12 11:02
2289,11,4167,2026-07-30 19:10,2026-07-30 19:52
2290,87,5125,2026-07-20 05:24,2026-07-20 06:15
2291,43,1624,2026-07-25 03:17,2026-07-25 05:15
2292,48,1338,2026-07-21 12:10,2026-07-21 12:37
2293,63,9953,2026-07-22 11:59,2026-07-22 13:51
2294,21,6665,2026-07-01 07:49,2026-07-01 09:31
2295,82,7039,2026-07-21 06:48,2026-07-21 08:03
2296,62,4776,2026-07-27 15:43,2026-07-27 16:34
2297,65,1571,2026-07-01 07:34,2026-07-01 07:53
2298,91,7380,2026-07-12 03:31,2026-07-12 05:08
2299,58,9954,2026-07-10 16:04,2026-07-10 17:40
2300,60,8923,2026-07-07 19:11,2026-07-07 20:31
2301,83,7189,2026-07-02 12:13,NULL
2302,44,1915,2026-07-30 02:59,2026-07-30 03:35
2303,63,2017,2026-07-13 16:12,2026-07-13 16:47
2304,12,142,2026-07-14 06:37,2026-07-14 07:17
2305,72,8021,2026-07-02 17:03,NULL
2306,23,7469,2026-07-12 10:54,NULL
2307,12,1105,2026-07-07 17:33,2026-07-07 17:44
2308,71,3292,2026-07-02 06:36,2026-07-02 07:28
2309,43,6837,2026-07-18 12:20,2026-07-18 12:49
2310,5,8896,2026-07-23 01:25,2026-07-23 01:48
2311,95,1506,2026-07-13 02:44,2026-07-13 04:14
2312,58,5556,2026-07-12 12:27,NULL
2313,64,8067,2026-07-21 14:04,2026-07-21 15:58
2314,59,2030,2026-07-01 20:42,2026-07-01 22:33
2315,56,9396,2026-07-28 20:18,2026-07-28 21:04
2316,93,173,2026-07-21 09:25,2026-07-21 10:06
2317,89,2094,2026-07-19 01:44,2026-07-19 02:45
2318,56,8323,2026-07-22 01:39,2026-07-22 03:08
2319,90,9162,2026-07-18 16:00,2026-07-18 17:01
2320,85,2663,2026-07-21 02:37,2026-07-21 04:05
2321,5,3859,2026-07-11 07:21,2026-07-11 08:50
2322,48,6799,2026-07-20 01:14,2026-07-20 03:08
2323,46,8447,2026-07-25 17:32,2026-07-25 19:10
2324,17,8494,2026-07-05 10:38,2026-07-05 11:54
2325,29,2863,2026-07-21 08:00,NULL
2326,56,520,2026-07-03 08:51,2026-07-03 10:47
2327,21,742,2026-07-17 20:04,2026-07-17 21:12
2328,22,4819,2026-07-15 15:07,2026-07-15 15:32
2329,13,6159,2026-07-17 21:24,2026-07-17 22:10
2330,7,727,2026-07-01 20:28,2026-07-01 20:45
2331,3,3563,2026-07-21 02:08,2026-07-21 03:41
2332,74,5050,2026-07-07 17:37,2026-07-07 17:52
2333,82,418,2026-07-24 21:36,2026-07-24 22:10
2334,14,434,2026-07-24 21:01,2026-07-24 22:59
2335,48,6330,2026-07-10 12:26,2026-07-10 12:59
2336,17,1985,2026-07-12 05:20,2026-07-12 06:21
2337,18,8532,2026-07-25 17:40,NULL
2338,61,6751,2026-07-15 09:07,2026-07-15 10:45
2339,46,4330,2026-07-07 16:24,NULL
2340,87,5459,2026-07-13 21:56,2026-07-13 22:43
2341,76,1948,2026-07-30 21:58,2026-07-30 23:21
2342,73,954,2026-07-23 11:52,2026-07-23 12:03
2343,19,5690,2026-07-14 09:31,2026-07-14 10:30
2344,27,7568,2026-07-22 16:38,2026-07-22 17:46
2345,52,6829,2026-07-07 07:08,2026-07-07 08:14
2346,29,2320,2026-07-03 15:50,2026-07-03 16:34
2347,92,8428,2026-07-20 22:57,2026-07-20 23:21
2348,32,722,2026-07-07 21:19,2026-07-07 23:19
2349,68,6126,2026-07-23 10:36,2026-07-23 11:38
2350,3,5956,2026-07-14 21:06,2026-07-14 22:56
2351,63,3569,2026-07-30 17:48,2026-07-30 19:07
2352,82,8162,2026-07-22 16:14,2026-07-22 17:10
2353,40,2722,2026-07-24 02:26,2026-07-24 03:35
2354,73,9111,2026-07-01 13:23,2026-07-01 13:41
2355,48,6939,2026-07-11 23:35,2026-07-12 00:00
2356,12,8927,2026-07-17 10:29,2026-07-17 12:20
2357,86,9845,2026-07-17 15:14,2026-07-17 16:01
2358,70,9068,2026-07-07 09:03,2026-07-07 10:23
2359,49,2901,2026-07-21 15:23,2026-07-21 17:09
2360,93,2004,2026-07-24 04:13,2026-07-24 04:59
2361,76,1905,2026-07-26 13:21,2026-07-26 14:55
2362,76,4402,2026-07-14 11:55,2026-07-14 13:43
2363,80,400,2026-07-28 16:35,2026-07-28 18:30
2364,53,9395,2026-07-15 03:18,2026-07-15 05:01
2365,31,8515,2026-07-21 20:54,2026-07-21 22:52
2366,100,6649,2026-07-02 18:48,2026-07-02 19:51
2367,31,5154,2026-07-04 14:13,2026-07-04 14:57
2368,6,8921,2026-07-14 20:52,2026-07-14 21:04
2369,86,7466,2026-07-11 05:42,2026-07-11 06:20
2370,100,7678,2026-07-17 03:35,2026-07-17 04:17
2371,62,4638,2026-07-30 00:21,2026-07-30 00:40
2372,66,6490,2026-07-16 11:59,2026-07-16 12:46
2373,90,6797,2026-07-22 20:38,2026-07-22 21:18
2374,46,8347,2026-07-07 11:00,2026-07-07 12:33
2375,94,7334,2026-07-22 18:29,2026-07-22 19:40
2376,89,9169,2026-07-26 11:38,2026-07-26 12:56
2377,46,7886,2026-07-25 22:57,2026-07-26 00:25
2378,19,5249,2026-07-28 12:21,2026-07-28 14:00
2379,51,7635,2026-07-23 07:17,2026-07-23 08:12
2380,94,1396,2026-07-03 01:32,2026-07-03 03:17
2381,68,2407,2026-07-29 15:11,2026-07-29 17:07
2382,86,536,2026-07-16 09:10,2026-07-16 10:41
2383,33,7055,2026-07-13 23:19,NULL
2384,49,4520,2026-07-22 11:29,2026-07-22 12:13
2385,66,865,2026-07-28 03:20,2026-07-28 04:38
2386,40,2168,2026-07-09 06:15,NULL
2387,64,1174,2026-07-07 02:22,2026-07-07 02:32
2388,33,1077,2026-07-18 01:10,2026-07-18 02:16
2389,87,5282,2026-07-20 05:06,2026-07-20 05:49
2390,40,1357,2026-07-22 10:30,2026-07-22 11:27
2391,74,7118,2026-07-09 08:22,2026-07-09 10:16
2392,29,4922,2026-07-16 06:48,2026-07-16 06:58
2393,83,4820,2026-07-18 16:10,2026-07-18 17:32
2394,24,7725,2026-07-25 07:32,2026-07-25 08:19
2395,43,9654,2026-07-20 18:19,2026-07-20 19:09
2396,6,5109,2026-07-09 18:52,2026-07-09 19:22
2397,100,6825,2026-07-30 03:30,2026-07-30 04:44
2398,35,1024,2026-07-25 03:22,2026-07-25 04:30
2399,67,333,2026-07-17 23:15,2026-07-17 23:40
2400,39,610,2026-07-18 16:05,2026-07-18 17:04
2401,100,1949,2026-07-24 05:22,2026-07-24 05:40
2402,90,6928,2026-07-17 08:52,2026-07-17 10:11
2403,82,8610,2026-07-06 21:20,2026-07-06 22:31
2404,91,2025,2026-07-20 05:46,NULL
2405,17,9197,2026-07-20 19:52,2026-07-20 20:55
2406,16,3991,2026-07-05 04:42,2026-07-05 06:11
2407,5,7096,2026-07-18 15:37,2026-07-18 15:57
2408,100,5736,2026-07-28 03:25,2026-07-28 05:18
2409,10,2556,2026-07-30 15:18,NULL
2410,64,7391,2026-07-17 19:35,2026-07-17 20:12
2411,57,5337,2026-07-10 12:45,2026-07-10 14:30
2412,100,7051,2026-07-10 16:48,2026-07-10 18:35
2413,86,1879,2026-07-08 06:07,2026-07-08 07:51
2414,10,3602,2026-07-30 03:37,2026-07-30 04:58
2415,84,1615,2026-07-24 16:45,2026-07-24 17:09
2416,33,1121,2026-07-07 06:25,2026-07-07 07:38
2417,47,2383,2026-07-13 14:48,2026-07-13 16:19
2418,68,1057,2026-07-11 20:02,2026-07-11 21:10
2419,2,1253,2026-07-26 17:30,2026-07-26 18:16
2420,82,4284,2026-07-04 15:02,2026-07-04 16:18
2421,49,8867,2026-07-09 07:21,2026-07-09 09:16
2422,47,3491,2026-07-20 12:25,2026-07-20 13:33
2423,24,6626,2026-07-01 04:32,2026-07-01 05:46
2424,13,3748,2026-07-25 20:16,2026-07-25 22:03
2425,80,4621,2026-07-14 06:55,2026-07-14 08:15
2426,63,201,2026-07-14 17:46,2026-07-14 17:58
2427,17,417,2026-07-13 15:25,2026-07-13 17:15
2428,57,4156,2026-07-20 07:25,NULL
2429,34,3426,2026-07-11 18:49,2026-07-11 20:17
2430,86,8307,2026-07-23 12:07,2026-07-23 12:51
2431,76,6004,2026-07-17 12:54,NULL
2432,34,9336,2026-07-08 04:53,2026-07-08 06:23
2433,98,5530,2026-07-19 01:14,2026-07-19 02:32
2434,19,4092,2026-07-13 15:04,2026-07-13 15:19
2435,47,3869,2026-07-27 07:28,2026-07-27 08:14
2436,34,3323,2026-07-19 22:07,2026-07-19 23:42
2437,58,4992,2026-07-27 11:58,2026-07-27 13:58
2438,27,4949,2026-07-19 07:51,2026-07-19 08:47
2439,95,3731,2026-07-26 15:01,NULL
2440,89,1522,2026-07-28 17:04,2026-07-28 18:48
2441,80,9892,2026-07-25 18:59,2026-07-25 20:55
2442,97,9283,2026-07-03 12:43,2026-07-03 14:40
2443,88,4678,2026-07-25 13:01,2026-07-25 14:52
2444,41,9963,2026-07-18 14:26,2026-07-18 14:44
2445,29,8036,2026-07-13 10:29,2026-07-13 12:09
2446,28,2579,2026-07-20 11:11,2026-07-20 12:32
2447,10,4192,2026-07-18 22:54,2026-07-18 23:25
2448,3,5659,2026-07-30 01:54,2026-07-30 03:14
2449,47,6291,2026-07-02 08:15,2026-07-02 10:02
2450,40,3306,2026-07-06 11:05,2026-07-06 12:21
2451,6,598,2026-07-07 05:18,2026-07-07 06:15
2452,41,1068,2026-07-27 06:32,2026-07-27 07:02
2453,51,912,2026-07-06 17:16,2026-07-06 17:56
2454,66,8217,2026-07-23 20:29,2026-07-23 21:07
2455,91,6649,2026-07-24 04:58,2026-07-24 05:13
2456,87,9437,2026-07-10 17:05,NULL
2457,9,5488,2026-07-19 10:09,2026-07-19 11:40
2458,79,2085,2026-07-23 13:34,2026-07-23 14:56
2459,36,3658,2026-07-17 07:33,NULL
2460,26,4240,2026-07-01 02:52,2026-07-01 03:41
2461,77,9964,2026-07-02 02:09,2026-07-02 03:19
2462,94,814,2026-07-20 03:53,2026-07-20 05:40
2463,25,1540,2026-07-17 11:29,NULL
2464,28,9548,2026-07-05 17:15,2026-07-05 17:45
2465,86,170,2026-07-01 06:42,2026-07-01 07:08
2466,100,7674,2026-07-24 07:40,2026-07-24 08:56
2467,98,1009,2026-07-13 15:34,2026-07-13 16:09
2468,15,877,2026-07-13 17:03,NULL
2469,63,201,2026-07-04 09:27,2026-07-04 10:00
2470,100,7032,2026-07-09 22:02,2026-07-09 22:18
2471,61,2014,2026-07-13 20:31,2026-07-13 21:21
2472,63,884,2026-07-11 04:55,2026-07-11 06:18
2473,20,5237,2026-07-12 16:20,2026-07-12 17:04
2474,12,5469,2026-07-27 20:41,2026-07-27 22:04
2475,68,4356,2026-07-23 09:28,NULL
2476,71,3194,2026-07-20 08:49,2026-07-20 09:58
2477,92,3591,2026-07-04 09:05,2026-07-04 09:38
2478,8,8837,2026-07-25 04:28,2026-07-25 05:54
2479,74,293,2026-07-17 23:01,2026-07-17 23:14
2480,87,2647,2026-07-17 04:41,2026-07-17 05:47
2481,25,6172,2026-07-16 15:56,NULL
2482,68,2822,2026-07-13 00:43,2026-07-13 00:57
2483,3,6616,2026-07-17 23:17,2026-07-18 00:18
2484,61,770,2026-07-18 12:25,2026-07-18 14:19
2485,27,3179,2026-07-06 06:40,2026-07-06 07:40
2486,68,8951,2026-07-10 12:11,2026-07-10 13:58
2487,69,8612,2026-07-29 08:02,2026-07-29 09:52
2488,30,1594,2026-07-26 16:58,2026-07-26 17:30
2489,95,9599,2026-07-27 07:07,2026-07-27 08:54
2490,41,6268,2026-07-23 17:41,2026-07-23 18:56
2491,24,5005,2026-07-17 04:34,2026-07-17 05:25
2492,22,4740,2026-07-05 14:54,NULL
2493,40,4153,2026-07-28 10:43,2026-07-28 12:00
2494,99,1303,2026-07-16 10:43,2026-07-16 12:43
2495,36,2220,2026-07-21 23:49,NULL
2496,78,9813,2026-07-02 16:59,2026-07-02 18:43
2497,93,7068,2026-07-13 13:58,2026-07-13 15:04
2498,18,495,2026-07-18 15:36,2026-07-18 16:11
2499,20,3668,2026-07-08 12:21,2026-07-08 14:17
2500,37,1250,2026-07-08 20:09,2026-07-08 21:42
2501,97,9714,2026-07-18 01:25,2026-07-18 02:57
2502,42,7364,2026-07-20 11:48,NULL
2503,81,4636,2026-07-07 16:38,2026-07-07 16:58
2504,1,5598,2026-07-01 05:37,2026-07-01 05:47
2505,45,5279,2026-07-26 11:02,2026-07-26 11:32
2506,45,4599,2026-07-07 07:16,2026-07-07 07:41
2507,49,2118,2026-07-10 03:13,2026-07-10 05:09
2508,62,4020,2026-07-02 05:30,2026-07-02 06:48
2509,64,9286,2026-07-30 08:10,2026-07-30 08:57
2510,35,7398,2026-07-29 21:05,NULL
2511,18,9305,2026-07-14 05:50,NULL
2512,24,4537,2026-07-30 21:37,2026-07-30 23:10
2513,16,4308,2026-07-15 08:12,2026-07-15 10:08
2514,41,4950,2026-07-13 06:33,2026-07-13 07:46
2515,73,8615,2026-07-27 03:54,2026-07-27 04:11
2516,6,7052,2026-07-23 12:57,2026-07-23 14:31
2517,30,5875,2026-07-30 15:18,2026-07-30 17:11
2518,47,1170,2026-07-16 05:59,2026-07-16 06:46
2519,21,7194,2026-07-12 05:17,2026-07-12 05:28
2520,26,6401,2026-07-30 19:13,2026-07-30 20:11
2521,31,4931,2026-07-12 17:52,2026-07-12 19:25
2522,90,6440,2026-07-18 16:41,2026-07-18 16:55
2523,41,9463,2026-07-22 03:53,2026-07-22 05:47
2524,98,6368,2026-07-27 03:46,2026-07-27 04:11
2525,24,4288,2026-07-25 03:03,2026-07-25 03:18
2526,32,8893,2026-07-17 19:32,2026-07-17 21:08
2527,77,976,2026-07-02 10:29,2026-07-02 11:51
2528,6,3765,2026-07-26 06:51,2026-07-26 07:37
2529,38,7156,2026-07-07 14:54,2026-07-07 15:19
2530,99,4335,2026-07-16 11:33,2026-07-16 12:03
2531,67,8272,2026-07-25 14:26,2026-07-25 16:09
2532,38,2694,2026-07-10 07:16,2026-07-10 08:32
2533,33,9381,2026-07-02 18:10,2026-07-02 18:30
2534,29,8619,2026-07-24 22:46,2026-07-25 00:16
2535,35,7993,2026-07-21 23:18,2026-07-22 01:03
2536,79,949,2026-07-22 11:25,2026-07-22 12:17
2537,60,8492,2026-07-10 12:20,2026-07-10 13:59
2538,38,8793,2026-07-11 01:23,2026-07-11 02:27
2539,11,7531,2026-07-11 18:20,2026-07-11 20:18
2540,96,7006,2026-07-11 12:24,2026-07-11 13:12
2541,43,4618,2026-07-01 19:23,2026-07-01 21:00
2542,66,8341,2026-07-07 01:35,2026-07-07 03:33
2543,68,8101,2026-07-29 02:02,2026-07-29 02:27
2544,46,8286,2026-07-05 13:12,2026-07-05 13:48
2545,34,2595,2026-07-10 05:15,2026-07-10 06:06
2546,85,9072,2026-07-22 20:41,2026-07-22 21:24
2547,50,821,2026-07-02 12:25,2026-07-02 13:15
2548,76,1712,2026-07-12 21:48,2026-07-12 22:53
2549,9,2622,2026-07-25 13:52,2026-07-25 14:26
2550,62,7687,2026-07-30 19:42,2026-07-30 21:08
2551,21,2996,2026-07-03 08:21,2026-07-03 10:13
2552,37,2807,2026-07-30 14:58,2026-07-30 15:42
2553,23,779,2026-07-09 03:15,2026-07-09 05:02
2554,61,6614,2026-07-20 16:09,2026-07-20 17:21
2555,57,8963,2026-07-23 13:11,NULL
2556,89,3157,2026-07-25 03:12,2026-07-25 03:54
2557,70,2492,2026-07-04 05:10,2026-07-04 05:44
2558,34,2190,2026-07-15 09:33,2026-07-15 09:55
2559,9,2550,2026-07-10 06:13,2026-07-10 07:35
2560,96,7401,2026-07-24 02:45,2026-07-24 04:26
2561,62,1673,2026-07-11 05:24,2026-07-11 06:17
2562,1,2476,2026-07-04 11:15,NULL
2563,59,6221,2026-07-12 09:25,2026-07-12 11:21
2564,65,9859,2026-07-10 18:29,2026-07-10 20:02
2565,1,963,2026-07-03 10:51,2026-07-03 11:03
2566,23,1157,2026-07-16 11:59,2026-07-16 12:22
2567,60,4098,2026-07-10 05:52,2026-07-10 07:20
2568,16,9990,2026-07-10 17:32,2026-07-10 19:21
2569,64,1823,2026-07-30 00:49,2026-07-30 02:29
2570,52,9723,2026-07-21 01:17,2026-07-21 02:34
2571,60,4683,2026-07-22 14:54,2026-07-22 15:27
2572,36,2034,2026-07-19 20:49,2026-07-19 21:49
2573,92,8482,2026-07-01 14:15,2026-07-01 16:07
2574,68,5285,2026-07-24 08:14,2026-07-24 09:19
2575,11,3496,2026-07-30 14:06,2026-07-30 14:36
2576,97,435,2026-07-16 09:31,NULL
2577,63,7533,2026-07-12 01:58,2026-07-12 03:13
2578,30,729,2026-07-20 05:21,2026-07-20 06:13
2579,41,2083,2026-07-17 21:01,NULL
2580,80,1606,2026-07-22 20:21,2026-07-22 21:36
2581,89,6670,2026-07-22 19:34,NULL
2582,23,8533,2026-07-19 04:19,2026-07-19 06:10
2583,46,1670,2026-07-26 11:31,2026-07-26 13:23
2584,88,9359,2026-07-21 16:58,2026-07-21 18:30
2585,63,8908,2026-07-03 14:35,2026-07-03 16:08
2586,8,9943,2026-07-11 13:43,2026-07-11 15:08
2587,28,7848,2026-07-06 01:53,2026-07-06 03:47
2588,64,6218,2026-07-16 05:20,2026-07-16 05:35
2589,71,9512,2026-07-03 15:30,NULL
2590,59,8894,2026-07-09 00:02,2026-07-09 00:49
2591,11,7553,2026-07-14 14:51,2026-07-14 16:10
2592,13,2534,2026-07-06 22:11,2026-07-06 22:59
2593,37,2250,2026-07-14 22:46,2026-07-15 00:15
2594,37,5517,2026-07-17 15:10,2026-07-17 17:08
2595,40,4024,2026-07-05 05:41,2026-07-05 06:10
2596,51,4903,2026-07-01 06:17,NULL
2597,21,6038,2026-07-15 17:41,2026-07-15 19:00
2598,94,4333,2026-07-30 00:21,2026-07-30 00:59
2599,52,4681,2026-07-09 20:44,2026-07-09 22:22
2600,25,6501,2026-07-13 08:07,NULL
2601,42,3868,2026-07-06 20:06,2026-07-06 21:37
2602,4,7789,2026-07-16 08:15,2026-07-16 09:16
2603,70,9670,2026-07-06 04:39,NULL
2604,98,8059,2026-07-21 15:11,2026-07-21 15:22
2605,44,6382,2026-07-01 11:03,2026-07-01 12:11
2606,61,1159,2026-07-17 23:34,NULL
2607,63,6541,2026-07-13 01:26,2026-07-13 02:49
2608,12,2890,2026-07-15 02:53,2026-07-15 03:47
2609,60,4961,2026-07-13 19:52,2026-07-13 20:21
2610,41,6975,2026-07-22 07:31,2026-07-22 08:11
2611,8,1719,2026-07-30 09:44,2026-07-30 11:25
2612,84,6772,2026-07-05 22:31,2026-07-06 00:14
2613,23,3694,2026-07-20 03:40,2026-07-20 04:41
2614,2,3871,2026-07-12 09:16,2026-07-12 10:53
2615,75,3266,2026-07-15 23:46,2026-07-16 00:40
2616,22,1670,2026-07-27 14:24,2026-07-27 16:07
2617,62,6259,2026-07-28 00:18,2026-07-28 01:42
2618,80,1933,2026-07-22 00:23,2026-07-22 01:15
2619,66,6020,2026-07-13 14:07,2026-07-13 14:48
2620,39,1694,2026-07-21 10:20,2026-07-21 10:58
2621,28,6002,2026-07-04 09:07,2026-07-04 10:33
2622,61,6531,2026-07-26 06:53,2026-07-26 07:44
2623,83,1096,2026-07-04 03:01,2026-07-04 04:29
2624,50,4877,2026-07-21 00:02,2026-07-21 01:52
2625,44,4914,2026-07-09 05:18,NULL
2626,80,5929,2026-07-08 06:56,2026-07-08 08:41
2627,35,8329,2026-07-22 15:02,2026-07-22 15:29
2628,51,4116,2026-07-17 23:41,2026-07-18 00:11
2629,84,8769,2026-07-16 03:55,2026-07-16 04:15
2630,100,6703,2026-07-12 16:41,2026-07-12 18:37
2631,47,223,2026-07-04 07:05,NULL
2632,67,2396,2026-07-08 07:58,2026-07-08 09:45
2633,35,8099,2026-07-12 18:48,2026-07-12 19:57
2634,48,2857,2026-07-23 17:50,2026-07-23 18:21
2635,33,7576,2026-07-21 06:46,NULL
2636,78,1903,2026-07-24 23:08,NULL
2637,6,7674,2026-07-15 02:15,2026-07-15 03:01
2638,100,8759,2026-07-11 18:18,2026-07-11 19:01
2639,70,8126,2026-07-04 08:34,2026-07-04 09:23
2640,3,7120,2026-07-10 06:42,2026-07-10 07:26
2641,51,6789,2026-07-29 13:10,2026-07-29 14:53
2642,11,6898,2026-07-18 17:06,2026-07-18 19:04
2643,34,1175,2026-07-09 01:28,2026-07-09 02:27
2644,77,9696,2026-07-10 01:41,2026-07-10 02:01
2645,34,8038,2026-07-28 22:36,2026-07-28 23:30
2646,62,9050,2026-07-15 21:07,2026-07-15 22:48
2647,95,9038,2026-07-18 17:57,2026-07-18 18:45
2648,48,7654,2026-07-06 15:35,2026-07-06 16:07
2649,26,6512,2026-07-30 15:35,2026-07-30 16:01
2650,42,3102,2026-07-23 22:56,2026-07-24 00:20
2651,61,6686,2026-07-04 03:01,2026-07-04 03:48
2652,52,787,2026-07-06 01:21,2026-07-06 03:03
2653,14,2440,2026-07-21 11:01,2026-07-21 12:14
2654,66,2079,2026-07-05 15:48,2026-07-05 16:39
2655,45,3734,2026-07-03 22:50,2026-07-04 00:15
2656,19,3959,2026-07-16 14:02,2026-07-16 14:41
2657,62,767,2026-07-30 22:22,2026-07-30 23:06
2658,11,8939,2026-07-22 08:32,2026-07-22 10:12
2659,72,283,2026-07-05 21:46,2026-07-05 23:33
2660,77,1087,2026-07-26 03:03,2026-07-26 03:30
2661,75,4466,2026-07-20 14:16,NULL
2662,97,742,2026-07-26 01:14,2026-07-26 02:10
2663,24,1164,2026-07-19 06:44,2026-07-19 08:15
2664,2,7331,2026-07-01 20:04,2026-07-01 21:47
2665,20,5813,2026-07-27 21:41,2026-07-27 22:35
2666,97,1642,2026-07-11 20:55,NULL
2667,85,6685,2026-07-29 20:25,2026-07-29 21:19
2668,34,5658,2026-07-16 04:05,2026-07-16 04:57
2669,61,5681,2026-07-21 18:03,2026-07-21 19:30
2670,76,7131,2026-07-23 16:58,2026-07-23 18:32
2671,6,7257,2026-07-09 22:52,2026-07-10 00:51
2672,38,7064,2026-07-27 22:44,2026-07-28 00:25
2673,66,9402,2026-07-30 03:01,2026-07-30 03:22
2674,91,9632,2026-07-10 06:17,2026-07-10 08:04
2675,71,1824,2026-07-13 01:48,2026-07-13 01:59
2676,29,486,2026-07-06 13:01,2026-07-06 14:03
2677,16,6879,2026-07-22 00:05,NULL
2678,89,1240,2026-07-07 12:35,2026-07-07 14:31
2679,12,5,2026-07-18 00:26,2026-07-18 01:01
2680,19,388,2026-07-22 05:09,NULL
2681,7,4432,2026-07-11 12:02,2026-07-11 13:20
2682,14,632,2026-07-01 22:48,2026-07-01 23:44
2683,90,5448,2026-07-21 17:11,2026-07-21 18:14
2684,49,7852,2026-07-08 15:05,2026-07-08 16:22
2685,26,1405,2026-07-04 14:04,2026-07-04 15:22
2686,96,3559,2026-07-13 10:51,NULL
2687,82,4711,2026-07-09 20:54,2026-07-09 21:46
2688,18,3309,2026-07-21 09:54,2026-07-21 11:37
2689,16,7103,2026-07-25 21:14,2026-07-25 23:14
2690,50,6037,2026-07-24 09:31,2026-07-24 11:08
2691,48,4119,2026-07-18 00:26,2026-07-18 01:11
2692,65,4002,2026-07-16 07:57,2026-07-16 08:43
2693,46,1533,2026-07-17 14:27,2026-07-17 16:17
2694,20,6296,2026-07-14 19:30,2026-07-14 20:01
2695,29,3479,2026-07-27 04:23,NULL
2696,25,6634,2026-07-13 12:30,2026-07-13 14:26
2697,99,9781,2026-07-05 14:08,2026-07-05 14:32
2698,99,2871,2026-07-21 03:27,2026-07-21 03:47
2699,56,3364,2026-07-27 16:28,2026-07-27 17:27
2700,18,1397,2026-07-13 15:23,2026-07-13 15:50
2701,40,9191,2026-07-07 19:39,2026-07-07 21:16
2702,65,2391,2026-07-07 06:52,2026-07-07 08:22
2703,42,2249,2026-07-17 16:56,NULL
2704,94,7218,2026-07-14 20:36,NULL
2705,70,7917,2026-07-06 14:51,2026-07-06 16:44
2706,49,8232,2026-07-10 22:54,2026-07-11 00:39
2707,84,1327,2026-07-27 19:47,2026-07-27 20:23
2708,93,8557,2026-07-05 04:45,2026-07-05 04:58
2709,4,2083,2026-07-16 19:08,2026-07-16 19:51
2710,99,5822,2026-07-13 08:38,2026-07-13 10:33
2711,57,1793,2026-07-28 15:03,2026-07-28 16:15
2712,49,8329,2026-07-11 17:10,2026-07-11 18:19
2713,13,2525,2026-07-09 16:51,2026-07-09 17:11
2714,44,4112,2026-07-02 14:27,2026-07-02 15:25
2715,5,5915,2026-07-16 18:28,2026-07-16 19:03
2716,88,4857,2026-07-04 07:55,NULL
2717,43,3134,2026-07-24 14:04,2026-07-24 14:37
2718,66,9984,2026-07-19 10:37,2026-07-19 12:35
2719,89,5765,2026-07-12 09:47,2026-07-12 10:32
2720,47,191,2026-07-14 15:09,2026-07-14 15:29
2721,31,239,2026-07-04 12:11,2026-07-04 12:25
2722,69,5912,2026-07-12 11:42,2026-07-12 12:01
2723,49,2897,2026-07-08 01:18,2026-07-08 02:29
2724,35,2031,2026-07-13 04:03,2026-07-13 05:23
2725,23,9821,2026-07-01 14:43,2026-07-01 15:53
2726,72,1328,2026-07-09 22:33,2026-07-09 23:36
2727,98,2443,2026-07-23 18:50,2026-07-23 20:00
2728,75,7991,2026-07-24 01:57,2026-07-24 03:56
2729,50,5686,2026-07-22 07:32,2026-07-22 08:43
2730,5,2351,2026-07-06 15:25,NULL
2731,3,9219,2026-07-18 21:05,2026-07-18 21:20
2732,75,9605,2026-07-28 02:08,2026-07-28 03:04
2733,24,6935,2026-07-19 12:27,2026-07-19 12:40
2734,47,4472,2026-07-14 09:20,2026-07-14 11:06
2735,87,1790,2026-07-14 05:02,2026-07-14 06:14
2736,87,12,2026-07-16 02:37,2026-07-16 02:49
2737,35,8547,2026-07-23 07:51,2026-07-23 09:02
2738,81,5556,2026-07-04 14:13,2026-07-04 14:35
2739,64,1236,2026-07-01 16:50,2026-07-01 17:15
2740,84,5884,2026-07-30 10:13,2026-07-30 10:31
2741,41,5554,2026-07-13 07:39,2026-07-13 08:36
2742,68,7564,2026-07-13 17:18,2026-07-13 18:09
2743,34,702,2026-07-24 18:23,2026-07-24 18:37
2744,2,509,2026-07-03 07:21,2026-07-03 07:36
2745,58,3600,2026-07-26 08:54,2026-07-26 10:42
2746,85,1055,2026-07-12 22:58,2026-07-13 00:36
2747,99,3026,2026-07-26 01:41,2026-07-26 01:56
2748,18,4926,2026-07-09 21:16,2026-07-09 21:55
2749,3,6589,2026-07-02 15:31,2026-07-02 17:02
2750,33,9669,2026-07-23 04:50,NULL
2751,46,9156,2026-07-22 12:49,2026-07-22 13:59
2752,27,7920,2026-07-17 06:26,NULL
2753,82,6570,2026-07-24 09:58,2026-07-24 11:54
2754,5,7610,2026-07-24 05:06,2026-07-24 06:02
2755,65,9460,2026-07-09 17:49,2026-07-09 18:02
2756,31,4581,2026-07-01 16:10,2026-07-01 16:58
2757,32,6401,2026-07-18 19:27,2026-07-18 20:01
2758,35,2383,2026-07-18 19:55,2026-07-18 20:44
2759,91,8411,2026-07-01 22:34,2026-07-02 00:31
2760,2,17,2026-07-16 21:44,2026-07-16 22:12
2761,21,671,2026-07-26 08:16,2026-07-26 08:36
2762,82,1588,2026-07-22 05:18,2026-07-22 05:30
2763,8,7018,2026-07-19 17:04,2026-07-19 18:11
2764,10,3072,2026-07-29 17:30,2026-07-29 18:52
2765,52,9483,2026-07-22 05:33,2026-07-22 06:54
2766,65,5033,2026-07-30 16:31,NULL
2767,29,2172,2026-07-13 01:25,2026-07-13 02:36
2768,90,8132,2026-07-25 21:29,2026-07-25 22:44
2769,61,2211,2026-07-16 13:23,2026-07-16 13:41
2770,7,7513,2026-07-27 03:52,2026-07-27 04:11
2771,68,5458,2026-07-09 01:30,NULL
2772,70,503,2026-07-02 05:19,2026-07-02 07:03
2773,62,8385,2026-07-03 07:16,2026-07-03 08:11
2774,39,2135,2026-07-06 05:46,2026-07-06 06:52
2775,53,9956,2026-07-23 10:08,NULL
2776,87,573,2026-07-18 15:23,2026-07-18 15:59
2777,41,3778,2026-07-28 21:37,2026-07-28 23:03
2778,69,8397,2026-07-05 00:51,2026-07-05 02:20
2779,68,8142,2026-07-29 14:24,NULL
2780,93,7414,2026-07-27 11:40,2026-07-27 13:32
2781,81,341,2026-07-23 06:41,2026-07-23 06:55
2782,74,6543,2026-07-25 02:17,2026-07-25 03:00
2783,74,3064,2026-07-22 19:38,2026-07-22 21:19
2784,17,3079,2026-07-01 22:16,2026-07-02 00:10
2785,36,3436,2026-07-11 06:47,2026-07-11 07:05
2786,8,7911,2026-07-15 22:04,2026-07-15 23:31
2787,55,5194,2026-07-17 11:39,2026-07-17 12:58
2788,53,8636,2026-07-14 02:44,2026-07-14 03:51
2789,25,3770,2026-07-22 22:27,2026-07-22 23:37
2790,68,1629,2026-07-16 05:13,2026-07-16 06:59
2791,96,2866,2026-07-29 04:47,2026-07-29 06:20
2792,25,8091,2026-07-25 11:02,2026-07-25 11:30
2793,62,5363,2026-07-07 01:31,2026-07-07 01:56
2794,46,4982,2026-07-23 22:07,2026-07-23 22:23
2795,91,1598,2026-07-30 07:43,2026-07-30 09:14
2796,70,9096,2026-07-24 04:37,2026-07-24 05:40
2797,55,5484,2026-07-22 10:35,NULL
2798,9,2686,2026-07-13 18:09,2026-07-13 18:33
2799,35,1430,2026-07-27 18:12,2026-07-27 19:49
2800,20,6811,2026-07-01 15:26,2026-07-01 17:20
2801,62,3562,2026-07-25 19:22,2026-07-25 20:13
2802,6,8885,2026-07-11 22:32,2026-07-11 23:25
2803,58,4987,2026-07-21 14:08,2026-07-21 14:37
2804,61,8474,2026-07-16 02:57,2026-07-16 04:14
2805,85,7247,2026-07-08 16:03,2026-07-08 17:49
2806,29,3794,2026-07-30 12:29,2026-07-30 14:13
2807,60,6938,2026-07-19 03:32,2026-07-19 03:45
2808,30,8287,2026-07-02 06:18,2026-07-02 07:30
2809,49,6053,2026-07-27 16:23,2026-07-27 17:11
2810,75,816,2026-07-22 21:12,2026-07-22 23:07
2811,50,4144,2026-07-20 04:22,2026-07-20 04:49
2812,27,6248,2026-07-03 04:03,2026-07-03 06:00
2813,80,2914,2026-07-10 10:13,2026-07-10 11:34
2814,100,3914,2026-07-05 15:14,2026-07-05 16:08
2815,95,6418,2026-07-12 02:47,2026-07-12 04:38
2816,67,4503,2026-07-01 20:57,2026-07-01 22:00
2817,49,1359,2026-07-16 15:41,2026-07-16 15:55
2818,47,6237,2026-07-23 07:47,2026-07-23 09:26
2819,29,611,2026-07-16 13:41,2026-07-16 14:50
2820,7,3660,2026-07-12 14:12,2026-07-12 15:21
2821,69,8423,2026-07-15 17:24,NULL
2822,51,4408,2026-07-28 04:56,2026-07-28 05:43
2823,12,4828,2026-07-02 12:10,2026-07-02 13:27
2824,53,7466,2026-07-16 23:25,2026-07-17 00:31
2825,68,435,2026-07-16 01:13,2026-07-16 02:08
2826,63,7817,2026-07-06 02:30,2026-07-06 03:53
2827,97,8810,2026-07-08 05:16,2026-07-08 06:05
2828,94,8310,2026-07-01 10:14,2026-07-01 10:56
2829,57,8998,2026-07-01 02:31,2026-07-01 04:03
2830,16,3294,2026-07-10 15:43,2026-07-10 17:22
2831,60,8686,2026-07-28 20:55,2026-07-28 21:09
2832,38,7489,2026-07-28 13:05,2026-07-28 14:38
2833,1,49,2026-07-20 03:25,2026-07-20 03:37
2834,34,3120,2026-07-19 11:02,2026-07-19 12:18
2835,68,2175,2026-07-29 02:06,2026-07-29 03:57
2836,55,3609,2026-07-05 03:44,2026-07-05 05:33
2837,77,9884,2026-07-25 14:35,2026-07-25 14:56
2838,44,8799,2026-07-25 10:07,2026-07-25 10:24
2839,44,6546,2026-07-13 08:14,2026-07-13 09:39
2840,80,6453,2026-07-03 16:14,2026-07-03 17:00
2841,30,9206,2026-07-05 22:28,2026-07-06 00:22
2842,40,3901,2026-07-03 13:23,2026-07-03 13:34
2843,62,1594,2026-07-27 05:13,2026-07-27 06:08
2844,95,326,2026-07-19 16:34,2026-07-19 16:57
2845,98,6729,2026-07-30 15:52,NULL
2846,89,7355,2026-07-18 20:24,2026-07-18 22:17
2847,21,5045,2026-07-09 23:07,2026-07-10 00:40
2848,41,5642,2026-07-06 01:39,2026-07-06 03:26
2849,86,6336,2026-07-20 11:52,2026-07-20 13:04
2850,93,2797,2026-07-18 04:43,2026-07-18 05:58
2851,41,5036,2026-07-20 19:22,2026-07-20 19:35
2852,46,3385,2026-07-23 11:07,2026-07-23 12:11
2853,10,1980,2026-07-08 09:34,2026-07-08 09:47
2854,87,3072,2026-07-20 04:22,2026-07-20 05:47
2855,48,3933,2026-07-05 14:38,2026-07-05 15:55
2856,35,3781,2026-07-24 07:52,2026-07-24 09:34
2857,82,7894,2026-07-13 09:02,2026-07-13 10:55
2858,3,5751,2026-07-09 09:37,2026-07-09 10:45
2859,45,3955,2026-07-01 00:30,2026-07-01 01:38
2860,100,820,2026-07-23 22:32,2026-07-24 00:21
2861,72,8595,2026-07-25 09:24,2026-07-25 10:00
2862,24,3068,2026-07-21 12:38,2026-07-21 13:23
2863,82,7789,2026-07-03 07:27,2026-07-03 07:41
2864,78,4300,2026-07-17 02:03,NULL
2865,100,3674,2026-07-16 00:38,2026-07-16 01:49
2866,35,131,2026-07-16 16:05,2026-07-16 17:26
2867,57,6863,2026-07-28 20:14,2026-07-28 22:08
2868,98,7983,2026-07-24 14:57,2026-07-24 16:05
2869,22,1001,2026-07-24 20:30,2026-07-24 21:23
2870,6,5129,2026-07-07 12:05,2026-07-07 13:48
2871,55,9702,2026-07-22 21:10,2026-07-22 22:39
2872,24,7548,2026-07-17 23:50,2026-07-18 00:08
2873,68,2643,2026-07-08 22:05,2026-07-08 22:37
2874,14,8355,2026-07-09 03:58,2026-07-09 05:37
2875,64,2668,2026-07-09 13:35,2026-07-09 14:39
2876,78,6671,2026-07-09 00:08,2026-07-09 01:26
2877,38,7000,2026-07-22 12:38,2026-07-22 14:10
2878,40,6460,2026-07-03 08:18,2026-07-03 08:38
2879,5,1883,2026-07-30 01:17,2026-07-30 02:53
2880,10,6926,2026-07-14 09:35,NULL
2881,94,1577,2026-07-24 09:53,2026-07-24 10:46
2882,65,1964,2026-07-20 02:22,2026-07-20 03:50
2883,94,5053,2026-07-09 03:26,2026-07-09 03:41
2884,99,3452,2026-07-25 09:22,2026-07-25 11:13
2885,89,3587,2026-07-24 05:52,2026-07-24 06:55
2886,16,6532,2026-07-18 22:35,2026-07-18 23:49
2887,92,9682,2026-07-08 22:28,2026-07-08 22:53
2888,5,8496,2026-07-26 01:26,2026-07-26 02:02
2889,64,7547,2026-07-05 04:41,2026-07-05 06:09
2890,99,8699,2026-07-17 08:46,2026-07-17 10:44
2891,74,397,2026-07-04 00:13,2026-07-04 01:00
2892,98,6392,2026-07-01 15:53,2026-07-01 16:36
2893,35,9563,2026-07-17 19:35,2026-07-17 20:47
2894,44,4682,2026-07-29 12:26,2026-07-29 12:49
2895,36,717,2026-07-29 20:13,2026-07-29 20:25
2896,74,9834,2026-07-17 21:50,2026-07-17 22:42
2897,57,4510,2026-07-13 13:51,2026-07-13 15:45
2898,79,8479,2026-07-22 13:28,2026-07-22 14:51
2899,95,4302,2026-07-03 23:12,NULL
2900,5,4552,2026-07-02 08:07,2026-07-02 08:45
2901,49,7565,2026-07-12 09:42,2026-07-12 11:38
2902,99,4330,2026-07-05 20:08,2026-07-05 21:17
2903,4,378,2026-07-13 18:32,2026-07-13 20:24
2904,64,6780,2026-07-28 16:52,2026-07-28 18:09
2905,95,5374,2026-07-16 20:42,2026-07-16 21:05
2906,3,5109,2026-07-13 02:59,2026-07-13 03:57
2907,62,8975,2026-07-02 08:14,2026-07-02 08:34
2908,16,8759,2026-07-21 09:37,2026-07-21 09:59
2909,2,3989,2026-07-12 13:36,2026-07-12 14:32
2910,82,1895,2026-07-13 11:16,2026-07-13 11:42
2911,78,1362,2026-07-23 11:21,2026-07-23 13:06
2912,20,3022,2026-07-15 22:07,2026-07-15 22:20
2913,14,621,2026-07-15 11:01,2026-07-15 11:19
2914,81,2780,2026-07-17 20:45,NULL
2915,21,1864,2026-07-26 18:39,2026-07-26 18:58
2916,35,8754,2026-07-13 16:30,2026-07-13 17:55
2917,32,3291,2026-07-08 16:53,2026-07-08 18:33
2918,43,8247,2026-07-17 03:58,2026-07-17 05:04
2919,76,9921,2026-07-30 21:46,2026-07-30 22:39
2920,51,2745,2026-07-01 18:27,2026-07-01 19:17
2921,66,9465,2026-07-27 19:17,2026-07-27 20:25
2922,73,3134,2026-07-24 05:02,2026-07-24 05:58
2923,49,7800,2026-07-13 17:52,2026-07-13 18:39
2924,32,7628,2026-07-03 01:21,2026-07-03 01:36
2925,5,3506,2026-07-16 16:23,2026-07-16 17:20
2926,79,2519,2026-07-01 20:45,2026-07-01 22:08
2927,59,9117,2026-07-11 14:30,2026-07-11 15:10
2928,6,995,2026-07-27 13:48,2026-07-27 15:39
2929,87,6533,2026-07-28 22:36,2026-07-28 23:26
2930,57,8933,2026-07-30 02:58,2026-07-30 04:21
2931,42,8325,2026-07-23 07:38,2026-07-23 07:59
2932,62,4769,2026-07-24 20:01,NULL
2933,45,5424,2026-07-30 05:09,NULL
2934,93,6169,2026-07-17 09:07,2026-07-17 10:41
2935,19,7603,2026-07-28 12:28,2026-07-28 14:00
2936,17,3855,2026-07-03 08:33,NULL
2937,58,9270,2026-07-08 08:08,2026-07-08 09:34
2938,63,350,2026-07-15 07:41,2026-07-15 07:53
2939,4,3676,2026-07-08 13:13,2026-07-08 13:36
2940,84,4240,2026-07-02 22:48,2026-07-03 00:32
2941,23,8748,2026-07-11 12:24,2026-07-11 14:12
2942,60,754,2026-07-03 10:58,2026-07-03 12:37
2943,51,869,2026-07-30 06:29,2026-07-30 07:31
2944,56,8693,2026-07-06 12:44,2026-07-06 14:23
2945,73,3493,2026-07-12 10:17,2026-07-12 11:04
2946,9,7368,2026-07-11 12:13,2026-07-11 12:51
2947,53,2023,2026-07-01 14:42,NULL
2948,84,5034,2026-07-15 10:44,2026-07-15 12:17
2949,38,2448,2026-07-06 20:26,2026-07-06 20:36
2950,37,1085,2026-07-25 22:43,2026-07-26 00:42
2951,100,5955,2026-07-28 14:01,2026-07-28 15:32
2952,91,738,2026-07-06 05:33,2026-07-06 06:44
2953,82,6664,2026-07-28 19:44,2026-07-28 21:21
2954,75,802,2026-07-12 09:50,2026-07-12 11:24
2955,30,9482,2026-07-05 01:35,2026-07-05 01:57
2956,69,5368,2026-07-26 19:19,2026-07-26 19:57
2957,75,2984,2026-07-12 14:16,2026-07-12 16:15
2958,35,9484,2026-07-15 22:56,2026-07-15 23:13
2959,75,906,2026-07-12 15:50,2026-07-12 16:15
2960,70,2477,2026-07-16 04:00,2026-07-16 05:15
2961,5,7296,2026-07-21 05:16,2026-07-21 06:55
2962,16,4157,2026-07-21 11:55,2026-07-21 13:13
2963,66,5199,2026-07-07 01:25,2026-07-07 01:57
2964,71,9360,2026-07-29 12:09,2026-07-29 12:29
2965,25,3612,2026-07-26 03:17,2026-07-26 04:36
2966,85,9485,2026-07-12 15:19,2026-07-12 17:04
2967,66,6215,2026-07-21 01:47,2026-07-21 03:30
2968,97,8412,2026-07-21 10:50,NULL
2969,39,5984,2026-07-11 04:58,2026-07-11 05:22
2970,77,8397,2026-07-18 15:28,NULL
2971,46,8189,2026-07-14 12:09,2026-07-14 12:37
2972,36,8848,2026-07-23 18:34,2026-07-23 20:07
2973,43,9035,2026-07-04 01:06,2026-07-04 01:20
2974,26,4184,2026-07-15 09:03,2026-07-15 09:31
2975,52,9629,2026-07-03 22:36,2026-07-04 00:09
2976,62,6604,2026-07-19 22:37,2026-07-19 22:49
2977,69,560,2026-07-09 02:51,2026-07-09 03:20
2978,8,2523,2026-07-01 07:38,NULL
2979,42,9518,2026-07-26 12:52,NULL
2980,64,22,2026-07-24 14:28,2026-07-24 15:37
2981,94,6147,2026-07-18 01:06,2026-07-18 02:25
2982,2,7175,2026-07-22 10:51,2026-07-22 11:55
2983,6,1083,2026-07-08 08:11,2026-07-08 09:36
2984,1,7592,2026-07-15 05:34,2026-07-15 06:22
2985,5,6502,2026-07-30 00:03,2026-07-30 00:47
2986,54,1487,2026-07-10 02:16,2026-07-10 03:15
2987,92,1628,2026-07-14 18:56,2026-07-14 19:34
2988,37,7713,2026-07-04 15:23,2026-07-04 16:39
2989,60,1448,2026-07-27 03:46,2026-07-27 05:39
2990,20,1119,2026-07-27 11:28,2026-07-27 12:34
2991,45,134,2026-07-18 01:08,2026-07-18 02:20
2992,73,5916,2026-07-21 06:54,2026-07-21 07:20
2993,38,5861,2026-07-18 18:14,2026-07-18 18:47
2994,13,1950,2026-07-02 19:25,2026-07-02 21:25
2995,34,4919,2026-07-09 07:28,2026-07-09 08:47
2996,12,5978,2026-07-21 18:43,2026-07-21 20:38
2997,99,1780,2026-07-23 19:30,NULL
2998,83,23,2026-07-13 22:01,2026-07-13 22:36
2999,74,803,2026-07-07 06:37,2026-07-07 08:30
3000,80,9942,2026-07-03 02:47,2026-07-03 04:33
3001,2,4245,2026-07-27 19:13,2026-07-27 20:02
3002,23,5682,2026-07-07 22:08,2026-07-07 23:30
3003,53,5356,2026-07-10 12:39,2026-07-10 13:55
3004,25,2418,2026-07-27 16:06,2026-07-27 18:01
3005,68,4445,2026-07-09 03:05,2026-07-09 04:13
3006,87,5074,2026-07-23 16:32,2026-07-23 17:49
3007,64,2759,2026-07-27 03:23,2026-07-27 04:37
3008,29,4493,2026-07-23 09:39,2026-07-23 10:01
3009,84,6917,2026-07-14 15:58,NULL
3010,68,7979,2026-07-03 20:56,2026-07-03 22:03
3011,37,5895,2026-07-10 09:08,2026-07-10 10:56
3012,58,2812,2026-07-12 08:52,2026-07-12 09:39
3013,79,9327,2026-07-23 19:47,2026-07-23 21:27
3014,28,3107,2026-07-01 13:16,2026-07-01 13:27
3015,11,5240,2026-07-10 16:02,2026-07-10 17:50
3016,67,5795,2026-07-30 18:16,2026-07-30 19:49
3017,69,6425,2026-07-28 22:09,2026-07-28 22:56
3018,33,787,2026-07-15 08:39,NULL
3019,50,6796,2026-07-25 01:37,2026-07-25 03:30
3020,56,7563,2026-07-24 13:37,NULL
3021,38,6877,2026-07-28 11:08,2026-07-28 11:40
3022,97,2852,2026-07-27 16:14,2026-07-27 16:27
3023,11,2312,2026-07-21 14:24,2026-07-21 14:43
3024,40,5065,2026-07-10 14:15,2026-07-10 14:30
3025,38,4534,2026-07-24 01:35,2026-07-24 02:50
3026,94,1153,2026-07-03 08:29,2026-07-03 09:09
3027,72,6472,2026-07-26 01:15,NULL
3028,64,308,2026-07-19 17:11,2026-07-19 18:51
3029,29,8970,2026-07-18 00:28,2026-07-18 01:33
3030,8,5607,2026-07-23 15:57,2026-07-23 17:35
3031,77,75,2026-07-05 08:40,2026-07-05 09:16
3032,15,5678,2026-07-29 03:15,2026-07-29 04:42
3033,5,8901,2026-07-30 17:04,2026-07-30 17:54
3034,56,558,2026-07-17 12:09,2026-07-17 13:17
3035,45,4363,2026-07-16 21:35,2026-07-16 23:31
3036,72,9370,2026-07-11 15:41,2026-07-11 16:45
3037,35,2978,2026-07-18 01:07,2026-07-18 01:56
3038,87,435,2026-07-09 21:41,2026-07-09 22:23
3039,90,5408,2026-07-10 18:12,2026-07-10 19:24
3040,58,4507,2026-07-22 02:49,2026-07-22 04:14
3041,82,6913,2026-07-06 07:36,2026-07-06 09:17
3042,52,6780,2026-07-19 01:43,2026-07-19 02:33
3043,86,6126,2026-07-23 13:54,2026-07-23 15:15
3044,98,1721,2026-07-18 00:19,2026-07-18 01:03
3045,75,8705,2026-07-13 12:37,2026-07-13 12:58
3046,93,6919,2026-07-07 23:33,2026-07-08 00:34
3047,94,2066,2026-07-13 09:15,2026-07-13 10:24
3048,66,8279,2026-07-13 10:05,2026-07-13 10:19
3049,72,136,2026-07-02 02:37,NULL
3050,81,5702,2026-07-16 16:05,2026-07-16 17:20
3051,78,2708,2026-07-02 02:42,2026-07-02 03:12
3052,100,1557,2026-07-09 22:52,2026-07-09 23:56
3053,72,3612,2026-07-12 09:09,2026-07-12 10:54
3054,31,8465,2026-07-19 05:08,NULL
3055,94,6418,2026-07-17 21:31,2026-07-17 22:49
3056,89,6210,2026-07-13 19:59,2026-07-13 21:25
3057,73,8228,2026-07-29 21:40,NULL
3058,25,528,2026-07-24 05:01,2026-07-24 06:09
3059,4,26,2026-07-21 00:09,2026-07-21 00:48
3060,74,9695,2026-07-07 15:38,2026-07-07 17:19
3061,91,1158,2026-07-12 14:50,2026-07-12 15:09
3062,6,6199,2026-07-16 22:27,2026-07-16 22:39
3063,68,6756,2026-07-16 07:24,2026-07-16 08:04
3064,75,3965,2026-07-26 10:24,2026-07-26 12:02
3065,57,3829,2026-07-15 14:36,2026-07-15 15:28
3066,75,4978,2026-07-05 08:55,2026-07-05 09:37
3067,10,7204,2026-07-18 22:16,2026-07-18 23:13
3068,28,2015,2026-07-12 12:20,2026-07-12 13:32
3069,67,2860,2026-07-15 17:57,2026-07-15 18:19
3070,74,6567,2026-07-04 05:02,2026-07-04 06:23
3071,39,4218,2026-07-07 16:58,2026-07-07 18:19
3072,73,3482,2026-07-16 17:59,2026-07-16 19:04
3073,8,926,2026-07-02 03:32,2026-07-02 04:35
3074,84,9574,2026-07-16 19:30,2026-07-16 21:16
3075,21,7530,2026-07-17 23:01,2026-07-18 00:14
3076,52,3050,2026-07-07 13:47,2026-07-07 14:32
3077,7,5174,2026-07-20 00:43,2026-07-20 02:17
3078,80,7403,2026-07-24 10:51,2026-07-24 12:41
3079,59,6571,2026-07-10 03:33,2026-07-10 04:03
3080,92,4167,2026-07-07 00:57,2026-07-07 02:26
3081,58,3265,2026-07-29 06:23,2026-07-29 07:38
3082,49,3283,2026-07-21 00:41,2026-07-21 01:37
3083,1,5999,2026-07-24 09:53,2026-07-24 10:17
3084,10,3809,2026-07-22 08:17,2026-07-22 10:09
3085,92,8850,2026-07-26 16:09,2026-07-26 16:49
3086,45,6381,2026-07-07 15:28,2026-07-07 15:49
3087,81,3266,2026-07-13 00:05,2026-07-13 00:51
3088,57,6639,2026-07-04 17:56,2026-07-04 18:59
3089,77,3824,2026-07-09 09:26,2026-07-09 10:11
3090,17,2447,2026-07-16 01:53,2026-07-16 03:28
3091,95,778,2026-07-21 08:25,2026-07-21 08:37
3092,57,9354,2026-07-23 00:34,NULL
3093,10,1803,2026-07-24 00:04,2026-07-24 00:39
3094,14,6028,2026-07-13 13:32,2026-07-13 15:24
3095,91,7614,2026-07-09 03:15,2026-07-09 04:54
3096,16,3354,2026-07-23 23:26,2026-07-24 00:46
3097,40,1554,2026-07-27 03:41,2026-07-27 04:53
3098,43,9956,2026-07-28 21:55,2026-07-28 23:03
3099,25,2641,2026-07-12 04:51,2026-07-12 06:48
3100,32,9169,2026-07-30 00:12,2026-07-30 01:51
3101,17,6340,2026-07-09 16:52,2026-07-09 18:34
3102,77,5938,2026-07-17 09:02,2026-07-17 09:12
3103,6,9117,2026-07-26 12:23,NULL
3104,57,3455,2026-07-09 18:58,2026-07-09 19:24
3105,52,8491,2026-07-27 03:00,2026-07-27 04:15
3106,58,4860,2026-07-29 08:15,2026-07-29 09:41
3107,98,7293,2026-07-18 11:46,2026-07-18 13:06
3108,65,4418,2026-07-11 10:02,2026-07-11 10:19
3109,9,6879,2026-07-08 18:21,2026-07-08 18:45
3110,39,9166,2026-07-03 04:25,NULL
3111,24,7636,2026-07-16 11:09,2026-07-16 12:48
3112,38,4473,2026-07-05 23:19,2026-07-06 00:04
3113,50,5961,2026-07-23 04:44,2026-07-23 05:25
3114,14,8509,2026-07-25 23:07,2026-07-26 00:59
3115,50,452,2026-07-09 20:18,NULL
3116,15,5055,2026-07-22 07:24,2026-07-22 08:55
3117,58,8053,2026-07-02 13:00,2026-07-02 14:07
3118,21,2461,2026-07-07 09:20,2026-07-07 10:06
3119,95,5956,2026-07-30 21:01,2026-07-30 22:52
3120,68,1370,2026-07-25 17:29,2026-07-25 18:35
3121,39,7971,2026-07-07 09:53,2026-07-07 11:49
3122,60,4791,2026-07-01 11:39,2026-07-01 12:06
3123,66,60,2026-07-29 09:53,2026-07-29 10:03
3124,57,451,2026-07-09 10:06,2026-07-09 12:02
3125,55,4760,2026-07-13 10:18,2026-07-13 11:19
3126,100,9648,2026-07-12 20:06,2026-07-12 21:20
3127,62,4197,2026-07-21 15:03,2026-07-21 16:38
3128,47,4579,2026-07-18 04:24,2026-07-18 05:43
3129,32,4990,2026-07-09 02:57,NULL
3130,53,4653,2026-07-18 08:31,2026-07-18 10:01
3131,18,355,2026-07-02 10:36,2026-07-02 11:12
3132,85,9799,2026-07-10 05:51,2026-07-10 07:13
3133,14,6888,2026-07-15 12:23,2026-07-15 13:13
3134,36,1082,2026-07-27 04:21,2026-07-27 05:23
3135,84,4582,2026-07-12 15:30,2026-07-12 17:04
3136,47,8861,2026-07-21 10:12,NULL
3137,39,7680,2026-07-25 06:16,2026-07-25 08:06
3138,59,7708,2026-07-13 03:19,2026-07-13 04:30
3139,32,4573,2026-07-11 01:06,NULL
3140,48,4813,2026-07-21 05:06,2026-07-21 06:41
3141,68,4814,2026-07-17 23:01,2026-07-17 23:56
3142,67,6704,2026-07-11 19:12,2026-07-11 20:58
3143,47,8772,2026-07-29 18:49,2026-07-29 20:16
3144,33,5563,2026-07-15 10:17,2026-07-15 11:35
3145,18,9781,2026-07-01 03:56,2026-07-01 04:09
3146,92,9061,2026-07-28 18:20,2026-07-28 19:01
3147,63,7911,2026-07-15 23:42,2026-07-16 01:02
3148,48,7344,2026-07-02 22:08,2026-07-02 22:57
3149,65,7158,2026-07-28 17:18,2026-07-28 18:16
3150,47,9153,2026-07-24 04:26,2026-07-24 06:12
3151,63,1702,2026-07-26 17:51,2026-07-26 18:58
3152,92,5254,2026-07-15 00:50,2026-07-15 02:33
3153,49,5142,2026-07-25 14:58,2026-07-25 16:30
3154,98,7636,2026-07-20 16:24,2026-07-20 18:05
3155,84,8193,2026-07-18 18:11,2026-07-18 19:08
3156,96,184,2026-07-27 13:50,2026-07-27 14:10
3157,91,1261,2026-07-21 01:08,2026-07-21 01:54
3158,89,7363,2026-07-27 03:38,2026-07-27 04:07
3159,12,3074,2026-07-14 15:06,2026-07-14 16:27
3160,17,8402,2026-07-14 09:26,2026-07-14 11:09
3161,29,4708,2026-07-09 08:34,2026-07-09 09:13
3162,5,625,2026-07-20 08:40,2026-07-20 09:28
3163,12,4654,2026-07-13 21:04,2026-07-13 22:33
3164,67,2671,2026-07-14 14:19,2026-07-14 14:56
3165,98,2021,2026-07-18 05:25,2026-07-18 06:48
3166,67,8884,2026-07-16 09:56,2026-07-16 10:50
3167,69,6675,2026-07-16 07:58,2026-07-16 09:19
3168,67,1462,2026-07-07 04:33,2026-07-07 04:54
3169,78,8253,2026-07-15 13:09,2026-07-15 14:35
3170,84,9465,2026-07-22 08:09,NULL
3171,92,7747,2026-07-03 13:15,2026-07-03 13:33
3172,53,5645,2026-07-28 22:04,2026-07-28 22:16
3173,1,2050,2026-07-27 06:28,2026-07-27 08:00
3174,86,1502,2026-07-05 22:08,2026-07-05 23:14
3175,96,2846,2026-07-10 16:56,2026-07-10 17:08
3176,42,4612,2026-07-30 06:04,NULL
3177,93,2957,2026-07-26 20:09,2026-07-26 20:50
3178,96,5488,2026-07-05 09:02,2026-07-05 09:22
3179,81,4547,2026-07-28 11:23,2026-07-28 12:55
3180,34,2440,2026-07-03 17:43,2026-07-03 18:00
3181,45,720,2026-07-21 19:14,2026-07-21 20:05
3182,67,8101,2026-07-15 10:09,2026-07-15 11:17
3183,38,1622,2026-07-06 16:16,2026-07-06 17:40
3184,9,6367,2026-07-27 07:58,2026-07-27 09:11
3185,40,258,2026-07-04 17:11,2026-07-04 17:21
3186,47,1335,2026-07-24 08:11,2026-07-24 09:02
3187,94,2370,2026-07-06 16:21,2026-07-06 16:35
3188,34,6685,2026-07-01 19:17,NULL
3189,1,2584,2026-07-03 16:41,NULL
3190,77,1194,2026-07-27 09:36,2026-07-27 10:01
3191,66,9334,2026-07-07 06:15,2026-07-07 07:15
3192,100,111,2026-07-05 12:50,2026-07-05 14:40
3193,75,6183,2026-07-20 06:23,2026-07-20 08:04
3194,90,1233,2026-07-21 12:42,2026-07-21 13:35
3195,7,265,2026-07-21 04:06,2026-07-21 05:52
3196,44,491,2026-07-26 11:20,2026-07-26 11:39
3197,58,3181,2026-07-23 16:26,2026-07-23 17:34
3198,35,2134,2026-07-08 23:34,2026-07-09 01:15
3199,98,2639,2026-07-05 23:06,2026-07-05 23:16
3200,29,3720,2026-07-12 11:29,2026-07-12 12:57
3201,76,3331,2026-07-04 06:58,NULL
3202,70,8000,2026-07-22 01:10,2026-07-22 02:52
3203,26,5301,2026-07-08 18:18,2026-07-08 18:38
3204,67,6726,2026-07-12 18:54,2026-07-12 20:50
3205,4,7202,2026-07-13 17:36,2026-07-13 18:02
3206,36,5834,2026-07-10 05:06,2026-07-10 05:42
3207,47,4830,2026-07-11 10:35,2026-07-11 10:48
3208,45,2141,2026-07-13 15:39,2026-07-13 16:35
3209,60,5275,2026-07-19 12:33,2026-07-19 13:39
3210,82,9640,2026-07-16 22:41,NULL
3211,54,8350,2026-07-06 21:36,2026-07-06 23:17
3212,3,6149,2026-07-11 18:42,2026-07-11 20:01
3213,59,9205,2026-07-16 08:23,2026-07-16 08:57
3214,95,1742,2026-07-16 08:05,2026-07-16 09:24
3215,50,2489,2026-07-20 06:38,2026-07-20 07:46
3216,69,9524,2026-07-24 19:46,2026-07-24 21:25
3217,51,5896,2026-07-19 07:55,2026-07-19 08:47
3218,88,119,2026-07-30 01:45,2026-07-30 02:36
3219,30,6017,2026-07-04 18:45,2026-07-04 20:07
3220,3,8942,2026-07-14 00:19,2026-07-14 01:32
3221,70,8711,2026-07-22 02:09,2026-07-22 03:44
3222,11,5292,2026-07-12 11:27,2026-07-12 11:39
3223,28,4680,2026-07-07 11:47,2026-07-07 12:13
3224,82,1105,2026-07-07 23:36,2026-07-07 23:46
3225,54,9006,2026-07-25 10:35,2026-07-25 12:26
3226,11,3453,2026-07-06 05:33,2026-07-06 06:22
3227,33,1620,2026-07-14 20:18,2026-07-14 21:17
3228,78,4671,2026-07-10 15:38,2026-07-10 17:07
3229,30,5906,2026-07-19 20:56,NULL
3230,12,3277,2026-07-07 03:03,2026-07-07 04:16
3231,74,5612,2026-07-05 13:32,2026-07-05 15:08
3232,46,7353,2026-07-13 03:03,2026-07-13 04:59
3233,59,6763,2026-07-24 09:44,NULL
3234,84,9680,2026-07-04 11:47,2026-07-04 11:58
3235,10,5673,2026-07-28 18:03,2026-07-28 19:41
3236,94,6211,2026-07-26 11:45,2026-07-26 12:06
3237,95,9437,2026-07-06 14:43,2026-07-06 16:14
3238,35,9639,2026-07-10 20:44,2026-07-10 20:54
3239,69,3410,2026-07-19 20:06,2026-07-19 21:34
3240,51,1955,2026-07-26 15:12,2026-07-26 16:20
3241,13,8821,2026-07-13 02:39,2026-07-13 03:26
3242,97,8324,2026-07-18 00:45,2026-07-18 02:23
3243,92,6611,2026-07-04 13:55,2026-07-04 15:31
3244,34,8613,2026-07-27 02:06,NULL
3245,20,3730,2026-07-16 17:14,2026-07-16 19:13
3246,55,9106,2026-07-30 23:21,2026-07-31 00:16
3247,39,2312,2026-07-18 22:52,2026-07-18 23:06
3248,14,2564,2026-07-29 02:35,NULL
3249,92,429,2026-07-01 03:36,2026-07-01 04:18
3250,40,2680,2026-07-27 13:01,2026-07-27 14:05
3251,47,7531,2026-07-15 00:15,2026-07-15 01:59
3252,26,8367,2026-07-17 00:38,NULL
3253,67,7743,2026-07-22 14:20,2026-07-22 14:47
3254,64,9425,2026-07-30 10:33,2026-07-30 10:47
3255,27,2556,2026-07-16 13:32,2026-07-16 13:50
3256,25,7538,2026-07-24 06:52,2026-07-24 08:45
3257,36,7595,2026-07-09 20:54,2026-07-09 21:58
3258,16,2380,2026-07-19 16:32,2026-07-19 17:26
3259,26,7048,2026-07-21 06:16,2026-07-21 08:14
3260,97,7183,2026-07-27 06:07,NULL
3261,11,2536,2026-07-29 08:21,2026-07-29 09:59
3262,92,6522,2026-07-07 07:02,NULL
3263,62,9245,2026-07-02 17:14,2026-07-02 18:53
3264,36,9517,2026-07-14 01:00,2026-07-14 02:01
3265,9,1463,2026-07-08 15:26,2026-07-08 16:18
3266,87,8227,2026-07-06 16:58,2026-07-06 18:12
3267,1,7277,2026-07-18 23:39,2026-07-19 01:11
3268,87,8643,2026-07-17 20:05,NULL
3269,65,5972,2026-07-09 11:45,2026-07-09 12:52
3270,22,7854,2026-07-09 16:04,2026-07-09 16:42
3271,11,1115,2026-07-17 06:58,2026-07-17 07:09
3272,1,2743,2026-07-30 07:00,2026-07-30 08:34
3273,16,1294,2026-07-20 02:35,2026-07-20 03:22
3274,74,7645,2026-07-10 17:18,2026-07-10 18:36
3275,7,1809,2026-07-18 21:50,2026-07-18 23:17
3276,11,5323,2026-07-13 01:54,2026-07-13 02:07
3277,54,8838,2026-07-29 12:49,2026-07-29 14:00
3278,38,2969,2026-07-04 18:00,2026-07-04 19:04
3279,10,5658,2026-07-13 04:27,2026-07-13 06:03
3280,70,4079,2026-07-29 08:41,NULL
3281,80,5475,2026-07-12 23:19,2026-07-13 00:56
3282,22,8144,2026-07-29 09:33,2026-07-29 10:32
3283,8,2075,2026-07-16 10:08,2026-07-16 10:19
3284,65,8220,2026-07-10 02:12,2026-07-10 04:01
3285,5,56,2026-07-12 19:40,2026-07-12 20:43
3286,55,718,2026-07-22 19:02,2026-07-22 20:50
3287,37,3976,2026-07-30 14:17,2026-07-30 14:45
3288,37,9731,2026-07-18 17:56,2026-07-18 18:33
3289,43,7228,2026-07-19 11:45,2026-07-19 12:29
3290,8,3894,2026-07-06 20:04,2026-07-06 21:35
3291,100,8784,2026-07-30 05:34,2026-07-30 06:08
3292,93,8949,2026-07-10 03:39,2026-07-10 05:39
3293,28,1832,2026-07-07 17:19,2026-07-07 18:10
3294,58,7683,2026-07-20 06:00,2026-07-20 06:56
3295,41,5498,2026-07-10 10:45,2026-07-10 11:09
3296,2,719,2026-07-20 14:11,2026-07-20 15:04
3297,12,9450,2026-07-13 07:18,NULL
3298,53,9435,2026-07-07 11:20,2026-07-07 11:44
3299,81,8500,2026-07-12 11:35,2026-07-12 11:49
3300,3,3366,2026-07-19 20:56,2026-07-19 21:19
3301,100,6182,2026-07-07 21:51,2026-07-07 22:47
3302,2,97,2026-07-09 14:13,2026-07-09 15:06
3303,33,3167,2026-07-20 04:40,2026-07-20 04:55
3304,4,121,2026-07-17 15:12,2026-07-17 16:22
3305,98,219,2026-07-12 23:38,2026-07-13 00:40
3306,38,8077,2026-07-14 02:26,2026-07-14 03:01
3307,93,512,2026-07-02 07:43,2026-07-02 09:37
3308,91,2396,2026-07-01 08:52,2026-07-01 10:00
3309,71,7050,2026-07-23 20:36,2026-07-23 22:14
3310,63,2881,2026-07-06 20:04,2026-07-06 21:33
3311,9,653,2026-07-07 04:09,2026-07-07 05:45
3312,19,3400,2026-07-02 16:05,2026-07-02 17:41
3313,68,7096,2026-07-07 18:10,2026-07-07 20:07
3314,10,2021,2026-07-05 11:14,2026-07-05 11:52
3315,93,562,2026-07-01 12:09,2026-07-01 13:35
3316,79,959,2026-07-27 08:34,2026-07-27 08:53
3317,6,5498,2026-07-15 21:36,2026-07-15 23:25
3318,14,9770,2026-07-29 03:29,NULL
3319,7,6028,2026-07-29 22:12,2026-07-29 22:48
3320,86,9186,2026-07-16 23:41,2026-07-17 00:57
3321,63,4057,2026-07-12 13:23,2026-07-12 13:51
3322,30,8411,2026-07-18 13:59,2026-07-18 15:15
3323,12,5757,2026-07-08 10:05,2026-07-08 11:28
3324,45,6974,2026-07-12 13:56,2026-07-12 15:27
3325,11,319,2026-07-29 18:59,2026-07-29 19:48
3326,41,6846,2026-07-13 03:13,2026-07-13 04:21
3327,41,7757,2026-07-26 06:43,2026-07-26 07:15
3328,21,6323,2026-07-10 14:40,NULL
3329,22,7841,2026-07-13 14:54,2026-07-13 16:15
3330,22,6421,2026-07-27 20:51,2026-07-27 22:46
3331,100,1168,2026-07-22 12:09,NULL
3332,68,2323,2026-07-01 11:16,2026-07-01 12:31
3333,90,5517,2026-07-09 22:38,2026-07-09 23:52
3334,74,2659,2026-07-22 02:50,NULL
3335,82,1932,2026-07-01 21:51,2026-07-01 23:51
3336,83,4970,2026-07-21 05:28,2026-07-21 06:15
3337,8,9282,2026-07-11 06:29,2026-07-11 08:14
3338,27,6011,2026-07-16 03:54,2026-07-16 05:49
3339,39,8642,2026-07-25 18:40,2026-07-25 20:36
3340,39,2090,2026-07-23 16:30,NULL
3341,33,7424,2026-07-17 00:57,2026-07-17 02:04
3342,43,1702,2026-07-03 17:01,2026-07-03 17:55
3343,1,3548,2026-07-10 21:39,2026-07-10 22:27
3344,36,4608,2026-07-14 04:03,NULL
3345,69,4406,2026-07-22 21:46,2026-07-22 23:24
3346,84,276,2026-07-06 20:06,2026-07-06 21:17
3347,68,7472,2026-07-03 15:13,2026-07-03 15:33
3348,17,239,2026-07-25 15:46,2026-07-25 17:21
3349,94,8907,2026-07-22 17:53,2026-07-22 18:52
3350,57,6376,2026-07-14 20:48,2026-07-14 22:33
3351,88,3833,2026-07-16 12:26,2026-07-16 13:38
3352,60,9406,2026-07-08 08:37,2026-07-08 09:00
3353,43,7159,2026-07-29 03:40,2026-07-29 03:57
3354,30,7790,2026-07-12 07:42,2026-07-12 08:25
3355,90,1932,2026-07-11 10:44,2026-07-11 11:51
3356,56,496,2026-07-07 05:20,2026-07-07 06:51
3357,7,4668,2026-07-25 02:26,2026-07-25 03:53
3358,62,6211,2026-07-24 00:40,2026-07-24 01:31
3359,77,6924,2026-07-01 09:19,2026-07-01 10:14
3360,84,840,2026-07-20 14:52,2026-07-20 16:15
3361,74,9888,2026-07-17 21:28,2026-07-17 22:08
3362,28,2362,2026-07-21 19:29,2026-07-21 19:42
3363,75,9863,2026-07-20 17:45,2026-07-20 18:28
3364,29,3989,2026-07-29 22:25,NULL
3365,58,9803,2026-07-27 01:07,NULL
3366,46,6761,2026-07-18 05:13,2026-07-18 06:43
3367,43,2639,2026-07-30 00:27,2026-07-30 00:45
3368,84,4726,2026-07-23 12:10,2026-07-23 12:41
3369,51,853,2026-07-27 07:57,2026-07-27 09:37
3370,94,8228,2026-07-24 04:44,2026-07-24 05:12
3371,16,8151,2026-07-23 10:38,2026-07-23 11:38
3372,30,3642,2026-07-14 10:42,2026-07-14 11:48
3373,12,3567,2026-07-06 03:57,2026-07-06 05:26
3374,93,3504,2026-07-11 22:25,2026-07-11 23:12
3375,27,4266,2026-07-10 01:44,NULL
3376,82,7304,2026-07-11 05:32,2026-07-11 06:04
3377,78,5843,2026-07-12 10:37,2026-07-12 12:06
3378,6,6795,2026-07-13 05:37,2026-07-13 05:58
3379,28,3553,2026-07-15 17:55,2026-07-15 18:40
3380,54,3926,2026-07-15 18:22,2026-07-15 18:51
3381,37,8152,2026-07-02 05:12,NULL
3382,46,9497,2026-07-28 13:24,2026-07-28 14:05
3383,46,7619,2026-07-20 15:54,2026-07-20 17:50
3384,37,915,2026-07-15 14:45,2026-07-15 16:23
3385,54,7794,2026-07-23 11:19,NULL
3386,5,6971,2026-07-25 10:28,2026-07-25 11:20
3387,39,974,2026-07-15 23:35,2026-07-16 00:05
3388,15,1197,2026-07-06 21:23,2026-07-06 22:39
3389,7,9371,2026-07-24 20:18,2026-07-24 20:29
3390,88,9294,2026-07-28 22:52,2026-07-28 23:03
3391,95,2604,2026-07-12 23:39,2026-07-13 00:41
3392,38,287,2026-07-18 11:11,2026-07-18 12:02
3393,29,2825,2026-07-07 08:36,2026-07-07 09:00
3394,50,2905,2026-07-14 03:27,2026-07-14 05:24
3395,59,1514,2026-07-03 06:46,2026-07-03 07:17
3396,66,3448,2026-07-14 04:42,2026-07-14 06:34
3397,62,4190,2026-07-01 21:56,2026-07-01 23:18
3398,30,8912,2026-07-30 23:42,2026-07-31 01:25
3399,100,2697,2026-07-22 08:21,2026-07-22 10:04
3400,68,5773,2026-07-15 05:09,2026-07-15 06:23
3401,24,6852,2026-07-02 04:21,NULL
3402,50,4171,2026-07-14 05:52,2026-07-14 07:31
3403,48,4529,2026-07-14 21:59,2026-07-14 23:28
3404,22,7694,2026-07-06 09:20,2026-07-06 10:53
3405,82,786,2026-07-30 16:50,2026-07-30 18:29
3406,65,5034,2026-07-04 00:50,2026-07-04 02:27
3407,51,8350,2026-07-06 02:52,2026-07-06 03:58
3408,75,6111,2026-07-12 12:25,2026-07-12 13:15
3409,73,1524,2026-07-23 17:45,2026-07-23 18:44
3410,18,902,2026-07-03 06:35,NULL
3411,29,2015,2026-07-11 08:05,2026-07-11 08:20
3412,24,7433,2026-07-09 05:59,2026-07-09 06:54
3413,24,8972,2026-07-18 19:37,2026-07-18 20:38
3414,64,5225,2026-07-28 01:30,2026-07-28 03:22
3415,11,6407,2026-07-15 22:34,2026-07-16 00:00
3416,86,358,2026-07-16 15:25,2026-07-16 17:22
3417,42,2255,2026-07-10 09:59,2026-07-10 11:51
3418,70,3025,2026-07-17 17:34,NULL
3419,70,39,2026-07-20 16:34,2026-07-20 16:44
3420,68,1716,2026-07-06 12:17,2026-07-06 14:01
3421,14,7728,2026-07-09 00:00,2026-07-09 00:26
3422,78,7781,2026-07-16 16:24,2026-07-16 17:59
3423,89,3429,2026-07-06 11:51,2026-07-06 12:28
3424,97,6212,2026-07-02 17:31,2026-07-02 17:45
3425,40,1457,2026-07-06 19:01,2026-07-06 19:37
3426,51,7695,2026-07-01 10:49,2026-07-01 12:47
3427,75,1194,2026-07-26 19:19,2026-07-26 20:35
3428,35,4740,2026-07-23 16:55,2026-07-23 17:32
3429,80,3749,2026-07-22 10:40,2026-07-22 12:16
3430,14,9022,2026-07-05 13:47,2026-07-05 14:02
3431,29,1662,2026-07-18 04:12,2026-07-18 04:51
3432,89,2173,2026-07-04 05:05,2026-07-04 06:21
3433,27,4938,2026-07-06 16:33,2026-07-06 16:54
3434,25,2592,2026-07-01 14:18,NULL
3435,37,3678,2026-07-01 23:50,2026-07-02 01:16
3436,79,7660,2026-07-17 09:36,2026-07-17 11:15
3437,100,6723,2026-07-18 12:35,2026-07-18 13:53
3438,21,7937,2026-07-14 03:42,2026-07-14 04:37
3439,86,6299,2026-07-13 17:15,2026-07-13 18:13
3440,99,1266,2026-07-18 08:40,NULL
3441,95,395,2026-07-14 08:28,NULL
3442,15,4349,2026-07-12 15:07,NULL
3443,76,3574,2026-07-14 15:01,2026-07-14 16:06
3444,50,128,2026-07-21 14:36,2026-07-21 14:54
3445,32,2846,2026-07-27 13:14,2026-07-27 14:27
3446,7,2773,2026-07-23 10:25,NULL
3447,88,7332,2026-07-26 22:57,2026-07-27 00:10
3448,11,5419,2026-07-17 11:44,2026-07-17 13:39
3449,45,8987,2026-07-24 19:36,2026-07-24 20:08
3450,71,8241,2026-07-07 23:48,2026-07-08 00:20
3451,95,7085,2026-07-10 06:53,2026-07-10 07:11
3452,56,7939,2026-07-28 13:21,2026-07-28 15:17
3453,92,178,2026-07-30 10:40,2026-07-30 12:35
3454,7,9189,2026-07-02 04:41,NULL
3455,95,4850,2026-07-15 05:34,2026-07-15 06:54
3456,31,731,2026-07-07 02:21,2026-07-07 03:08
3457,33,4214,2026-07-28 09:33,2026-07-28 10:47
3458,36,6872,2026-07-01 14:33,2026-07-01 16:14
3459,68,2507,2026-07-15 11:24,2026-07-15 13:04
3460,63,5257,2026-07-11 01:42,2026-07-11 01:53
3461,34,5639,2026-07-08 08:14,2026-07-08 08:50
3462,39,5233,2026-07-01 08:17,2026-07-01 08:59
3463,36,8115,2026-07-15 16:00,NULL
3464,13,1072,2026-07-21 16:07,2026-07-21 17:21
3465,22,3776,2026-07-27 21:48,2026-07-27 23:31
3466,27,2546,2026-07-23 20:48,NULL
3467,93,2059,2026-07-01 12:01,2026-07-01 13:29
3468,29,9682,2026-07-18 12:32,2026-07-18 13:02
3469,99,7197,2026-07-15 00:06,2026-07-15 01:52
3470,30,1598,2026-07-17 21:10,2026-07-17 21:43
3471,28,6677,2026-07-21 05:42,2026-07-21 06:03
3472,37,9714,2026-07-08 14:49,2026-07-08 15:11
3473,74,337,2026-07-12 09:34,2026-07-12 11:12
3474,25,5923,2026-07-10 10:26,2026-07-10 11:06
3475,47,9369,2026-07-13 02:22,2026-07-13 03:44
3476,21,6792,2026-07-19 10:29,2026-07-19 11:06
3477,95,1358,2026-07-17 22:11,NULL
3478,38,7764,2026-07-09 17:52,NULL
3479,74,9904,2026-07-27 18:33,2026-07-27 20:32
3480,33,7077,2026-07-27 23:30,2026-07-28 01:16
3481,4,8596,2026-07-11 17:45,2026-07-11 18:46
3482,80,6995,2026-07-25 16:05,2026-07-25 16:29
3483,94,4623,2026-07-11 20:14,2026-07-11 22:09
3484,26,1363,2026-07-01 13:45,2026-07-01 14:52
3485,74,4107,2026-07-21 17:22,2026-07-21 19:01
3486,49,9417,2026-07-03 05:00,2026-07-03 06:15
3487,65,8183,2026-07-07 03:07,2026-07-07 04:11
3488,99,8859,2026-07-15 20:58,2026-07-15 21:38
3489,71,4530,2026-07-09 15:12,2026-07-09 16:15
3490,39,9612,2026-07-27 09:34,2026-07-27 10:05
3491,59,1292,2026-07-27 22:48,2026-07-28 00:23
3492,16,3309,2026-07-19 13:47,2026-07-19 14:11
3493,70,8749,2026-07-23 23:49,2026-07-24 00:52
3494,91,765,2026-07-01 09:09,2026-07-01 09:45
3495,83,6454,2026-07-03 13:36,2026-07-03 14:01
3496,24,9634,2026-07-23 09:46,2026-07-23 11:09
3497,5,2839,2026-07-30 10:06,2026-07-30 11:26
3498,57,3338,2026-07-15 10:56,NULL
3499,55,8477,2026-07-04 22:06,2026-07-04 22:19
3500,65,5488,2026-07-22 22:44,2026-07-22 23:20
3501,70,2787,2026-07-10 05:45,2026-07-10 07:30
3502,16,5631,2026-07-26 14:49,2026-07-26 15:09
3503,71,7971,2026-07-09 02:42,2026-07-09 03:30
3504,94,2378,2026-07-28 07:13,2026-07-28 08:46
3505,10,1280,2026-07-12 12:39,2026-07-12 13:01
3506,98,3927,2026-07-11 07:19,2026-07-11 07:32
3507,59,6303,2026-07-02 19:33,2026-07-02 20:59
3508,51,6794,2026-07-01 20:19,2026-07-01 21:15
3509,27,2654,2026-07-02 07:14,2026-07-02 08:59
3510,81,301,2026-07-12 05:06,2026-07-12 06:43
3511,28,7480,2026-07-08 04:09,2026-07-08 04:29
3512,7,5463,2026-07-07 16:35,2026-07-07 17:22
3513,25,1524,2026-07-13 01:31,2026-07-13 02:25
3514,30,5454,2026-07-05 21:42,2026-07-05 22:00
3515,9,3791,2026-07-06 21:11,2026-07-06 22:13
3516,69,1418,2026-07-29 12:09,2026-07-29 13:02
3517,50,5243,2026-07-26 01:18,2026-07-26 02:05
3518,6,1542,2026-07-13 05:39,2026-07-13 06:55
3519,3,8921,2026-07-09 12:57,2026-07-09 14:15
3520,24,1440,2026-07-09 22:47,2026-07-10 00:09
3521,73,7219,2026-07-20 08:40,2026-07-20 08:54
3522,70,1317,2026-07-12 12:03,2026-07-12 13:30
3523,17,4351,2026-07-23 07:07,2026-07-23 07:27
3524,17,3400,2026-07-21 19:27,2026-07-21 20:26
3525,76,7637,2026-07-15 14:54,2026-07-15 15:34
3526,68,9241,2026-07-08 11:15,2026-07-08 12:56
3527,48,4083,2026-07-10 13:31,2026-07-10 14:43
3528,48,6734,2026-07-13 15:15,NULL
3529,70,9752,2026-07-17 10:50,2026-07-17 12:23
3530,94,7117,2026-07-26 08:31,2026-07-26 10:12
3531,70,2268,2026-07-04 17:08,2026-07-04 18:42
3532,84,61,2026-07-04 20:28,2026-07-04 21:49
3533,76,5965,2026-07-01 03:01,2026-07-01 04:00
3534,32,8100,2026-07-08 04:22,2026-07-08 05:30
3535,74,8995,2026-07-15 05:32,2026-07-15 06:37
3536,63,9337,2026-07-24 03:41,NULL
3537,2,4378,2026-07-07 21:07,2026-07-07 22:54
3538,16,5414,2026-07-05 14:47,NULL
3539,100,410,2026-07-30 06:19,2026-07-30 07:24
3540,43,1385,2026-07-02 08:32,2026-07-02 10:23
3541,93,6427,2026-07-24 01:32,2026-07-24 01:52
3542,87,6146,2026-07-18 05:54,2026-07-18 06:09
3543,28,4280,2026-07-17 17:27,2026-07-17 17:37
3544,51,8163,2026-07-05 23:01,2026-07-06 00:21
3545,99,3495,2026-07-14 10:42,2026-07-14 11:09
3546,30,564,2026-07-26 05:21,2026-07-26 06:04
3547,70,276,2026-07-03 03:04,2026-07-03 03:48
3548,13,5855,2026-07-18 11:47,2026-07-18 12:40
3549,65,2262,2026-07-27 03:08,2026-07-27 04:39
3550,17,1788,2026-07-13 11:46,2026-07-13 13:16
3551,85,5881,2026-07-29 16:58,2026-07-29 17:23
3552,45,4429,2026-07-18 17:46,2026-07-18 18:09
3553,87,1627,2026-07-23 00:00,2026-07-23 00:56
3554,25,6923,2026-07-09 14:54,2026-07-09 16:33
3555,78,4952,2026-07-05 21:10,2026-07-05 23:00
3556,66,8686,2026-07-02 20:14,2026-07-02 21:04
3557,34,2753,2026-07-01 15:04,2026-07-01 16:48
3558,79,8242,2026-07-25 08:16,2026-07-25 08:34
3559,73,4155,2026-07-04 04:25,NULL
3560,83,9641,2026-07-28 13:21,NULL
3561,55,9742,2026-07-12 13:48,NULL
3562,98,6689,2026-07-17 21:58,2026-07-17 23:20
3563,99,5726,2026-07-11 12:13,2026-07-11 13:41
3564,68,9442,2026-07-01 17:24,2026-07-01 18:49
3565,18,5740,2026-07-25 10:34,2026-07-25 12:31
3566,38,8141,2026-07-30 04:39,2026-07-30 06:23
3567,63,5818,2026-07-28 10:55,2026-07-28 12:37
3568,36,1199,2026-07-02 07:05,2026-07-02 08:14
3569,63,3464,2026-07-21 02:56,2026-07-21 03:44
3570,17,978,2026-07-24 15:29,NULL
3571,42,3533,2026-07-29 21:44,2026-07-29 22:17
3572,33,5067,2026-07-09 02:31,2026-07-09 03:18
3573,91,9768,2026-07-30 04:13,2026-07-30 06:01
3574,9,6981,2026-07-02 21:59,2026-07-02 22:49
3575,53,976,2026-07-27 23:18,2026-07-27 23:38
3576,34,8204,2026-07-16 10:51,2026-07-16 11:09
3577,55,2188,2026-07-05 09:16,2026-07-05 09:49
3578,84,7993,2026-07-26 15:31,2026-07-26 15:55
3579,22,1464,2026-07-07 20:36,2026-07-07 22:11
3580,59,3754,2026-07-02 12:36,2026-07-02 13:19
3581,48,5399,2026-07-30 23:02,2026-07-31 00:41
3582,13,5367,2026-07-22 23:15,2026-07-23 00:55
3583,9,809,2026-07-09 12:08,2026-07-09 13:01
3584,32,8399,2026-07-28 19:31,2026-07-28 21:24
3585,62,6133,2026-07-23 23:22,2026-07-24 00:55
3586,8,1332,2026-07-19 15:41,2026-07-19 17:33
3587,99,6861,2026-07-29 19:05,2026-07-29 19:17
3588,36,4279,2026-07-24 09:59,NULL
3589,53,9388,2026-07-05 11:01,2026-07-05 12:53
3590,52,9748,2026-07-06 10:43,2026-07-06 12:41
3591,26,3985,2026-07-12 12:51,2026-07-12 14:41
3592,28,7126,2026-07-05 21:05,2026-07-05 21:59
3593,61,5525,2026-07-21 00:30,NULL
3594,41,552,2026-07-28 22:07,2026-07-28 23:00
3595,98,3951,2026-07-19 01:42,2026-07-19 03:21
3596,20,6682,2026-07-19 08:03,2026-07-19 09:52
3597,67,9261,2026-07-03 21:42,2026-07-03 23:32
3598,28,3938,2026-07-15 04:54,2026-07-15 06:31
3599,74,2639,2026-07-25 22:46,2026-07-25 23:13
3600,46,5914,2026-07-14 21:35,2026-07-14 21:49
3601,3,1777,2026-07-08 00:57,2026-07-08 02:35
3602,12,1193,2026-07-16 03:54,2026-07-16 05:50
3603,13,2132,2026-07-20 00:51,2026-07-20 02:10
3604,54,8780,2026-07-11 15:50,2026-07-11 16:07
3605,78,9483,2026-07-16 22:18,2026-07-16 22:45
3606,67,6741,2026-07-16 14:30,2026-07-16 15:27
3607,15,216,2026-07-20 22:35,2026-07-21 00:19
3608,56,5620,2026-07-24 16:16,2026-07-24 18:12
3609,44,548,2026-07-01 23:34,2026-07-02 00:38
3610,86,9224,2026-07-13 05:23,2026-07-13 07:21
3611,93,7235,2026-07-28 22:11,2026-07-28 23:46
3612,70,3355,2026-07-13 08:41,2026-07-13 10:13
3613,95,4443,2026-07-14 06:31,2026-07-14 07:04
3614,88,3797,2026-07-15 18:00,2026-07-15 18:26
3615,23,7470,2026-07-12 13:12,NULL
3616,10,1174,2026-07-11 18:46,2026-07-11 20:12
3617,83,1317,2026-07-08 07:53,2026-07-08 09:06
3618,4,5864,2026-07-10 01:48,2026-07-10 02:50
3619,4,3160,2026-07-26 15:13,2026-07-26 15:28
3620,33,4798,2026-07-20 09:46,NULL
3621,11,9907,2026-07-20 14:17,NULL
3622,69,5965,2026-07-11 19:41,2026-07-11 21:04
3623,86,1723,2026-07-02 13:21,2026-07-02 13:43
3624,88,6771,2026-07-30 06:00,2026-07-30 07:47
3625,68,5029,2026-07-22 23:29,NULL
3626,60,326,2026-07-10 13:03,2026-07-10 15:00
3627,45,5555,2026-07-20 07:49,2026-07-20 09:21
3628,66,8853,2026-07-29 23:30,2026-07-30 00:43
3629,14,1554,2026-07-10 11:31,2026-07-10 12:26
3630,58,9622,2026-07-20 05:52,2026-07-20 06:45
3631,68,3919,2026-07-15 08:47,2026-07-15 09:36
3632,90,2858,2026-07-27 17:18,2026-07-27 17:46
3633,32,2890,2026-07-22 20:05,2026-07-22 20:53
3634,68,4941,2026-07-22 00:54,2026-07-22 01:58
3635,11,5403,2026-07-14 00:27,2026-07-14 00:42
3636,51,4363,2026-07-02 11:19,NULL
3637,22,6450,2026-07-04 06:32,NULL
3638,85,5810,2026-07-18 10:31,2026-07-18 11:39
3639,41,4889,2026-07-07 18:58,2026-07-07 20:43
3640,46,4061,2026-07-17 21:32,2026-07-17 22:18
3641,97,3020,2026-07-12 07:10,2026-07-12 08:52
3642,8,5091,2026-07-17 22:44,2026-07-18 00:00
3643,63,1676,2026-07-21 05:07,2026-07-21 06:56
3644,99,3918,2026-07-29 11:59,2026-07-29 12:33
3645,94,6998,2026-07-06 16:28,2026-07-06 17:44
3646,31,5604,2026-07-27 06:21,2026-07-27 07:44
3647,36,8951,2026-07-24 18:24,2026-07-24 19:41
3648,65,269,2026-07-27 07:30,2026-07-27 09:24
3649,27,1903,2026-07-30 20:31,NULL
3650,57,7019,2026-07-18 00:46,2026-07-18 02:11
3651,32,6461,2026-07-25 14:53,2026-07-25 16:45
3652,90,1041,2026-07-01 22:21,2026-07-01 23:01
3653,93,3251,2026-07-18 13:17,2026-07-18 15:13
3654,46,730,2026-07-05 15:32,2026-07-05 16:26
3655,23,5871,2026-07-01 02:01,2026-07-01 03:49
3656,30,3732,2026-07-21 13:34,2026-07-21 14:41
3657,76,4407,2026-07-09 02:39,2026-07-09 04:01
3658,85,1514,2026-07-30 01:36,NULL
3659,77,8059,2026-07-22 23:57,2026-07-23 01:07
3660,65,733,2026-07-25 02:03,2026-07-25 03:05
3661,17,9081,2026-07-06 03:34,2026-07-06 03:59
3662,5,669,2026-07-10 14:27,2026-07-10 15:54
3663,53,478,2026-07-02 23:11,2026-07-03 00:36
3664,11,7737,2026-07-20 04:18,2026-07-20 05:11
3665,33,3433,2026-07-11 01:22,2026-07-11 02:32
3666,11,6439,2026-07-04 21:09,2026-07-04 22:58
3667,20,3287,2026-07-20 22:11,2026-07-20 23:18
3668,24,378,2026-07-11 17:18,2026-07-11 19:17
3669,73,4285,2026-07-12 17:32,2026-07-12 18:33
3670,1,3046,2026-07-02 12:00,2026-07-02 13:51
3671,37,7100,2026-07-09 20:00,2026-07-09 20:50
3672,87,8066,2026-07-27 23:49,NULL
3673,57,4623,2026-07-11 03:42,NULL
3674,39,1194,2026-07-21 02:02,2026-07-21 03:27
3675,35,4423,2026-07-04 12:52,2026-07-04 13:28
3676,38,5941,2026-07-06 07:08,2026-07-06 07:45
3677,86,1962,2026-07-09 21:46,2026-07-09 22:37
3678,25,8123,2026-07-27 16:08,2026-07-27 17:21
3679,10,1765,2026-07-18 11:54,2026-07-18 12:40
3680,82,8089,2026-07-21 07:03,2026-07-21 08:12
3681,30,991,2026-07-06 15:43,2026-07-06 15:59
3682,11,2453,2026-07-01 08:11,2026-07-01 08:31
3683,92,9801,2026-07-16 13:35,2026-07-16 13:56
3684,10,8406,2026-07-06 07:32,2026-07-06 08:48
3685,55,3881,2026-07-10 11:11,2026-07-10 12:09
3686,35,1585,2026-07-16 12:51,2026-07-16 13:51
3687,67,5285,2026-07-08 03:18,2026-07-08 05:05
3688,76,167,2026-07-23 21:05,2026-07-23 21:27
3689,67,5222,2026-07-06 00:45,2026-07-06 01:43
3690,85,1942,2026-07-29 20:25,2026-07-29 21:35
3691,77,656,2026-07-21 10:46,2026-07-21 12:16
3692,38,5298,2026-07-14 09:20,NULL
3693,46,3099,2026-07-21 22:34,2026-07-21 22:44
3694,5,2439,2026-07-17 03:46,2026-07-17 05:09
3695,51,8510,2026-07-02 09:09,2026-07-02 11:01
3696,70,6181,2026-07-13 15:55,2026-07-13 16:36
3697,94,5032,2026-07-20 01:48,2026-07-20 02:56
3698,75,6091,2026-07-16 23:22,2026-07-17 00:54
3699,87,8217,2026-07-22 06:26,2026-07-22 07:22
3700,90,1282,2026-07-25 12:19,2026-07-25 13:26
3701,21,7365,2026-07-08 03:11,2026-07-08 05:08
3702,20,2135,2026-07-28 10:39,2026-07-28 12:37
3703,11,8752,2026-07-02 08:00,2026-07-02 08:19
3704,93,5644,2026-07-14 11:34,2026-07-14 12:49
3705,22,7617,2026-07-06 17:43,2026-07-06 18:38
3706,27,7482,2026-07-15 00:15,NULL
3707,78,914,2026-07-08 23:12,2026-07-08 23:56
3708,50,4170,2026-07-25 09:23,2026-07-25 10:32
3709,1,325,2026-07-06 18:34,2026-07-06 18:51
3710,99,689,2026-07-02 22:06,2026-07-02 23:59
3711,6,1369,2026-07-11 01:23,2026-07-11 02:55
3712,47,1429,2026-07-21 06:42,2026-07-21 07:55
3713,73,3866,2026-07-23 00:58,2026-07-23 02:51
3714,4,9487,2026-07-09 01:46,2026-07-09 03:18
3715,55,412,2026-07-03 04:51,2026-07-03 05:27
3716,48,8924,2026-07-16 17:19,2026-07-16 17:46
3717,43,6017,2026-07-14 12:52,2026-07-14 13:12
3718,86,1140,2026-07-03 02:21,2026-07-03 03:46
3719,95,1584,2026-07-08 03:15,2026-07-08 03:44
3720,66,4762,2026-07-27 12:58,2026-07-27 14:29
3721,48,967,2026-07-09 00:35,2026-07-09 00:57
3722,24,2480,2026-07-18 07:39,NULL
3723,2,613,2026-07-09 04:51,2026-07-09 05:20
3724,77,8335,2026-07-27 04:10,2026-07-27 05:54
3725,57,4220,2026-07-08 06:02,2026-07-08 07:06
3726,19,6550,2026-07-23 04:22,2026-07-23 05:04
3727,56,6116,2026-07-28 17:50,2026-07-28 19:25
3728,9,1382,2026-07-25 05:09,2026-07-25 06:50
3729,29,2476,2026-07-19 17:45,2026-07-19 19:35
3730,99,1505,2026-07-09 06:12,2026-07-09 06:36
3731,35,6781,2026-07-11 01:00,2026-07-11 02:55
3732,27,4115,2026-07-18 22:19,2026-07-18 23:16
3733,96,5514,2026-07-04 05:30,2026-07-04 07:13
3734,76,1512,2026-07-13 17:11,2026-07-13 18:15
3735,24,1492,2026-07-11 02:13,NULL
3736,70,8538,2026-07-18 04:23,NULL
3737,67,4095,2026-07-18 23:49,2026-07-19 01:25
3738,6,8592,2026-07-16 13:54,2026-07-16 14:51
3739,31,6005,2026-07-09 15:26,2026-07-09 16:15
3740,48,7394,2026-07-01 11:36,NULL
3741,52,1943,2026-07-17 09:14,2026-07-17 09:31
3742,13,2167,2026-07-19 11:54,2026-07-19 12:21
3743,41,2551,2026-07-06 11:17,2026-07-06 12:33
3744,71,1725,2026-07-19 07:11,NULL
3745,58,1555,2026-07-17 06:11,2026-07-17 07:31
3746,40,5465,2026-07-17 15:36,2026-07-17 17:25
3747,58,9784,2026-07-16 06:45,2026-07-16 08:06
3748,77,6325,2026-07-08 10:19,2026-07-08 11:15
3749,44,5558,2026-07-02 10:55,2026-07-02 11:23
3750,44,996,2026-07-28 18:48,2026-07-28 19:32
3751,70,3586,2026-07-30 07:43,2026-07-30 08:52
3752,86,503,2026-07-04 04:52,2026-07-04 05:56
3753,7,3113,2026-07-28 12:35,NULL
3754,38,343,2026-07-05 05:47,2026-07-05 06:27
3755,83,1272,2026-07-04 23:27,2026-07-04 23:56
3756,54,9262,2026-07-21 20:49,2026-07-21 21:42
3757,59,1834,2026-07-09 04:37,2026-07-09 05:25
3758,63,8342,2026-07-01 18:28,2026-07-01 18:56
3759,46,261,2026-07-27 09:58,2026-07-27 10:14
3760,98,1440,2026-07-18 05:39,2026-07-18 07:02
3761,61,7058,2026-07-18 11:45,2026-07-18 13:25
3762,80,4056,2026-07-16 07:33,2026-07-16 09:26
3763,55,6545,2026-07-29 13:47,NULL
3764,82,118,2026-07-09 18:57,2026-07-09 20:18
3765,26,3803,2026-07-15 23:56,2026-07-16 01:23
3766,69,8896,2026-07-20 12:50,2026-07-20 14:29
3767,24,5097,2026-07-11 11:10,NULL
3768,76,6743,2026-07-24 07:55,2026-07-24 08:39
3769,4,6423,2026-07-10 22:30,2026-07-11 00:07
3770,10,5284,2026-07-28 14:58,2026-07-28 15:23
3771,48,8100,2026-07-21 00:12,2026-07-21 00:58
3772,58,4255,2026-07-20 21:51,2026-07-20 23:43
3773,33,1829,2026-07-08 07:40,2026-07-08 08:56
3774,37,1672,2026-07-08 05:51,2026-07-08 06:02
3775,91,1636,2026-07-27 01:36,2026-07-27 02:24
3776,25,8083,2026-07-27 09:53,2026-07-27 10:57
3777,20,9725,2026-07-01 21:22,2026-07-01 21:33
3778,45,2945,2026-07-21 06:34,2026-07-21 07:13
3779,85,8608,2026-07-26 14:56,2026-07-26 16:38
3780,16,4531,2026-07-18 08:19,2026-07-18 09:29
3781,3,2675,2026-07-29 15:07,2026-07-29 17:03
3782,16,2796,2026-07-08 06:40,NULL
3783,58,6984,2026-07-02 00:20,2026-07-02 01:29
3784,33,5732,2026-07-16 22:43,NULL
3785,67,986,2026-07-27 08:07,NULL
3786,18,7731,2026-07-11 08:35,2026-07-11 09:43
3787,16,5394,2026-07-18 06:41,NULL
3788,38,3273,2026-07-07 04:41,2026-07-07 05:07
3789,63,7293,2026-07-09 10:41,2026-07-09 11:15
3790,98,2070,2026-07-15 00:13,2026-07-15 02:06
3791,74,2499,2026-07-25 16:33,2026-07-25 17:11
3792,20,4696,2026-07-29 01:47,2026-07-29 02:30
3793,77,4457,2026-07-26 14:05,2026-07-26 15:23
3794,31,7735,2026-07-22 20:13,2026-07-22 21:26
3795,15,993,2026-07-16 21:30,2026-07-16 22:22
3796,26,3969,2026-07-11 12:09,2026-07-11 12:36
3797,3,400,2026-07-13 14:58,2026-07-13 16:58
3798,27,302,2026-07-10 20:40,2026-07-10 21:35
3799,14,2312,2026-07-05 07:45,2026-07-05 08:52
3800,43,5814,2026-07-07 08:31,2026-07-07 09:19
3801,84,2515,2026-07-06 19:07,2026-07-06 21:06
3802,86,2814,2026-07-20 13:24,2026-07-20 13:46
3803,40,4731,2026-07-21 14:09,NULL
3804,11,7623,2026-07-14 21:17,NULL
3805,58,6801,2026-07-28 15:49,2026-07-28 16:32
3806,92,2285,2026-07-19 19:24,2026-07-19 20:42
3807,94,5945,2026-07-24 21:33,2026-07-24 23:21
3808,57,7498,2026-07-17 23:47,2026-07-18 01:44
3809,2,8503,2026-07-03 03:34,2026-07-03 04:43
3810,30,819,2026-07-23 07:10,2026-07-23 08:16
3811,45,5011,2026-07-05 05:38,NULL
3812,97,1726,2026-07-16 14:07,2026-07-16 16:06
3813,77,4535,2026-07-06 23:53,2026-07-07 01:36
3814,99,1716,2026-07-28 14:18,2026-07-28 15:34
3815,81,6578,2026-07-25 15:53,2026-07-25 17:02
3816,79,2540,2026-07-29 11:26,2026-07-29 11:45
3817,97,6857,2026-07-11 13:07,2026-07-11 14:28
3818,61,221,2026-07-01 15:12,2026-07-01 16:32
3819,29,2307,2026-07-06 05:20,2026-07-06 05:52
3820,15,3775,2026-07-26 00:59,2026-07-26 02:33
3821,94,3144,2026-07-01 09:55,2026-07-01 10:41
3822,79,523,2026-07-18 06:01,2026-07-18 06:35
3823,57,4796,2026-07-25 12:02,2026-07-25 12:29
3824,82,7155,2026-07-09 12:57,2026-07-09 14:26
3825,25,3606,2026-07-16 14:24,2026-07-16 15:57
3826,54,4556,2026-07-01 04:27,2026-07-01 06:18
3827,23,1816,2026-07-03 17:11,2026-07-03 17:27
3828,96,2954,2026-07-06 06:36,2026-07-06 07:41
3829,12,518,2026-07-25 07:45,2026-07-25 08:31
3830,70,6747,2026-07-28 22:09,2026-07-28 23:40
3831,62,5563,2026-07-06 20:41,2026-07-06 21:55
3832,95,5695,2026-07-11 11:33,2026-07-11 12:49
3833,43,8553,2026-07-28 05:44,2026-07-28 06:22
3834,37,739,2026-07-24 19:19,NULL
3835,23,3029,2026-07-06 18:13,2026-07-06 19:51
3836,79,8120,2026-07-03 14:14,2026-07-03 15:27
3837,92,1918,2026-07-27 18:32,2026-07-27 18:47
3838,38,3675,2026-07-25 16:51,2026-07-25 18:46
3839,40,5838,2026-07-19 17:55,2026-07-19 18:46
3840,90,4570,2026-07-09 21:29,2026-07-09 22:01
3841,33,3328,2026-07-05 12:09,2026-07-05 12:26
3842,43,521,2026-07-08 02:27,2026-07-08 02:38
3843,64,7849,2026-07-29 01:19,2026-07-29 02:02
3844,23,1076,2026-07-04 04:25,2026-07-04 05:25
3845,34,2973,2026-07-13 13:11,2026-07-13 15:08
3846,33,2492,2026-07-29 22:25,2026-07-29 23:54
3847,10,1651,2026-07-11 03:07,2026-07-11 04:59
3848,49,11,2026-07-11 02:11,2026-07-11 02:39
3849,36,7013,2026-07-19 23:12,2026-07-20 00:40
3850,52,3780,2026-07-06 02:19,2026-07-06 03:24
3851,96,5218,2026-07-30 03:14,2026-07-30 04:46
3852,52,6307,2026-07-23 06:37,2026-07-23 07:30
3853,49,2745,2026-07-11 21:35,2026-07-11 22:20
3854,57,2459,2026-07-11 10:52,2026-07-11 11:50
3855,91,7342,2026-07-02 17:50,2026-07-02 19:01
3856,87,7939,2026-07-17 04:24,2026-07-17 04:50
3857,79,4771,2026-07-16 05:51,2026-07-16 07:04
3858,44,7578,2026-07-08 20:32,2026-07-08 22:22
3859,65,7293,2026-07-14 07:49,2026-07-14 09:35
3860,42,4591,2026-07-13 23:02,2026-07-14 00:44
3861,93,9251,2026-07-26 15:02,2026-07-26 15:34
3862,87,5364,2026-07-12 03:43,2026-07-12 04:35
3863,59,2962,2026-07-17 11:54,2026-07-17 13:41
3864,94,6541,2026-07-03 16:58,2026-07-03 18:43
3865,6,1244,2026-07-21 03:54,2026-07-21 04:51
3866,65,3991,2026-07-09 11:49,2026-07-09 12:52
3867,93,4693,2026-07-25 04:16,2026-07-25 05:23
3868,63,221,2026-07-13 14:58,2026-07-13 15:49
3869,14,6922,2026-07-27 00:52,2026-07-27 01:46
3870,95,4220,2026-07-27 21:26,2026-07-27 21:58
3871,41,6156,2026-07-11 17:53,2026-07-11 19:33
3872,61,6768,2026-07-28 09:25,NULL
3873,65,7137,2026-07-03 16:23,2026-07-03 17:39
3874,56,5667,2026-07-23 13:35,2026-07-23 14:58
3875,67,990,2026-07-13 21:29,2026-07-13 21:51
3876,42,2255,2026-07-22 20:20,2026-07-22 20:41
3877,39,3690,2026-07-16 21:13,2026-07-16 21:57
3878,48,2577,2026-07-22 05:17,2026-07-22 05:49
3879,24,8191,2026-07-16 12:58,2026-07-16 13:47
3880,96,9669,2026-07-06 21:06,2026-07-06 22:20
3881,15,6609,2026-07-12 23:58,2026-07-13 01:28
3882,74,2963,2026-07-12 23:32,NULL
3883,24,2357,2026-07-30 05:49,2026-07-30 06:39
3884,74,916,2026-07-13 20:37,2026-07-13 22:17
3885,68,8903,2026-07-17 00:43,2026-07-17 01:48
3886,95,7973,2026-07-01 05:09,NULL
3887,33,6816,2026-07-04 07:22,2026-07-04 08:37
3888,42,1057,2026-07-22 09:09,2026-07-22 10:25
3889,45,994,2026-07-28 17:58,2026-07-28 18:23
3890,46,1096,2026-07-18 16:12,2026-07-18 17:58
3891,58,1180,2026-07-14 20:30,2026-07-14 22:03
3892,26,1072,2026-07-20 19:50,2026-07-20 21:35
3893,6,3723,2026-07-11 21:12,2026-07-11 22:54
3894,67,1288,2026-07-10 14:00,2026-07-10 14:35
3895,89,4632,2026-07-22 15:30,NULL
3896,66,2453,2026-07-24 21:48,2026-07-24 22:52
3897,25,1525,2026-07-19 10:09,2026-07-19 11:47
3898,73,317,2026-07-26 13:59,NULL
3899,14,1382,2026-07-09 09:48,2026-07-09 10:55
3900,51,4951,2026-07-23 22:15,2026-07-23 23:10
3901,23,5578,2026-07-13 09:14,2026-07-13 10:51
3902,88,9337,2026-07-21 14:31,2026-07-21 14:48
3903,11,8665,2026-07-13 09:58,2026-07-13 10:59
3904,77,6070,2026-07-21 08:47,2026-07-21 10:34
3905,34,561,2026-07-24 21:39,2026-07-24 22:28
3906,17,1624,2026-07-01 03:45,2026-07-01 04:25
3907,55,9183,2026-07-08 12:44,2026-07-08 13:52
3908,86,9046,2026-07-25 12:46,2026-07-25 13:15
3909,26,4936,2026-07-25 02:04,2026-07-25 02:26
3910,77,8877,2026-07-02 20:53,2026-07-02 21:14
3911,32,8365,2026-07-27 06:38,2026-07-27 06:54
3912,42,470,2026-07-30 12:41,NULL
3913,82,5231,2026-07-30 02:27,2026-07-30 03:12
3914,61,6954,2026-07-01 22:49,2026-07-02 00:40
3915,70,6615,2026-07-02 17:39,2026-07-02 19:10
3916,98,2862,2026-07-28 08:34,2026-07-28 08:48
3917,8,4478,2026-07-14 13:22,2026-07-14 13:35
3918,26,211,2026-07-20 13:01,2026-07-20 13:12
3919,74,6468,2026-07-30 22:37,NULL
3920,54,9629,2026-07-29 17:37,2026-07-29 19:00
3921,59,7457,2026-07-23 02:30,2026-07-23 02:52
3922,43,509,2026-07-15 14:26,2026-07-15 15:29
3923,38,2948,2026-07-13 18:08,2026-07-13 18:57
3924,72,4645,2026-07-20 18:26,2026-07-20 19:06
3925,84,9356,2026-07-19 00:02,2026-07-19 01:26
3926,85,3916,2026-07-25 14:51,2026-07-25 16:43
3927,13,9141,2026-07-18 22:51,2026-07-19 00:27
3928,27,2416,2026-07-22 09:14,2026-07-22 10:02
3929,85,2008,2026-07-24 00:38,2026-07-24 01:01
3930,94,3505,2026-07-30 07:36,2026-07-30 08:53
3931,39,7576,2026-07-13 07:39,2026-07-13 09:11
3932,13,8478,2026-07-18 22:30,2026-07-18 23:02
3933,55,6201,2026-07-09 14:55,2026-07-09 15:23
3934,45,8187,2026-07-19 19:26,2026-07-19 19:42
3935,97,5294,2026-07-27 23:07,2026-07-28 00:59
3936,72,7509,2026-07-05 15:53,2026-07-05 17:09
3937,58,5473,2026-07-02 09:55,2026-07-02 11:23
3938,8,3206,2026-07-28 13:51,NULL
3939,85,3201,2026-07-10 19:00,2026-07-10 19:37
3940,43,66,2026-07-27 17:40,2026-07-27 19:12
3941,58,6601,2026-07-27 00:52,2026-07-27 01:19
3942,57,7341,2026-07-11 17:55,2026-07-11 18:59
3943,49,8660,2026-07-02 17:06,NULL
3944,94,2996,2026-07-18 03:01,2026-07-18 04:34
3945,12,562,2026-07-28 10:32,2026-07-28 11:54
3946,4,1993,2026-07-05 03:44,2026-07-05 04:13
3947,16,1383,2026-07-21 17:05,2026-07-21 18:44
3948,45,3305,2026-07-27 22:22,2026-07-27 23:07
3949,15,6577,2026-07-30 16:28,2026-07-30 17:55
3950,59,4630,2026-07-02 08:24,2026-07-02 09:57
3951,26,9929,2026-07-03 14:43,2026-07-03 15:03
3952,62,8320,2026-07-08 19:25,2026-07-08 20:20
3953,1,8726,2026-07-26 21:41,2026-07-26 23:31
3954,46,3161,2026-07-30 13:26,2026-07-30 14:51
3955,57,4026,2026-07-14 19:04,2026-07-14 20:26
3956,56,4318,2026-07-06 07:40,2026-07-06 08:33
3957,72,3889,2026-07-17 13:57,2026-07-17 14:08
3958,62,1751,2026-07-19 04:59,2026-07-19 05:43
3959,82,5389,2026-07-23 04:50,2026-07-23 06:06
3960,19,2236,2026-07-26 22:28,2026-07-26 23:55
3961,82,6113,2026-07-16 16:07,2026-07-16 16:47
3962,49,7222,2026-07-01 22:05,2026-07-01 23:21
3963,44,2482,2026-07-06 07:45,2026-07-06 07:59
3964,5,5887,2026-07-25 07:56,2026-07-25 08:24
3965,50,757,2026-07-30 13:12,2026-07-30 14:58
3966,60,1077,2026-07-25 03:20,2026-07-25 03:50
3967,16,3472,2026-07-03 06:48,2026-07-03 07:42
3968,89,4255,2026-07-12 09:54,2026-07-12 11:07
3969,52,518,2026-07-12 17:04,2026-07-12 18:54
3970,15,1949,2026-07-06 23:18,2026-07-06 23:34
3971,65,4365,2026-07-23 09:29,2026-07-23 10:44
3972,99,8707,2026-07-25 07:15,2026-07-25 07:47
3973,32,2334,2026-07-30 03:47,2026-07-30 05:27
3974,97,5472,2026-07-22 22:09,2026-07-22 23:04
3975,35,4826,2026-07-06 23:42,2026-07-07 00:06
3976,10,6202,2026-07-03 10:50,2026-07-03 12:18
3977,49,9153,2026-07-24 01:01,2026-07-24 01:22
3978,25,2348,2026-07-09 03:27,2026-07-09 04:47
3979,46,3016,2026-07-29 06:14,2026-07-29 07:30
3980,38,1371,2026-07-16 00:46,2026-07-16 02:17
3981,81,8576,2026-07-02 07:15,2026-07-02 09:11
3982,74,2947,2026-07-28 16:03,2026-07-28 16:24
3983,73,1989,2026-07-22 10:49,2026-07-22 11:17
3984,2,1274,2026-07-19 10:35,2026-07-19 12:31
3985,44,2553,2026-07-07 02:48,2026-07-07 03:00
3986,28,5169,2026-07-04 07:02,2026-07-04 08:12
3987,40,4352,2026-07-15 17:27,2026-07-15 19:10
3988,36,5045,2026-07-09 10:07,2026-07-09 11:48
3989,96,7037,2026-07-16 14:12,2026-07-16 16:00
3990,45,9544,2026-07-07 18:12,2026-07-07 18:48
3991,6,8131,2026-07-21 09:26,2026-07-21 09:52
3992,50,8851,2026-07-13 08:51,2026-07-13 09:32
3993,98,981,2026-07-27 00:06,2026-07-27 01:58
3994,28,1103,2026-07-23 14:56,2026-07-23 16:52
3995,60,8903,2026-07-19 09:22,2026-07-19 09:55
3996,67,6921,2026-07-25 14:23,2026-07-25 14:45
3997,29,689,2026-07-15 01:51,2026-07-15 02:03
3998,88,4795,2026-07-08 20:47,2026-07-08 22:47
3999,4,8736,2026-07-12 12:53,2026-07-12 13:23
4000,2,2920,2026-07-10 00:25,2026-07-10 01:24
4001,29,6008,2026-07-26 19:42,2026-07-26 20:26
4002,93,9086,2026-07-26 12:23,2026-07-26 13:16
4003,8,6245,2026-07-27 19:01,2026-07-27 20:50
4004,28,682,2026-07-28 14:59,NULL
4005,93,8648,2026-07-09 23:50,2026-07-10 00:47
4006,9,1861,2026-07-27 08:10,2026-07-27 09:30
4007,64,1919,2026-07-26 02:29,2026-07-26 04:16
4008,89,4302,2026-07-09 01:40,NULL
4009,54,2541,2026-07-28 13:17,2026-07-28 15:13
4010,65,2958,2026-07-28 00:59,NULL
4011,28,8794,2026-07-02 03:41,2026-07-02 05:21
4012,54,4786,2026-07-18 18:43,2026-07-18 19:20
4013,76,8871,2026-07-19 19:36,2026-07-19 20:08
4014,29,5125,2026-07-12 11:23,2026-07-12 12:55
4015,17,9460,2026-07-07 11:31,2026-07-07 13:26
4016,47,998,2026-07-09 19:26,2026-07-09 19:59
4017,27,12,2026-07-04 22:03,2026-07-04 23:08
4018,18,4232,2026-07-25 18:13,2026-07-25 19:42
4019,80,6278,2026-07-30 00:28,2026-07-30 02:00
4020,36,246,2026-07-04 02:10,2026-07-04 02:53
4021,64,8462,2026-07-19 10:59,2026-07-19 12:50
4022,57,5579,2026-07-08 13:26,2026-07-08 14:24
4023,54,1709,2026-07-17 04:51,2026-07-17 05:21
4024,92,4883,2026-07-08 19:16,2026-07-08 20:00
4025,16,5518,2026-07-01 16:42,2026-07-01 17:49
4026,35,7440,2026-07-10 05:58,2026-07-10 06:15
4027,61,6848,2026-07-05 14:28,2026-07-05 15:25
4028,2,9747,2026-07-25 11:06,2026-07-25 11:55
4029,10,2340,2026-07-29 03:13,2026-07-29 04:00
4030,58,2337,2026-07-11 06:36,2026-07-11 06:55
4031,54,7517,2026-07-03 20:20,NULL
4032,58,2248,2026-07-03 11:48,2026-07-03 13:14
4033,1,2830,2026-07-05 16:13,2026-07-05 16:35
4034,96,9559,2026-07-08 08:14,2026-07-08 08:57
4035,82,3128,2026-07-29 03:58,2026-07-29 05:54
4036,81,8734,2026-07-14 07:01,2026-07-14 08:16
4037,45,3433,2026-07-26 08:03,2026-07-26 09:15
4038,32,5717,2026-07-01 06:02,2026-07-01 07:47
4039,2,2287,2026-07-28 03:50,2026-07-28 05:38
4040,3,699,2026-07-28 19:23,2026-07-28 20:31
4041,5,4645,2026-07-14 03:46,2026-07-14 05:44
4042,52,1076,2026-07-22 15:52,2026-07-22 16:36
4043,48,7988,2026-07-04 00:52,2026-07-04 02:26
4044,68,8548,2026-07-15 19:21,2026-07-15 21:16
4045,42,7499,2026-07-25 06:42,2026-07-25 07:38
4046,30,7212,2026-07-01 01:49,2026-07-01 02:42
4047,67,3356,2026-07-02 06:43,2026-07-02 08:40
4048,64,173,2026-07-20 06:48,NULL
4049,31,4926,2026-07-06 18:11,2026-07-06 19:44
4050,66,5904,2026-07-03 23:57,2026-07-04 01:01
4051,10,9450,2026-07-20 10:28,2026-07-20 12:13
4052,66,4986,2026-07-02 05:59,2026-07-02 06:37
4053,97,8797,2026-07-02 08:05,NULL
4054,36,5489,2026-07-03 16:24,2026-07-03 16:53
4055,72,8038,2026-07-21 12:12,NULL
4056,12,4181,2026-07-27 21:40,2026-07-27 21:54
4057,34,2990,2026-07-17 21:24,2026-07-17 22:14
4058,71,7500,2026-07-27 12:34,2026-07-27 13:41
4059,57,6660,2026-07-16 14:06,2026-07-16 15:31
4060,4,7914,2026-07-21 06:30,2026-07-21 06:46
4061,85,3890,2026-07-23 10:02,2026-07-23 11:14
4062,99,4840,2026-07-23 22:21,2026-07-23 23:59
4063,86,880,2026-07-29 00:03,2026-07-29 00:55
4064,96,8216,2026-07-06 16:22,2026-07-06 17:14
4065,81,6797,2026-07-16 06:52,2026-07-16 07:46
4066,40,8471,2026-07-01 22:16,2026-07-01 23:46
4067,97,6151,2026-07-24 21:57,2026-07-24 22:57
4068,79,9709,2026-07-10 17:48,2026-07-10 19:13
4069,31,6494,2026-07-26 09:39,2026-07-26 10:12
4070,61,8799,2026-07-20 04:08,2026-07-20 05:20
4071,97,5847,2026-07-28 11:56,2026-07-28 12:48
4072,39,2649,2026-07-20 07:48,2026-07-20 09:31
4073,13,8447,2026-07-09 15:26,NULL
4074,55,6953,2026-07-14 22:27,2026-07-14 23:26
4075,7,6687,2026-07-12 16:19,2026-07-12 18:17
4076,7,6706,2026-07-24 18:14,NULL
4077,42,7287,2026-07-23 05:07,NULL
4078,88,6166,2026-07-16 14:59,2026-07-16 16:26
4079,1,593,2026-07-02 22:33,NULL
4080,61,6598,2026-07-06 11:31,2026-07-06 11:49
4081,88,2846,2026-07-07 09:10,2026-07-07 10:06
4082,38,3570,2026-07-18 18:33,2026-07-18 19:13
4083,59,7830,2026-07-07 08:13,2026-07-07 10:10
4084,76,3971,2026-07-19 00:16,2026-07-19 00:55
4085,84,5296,2026-07-12 13:50,2026-07-12 14:03
4086,55,7774,2026-07-29 23:54,2026-07-30 00:23
4087,34,2815,2026-07-25 02:21,2026-07-25 04:10
4088,32,4453,2026-07-23 09:19,2026-07-23 10:05
4089,46,2126,2026-07-01 11:21,2026-07-01 12:27
4090,57,542,2026-07-13 17:45,2026-07-13 18:16
4091,61,6887,2026-07-10 03:47,2026-07-10 04:30
4092,78,5381,2026-07-13 05:38,2026-07-13 06:02
4093,55,8009,2026-07-26 03:50,2026-07-26 04:22
4094,72,9355,2026-07-09 03:07,2026-07-09 03:19
4095,11,2952,2026-07-12 02:48,2026-07-12 03:12
4096,84,6447,2026-07-13 13:11,2026-07-13 13:30
4097,76,2596,2026-07-05 11:47,2026-07-05 13:13
4098,64,8427,2026-07-06 20:38,2026-07-06 21:20
4099,89,9985,2026-07-17 08:07,2026-07-17 08:27
4100,57,3224,2026-07-01 09:10,2026-07-01 10:43
4101,23,7775,2026-07-10 18:36,2026-07-10 19:08
4102,34,4224,2026-07-29 10:24,2026-07-29 11:17
4103,66,8760,2026-07-25 13:39,2026-07-25 14:32
4104,53,9983,2026-07-30 12:59,2026-07-30 13:42
4105,7,7913,2026-07-13 11:15,2026-07-13 12:34
4106,10,2798,2026-07-06 23:34,NULL
4107,69,2991,2026-07-26 01:55,2026-07-26 03:00
4108,65,7110,2026-07-14 01:34,2026-07-14 03:00
4109,38,9799,2026-07-12 05:55,2026-07-12 06:22
4110,32,6706,2026-07-18 12:05,2026-07-18 12:50
4111,17,764,2026-07-02 22:01,NULL
4112,72,7951,2026-07-26 15:15,2026-07-26 16:16
4113,5,3192,2026-07-18 10:13,2026-07-18 11:29
4114,32,4577,2026-07-03 06:18,2026-07-03 07:06
4115,60,6776,2026-07-21 16:15,2026-07-21 18:14
4116,42,9312,2026-07-20 19:21,2026-07-20 20:34
4117,19,8102,2026-07-28 10:15,2026-07-28 11:44
4118,91,6368,2026-07-27 21:40,2026-07-27 22:31
4119,98,9408,2026-07-07 20:38,2026-07-07 21:43
4120,41,9162,2026-07-01 06:09,2026-07-01 07:04
4121,78,3197,2026-07-04 13:48,2026-07-04 14:31
4122,31,4221,2026-07-11 07:56,2026-07-11 09:16
4123,15,1767,2026-07-14 23:34,2026-07-15 00:04
4124,83,6051,2026-07-08 00:39,2026-07-08 02:36
4125,70,5707,2026-07-12 00:09,2026-07-12 01:41
4126,67,9398,2026-07-15 14:33,2026-07-15 16:04
4127,33,6180,2026-07-15 14:19,2026-07-15 14:42
4128,63,7153,2026-07-21 17:10,2026-07-21 18:03
4129,91,7757,2026-07-09 13:42,2026-07-09 14:12
4130,76,6941,2026-07-15 12:14,2026-07-15 12:28
4131,28,7963,2026-07-05 23:20,2026-07-05 23:50
4132,69,5152,2026-07-20 16:35,2026-07-20 17:31
4133,76,9871,2026-07-12 05:22,2026-07-12 06:49
4134,14,5301,2026-07-22 16:28,2026-07-22 16:56
4135,74,3949,2026-07-07 01:52,2026-07-07 02:44
4136,73,6779,2026-07-18 16:41,2026-07-18 17:50
4137,19,4123,2026-07-15 12:06,2026-07-15 12:51
4138,33,3256,2026-07-24 05:01,2026-07-24 05:36
4139,59,5246,2026-07-13 13:27,2026-07-13 15:18
4140,28,3556,2026-07-01 00:31,2026-07-01 02:03
4141,68,6301,2026-07-17 07:45,2026-07-17 09:11
4142,38,977,2026-07-17 10:50,2026-07-17 11:40
4143,12,9220,2026-07-11 21:05,NULL
4144,32,5416,2026-07-05 23:48,2026-07-06 01:26
4145,33,967,2026-07-24 18:39,2026-07-24 19:03
4146,4,10000,2026-07-20 03:06,2026-07-20 04:25
4147,26,6124,2026-07-07 20:48,2026-07-07 22:06
4148,73,6664,2026-07-21 16:08,NULL
4149,7,496,2026-07-11 05:08,2026-07-11 05:33
4150,14,3467,2026-07-07 06:46,2026-07-07 08:30
4151,3,2424,2026-07-11 10:17,2026-07-11 11:18
4152,82,7861,2026-07-06 14:11,2026-07-06 14:35
4153,79,9041,2026-07-28 18:02,2026-07-28 19:44
4154,69,7889,2026-07-15 16:48,2026-07-15 18:38
4155,89,3873,2026-07-15 19:34,2026-07-15 20:46
4156,12,7486,2026-07-08 03:31,NULL
4157,91,8394,2026-07-24 06:26,2026-07-24 08:06
4158,94,854,2026-07-29 13:14,2026-07-29 15:12
4159,76,1284,2026-07-16 22:58,2026-07-16 23:10
4160,86,9332,2026-07-05 10:34,2026-07-05 11:58
4161,81,4970,2026-07-16 17:13,2026-07-16 17:49
4162,97,7893,2026-07-24 11:14,2026-07-24 13:14
4163,86,6933,2026-07-03 07:55,2026-07-03 09:51
4164,58,5363,2026-07-05 03:19,2026-07-05 04:00
4165,99,9277,2026-07-22 14:55,2026-07-22 16:09
4166,12,3133,2026-07-18 23:32,2026-07-19 00:32
4167,7,8174,2026-07-30 01:14,2026-07-30 02:38
4168,20,2125,2026-07-30 02:08,2026-07-30 03:18
4169,33,1620,2026-07-16 23:19,2026-07-17 00:00
4170,91,9733,2026-07-10 02:12,2026-07-10 03:18
4171,61,8547,2026-07-16 08:28,2026-07-16 10:12
4172,66,428,2026-07-03 20:49,2026-07-03 22:39
4173,80,9086,2026-07-29 05:25,2026-07-29 06:49
4174,33,7055,2026-07-04 12:01,2026-07-04 14:00
4175,37,7594,2026-07-23 11:43,2026-07-23 13:22
4176,89,3290,2026-07-13 19:58,2026-07-13 21:07
4177,76,5975,2026-07-01 19:02,2026-07-01 20:30
4178,33,5692,2026-07-18 02:14,2026-07-18 04:01
4179,85,3920,2026-07-17 21:03,2026-07-17 22:54
4180,40,6642,2026-07-06 14:14,2026-07-06 16:01
4181,60,4244,2026-07-25 17:31,2026-07-25 19:09
4182,9,302,2026-07-03 07:29,2026-07-03 08:48
4183,49,1345,2026-07-20 16:22,2026-07-20 17:22
4184,64,7280,2026-07-23 08:20,NULL
4185,24,8185,2026-07-30 03:39,2026-07-30 03:57
4186,54,5372,2026-07-12 20:15,NULL
4187,96,9714,2026-07-24 17:02,2026-07-24 17:52
4188,1,3920,2026-07-12 06:52,2026-07-12 07:58
4189,20,6837,2026-07-18 08:57,2026-07-18 10:50
4190,28,5439,2026-07-30 13:30,2026-07-30 14:18
4191,29,3152,2026-07-26 01:02,2026-07-26 01:47
4192,77,3628,2026-07-11 22:07,2026-07-11 23:13
4193,86,6040,2026-07-17 02:11,2026-07-17 03:19
4194,22,6519,2026-07-15 10:18,2026-07-15 12:02
4195,42,8168,2026-07-21 03:19,2026-07-21 03:31
4196,61,4060,2026-07-21 14:01,2026-07-21 15:39
4197,63,7858,2026-07-13 00:58,2026-07-13 02:32
4198,39,7429,2026-07-10 19:17,2026-07-10 20:46
4199,3,1625,2026-07-30 12:45,2026-07-30 13:41
4200,9,519,2026-07-07 05:17,NULL
4201,99,8509,2026-07-29 08:43,2026-07-29 09:00
4202,70,8463,2026-07-23 06:33,2026-07-23 07:42
4203,69,7761,2026-07-15 20:35,2026-07-15 22:12
4204,26,1617,2026-07-19 04:12,2026-07-19 06:06
4205,54,1062,2026-07-02 12:57,2026-07-02 14:41
4206,55,3133,2026-07-28 07:59,2026-07-28 08:32
4207,90,8264,2026-07-10 06:06,NULL
4208,33,5660,2026-07-02 13:15,2026-07-02 14:35
4209,9,1912,2026-07-25 15:15,2026-07-25 15:49
4210,13,9839,2026-07-13 12:34,2026-07-13 14:16
4211,52,6935,2026-07-22 05:51,2026-07-22 06:34
4212,31,6122,2026-07-18 19:56,2026-07-18 21:10
4213,40,8358,2026-07-04 04:06,2026-07-04 05:46
4214,19,7114,2026-07-06 01:44,2026-07-06 03:33
4215,65,7709,2026-07-15 21:05,2026-07-15 21:33
4216,34,3415,2026-07-07 14:40,2026-07-07 15:30
4217,41,269,2026-07-08 00:29,2026-07-08 01:40
4218,44,8375,2026-07-04 19:02,2026-07-04 19:43
4219,100,5272,2026-07-27 09:59,2026-07-27 11:27
4220,23,3651,2026-07-14 12:44,2026-07-14 13:36
4221,18,8994,2026-07-01 08:52,2026-07-01 10:02
4222,61,116,2026-07-17 11:48,2026-07-17 13:01
4223,87,4175,2026-07-21 18:39,2026-07-21 19:07
4224,12,7818,2026-07-14 18:32,NULL
4225,84,9531,2026-07-01 05:33,2026-07-01 07:16
4226,77,6605,2026-07-22 08:40,2026-07-22 10:34
4227,36,7407,2026-07-15 08:21,2026-07-15 09:29
4228,3,7298,2026-07-27 20:54,NULL
4229,49,4260,2026-07-21 17:38,2026-07-21 18:43
4230,86,1706,2026-07-19 17:48,2026-07-19 19:05
4231,15,9297,2026-07-13 18:46,2026-07-13 20:01
4232,54,2715,2026-07-03 07:09,2026-07-03 07:46
4233,45,7406,2026-07-08 18:40,2026-07-08 19:23
4234,24,9988,2026-07-20 05:53,2026-07-20 07:38
4235,57,3635,2026-07-17 23:36,2026-07-17 23:56
4236,91,501,2026-07-22 11:47,2026-07-22 13:05
4237,6,2624,2026-07-11 22:09,2026-07-11 23:49
4238,91,6269,2026-07-30 09:26,2026-07-30 10:42
4239,39,1204,2026-07-22 07:11,2026-07-22 07:54
4240,80,1776,2026-07-19 01:13,2026-07-19 01:48
4241,100,9051,2026-07-01 02:43,2026-07-01 04:14
4242,9,2206,2026-07-03 07:55,2026-07-03 08:21
4243,16,7981,2026-07-14 11:15,NULL
4244,23,1710,2026-07-13 08:21,2026-07-13 09:19
4245,65,2509,2026-07-21 00:44,2026-07-21 02:23
4246,16,5553,2026-07-05 15:35,2026-07-05 16:55
4247,78,6196,2026-07-12 18:04,2026-07-12 19:29
4248,92,8252,2026-07-19 03:12,2026-07-19 04:02
4249,59,7206,2026-07-16 17:29,2026-07-16 19:02
4250,40,1317,2026-07-12 00:38,2026-07-12 02:04
4251,93,672,2026-07-08 22:32,NULL
4252,71,4029,2026-07-21 07:20,2026-07-21 07:36
4253,33,8797,2026-07-18 02:25,2026-07-18 04:17
4254,65,8681,2026-07-27 05:12,2026-07-27 06:58
4255,24,6433,2026-07-06 01:37,2026-07-06 03:37
4256,87,4650,2026-07-10 17:01,2026-07-10 18:41
4257,71,6729,2026-07-01 04:44,2026-07-01 05:00
4258,69,2156,2026-07-11 00:18,2026-07-11 01:52
4259,16,8981,2026-07-26 23:57,2026-07-27 00:47
4260,93,7657,2026-07-29 03:13,2026-07-29 03:37
4261,42,8926,2026-07-20 15:11,2026-07-20 16:31
4262,34,7669,2026-07-23 12:59,NULL
4263,58,4583,2026-07-23 12:09,2026-07-23 13:21
4264,92,7918,2026-07-02 17:49,2026-07-02 19:33
4265,91,9148,2026-07-14 20:55,2026-07-14 22:29
4266,15,912,2026-07-02 04:32,NULL
4267,52,7448,2026-07-20 01:23,2026-07-20 01:53
4268,23,2201,2026-07-12 23:45,2026-07-13 00:46
4269,72,9891,2026-07-06 12:40,2026-07-06 12:52
4270,25,8193,2026-07-19 20:48,2026-07-19 21:20
4271,61,2852,2026-07-22 16:21,NULL
4272,87,5924,2026-07-22 19:00,2026-07-22 20:39
4273,96,7331,2026-07-19 04:05,NULL
4274,49,7867,2026-07-19 11:59,NULL
4275,39,5964,2026-07-22 22:52,2026-07-23 00:01
4276,89,5602,2026-07-08 06:39,2026-07-08 08:15
4277,79,2339,2026-07-23 02:45,2026-07-23 03:04
4278,1,6986,2026-07-06 15:55,2026-07-06 17:44
4279,55,8013,2026-07-28 05:05,2026-07-28 06:01
4280,91,8483,2026-07-06 07:00,NULL
4281,6,477,2026-07-17 13:55,2026-07-17 15:47
4282,66,4773,2026-07-06 09:45,2026-07-06 10:19
4283,65,8994,2026-07-30 03:49,2026-07-30 05:15
4284,73,7646,2026-07-09 04:38,2026-07-09 05:04
4285,12,9906,2026-07-29 02:35,2026-07-29 04:04
4286,36,2112,2026-07-25 02:27,NULL
4287,69,6071,2026-07-04 12:19,2026-07-04 13:45
4288,64,8035,2026-07-15 06:36,2026-07-15 08:29
4289,6,5626,2026-07-02 18:01,2026-07-02 18:21
4290,1,2752,2026-07-21 08:31,2026-07-21 09:49
4291,18,8060,2026-07-17 02:36,2026-07-17 04:11
4292,42,7192,2026-07-13 16:50,2026-07-13 17:25
4293,61,3340,2026-07-27 14:11,NULL
4294,9,9461,2026-07-18 18:55,2026-07-18 19:42
4295,96,2345,2026-07-30 00:05,2026-07-30 01:00
4296,33,7070,2026-07-17 01:53,2026-07-17 02:04
4297,47,5052,2026-07-18 10:18,2026-07-18 10:49
4298,54,4049,2026-07-29 07:39,2026-07-29 08:15
4299,19,3969,2026-07-12 21:36,2026-07-12 23:35
4300,55,6911,2026-07-01 04:26,2026-07-01 05:19
4301,20,4055,2026-07-25 15:40,2026-07-25 16:26
4302,62,4632,2026-07-21 06:57,2026-07-21 08:14
4303,72,4236,2026-07-16 02:46,2026-07-16 04:02
4304,11,2794,2026-07-03 08:40,2026-07-03 08:56
4305,15,3182,2026-07-06 20:36,2026-07-06 21:29
4306,78,8904,2026-07-05 15:30,2026-07-05 16:47
4307,96,9807,2026-07-28 04:12,2026-07-28 05:07
4308,32,7617,2026-07-30 08:20,2026-07-30 08:31
4309,98,4481,2026-07-25 08:11,2026-07-25 10:07
4310,34,1346,2026-07-01 20:17,2026-07-01 20:54
4311,37,3493,2026-07-17 16:01,2026-07-17 17:24
4312,6,2650,2026-07-17 11:22,2026-07-17 13:04
4313,75,855,2026-07-17 01:23,2026-07-17 02:09
4314,87,2805,2026-07-28 08:18,2026-07-28 09:47
4315,61,7182,2026-07-30 08:35,2026-07-30 09:44
4316,80,3993,2026-07-02 08:51,2026-07-02 10:04
4317,28,9944,2026-07-03 03:30,2026-07-03 03:57
4318,89,3786,2026-07-15 01:30,2026-07-15 03:02
4319,18,9026,2026-07-11 17:05,2026-07-11 18:26
4320,26,3342,2026-07-17 04:33,2026-07-17 04:47
4321,98,5293,2026-07-09 12:33,2026-07-09 13:44
4322,77,8481,2026-07-17 07:07,2026-07-17 09:05
4323,89,2773,2026-07-18 13:32,2026-07-18 14:21
4324,48,4670,2026-07-27 16:16,2026-07-27 17:16
4325,77,2077,2026-07-28 09:36,2026-07-28 11:06
4326,12,4720,2026-07-15 16:07,2026-07-15 17:06
4327,13,4051,2026-07-14 10:22,2026-07-14 12:04
4328,55,437,2026-07-27 02:11,2026-07-27 02:23
4329,20,4057,2026-07-16 11:33,2026-07-16 12:12
4330,73,1097,2026-07-15 14:25,2026-07-15 15:08
4331,68,5084,2026-07-07 04:57,2026-07-07 05:53
4332,50,8968,2026-07-10 17:52,2026-07-10 19:24
4333,29,9916,2026-07-25 13:19,2026-07-25 14:57
4334,2,9774,2026-07-19 09:48,2026-07-19 10:01
4335,81,5087,2026-07-01 22:37,2026-07-01 23:35
4336,53,4861,2026-07-21 02:26,2026-07-21 04:21
4337,59,9840,2026-07-19 05:46,NULL
4338,36,5353,2026-07-03 21:31,2026-07-03 21:55
4339,69,618,2026-07-21 04:18,2026-07-21 05:56
4340,90,2535,2026-07-14 00:14,2026-07-14 01:24
4341,79,106,2026-07-20 17:09,2026-07-20 18:19
4342,57,1440,2026-07-13 06:17,2026-07-13 07:39
4343,72,2676,2026-07-27 22:12,2026-07-27 22:43
4344,18,314,2026-07-26 08:39,NULL
4345,81,1565,2026-07-20 01:44,2026-07-20 03:09
4346,39,8549,2026-07-30 10:17,NULL
4347,11,4117,2026-07-08 07:11,2026-07-08 07:43
4348,60,8031,2026-07-28 06:12,2026-07-28 07:29
4349,64,9301,2026-07-19 02:37,2026-07-19 04:21
4350,100,561,2026-07-05 15:42,2026-07-05 16:45
4351,28,926,2026-07-04 05:58,2026-07-04 07:12
4352,39,5641,2026-07-05 08:17,2026-07-05 10:16
4353,44,3837,2026-07-15 15:27,NULL
4354,8,5802,2026-07-22 11:18,2026-07-22 12:19
4355,32,7699,2026-07-05 06:57,2026-07-05 07:33
4356,31,4044,2026-07-27 21:54,NULL
4357,25,2873,2026-07-23 20:54,2026-07-23 21:29
4358,2,7515,2026-07-06 11:09,2026-07-06 13:04
4359,39,3456,2026-07-23 21:39,2026-07-23 22:30
4360,90,3310,2026-07-22 10:20,2026-07-22 10:45
4361,54,2844,2026-07-07 10:55,2026-07-07 12:54
4362,46,5061,2026-07-06 22:50,2026-07-06 23:35
4363,15,412,2026-07-21 02:02,NULL
4364,60,6782,2026-07-27 12:47,2026-07-27 13:38
4365,93,555,2026-07-07 08:03,2026-07-07 09:24
4366,19,3316,2026-07-21 07:33,2026-07-21 07:43
4367,29,3762,2026-07-24 21:29,2026-07-24 22:34
4368,3,1624,2026-07-29 04:32,2026-07-29 04:54
4369,98,6992,2026-07-13 11:58,2026-07-13 12:49
4370,84,7802,2026-07-29 06:30,2026-07-29 08:15
4371,1,520,2026-07-12 10:13,2026-07-12 10:41
4372,99,2452,2026-07-25 07:00,2026-07-25 08:14
4373,86,9020,2026-07-06 03:09,2026-07-06 03:20
4374,41,1137,2026-07-06 13:18,2026-07-06 14:41
4375,46,4181,2026-07-11 09:46,2026-07-11 10:06
4376,20,9904,2026-07-01 23:57,2026-07-02 00:16
4377,83,6098,2026-07-13 13:18,2026-07-13 14:35
4378,46,4038,2026-07-18 06:58,2026-07-18 07:36
4379,93,3661,2026-07-20 13:59,2026-07-20 14:47
4380,83,1459,2026-07-14 01:29,2026-07-14 01:58
4381,20,6348,2026-07-12 21:29,2026-07-12 22:01
4382,58,1061,2026-07-27 13:55,2026-07-27 14:34
4383,5,9285,2026-07-07 12:49,2026-07-07 14:11
4384,87,390,2026-07-10 09:11,2026-07-10 10:03
4385,68,8879,2026-07-10 08:52,2026-07-10 09:17
4386,25,4737,2026-07-11 21:23,2026-07-11 21:59
4387,40,1019,2026-07-24 00:36,2026-07-24 02:11
4388,21,3991,2026-07-15 20:23,2026-07-15 21:27
4389,89,5756,2026-07-18 02:43,2026-07-18 04:29
4390,97,4771,2026-07-16 03:07,2026-07-16 03:45
4391,90,109,2026-07-10 12:48,2026-07-10 14:42
4392,61,5812,2026-07-01 15:38,2026-07-01 16:28
4393,11,6299,2026-07-09 12:39,2026-07-09 13:52
4394,82,9777,2026-07-19 10:51,2026-07-19 12:30
4395,85,5513,2026-07-13 11:30,2026-07-13 12:13
4396,57,6272,2026-07-08 01:37,2026-07-08 03:25
4397,9,7875,2026-07-24 03:17,2026-07-24 04:45
4398,30,9671,2026-07-22 07:23,2026-07-22 07:45
4399,17,2724,2026-07-02 07:35,2026-07-02 08:22
4400,50,5649,2026-07-29 10:33,2026-07-29 11:46
4401,50,368,2026-07-05 05:42,2026-07-05 06:35
4402,98,1168,2026-07-30 04:56,2026-07-30 06:45
4403,27,8597,2026-07-03 10:38,2026-07-03 11:42
4404,68,6476,2026-07-10 05:23,2026-07-10 07:16
4405,10,3562,2026-07-24 14:37,2026-07-24 16:08
4406,40,3568,2026-07-06 15:15,2026-07-06 16:41
4407,74,5215,2026-07-06 00:57,2026-07-06 02:29
4408,4,6495,2026-07-28 16:23,2026-07-28 17:49
4409,33,5633,2026-07-16 00:03,2026-07-16 00:24
4410,94,1746,2026-07-16 16:43,NULL
4411,39,7242,2026-07-08 07:30,2026-07-08 08:10
4412,72,5347,2026-07-26 21:52,2026-07-26 23:27
4413,31,2310,2026-07-09 22:05,2026-07-09 22:55
4414,28,5271,2026-07-20 10:48,2026-07-20 12:32
4415,67,8180,2026-07-10 00:27,2026-07-10 02:06
4416,95,8455,2026-07-04 02:20,NULL
4417,10,6815,2026-07-19 05:00,2026-07-19 06:48
4418,76,730,2026-07-12 19:48,2026-07-12 21:08
4419,36,9552,2026-07-25 06:30,2026-07-25 07:50
4420,86,5477,2026-07-12 06:52,2026-07-12 07:50
4421,13,5303,2026-07-29 22:01,2026-07-29 22:35
4422,87,2825,2026-07-23 12:34,2026-07-23 13:56
4423,85,8641,2026-07-21 01:31,2026-07-21 02:11
4424,30,5187,2026-07-13 04:55,2026-07-13 05:54
4425,25,9460,2026-07-01 15:31,2026-07-01 16:08
4426,27,8376,2026-07-09 07:09,2026-07-09 09:04
4427,19,6912,2026-07-30 01:44,2026-07-30 03:27
4428,72,1087,2026-07-06 13:34,2026-07-06 15:21
4429,32,7675,2026-07-18 17:08,2026-07-18 18:25
4430,14,7396,2026-07-16 23:00,NULL
4431,49,8444,2026-07-27 12:23,2026-07-27 13:11
4432,53,1215,2026-07-21 18:53,2026-07-21 20:47
4433,49,1300,2026-07-05 18:56,2026-07-05 19:31
4434,76,9606,2026-07-29 13:58,2026-07-29 14:35
4435,21,9193,2026-07-14 13:53,2026-07-14 14:46
4436,30,7494,2026-07-21 08:14,NULL
4437,44,8225,2026-07-21 10:31,2026-07-21 10:55
4438,87,2107,2026-07-04 20:39,2026-07-04 22:04
4439,13,7791,2026-07-30 06:06,NULL
4440,51,2873,2026-07-10 04:52,2026-07-10 05:42
4441,65,2515,2026-07-09 12:11,2026-07-09 13:58
4442,45,6739,2026-07-02 03:05,NULL
4443,41,401,2026-07-21 04:45,2026-07-21 05:22
4444,1,766,2026-07-03 04:11,2026-07-03 05:21
4445,3,6480,2026-07-07 20:25,NULL
4446,32,7064,2026-07-15 13:15,2026-07-15 15:08
4447,19,1132,2026-07-08 11:46,2026-07-08 13:22
4448,71,8562,2026-07-04 07:27,2026-07-04 08:44
4449,51,7890,2026-07-16 14:35,2026-07-16 15:09
4450,19,2563,2026-07-05 09:18,2026-07-05 10:57
4451,36,4285,2026-07-21 19:40,2026-07-21 21:11
4452,32,5073,2026-07-07 01:11,2026-07-07 02:19
4453,40,2871,2026-07-20 06:31,2026-07-20 07:24
4454,23,7347,2026-07-26 08:34,2026-07-26 09:47
4455,45,7721,2026-07-11 12:43,2026-07-11 14:37
4456,88,6293,2026-07-05 11:53,2026-07-05 13:39
4457,68,5852,2026-07-14 07:47,2026-07-14 09:45
4458,21,8125,2026-07-25 13:08,2026-07-25 13:48
4459,14,2989,2026-07-06 15:17,2026-07-06 16:26
4460,44,1956,2026-07-03 12:53,2026-07-03 13:41
4461,39,2419,2026-07-27 22:35,2026-07-27 23:30
4462,1,141,2026-07-06 21:56,2026-07-06 23:31
4463,41,1625,2026-07-06 07:18,2026-07-06 07:35
4464,11,7702,2026-07-30 13:33,2026-07-30 14:34
4465,45,9201,2026-07-07 15:15,2026-07-07 16:50
4466,37,4624,2026-07-22 20:40,2026-07-22 22:15
4467,21,472,2026-07-19 00:57,2026-07-19 02:55
4468,32,4912,2026-07-16 20:24,2026-07-16 22:08
4469,2,1637,2026-07-25 08:23,2026-07-25 08:34
4470,37,4040,2026-07-03 04:38,2026-07-03 06:19
4471,60,6081,2026-07-13 05:06,2026-07-13 07:05
4472,35,9084,2026-07-14 20:20,2026-07-14 21:51
4473,85,5930,2026-07-03 08:44,2026-07-03 10:40
4474,1,8503,2026-07-02 02:41,2026-07-02 04:16
4475,91,373,2026-07-20 07:55,2026-07-20 09:12
4476,29,840,2026-07-13 21:40,2026-07-13 22:39
4477,11,8808,2026-07-04 05:12,2026-07-04 06:56
4478,80,7662,2026-07-19 15:48,2026-07-19 17:27
4479,1,424,2026-07-16 02:38,2026-07-16 04:18
4480,17,8842,2026-07-28 13:29,2026-07-28 14:36
4481,3,5442,2026-07-17 17:42,2026-07-17 18:04
4482,21,7981,2026-07-20 22:28,2026-07-21 00:28
4483,99,8640,2026-07-07 00:54,2026-07-07 02:51
4484,63,5596,2026-07-26 07:09,2026-07-26 07:29
4485,71,9147,2026-07-29 16:03,2026-07-29 16:29
4486,43,3613,2026-07-26 10:18,2026-07-26 10:40
4487,10,8867,2026-07-10 03:29,2026-07-10 05:07
4488,68,6603,2026-07-23 18:46,2026-07-23 20:40
4489,7,4386,2026-07-05 04:11,2026-07-05 05:54
4490,51,3208,2026-07-18 12:24,2026-07-18 12:40
4491,40,5766,2026-07-19 07:49,NULL
4492,80,6895,2026-07-10 00:16,2026-07-10 01:59
4493,100,2292,2026-07-21 04:36,2026-07-21 05:26
4494,50,2209,2026-07-18 16:19,2026-07-18 17:23
4495,72,7636,2026-07-23 09:20,2026-07-23 09:36
4496,14,8626,2026-07-12 17:16,NULL
4497,52,5365,2026-07-30 13:44,2026-07-30 14:34
4498,71,465,2026-07-16 11:50,2026-07-16 12:55
4499,25,7708,2026-07-29 01:46,2026-07-29 02:54
4500,4,8698,2026-07-29 14:43,2026-07-29 15:51
4501,96,5384,2026-07-19 10:57,2026-07-19 11:19
4502,91,163,2026-07-29 08:15,2026-07-29 09:58
4503,40,2723,2026-07-09 10:38,2026-07-09 11:25
4504,19,2729,2026-07-11 08:02,2026-07-11 08:53
4505,46,7847,2026-07-14 16:22,2026-07-14 17:45
4506,33,2183,2026-07-19 11:29,2026-07-19 11:50
4507,11,7652,2026-07-03 05:42,2026-07-03 07:10
4508,35,6764,2026-07-03 03:53,2026-07-03 05:16
4509,31,942,2026-07-21 02:59,2026-07-21 04:55
4510,93,5306,2026-07-02 21:27,2026-07-02 23:02
4511,89,355,2026-07-12 16:17,2026-07-12 17:15
4512,27,1442,2026-07-05 07:02,2026-07-05 08:20
4513,23,7041,2026-07-19 13:41,2026-07-19 15:19
4514,4,263,2026-07-13 11:46,2026-07-13 13:44
4515,96,3550,2026-07-05 13:59,2026-07-05 15:39
4516,75,4204,2026-07-19 17:39,2026-07-19 19:19
4517,37,2036,2026-07-05 21:58,2026-07-05 23:35
4518,91,3206,2026-07-02 17:21,2026-07-02 18:40
4519,64,1061,2026-07-27 04:09,2026-07-27 05:37
4520,59,6495,2026-07-08 22:29,2026-07-08 23:16
4521,80,4762,2026-07-14 22:00,2026-07-14 22:36
4522,30,1822,2026-07-14 20:46,2026-07-14 20:59
4523,81,6092,2026-07-15 10:53,2026-07-15 12:35
4524,86,6574,2026-07-26 12:22,2026-07-26 12:53
4525,73,5276,2026-07-07 06:58,2026-07-07 08:49
4526,81,4144,2026-07-19 00:53,2026-07-19 02:52
4527,37,7170,2026-07-06 09:39,NULL
4528,39,7895,2026-07-12 23:24,2026-07-13 00:23
4529,4,9516,2026-07-18 10:33,2026-07-18 11:09
4530,2,8974,2026-07-28 23:16,2026-07-28 23:31
4531,11,340,2026-07-29 11:53,NULL
4532,9,9288,2026-07-06 13:04,2026-07-06 15:03
4533,76,1960,2026-07-23 01:00,2026-07-23 02:05
4534,94,1970,2026-07-01 01:04,2026-07-01 01:20
4535,83,6747,2026-07-20 01:39,2026-07-20 03:21
4536,25,8550,2026-07-18 23:52,2026-07-19 00:05
4537,24,7238,2026-07-25 03:55,2026-07-25 05:43
4538,34,6286,2026-07-20 06:31,2026-07-20 07:35
4539,6,6941,2026-07-21 22:02,2026-07-21 23:16
4540,89,5084,2026-07-23 19:33,NULL
4541,11,6879,2026-07-30 14:20,2026-07-30 15:25
4542,37,5030,2026-07-06 23:26,NULL
4543,83,973,2026-07-28 09:40,2026-07-28 10:13
4544,34,1057,2026-07-18 11:43,2026-07-18 12:02
4545,23,4803,2026-07-09 21:40,NULL
4546,23,4069,2026-07-17 10:35,2026-07-17 11:51
4547,91,604,2026-07-15 20:49,2026-07-15 21:35
4548,46,2028,2026-07-21 17:42,2026-07-21 18:06
4549,25,7924,2026-07-19 04:47,2026-07-19 04:58
4550,86,2247,2026-07-29 16:26,2026-07-29 17:17
4551,3,6521,2026-07-26 03:56,2026-07-26 05:33
4552,57,7669,2026-07-01 02:05,NULL
4553,46,5724,2026-07-05 05:04,2026-07-05 05:45
4554,51,6138,2026-07-03 01:17,2026-07-03 03:06
4555,93,4839,2026-07-19 23:10,2026-07-20 00:26
4556,90,1285,2026-07-10 10:47,2026-07-10 11:16
4557,41,2180,2026-07-07 20:14,2026-07-07 21:20
4558,45,1539,2026-07-08 17:25,NULL
4559,34,6285,2026-07-08 10:02,2026-07-08 11:20
4560,63,3112,2026-07-10 10:16,2026-07-10 10:41
4561,3,78,2026-07-17 18:05,2026-07-17 20:04
4562,4,4574,2026-07-16 03:35,2026-07-16 05:22
4563,14,6135,2026-07-05 14:13,2026-07-05 14:50
4564,42,2259,2026-07-29 22:01,2026-07-29 23:33
4565,11,145,2026-07-12 15:27,2026-07-12 17:06
4566,79,6744,2026-07-29 03:39,2026-07-29 04:10
4567,56,3110,2026-07-04 13:23,2026-07-04 13:53
4568,56,2270,2026-07-08 19:12,2026-07-08 21:06
4569,22,5402,2026-07-10 16:44,2026-07-10 18:38
4570,71,5603,2026-07-11 19:31,2026-07-11 20:30
4571,61,7499,2026-07-13 22:04,NULL
4572,39,14,2026-07-19 03:03,NULL
4573,91,833,2026-07-26 22:28,NULL
4574,52,1220,2026-07-05 02:37,2026-07-05 04:10
4575,42,8420,2026-07-27 11:42,NULL
4576,98,3758,2026-07-10 14:28,2026-07-10 16:12
4577,21,5049,2026-07-03 18:49,2026-07-03 20:22
4578,93,8725,2026-07-19 10:01,2026-07-19 10:17
4579,29,1988,2026-07-15 16:00,2026-07-15 17:53
4580,4,9925,2026-07-06 12:48,2026-07-06 13:43
4581,29,6778,2026-07-06 06:56,NULL
4582,33,1468,2026-07-21 23:32,2026-07-22 01:29
4583,22,8076,2026-07-18 19:36,2026-07-18 20:43
4584,19,6663,2026-07-10 00:52,2026-07-10 02:26
4585,38,9190,2026-07-09 09:43,NULL
4586,52,6289,2026-07-26 00:29,2026-07-26 02:13
4587,11,9239,2026-07-04 00:57,2026-07-04 01:53
4588,97,7534,2026-07-19 08:41,2026-07-19 10:31
4589,42,3479,2026-07-28 15:13,2026-07-28 17:06
4590,55,8224,2026-07-04 23:41,NULL
4591,21,8486,2026-07-28 21:57,NULL
4592,86,719,2026-07-22 20:42,2026-07-22 22:14
4593,90,2547,2026-07-30 13:35,2026-07-30 15:18
4594,4,469,2026-07-22 11:58,2026-07-22 12:26
4595,31,3182,2026-07-27 00:03,NULL
4596,54,5030,2026-07-18 14:40,2026-07-18 16:02
4597,45,8809,2026-07-08 20:39,2026-07-08 21:00
4598,68,9308,2026-07-16 02:52,2026-07-16 04:05
4599,73,6377,2026-07-05 23:25,2026-07-05 23:40
4600,9,7337,2026-07-27 17:27,2026-07-27 17:40
4601,29,3415,2026-07-29 23:49,2026-07-30 00:34
4602,91,7167,2026-07-19 09:33,2026-07-19 11:18
4603,83,7870,2026-07-18 04:48,2026-07-18 06:28
4604,14,3508,2026-07-13 06:29,2026-07-13 08:23
4605,13,172,2026-07-29 01:03,2026-07-29 02:16
4606,90,6547,2026-07-02 05:55,2026-07-02 06:26
4607,56,9325,2026-07-07 13:18,2026-07-07 14:30
4608,88,2999,2026-07-22 04:19,2026-07-22 04:44
4609,15,8994,2026-07-16 22:35,2026-07-17 00:30
4610,64,5204,2026-07-20 04:32,NULL
4611,47,4909,2026-07-28 00:38,NULL
4612,52,6821,2026-07-18 20:22,2026-07-18 22:13
4613,19,6326,2026-07-14 03:58,2026-07-14 05:09
4614,67,8886,2026-07-25 04:38,2026-07-25 05:05
4615,41,3495,2026-07-09 15:52,2026-07-09 17:52
4616,65,9925,2026-07-30 16:27,2026-07-30 17:15
4617,44,9068,2026-07-28 23:38,NULL
4618,52,2123,2026-07-01 07:18,2026-07-01 07:36
4619,35,4672,2026-07-24 01:03,NULL
4620,47,9484,2026-07-01 15:07,2026-07-01 16:38
4621,53,5385,2026-07-14 10:31,2026-07-14 12:30
4622,65,7138,2026-07-12 22:45,2026-07-12 23:27
4623,43,4922,2026-07-02 06:12,2026-07-02 06:37
4624,92,9636,2026-07-17 08:45,2026-07-17 09:08
4625,91,6248,2026-07-07 13:48,NULL
4626,98,5846,2026-07-08 02:37,2026-07-08 02:47
4627,55,533,2026-07-13 21:51,2026-07-13 22:55
4628,39,3150,2026-07-15 02:44,2026-07-15 04:08
4629,55,2522,2026-07-29 06:23,2026-07-29 06:43
4630,36,5835,2026-07-14 00:22,2026-07-14 01:32
4631,15,9231,2026-07-21 14:11,2026-07-21 15:01
4632,23,4103,2026-07-21 17:54,2026-07-21 18:15
4633,4,2866,2026-07-30 14:17,NULL
4634,10,8697,2026-07-29 07:37,2026-07-29 08:10
4635,15,1520,2026-07-29 23:34,2026-07-30 00:08
4636,10,1301,2026-07-21 07:56,2026-07-21 09:16
4637,10,7494,2026-07-14 01:29,2026-07-14 02:05
4638,19,1802,2026-07-27 02:08,2026-07-27 02:26
4639,59,6453,2026-07-25 12:46,2026-07-25 13:56
4640,27,9243,2026-07-07 18:13,2026-07-07 19:27
4641,13,3674,2026-07-11 03:47,2026-07-11 04:40
4642,86,1829,2026-07-13 10:37,2026-07-13 11:06
4643,48,378,2026-07-04 03:27,2026-07-04 04:00
4644,6,4264,2026-07-21 18:56,2026-07-21 20:41
4645,52,4783,2026-07-30 01:59,2026-07-30 02:44
4646,39,3928,2026-07-09 10:19,2026-07-09 11:17
4647,54,537,2026-07-08 11:36,2026-07-08 12:38
4648,98,9852,2026-07-03 14:29,2026-07-03 15:47
4649,62,780,2026-07-10 09:52,2026-07-10 11:28
4650,2,8374,2026-07-01 04:21,2026-07-01 06:13
4651,33,2785,2026-07-10 16:17,2026-07-10 17:47
4652,25,6269,2026-07-15 13:47,2026-07-15 14:37
4653,91,1230,2026-07-14 10:40,2026-07-14 11:53
4654,88,3139,2026-07-18 18:29,2026-07-18 20:29
4655,41,4025,2026-07-05 01:14,2026-07-05 03:12
4656,84,6306,2026-07-08 23:29,2026-07-08 23:51
4657,47,7692,2026-07-25 08:12,2026-07-25 09:27
4658,74,477,2026-07-04 09:53,2026-07-04 10:55
4659,83,6530,2026-07-02 13:30,2026-07-02 14:38
4660,99,4435,2026-07-09 22:46,2026-07-09 22:59
4661,39,7623,2026-07-23 12:12,2026-07-23 13:28
4662,50,2114,2026-07-17 13:48,2026-07-17 15:40
4663,68,209,2026-07-10 18:23,2026-07-10 19:33
4664,41,8269,2026-07-15 01:07,2026-07-15 01:21
4665,12,7350,2026-07-24 22:00,NULL
4666,25,6283,2026-07-08 01:55,2026-07-08 02:05
4667,82,6198,2026-07-24 17:34,NULL
4668,68,9503,2026-07-04 23:41,2026-07-05 00:57
4669,51,6877,2026-07-26 12:35,2026-07-26 14:31
4670,72,2567,2026-07-01 01:37,2026-07-01 02:41
4671,65,6330,2026-07-22 11:34,NULL
4672,21,7450,2026-07-06 01:03,2026-07-06 01:36
4673,63,5900,2026-07-23 15:11,2026-07-23 16:24
4674,47,5726,2026-07-16 12:08,NULL
4675,92,3755,2026-07-25 07:07,2026-07-25 07:43
4676,82,9923,2026-07-28 08:28,NULL
4677,36,844,2026-07-10 19:40,2026-07-10 20:21
4678,55,8712,2026-07-27 22:53,2026-07-27 23:21
4679,87,7184,2026-07-10 12:00,2026-07-10 12:54
4680,17,1654,2026-07-07 07:20,2026-07-07 08:45
4681,79,3814,2026-07-22 07:23,2026-07-22 08:43
4682,37,431,2026-07-07 00:19,2026-07-07 00:39
4683,14,8023,2026-07-08 08:35,2026-07-08 09:10
4684,44,878,2026-07-05 06:01,2026-07-05 07:07
4685,87,6324,2026-07-07 04:53,2026-07-07 06:13
4686,87,8308,2026-07-04 23:30,2026-07-05 00:59
4687,57,2656,2026-07-15 06:33,2026-07-15 06:52
4688,80,8910,2026-07-21 02:03,2026-07-21 02:43
4689,96,6233,2026-07-12 15:29,2026-07-12 15:57
4690,45,6956,2026-07-08 11:17,2026-07-08 12:03
4691,80,3862,2026-07-11 18:08,2026-07-11 19:08
4692,7,5519,2026-07-01 20:34,2026-07-01 22:18
4693,8,9469,2026-07-29 06:30,2026-07-29 07:49
4694,85,1759,2026-07-26 00:59,2026-07-26 01:10
4695,20,7318,2026-07-05 08:02,2026-07-05 08:14
4696,39,6570,2026-07-16 22:15,2026-07-17 00:01
4697,73,757,2026-07-28 01:33,2026-07-28 02:03
4698,59,5695,2026-07-02 04:33,2026-07-02 04:54
4699,69,6811,2026-07-14 12:15,2026-07-14 13:09
4700,43,8337,2026-07-22 23:25,2026-07-23 00:19
4701,34,5375,2026-07-03 09:10,NULL
4702,27,3489,2026-07-05 10:23,2026-07-05 11:43
4703,77,2473,2026-07-15 06:51,2026-07-15 07:37
4704,99,3497,2026-07-05 11:32,2026-07-05 13:12
4705,100,8566,2026-07-05 16:59,2026-07-05 17:32
4706,23,4890,2026-07-30 13:33,2026-07-30 14:36
4707,54,8192,2026-07-28 22:14,2026-07-28 23:08
4708,22,2855,2026-07-14 15:23,2026-07-14 16:39
4709,23,727,2026-07-18 07:08,2026-07-18 09:00
4710,31,6458,2026-07-19 19:46,2026-07-19 21:35
4711,5,4807,2026-07-19 18:47,NULL
4712,88,1859,2026-07-04 16:34,2026-07-04 18:10
4713,45,3457,2026-07-23 14:22,2026-07-23 16:03
4714,40,35,2026-07-10 18:31,2026-07-10 20:23
4715,26,4167,2026-07-16 19:46,2026-07-16 20:45
4716,83,8723,2026-07-13 06:35,2026-07-13 07:05
4717,43,8140,2026-07-11 20:57,2026-07-11 22:08
4718,14,156,2026-07-23 16:17,2026-07-23 18:14
4719,96,8135,2026-07-16 16:16,2026-07-16 17:00
4720,28,5763,2026-07-06 23:25,2026-07-07 01:04
4721,74,5960,2026-07-20 17:03,2026-07-20 18:43
4722,96,7790,2026-07-09 21:52,2026-07-09 22:23
4723,38,1418,2026-07-14 04:51,2026-07-14 05:44
4724,21,2459,2026-07-09 04:24,2026-07-09 05:12
4725,88,6505,2026-07-08 10:54,2026-07-08 11:49
4726,17,8143,2026-07-16 10:26,2026-07-16 12:18
4727,79,3867,2026-07-25 21:23,2026-07-25 22:58
4728,57,9595,2026-07-01 21:29,2026-07-01 23:06
4729,34,6158,2026-07-01 00:49,2026-07-01 02:37
4730,10,2056,2026-07-02 21:38,2026-07-02 22:39
4731,62,4978,2026-07-16 07:08,2026-07-16 08:23
4732,77,4578,2026-07-03 07:48,2026-07-03 08:48
4733,48,3980,2026-07-03 05:44,2026-07-03 06:55
4734,99,9128,2026-07-30 06:56,NULL
4735,26,4944,2026-07-20 17:00,2026-07-20 18:56
4736,64,4780,2026-07-08 12:13,2026-07-08 13:35
4737,85,6656,2026-07-16 20:39,2026-07-16 22:39
4738,75,3124,2026-07-06 01:37,2026-07-06 03:14
4739,6,1005,2026-07-26 09:00,2026-07-26 10:42
4740,97,2507,2026-07-05 19:09,2026-07-05 20:24
4741,88,904,2026-07-25 07:57,2026-07-25 09:18
4742,97,9592,2026-07-21 04:13,2026-07-21 05:47
4743,63,8536,2026-07-05 17:26,2026-07-05 19:01
4744,6,353,2026-07-22 11:57,2026-07-22 13:11
4745,37,1415,2026-07-12 10:39,2026-07-12 11:44
4746,94,9183,2026-07-01 14:03,2026-07-01 14:39
4747,35,9654,2026-07-12 20:54,2026-07-12 21:34
4748,13,2214,2026-07-29 12:55,2026-07-29 14:03
4749,47,5496,2026-07-01 05:09,2026-07-01 05:47
4750,92,1889,2026-07-28 09:09,NULL
4751,19,1204,2026-07-17 21:28,2026-07-17 22:55
4752,91,5119,2026-07-24 17:23,2026-07-24 18:51
4753,76,7872,2026-07-06 02:16,2026-07-06 03:16
4754,62,5870,2026-07-21 03:28,2026-07-21 05:28
4755,42,732,2026-07-20 19:46,2026-07-20 20:06
4756,54,9227,2026-07-15 22:33,2026-07-16 00:20
4757,85,2810,2026-07-21 10:48,2026-07-21 11:44
4758,100,8342,2026-07-26 18:33,2026-07-26 19:44
4759,41,8988,2026-07-27 08:20,2026-07-27 09:47
4760,73,9443,2026-07-01 15:39,2026-07-01 17:30
4761,66,4883,2026-07-15 03:35,NULL
4762,58,7462,2026-07-09 23:46,2026-07-10 01:22
4763,38,191,2026-07-11 00:41,2026-07-11 01:18
4764,54,4247,2026-07-10 06:06,2026-07-10 07:23
4765,12,4867,2026-07-01 11:18,2026-07-01 13:18
4766,55,7258,2026-07-08 22:18,2026-07-08 23:39
4767,13,7093,2026-07-06 02:53,NULL
4768,57,3247,2026-07-16 20:42,2026-07-16 20:59
4769,92,4536,2026-07-27 11:37,2026-07-27 12:06
4770,99,9241,2026-07-09 16:15,2026-07-09 17:20
4771,52,4175,2026-07-14 02:31,2026-07-14 03:04
4772,95,3545,2026-07-20 12:34,2026-07-20 14:24
4773,6,2944,2026-07-18 10:03,2026-07-18 10:38
4774,49,2031,2026-07-25 01:37,2026-07-25 02:34
4775,2,611,2026-07-01 10:57,NULL
4776,4,2581,2026-07-21 10:32,NULL
4777,65,3210,2026-07-07 09:32,2026-07-07 09:44
4778,95,9480,2026-07-05 15:48,2026-07-05 16:53
4779,76,9751,2026-07-18 09:33,2026-07-18 10:48
4780,76,2330,2026-07-05 03:33,2026-07-05 03:59
4781,37,5865,2026-07-25 09:06,2026-07-25 09:55
4782,76,3195,2026-07-08 17:16,2026-07-08 18:54
4783,53,8664,2026-07-09 10:49,2026-07-09 12:31
4784,32,383,2026-07-11 07:54,2026-07-11 08:42
4785,65,1848,2026-07-19 15:20,2026-07-19 15:38
4786,16,2950,2026-07-01 22:36,2026-07-02 00:21
4787,42,9535,2026-07-07 13:42,2026-07-07 14:42
4788,77,7710,2026-07-19 07:58,2026-07-19 08:21
4789,30,4079,2026-07-17 04:50,2026-07-17 05:14
4790,13,5208,2026-07-26 22:27,2026-07-26 23:34
4791,36,2381,2026-07-17 10:45,2026-07-17 11:11
4792,54,6827,2026-07-21 18:20,2026-07-21 18:51
4793,1,6874,2026-07-02 16:40,2026-07-02 18:14
4794,71,6930,2026-07-07 06:44,2026-07-07 07:53
4795,19,8818,2026-07-10 07:51,2026-07-10 09:24
4796,45,442,2026-07-04 15:03,2026-07-04 16:05
4797,18,7407,2026-07-02 09:55,2026-07-02 10:46
4798,70,7108,2026-07-10 15:37,2026-07-10 16:07
4799,44,6642,2026-07-07 13:46,2026-07-07 14:17
4800,80,9032,2026-07-23 03:41,2026-07-23 05:22
4801,37,4338,2026-07-01 02:03,NULL
4802,8,8515,2026-07-30 04:41,NULL
4803,70,7303,2026-07-06 12:17,NULL
4804,10,2584,2026-07-07 23:44,2026-07-08 00:12
4805,20,78,2026-07-18 20:47,2026-07-18 21:44
4806,63,3579,2026-07-04 17:51,2026-07-04 18:44
4807,18,5379,2026-07-21 23:18,2026-07-22 00:02
4808,80,7606,2026-07-09 22:31,2026-07-09 23:24
4809,29,8563,2026-07-22 08:19,2026-07-22 10:13
4810,52,8004,2026-07-13 02:01,2026-07-13 03:13
4811,74,5943,2026-07-28 14:26,2026-07-28 15:20
4812,38,5028,2026-07-19 05:11,2026-07-19 05:31
4813,57,2930,2026-07-15 17:13,2026-07-15 18:38
4814,34,3153,2026-07-25 15:44,2026-07-25 15:58
4815,9,8642,2026-07-24 12:24,2026-07-24 13:53
4816,32,950,2026-07-09 00:01,2026-07-09 01:46
4817,71,408,2026-07-30 18:45,2026-07-30 20:45
4818,1,8868,2026-07-12 20:23,2026-07-12 21:40
4819,35,220,2026-07-29 23:34,NULL
4820,58,9910,2026-07-25 19:57,2026-07-25 21:44
4821,74,4705,2026-07-02 16:02,2026-07-02 17:03
4822,15,4026,2026-07-22 22:04,NULL
4823,16,3355,2026-07-23 10:03,2026-07-23 10:15
4824,54,7771,2026-07-29 18:20,2026-07-29 18:48
4825,54,6594,2026-07-01 17:33,2026-07-01 18:25
4826,23,6113,2026-07-25 06:52,2026-07-25 07:11
4827,64,9224,2026-07-23 11:19,2026-07-23 13:02
4828,33,8191,2026-07-05 05:14,2026-07-05 06:41
4829,100,672,2026-07-26 09:54,2026-07-26 10:32
4830,42,7025,2026-07-18 15:49,2026-07-18 17:27
4831,55,1723,2026-07-26 07:10,2026-07-26 09:00
4832,29,205,2026-07-16 03:11,NULL
4833,30,4167,2026-07-19 16:33,2026-07-19 18:26
4834,21,8650,2026-07-11 00:30,2026-07-11 00:57
4835,56,6596,2026-07-16 17:41,2026-07-16 18:34
4836,79,6854,2026-07-22 04:46,NULL
4837,46,7632,2026-07-01 08:19,2026-07-01 08:51
4838,43,1186,2026-07-20 08:31,2026-07-20 09:33
4839,96,3784,2026-07-20 08:44,2026-07-20 10:17
4840,50,597,2026-07-03 02:55,2026-07-03 04:46
4841,72,5609,2026-07-05 16:50,2026-07-05 18:43
4842,80,8699,2026-07-24 00:28,2026-07-24 02:01
4843,53,1948,2026-07-12 11:36,2026-07-12 12:58
4844,93,2490,2026-07-21 14:42,2026-07-21 15:23
4845,7,3541,2026-07-24 04:33,2026-07-24 05:26
4846,6,1594,2026-07-05 18:15,2026-07-05 20:03
4847,72,1554,2026-07-13 00:43,2026-07-13 02:19
4848,7,7440,2026-07-27 17:08,2026-07-27 18:07
4849,26,817,2026-07-18 05:06,2026-07-18 06:50
4850,75,2353,2026-07-01 14:35,2026-07-01 16:06
4851,86,8232,2026-07-12 06:44,2026-07-12 07:20
4852,58,4645,2026-07-03 07:29,2026-07-03 08:58
4853,3,4705,2026-07-12 01:13,2026-07-12 01:35
4854,99,8514,2026-07-30 16:28,2026-07-30 17:46
4855,40,6582,2026-07-27 00:29,2026-07-27 02:29
4856,27,4436,2026-07-02 00:05,2026-07-02 00:43
4857,97,3668,2026-07-21 20:54,2026-07-21 21:44
4858,78,4435,2026-07-06 15:08,2026-07-06 15:47
4859,15,3185,2026-07-09 13:51,2026-07-09 15:22
4860,32,208,2026-07-24 02:01,2026-07-24 03:37
4861,2,3956,2026-07-15 07:38,2026-07-15 09:11
4862,39,5332,2026-07-10 12:03,2026-07-10 13:12
4863,13,2415,2026-07-06 12:10,2026-07-06 13:38
4864,42,4099,2026-07-25 12:31,2026-07-25 12:51
4865,72,6479,2026-07-08 14:38,2026-07-08 15:03
4866,57,5696,2026-07-16 23:04,2026-07-17 00:14
4867,35,8971,2026-07-18 22:07,2026-07-18 23:14
4868,69,5954,2026-07-25 23:13,2026-07-25 23:46
4869,89,4802,2026-07-17 13:17,2026-07-17 14:20
4870,94,321,2026-07-16 14:49,NULL
4871,96,1133,2026-07-26 01:14,NULL
4872,25,3826,2026-07-14 20:29,2026-07-14 22:21
4873,57,2205,2026-07-27 12:03,2026-07-27 13:40
4874,68,6395,2026-07-25 09:30,2026-07-25 09:43
4875,69,5929,2026-07-27 05:56,2026-07-27 07:28
4876,8,1254,2026-07-03 09:19,2026-07-03 10:35
4877,38,5216,2026-07-23 00:22,NULL
4878,81,202,2026-07-17 20:15,2026-07-17 21:55
4879,89,4002,2026-07-19 22:37,2026-07-19 23:46
4880,32,3731,2026-07-28 22:24,2026-07-28 23:33
4881,44,744,2026-07-25 03:10,2026-07-25 04:37
4882,78,5806,2026-07-02 18:14,2026-07-02 18:51
4883,39,5036,2026-07-11 05:52,2026-07-11 06:54
4884,69,6000,2026-07-17 15:00,2026-07-17 15:16
4885,91,9292,2026-07-09 23:36,2026-07-10 00:06
4886,54,1238,2026-07-07 05:20,NULL
4887,89,3714,2026-07-10 07:09,2026-07-10 08:33
4888,51,8698,2026-07-15 11:02,NULL
4889,94,2314,2026-07-28 09:57,2026-07-28 11:10
4890,33,1889,2026-07-06 10:11,2026-07-06 12:04
4891,15,182,2026-07-17 19:22,2026-07-17 20:24
4892,76,814,2026-07-18 10:18,NULL
4893,32,4655,2026-07-30 13:01,NULL
4894,37,6606,2026-07-08 01:40,2026-07-08 03:18
4895,29,6080,2026-07-19 16:21,2026-07-19 17:44
4896,50,3751,2026-07-12 18:23,2026-07-12 19:37
4897,58,4306,2026-07-19 18:28,2026-07-19 19:34
4898,5,8930,2026-07-17 20:05,NULL
4899,61,7668,2026-07-22 05:38,2026-07-22 07:09
4900,44,6079,2026-07-29 23:00,2026-07-29 23:12
4901,72,2534,2026-07-14 03:55,2026-07-14 05:47
4902,6,315,2026-07-11 05:02,2026-07-11 06:05
4903,77,2624,2026-07-23 15:11,2026-07-23 15:24
4904,36,4774,2026-07-11 17:27,2026-07-11 18:22
4905,11,186,2026-07-16 16:48,2026-07-16 17:04
4906,90,8447,2026-07-25 05:15,2026-07-25 05:43
4907,25,4132,2026-07-25 09:14,2026-07-25 10:03
4908,36,6934,2026-07-25 14:17,2026-07-25 14:51
4909,16,9977,2026-07-29 19:44,2026-07-29 20:54
4910,55,4162,2026-07-24 11:43,2026-07-24 11:55
4911,13,4297,2026-07-18 04:06,2026-07-18 04:41
4912,82,6020,2026-07-14 17:43,2026-07-14 18:38
4913,4,4693,2026-07-21 08:42,2026-07-21 09:39
4914,32,8955,2026-07-06 07:29,NULL
4915,51,6825,2026-07-17 09:02,2026-07-17 11:00
4916,86,7075,2026-07-27 03:22,2026-07-27 05:18
4917,10,9282,2026-07-04 12:09,2026-07-04 13:21
4918,84,49,2026-07-14 18:04,2026-07-14 20:03
4919,92,8081,2026-07-07 15:51,2026-07-07 17:40
4920,50,9208,2026-07-01 22:58,2026-07-01 23:39
4921,74,6346,2026-07-13 12:31,2026-07-13 13:02
4922,25,3722,2026-07-21 17:01,NULL
4923,30,8979,2026-07-28 14:47,2026-07-28 15:23
4924,98,7553,2026-07-24 01:28,2026-07-24 03:26
4925,40,8063,2026-07-27 16:51,2026-07-27 18:10
4926,26,8203,2026-07-25 12:16,2026-07-25 13:45
4927,93,5580,2026-07-13 13:15,2026-07-13 13:52
4928,3,7240,2026-07-25 09:11,2026-07-25 09:40
4929,50,8481,2026-07-20 02:17,2026-07-20 03:35
4930,63,3972,2026-07-06 09:54,2026-07-06 10:56
4931,44,8226,2026-07-21 23:46,2026-07-22 00:40
4932,76,6678,2026-07-02 03:17,NULL
4933,20,2605,2026-07-15 08:54,2026-07-15 09:46
4934,35,2291,2026-07-01 19:53,2026-07-01 21:02
4935,21,3085,2026-07-02 13:31,2026-07-02 14:06
4936,18,3954,2026-07-27 01:24,2026-07-27 02:50
4937,3,3898,2026-07-27 05:16,2026-07-27 06:23
4938,82,6924,2026-07-12 04:03,2026-07-12 05:05
4939,67,9580,2026-07-12 12:10,2026-07-12 12:49
4940,86,5372,2026-07-21 02:28,NULL
4941,98,8938,2026-07-03 13:58,2026-07-03 15:00
4942,92,2705,2026-07-03 12:40,2026-07-03 13:05
4943,66,8800,2026-07-05 10:32,2026-07-05 11:53
4944,67,1603,2026-07-24 09:14,2026-07-24 10:58
4945,89,4788,2026-07-30 09:32,2026-07-30 11:31
4946,26,8202,2026-07-06 11:25,2026-07-06 11:40
4947,15,9737,2026-07-21 01:32,2026-07-21 02:38
4948,61,4508,2026-07-28 20:32,2026-07-28 20:58
4949,41,7265,2026-07-27 13:07,NULL
4950,69,6737,2026-07-16 00:21,2026-07-16 02:18
4951,44,3331,2026-07-07 15:59,2026-07-07 17:16
4952,71,2108,2026-07-16 18:29,2026-07-16 19:22
4953,84,6625,2026-07-12 16:07,2026-07-12 16:25
4954,64,8372,2026-07-14 00:01,2026-07-14 01:00
4955,64,823,2026-07-28 03:06,2026-07-28 03:35
4956,40,7306,2026-07-03 18:24,2026-07-03 19:45
4957,75,4577,2026-07-01 11:35,2026-07-01 11:47
4958,80,5692,2026-07-05 05:34,2026-07-05 06:04
4959,94,8404,2026-07-28 10:50,2026-07-28 12:10
4960,9,6925,2026-07-11 15:57,2026-07-11 16:37
4961,45,2487,2026-07-20 14:50,2026-07-20 15:59
4962,98,2631,2026-07-18 14:28,2026-07-18 15:08
4963,84,5783,2026-07-21 23:59,2026-07-22 00:24
4964,37,7088,2026-07-10 09:46,2026-07-10 10:28
4965,96,6723,2026-07-22 03:17,2026-07-22 03:28
4966,13,343,2026-07-10 06:38,2026-07-10 08:05
4967,36,7260,2026-07-16 17:37,2026-07-16 18:37
4968,62,7719,2026-07-09 20:54,2026-07-09 22:47
4969,43,8584,2026-07-07 05:32,NULL
4970,37,2563,2026-07-03 12:08,2026-07-03 13:25
4971,2,8721,2026-07-09 12:17,2026-07-09 13:08
4972,86,8775,2026-07-27 01:36,2026-07-27 02:48
4973,92,5246,2026-07-21 15:53,2026-07-21 16:14
4974,82,7248,2026-07-10 23:04,2026-07-11 00:00
4975,28,56,2026-07-30 17:13,2026-07-30 18:10
4976,47,2801,2026-07-26 08:45,2026-07-26 09:23
4977,19,2424,2026-07-14 18:30,2026-07-14 18:46
4978,98,1445,2026-07-05 13:16,NULL
4979,90,7831,2026-07-04 14:51,2026-07-04 15:30
4980,65,7027,2026-07-27 20:53,2026-07-27 21:37
4981,42,9724,2026-07-01 03:08,2026-07-01 03:47
4982,36,5706,2026-07-21 10:33,2026-07-21 11:07
4983,92,5841,2026-07-14 14:01,2026-07-14 14:24
4984,51,359,2026-07-21 14:27,2026-07-21 15:27
4985,91,960,2026-07-17 03:38,2026-07-17 05:31
4986,24,1860,2026-07-30 09:37,2026-07-30 09:54
4987,69,6922,2026-07-15 10:14,2026-07-15 11:28
4988,33,6542,2026-07-22 00:30,2026-07-22 02:27
4989,31,8755,2026-07-24 22:08,2026-07-24 23:30
4990,31,6955,2026-07-17 11:46,2026-07-17 13:37
4991,60,7674,2026-07-17 00:41,2026-07-17 01:14
4992,5,3052,2026-07-20 22:57,2026-07-20 23:58
4993,5,2547,2026-07-04 09:00,2026-07-04 10:18
4994,9,6588,2026-07-05 10:52,2026-07-05 11:13
4995,84,6562,2026-07-20 09:31,2026-07-20 11:20
4996,65,3436,2026-07-07 04:40,2026-07-07 05:32
4997,100,5911,2026-07-14 05:25,2026-07-14 06:59
4998,41,6726,2026-07-20 21:39,2026-07-20 22:16
4999,100,2300,2026-07-16 03:05,2026-07-16 03:52
5000,16,8672,2026-07-08 01:34,2026-07-08 03:32
5001,68,3156,2026-07-29 15:20,2026-07-29 16:27
5002,61,8812,2026-07-27 00:39,2026-07-27 01:25
5003,99,2530,2026-07-15 13:02,NULL
5004,68,4003,2026-07-05 16:31,2026-07-05 17:18
5005,99,8138,2026-07-07 18:31,2026-07-07 18:53
5006,39,7695,2026-07-18 06:35,2026-07-18 07:38
5007,42,3141,2026-07-04 12:28,2026-07-04 13:49
5008,44,4958,2026-07-15 01:33,2026-07-15 02:12
5009,66,2323,2026-07-29 13:41,2026-07-29 14:02
5010,56,1411,2026-07-14 17:38,2026-07-14 18:26
5011,61,3309,2026-07-27 08:50,2026-07-27 10:18
5012,39,7207,2026-07-19 03:49,2026-07-19 04:44
5013,66,8025,2026-07-13 21:24,2026-07-13 22:19
5014,20,4922,2026-07-12 10:07,2026-07-12 11:52
5015,75,1336,2026-07-04 17:29,2026-07-04 18:10
5016,83,1730,2026-07-21 14:22,2026-07-21 15:51
5017,70,817,2026-07-19 11:36,NULL
5018,97,3909,2026-07-06 12:44,2026-07-06 13:02
5019,35,6481,2026-07-19 13:12,2026-07-19 15:07
5020,55,9665,2026-07-10 13:35,2026-07-10 14:31
5021,9,3579,2026-07-12 04:28,2026-07-12 05:31
5022,21,9887,2026-07-01 07:50,2026-07-01 08:20
5023,66,2955,2026-07-25 15:51,2026-07-25 16:52
5024,100,8063,2026-07-08 18:09,2026-07-08 18:43
5025,84,9180,2026-07-17 03:47,2026-07-17 04:23
5026,11,620,2026-07-20 03:46,2026-07-20 04:23
5027,63,7391,2026-07-02 14:39,2026-07-02 14:52
5028,49,4031,2026-07-13 14:58,2026-07-13 16:22
5029,51,116,2026-07-22 12:55,2026-07-22 14:08
5030,75,4329,2026-07-24 17:51,NULL
5031,84,6812,2026-07-11 18:14,2026-07-11 18:47
5032,13,337,2026-07-22 12:14,2026-07-22 13:03
5033,13,9710,2026-07-25 04:33,2026-07-25 04:46
5034,56,7354,2026-07-16 15:43,2026-07-16 17:06
5035,32,5388,2026-07-05 06:01,2026-07-05 08:00
5036,18,7916,2026-07-05 12:28,2026-07-05 13:31
5037,96,4929,2026-07-06 14:18,2026-07-06 15:31
5038,39,2315,2026-07-11 02:33,2026-07-11 03:53
5039,50,5229,2026-07-30 01:33,2026-07-30 03:30
5040,95,4671,2026-07-10 11:26,2026-07-10 13:07
5041,28,8116,2026-07-16 22:44,2026-07-17 00:34
5042,100,954,2026-07-11 03:21,2026-07-11 04:21
5043,86,6810,2026-07-09 02:50,NULL
5044,1,296,2026-07-29 12:58,2026-07-29 13:40
5045,15,743,2026-07-12 15:45,2026-07-12 17:32
5046,60,6637,2026-07-22 15:48,2026-07-22 17:20
5047,89,4684,2026-07-04 05:35,2026-07-04 06:08
5048,42,2319,2026-07-19 15:25,2026-07-19 15:44
5049,17,2849,2026-07-05 07:46,2026-07-05 08:37
5050,81,6248,2026-07-22 06:03,2026-07-22 06:43
5051,35,2627,2026-07-13 23:31,2026-07-14 01:03
5052,20,7243,2026-07-10 17:05,2026-07-10 18:13
5053,5,6639,2026-07-06 08:16,2026-07-06 10:08
5054,91,8395,2026-07-12 21:25,2026-07-12 22:51
5055,17,6679,2026-07-17 17:12,2026-07-17 19:10
5056,57,3739,2026-07-09 16:58,2026-07-09 17:34
5057,27,6004,2026-07-03 01:10,NULL
5058,21,2915,2026-07-20 13:24,2026-07-20 14:10
5059,5,7864,2026-07-02 21:17,2026-07-02 22:27
5060,82,1722,2026-07-30 08:33,2026-07-30 10:19
5061,58,9534,2026-07-11 17:44,2026-07-11 18:04
5062,100,2281,2026-07-22 07:14,2026-07-22 08:14
5063,26,5587,2026-07-11 14:22,2026-07-11 14:41
5064,73,8046,2026-07-14 00:32,2026-07-14 01:58
5065,13,6908,2026-07-07 09:45,NULL
5066,61,276,2026-07-05 01:04,2026-07-05 02:12
5067,12,447,2026-07-17 08:26,NULL
5068,43,5688,2026-07-25 07:30,2026-07-25 07:41
5069,56,5851,2026-07-23 00:03,2026-07-23 01:43
5070,4,1716,2026-07-19 10:58,2026-07-19 12:47
5071,40,2873,2026-07-23 08:13,2026-07-23 09:22
5072,36,5474,2026-07-24 01:04,NULL
5073,33,8448,2026-07-07 01:23,NULL
5074,64,2143,2026-07-13 02:47,2026-07-13 03:03
5075,96,3151,2026-07-20 03:16,NULL
5076,61,9365,2026-07-13 14:40,NULL
5077,70,558,2026-07-27 11:20,NULL
5078,64,8308,2026-07-27 06:03,2026-07-27 06:23
5079,50,4648,2026-07-10 21:33,2026-07-10 22:38
5080,80,2674,2026-07-29 23:53,2026-07-30 00:06
5081,3,8576,2026-07-21 05:50,2026-07-21 06:29
5082,88,8716,2026-07-12 06:34,2026-07-12 08:25
5083,5,3939,2026-07-27 04:09,2026-07-27 05:45
5084,59,8359,2026-07-14 14:52,2026-07-14 16:34
5085,93,4322,2026-07-21 17:27,2026-07-21 18:07
5086,74,6449,2026-07-04 02:35,NULL
5087,11,409,2026-07-21 22:52,2026-07-22 00:30
5088,51,7386,2026-07-17 17:01,2026-07-17 18:00
5089,26,8340,2026-07-04 20:16,2026-07-04 21:07
5090,8,8171,2026-07-26 19:56,2026-07-26 21:13
5091,1,3867,2026-07-20 19:33,NULL
5092,81,3706,2026-07-20 12:19,2026-07-20 13:41
5093,46,6613,2026-07-20 08:54,2026-07-20 09:25
5094,67,1488,2026-07-29 07:46,2026-07-29 08:03
5095,56,434,2026-07-10 12:49,2026-07-10 13:06
5096,69,284,2026-07-18 09:55,2026-07-18 11:39
5097,78,5637,2026-07-06 12:53,2026-07-06 13:43
5098,43,103,2026-07-28 12:50,2026-07-28 14:37
5099,48,1092,2026-07-28 11:40,2026-07-28 13:27
5100,67,1458,2026-07-13 09:29,2026-07-13 10:03
5101,54,5379,2026-07-11 10:14,2026-07-11 12:12
5102,52,270,2026-07-13 13:47,2026-07-13 14:06
5103,99,7651,2026-07-13 20:19,2026-07-13 21:29
5104,62,4378,2026-07-07 23:18,2026-07-08 00:49
5105,61,8199,2026-07-04 05:11,2026-07-04 05:49
5106,24,3169,2026-07-18 07:11,2026-07-18 07:36
5107,48,8329,2026-07-30 00:39,2026-07-30 02:24
5108,89,5242,2026-07-05 19:04,NULL
5109,19,5877,2026-07-19 18:25,2026-07-19 18:48
5110,2,800,2026-07-24 21:02,2026-07-24 21:31
5111,19,4204,2026-07-19 03:38,2026-07-19 04:13
5112,91,5569,2026-07-21 14:32,2026-07-21 15:51
5113,82,7562,2026-07-06 09:06,2026-07-06 10:35
5114,41,2549,2026-07-09 15:20,NULL
5115,86,5219,2026-07-27 01:30,2026-07-27 01:58
5116,75,5198,2026-07-09 05:53,2026-07-09 06:21
5117,94,6622,2026-07-19 15:38,2026-07-19 17:12
5118,45,4440,2026-07-27 19:32,2026-07-27 20:05
5119,43,193,2026-07-22 23:35,2026-07-23 00:12
5120,58,1137,2026-07-04 06:52,2026-07-04 07:39
5121,25,933,2026-07-07 14:47,2026-07-07 15:25
5122,18,3966,2026-07-03 05:05,2026-07-03 05:40
5123,4,8909,2026-07-26 22:46,2026-07-27 00:25
5124,92,6771,2026-07-06 07:50,2026-07-06 08:31
5125,63,4414,2026-07-28 09:25,2026-07-28 10:39
5126,77,7962,2026-07-18 02:03,2026-07-18 02:47
5127,11,2786,2026-07-29 11:12,2026-07-29 12:07
5128,15,6189,2026-07-05 05:18,NULL
5129,35,8099,2026-07-15 12:46,NULL
5130,87,808,2026-07-26 18:31,2026-07-26 19:15
5131,17,3765,2026-07-30 22:31,2026-07-31 00:31
5132,99,6272,2026-07-09 16:16,2026-07-09 17:55
5133,3,2749,2026-07-12 19:56,2026-07-12 20:27
5134,25,3807,2026-07-30 20:29,2026-07-30 20:42
5135,1,7448,2026-07-14 06:50,2026-07-14 07:58
5136,51,3538,2026-07-26 22:59,2026-07-26 23:53
5137,10,4622,2026-07-27 13:01,2026-07-27 13:19
5138,68,3422,2026-07-01 23:22,2026-07-02 01:17
5139,60,3497,2026-07-10 22:45,2026-07-11 00:07
5140,83,4524,2026-07-28 23:00,2026-07-29 00:18
5141,86,6324,2026-07-11 02:26,2026-07-11 04:14
5142,36,5297,2026-07-13 21:16,2026-07-13 22:17
5143,52,6723,2026-07-24 04:57,2026-07-24 06:45
5144,72,2308,2026-07-17 11:13,2026-07-17 12:01
5145,91,7452,2026-07-22 21:46,2026-07-22 23:40
5146,1,1538,2026-07-04 12:30,2026-07-04 13:49
5147,91,9363,2026-07-06 21:05,2026-07-06 21:49
5148,47,5825,2026-07-09 01:45,2026-07-09 03:09
5149,28,3707,2026-07-15 11:01,2026-07-15 12:32
5150,81,3270,2026-07-10 18:00,NULL
5151,51,1670,2026-07-26 02:11,2026-07-26 03:39
5152,46,7205,2026-07-20 06:03,2026-07-20 07:52
5153,64,2136,2026-07-22 10:37,2026-07-22 12:20
5154,77,1043,2026-07-19 07:44,2026-07-19 09:25
5155,72,603,2026-07-05 11:20,2026-07-05 13:06
5156,44,2388,2026-07-13 16:38,NULL
5157,54,1395,2026-07-21 02:20,2026-07-21 03:49
5158,3,3438,2026-07-09 08:31,2026-07-09 08:53
5159,7,1606,2026-07-06 02:00,2026-07-06 03:09
5160,53,8495,2026-07-11 03:31,2026-07-11 05:25
5161,67,2992,2026-07-29 01:50,2026-07-29 03:07
5162,84,6123,2026-07-14 00:40,2026-07-14 02:27
5163,12,9644,2026-07-28 06:54,NULL
5164,10,4649,2026-07-14 20:33,NULL
5165,38,2799,2026-07-26 14:37,2026-07-26 14:52
5166,65,2738,2026-07-23 01:13,2026-07-23 01:49
5167,67,9259,2026-07-20 05:31,2026-07-20 07:25
5168,75,3578,2026-07-08 12:31,2026-07-08 14:05
5169,17,3561,2026-07-20 22:28,2026-07-21 00:18
5170,73,9561,2026-07-24 18:11,2026-07-24 19:20
5171,90,7575,2026-07-30 04:15,2026-07-30 05:53
5172,60,1976,2026-07-18 16:50,2026-07-18 17:36
5173,84,4835,2026-07-03 09:27,2026-07-03 11:09
5174,36,4324,2026-07-17 12:09,2026-07-17 13:07
5175,71,1149,2026-07-29 13:03,NULL
5176,26,3615,2026-07-14 06:18,2026-07-14 07:06
5177,8,3207,2026-07-03 04:28,2026-07-03 04:41
5178,71,3349,2026-07-22 20:54,2026-07-22 22:48
5179,92,1428,2026-07-27 21:59,2026-07-27 23:43
5180,4,7043,2026-07-19 05:37,2026-07-19 07:25
5181,84,7981,2026-07-08 02:34,2026-07-08 03:54
5182,27,6335,2026-07-07 14:07,2026-07-07 14:36
5183,79,9170,2026-07-17 21:58,2026-07-17 23:09
5184,85,3098,2026-07-29 21:49,2026-07-29 22:57
5185,94,7224,2026-07-06 13:19,2026-07-06 15:14
5186,74,2750,2026-07-24 17:23,2026-07-24 19:07
5187,18,483,2026-07-28 10:22,2026-07-28 11:27
5188,80,3270,2026-07-26 16:39,NULL
5189,94,2265,2026-07-14 09:30,2026-07-14 10:13
5190,70,9227,2026-07-29 14:19,2026-07-29 16:10
5191,56,3392,2026-07-11 08:43,2026-07-11 09:05
5192,100,4292,2026-07-02 13:11,2026-07-02 14:39
5193,92,565,2026-07-06 07:30,2026-07-06 08:16
5194,33,8186,2026-07-10 18:24,2026-07-10 19:40
5195,56,747,2026-07-08 05:47,NULL
5196,29,9401,2026-07-24 02:29,2026-07-24 03:28
5197,16,8229,2026-07-09 19:29,2026-07-09 21:25
5198,27,4557,2026-07-26 04:34,2026-07-26 06:22
5199,26,2439,2026-07-24 09:33,2026-07-24 09:46
5200,62,4273,2026-07-30 22:46,2026-07-31 00:24
5201,17,5009,2026-07-17 10:45,2026-07-17 12:12
5202,3,6705,2026-07-06 20:19,2026-07-06 22:07
5203,98,852,2026-07-13 19:30,2026-07-13 20:23
5204,66,5481,2026-07-26 22:31,2026-07-26 23:06
5205,23,872,2026-07-15 00:43,NULL
5206,22,7486,2026-07-03 08:33,2026-07-03 10:29
5207,97,9443,2026-07-15 22:42,2026-07-16 00:17
5208,75,469,2026-07-13 19:35,2026-07-13 21:34
5209,30,1913,2026-07-07 16:30,2026-07-07 16:42
5210,76,1079,2026-07-27 05:58,2026-07-27 07:04
5211,33,864,2026-07-22 23:01,2026-07-22 23:47
5212,50,7784,2026-07-29 02:16,2026-07-29 03:28
5213,33,9014,2026-07-01 07:06,2026-07-01 08:18
5214,83,8657,2026-07-11 01:49,2026-07-11 02:58
5215,27,8740,2026-07-28 14:06,NULL
5216,10,8921,2026-07-07 23:20,2026-07-08 00:23
5217,45,6823,2026-07-23 08:30,2026-07-23 09:34
5218,3,8486,2026-07-07 08:11,2026-07-07 10:06
5219,44,8619,2026-07-10 23:30,2026-07-11 00:47
5220,30,3577,2026-07-21 07:31,2026-07-21 09:11
5221,34,8315,2026-07-09 12:52,2026-07-09 14:44
5222,53,9432,2026-07-30 10:29,2026-07-30 10:54
5223,4,5695,2026-07-01 03:34,NULL
5224,64,7628,2026-07-01 04:53,2026-07-01 05:26
5225,45,1820,2026-07-06 06:50,2026-07-06 08:28
5226,66,842,2026-07-02 16:09,2026-07-02 18:08
5227,9,1345,2026-07-29 16:33,2026-07-29 18:14
5228,55,7046,2026-07-01 13:37,2026-07-01 14:42
5229,13,4766,2026-07-24 06:52,2026-07-24 08:01
5230,95,2242,2026-07-30 11:03,2026-07-30 11:52
5231,75,3354,2026-07-17 14:59,2026-07-17 15:58
5232,93,5069,2026-07-18 03:33,2026-07-18 04:30
5233,38,2969,2026-07-16 01:18,2026-07-16 03:18
5234,29,6182,2026-07-02 17:47,2026-07-02 19:09
5235,29,6060,2026-07-13 13:11,2026-07-13 14:40
5236,80,8896,2026-07-05 03:05,2026-07-05 03:54
5237,74,857,2026-07-19 15:49,2026-07-19 16:34
5238,37,1273,2026-07-30 16:38,2026-07-30 17:27
5239,50,254,2026-07-06 16:12,2026-07-06 16:33
5240,35,9529,2026-07-27 11:34,2026-07-27 12:19
5241,43,5396,2026-07-14 14:36,2026-07-14 16:08
5242,52,866,2026-07-06 03:41,2026-07-06 05:20
5243,21,2008,2026-07-10 14:37,2026-07-10 16:33
5244,64,8740,2026-07-05 09:25,2026-07-05 10:27
5245,70,2955,2026-07-26 08:42,2026-07-26 09:10
5246,86,620,2026-07-28 14:59,2026-07-28 16:11
5247,18,415,2026-07-17 01:26,NULL
5248,97,4582,2026-07-23 02:49,NULL
5249,13,7832,2026-07-14 23:24,2026-07-15 00:20
5250,10,6304,2026-07-07 21:31,2026-07-07 22:15
5251,29,9147,2026-07-28 18:23,2026-07-28 19:24
5252,100,9838,2026-07-20 23:04,2026-07-20 23:49
5253,78,2646,2026-07-19 05:33,2026-07-19 07:09
5254,98,8414,2026-07-30 06:42,2026-07-30 07:35
5255,37,9604,2026-07-30 07:42,2026-07-30 08:36
5256,48,9574,2026-07-01 17:01,2026-07-01 17:30
5257,42,184,2026-07-08 15:28,2026-07-08 16:31
5258,87,4372,2026-07-03 15:40,2026-07-03 17:20
5259,72,8746,2026-07-09 08:55,2026-07-09 09:10
5260,40,9640,2026-07-15 22:43,2026-07-15 23:02
5261,64,9368,2026-07-10 21:40,2026-07-10 22:08
5262,59,5112,2026-07-27 23:48,2026-07-28 01:19
5263,20,4840,2026-07-10 13:02,2026-07-10 14:17
5264,18,8890,2026-07-12 10:31,2026-07-12 11:29
5265,37,8145,2026-07-01 08:05,2026-07-01 09:27
5266,72,9772,2026-07-03 01:36,2026-07-03 01:53
5267,41,8526,2026-07-16 20:59,2026-07-16 22:31
5268,18,992,2026-07-20 00:33,2026-07-20 00:43
5269,55,5665,2026-07-20 16:20,NULL
5270,20,1372,2026-07-13 10:51,NULL
5271,3,4964,2026-07-05 12:16,2026-07-05 13:24
5272,8,6333,2026-07-03 19:47,2026-07-03 21:18
5273,29,5078,2026-07-24 09:28,2026-07-24 09:44
5274,48,6957,2026-07-21 01:42,2026-07-21 03:24
5275,18,3697,2026-07-08 17:52,2026-07-08 18:47
5276,77,4040,2026-07-29 12:39,2026-07-29 13:44
5277,51,5550,2026-07-14 01:48,NULL
5278,80,7546,2026-07-30 13:31,2026-07-30 14:26
5279,78,9832,2026-07-14 19:25,2026-07-14 20:29
5280,20,9048,2026-07-04 16:31,2026-07-04 17:06
5281,9,8735,2026-07-22 05:30,2026-07-22 05:41
5282,74,7744,2026-07-12 22:13,2026-07-12 22:26
5283,7,3455,2026-07-11 18:57,2026-07-11 20:22
5284,48,3496,2026-07-07 11:41,2026-07-07 12:32
5285,13,3139,2026-07-16 02:54,NULL
5286,72,2152,2026-07-05 23:05,2026-07-05 23:53
5287,95,4821,2026-07-27 11:25,2026-07-27 12:51
5288,80,5602,2026-07-18 20:01,2026-07-18 21:40
5289,42,5346,2026-07-22 03:59,2026-07-22 05:43
5290,48,3818,2026-07-21 00:16,2026-07-21 02:08
5291,44,7607,2026-07-06 10:52,2026-07-06 11:50
5292,9,5276,2026-07-26 12:25,2026-07-26 13:36
5293,17,3982,2026-07-23 13:29,2026-07-23 15:15
5294,12,2428,2026-07-01 14:07,2026-07-01 14:17
5295,4,2439,2026-07-10 15:00,2026-07-10 15:19
5296,69,4640,2026-07-19 17:39,2026-07-19 17:59
5297,35,2422,2026-07-28 18:32,2026-07-28 19:09
5298,84,4872,2026-07-01 12:52,2026-07-01 13:19
5299,42,2055,2026-07-01 08:11,2026-07-01 10:06
5300,59,150,2026-07-28 13:13,2026-07-28 14:29
5301,71,5427,2026-07-18 00:38,2026-07-18 02:37
5302,64,5931,2026-07-05 07:25,2026-07-05 08:05
5303,38,8795,2026-07-22 14:31,2026-07-22 15:15
5304,100,1820,2026-07-31 00:00,2026-07-31 00:45
5305,9,6496,2026-07-16 23:05,2026-07-16 23:45
5306,31,9445,2026-07-28 18:23,2026-07-28 19:27
5307,10,9895,2026-07-24 06:15,2026-07-24 06:34
5308,31,1119,2026-07-12 12:40,2026-07-12 13:05
5309,61,2528,2026-07-29 01:11,2026-07-29 02:24
5310,22,3915,2026-07-11 10:27,2026-07-11 11:26
5311,60,8287,2026-07-07 10:06,2026-07-07 12:03
5312,25,212,2026-07-28 17:44,2026-07-28 18:55
5313,96,9075,2026-07-08 22:48,2026-07-09 00:46
5314,52,7897,2026-07-19 09:10,2026-07-19 10:11
5315,96,8964,2026-07-24 13:18,2026-07-24 14:00
5316,30,7128,2026-07-13 02:27,NULL
5317,27,9626,2026-07-09 02:31,2026-07-09 03:42
5318,32,5576,2026-07-12 02:17,2026-07-12 03:10
5319,40,464,2026-07-01 04:36,2026-07-01 05:27
5320,31,2811,2026-07-23 19:39,2026-07-23 19:55
5321,10,4201,2026-07-22 00:37,2026-07-22 01:55
5322,9,8473,2026-07-30 01:13,2026-07-30 01:48
5323,8,636,2026-07-10 12:33,2026-07-10 13:08
5324,21,9586,2026-07-02 21:35,2026-07-02 22:54
5325,57,8448,2026-07-09 23:28,2026-07-10 00:09
5326,5,6709,2026-07-30 20:55,2026-07-30 21:40
5327,61,451,2026-07-28 18:19,NULL
5328,57,9661,2026-07-19 13:27,2026-07-19 14:37
5329,64,629,2026-07-30 14:56,2026-07-30 15:36
5330,66,5518,2026-07-08 23:02,2026-07-09 00:47
5331,91,4530,2026-07-21 02:08,2026-07-21 02:28
5332,9,2953,2026-07-03 08:45,2026-07-03 10:44
5333,80,2442,2026-07-09 20:44,2026-07-09 21:10
5334,44,8860,2026-07-03 16:22,2026-07-03 18:14
5335,69,5211,2026-07-26 18:50,2026-07-26 20:17
5336,23,6758,2026-07-28 14:31,2026-07-28 14:56
5337,83,8763,2026-07-27 12:04,NULL
5338,69,7262,2026-07-08 18:23,2026-07-08 19:22
5339,75,5299,2026-07-12 19:51,2026-07-12 21:05
5340,84,7428,2026-07-01 02:24,2026-07-01 02:56
5341,51,6247,2026-07-16 08:05,NULL
5342,36,3112,2026-07-21 14:34,2026-07-21 16:08
5343,69,4367,2026-07-27 14:14,2026-07-27 14:51
5344,73,9081,2026-07-18 14:02,2026-07-18 14:30
5345,2,9775,2026-07-13 13:39,2026-07-13 15:32
5346,83,3719,2026-07-30 21:07,2026-07-30 21:23
5347,14,8545,2026-07-13 01:05,2026-07-13 01:18
5348,30,8699,2026-07-01 17:51,2026-07-01 19:33
5349,6,3394,2026-07-04 01:23,2026-07-04 03:00
5350,91,1086,2026-07-18 17:40,2026-07-18 19:04
5351,32,5306,2026-07-07 01:51,2026-07-07 03:42
5352,99,5240,2026-07-22 06:49,2026-07-22 06:59
5353,7,7312,2026-07-12 17:04,2026-07-12 17:33
5354,65,9530,2026-07-19 04:11,2026-07-19 05:51
5355,31,5989,2026-07-27 21:46,2026-07-27 22:19
5356,53,3583,2026-07-13 12:53,2026-07-13 13:49
5357,93,2347,2026-07-12 08:59,2026-07-12 10:29
5358,30,6615,2026-07-18 20:40,2026-07-18 21:16
5359,15,7004,2026-07-14 15:46,2026-07-14 16:02
5360,37,5465,2026-07-04 23:26,NULL
5361,63,6281,2026-07-12 10:33,2026-07-12 12:01
5362,99,4415,2026-07-14 19:40,2026-07-14 21:16
5363,30,5934,2026-07-20 21:43,2026-07-20 23:34
5364,16,1013,2026-07-15 06:50,2026-07-15 07:03
5365,38,6309,2026-07-13 09:32,2026-07-13 10:40
5366,3,4395,2026-07-28 23:23,2026-07-29 00:21
5367,16,8873,2026-07-12 11:04,2026-07-12 12:52
5368,64,6882,2026-07-15 16:38,2026-07-15 18:28
5369,6,3088,2026-07-15 02:47,2026-07-15 03:42
5370,88,7066,2026-07-29 18:03,2026-07-29 19:23
5371,27,5591,2026-07-12 21:06,2026-07-12 22:35
5372,75,4737,2026-07-23 06:15,2026-07-23 07:07
5373,69,5788,2026-07-09 15:04,2026-07-09 16:01
5374,24,8620,2026-07-30 18:27,2026-07-30 20:26
5375,1,5337,2026-07-13 22:29,2026-07-14 00:17
5376,6,7695,2026-07-28 16:59,2026-07-28 17:17
5377,57,9325,2026-07-11 23:28,2026-07-12 00:38
5378,45,5682,2026-07-06 08:11,2026-07-06 10:07
5379,41,2854,2026-07-08 06:49,2026-07-08 07:37
5380,31,2139,2026-07-17 13:08,2026-07-17 13:31
5381,93,5905,2026-07-16 14:25,2026-07-16 15:24
5382,90,1836,2026-07-15 08:06,2026-07-15 09:28
5383,58,351,2026-07-24 05:31,2026-07-24 07:10
5384,21,3983,2026-07-15 23:40,NULL
5385,11,6327,2026-07-30 12:21,2026-07-30 13:45
5386,5,6466,2026-07-25 09:51,2026-07-25 10:27
5387,33,3915,2026-07-26 09:09,2026-07-26 09:45
5388,52,1695,2026-07-13 11:18,2026-07-13 12:43
5389,38,7852,2026-07-20 15:06,2026-07-20 16:23
5390,95,5875,2026-07-13 23:27,2026-07-14 00:03
5391,13,6773,2026-07-29 00:12,2026-07-29 01:12
5392,83,9509,2026-07-24 13:48,NULL
5393,16,8132,2026-07-27 18:07,2026-07-27 18:28
5394,45,6651,2026-07-21 09:50,NULL
5395,75,6251,2026-07-18 11:42,2026-07-18 12:51
5396,35,8584,2026-07-17 01:19,2026-07-17 01:40
5397,86,877,2026-07-04 16:21,2026-07-04 17:59
5398,12,7381,2026-07-04 08:29,2026-07-04 09:20
5399,75,3037,2026-07-28 22:27,2026-07-28 23:27
5400,72,6826,2026-07-01 23:52,2026-07-02 00:31
5401,20,7601,2026-07-20 20:09,2026-07-20 20:23
5402,48,5388,2026-07-11 08:17,2026-07-11 08:28
5403,27,3477,2026-07-07 08:19,2026-07-07 10:07
5404,84,981,2026-07-02 20:50,2026-07-02 21:43
5405,2,1928,2026-07-23 16:20,2026-07-23 17:30
5406,98,8372,2026-07-11 19:52,2026-07-11 20:52
5407,78,4656,2026-07-27 06:34,2026-07-27 08:27
5408,15,7923,2026-07-23 04:43,2026-07-23 06:18
5409,58,2625,2026-07-03 00:32,2026-07-03 01:00
5410,79,2409,2026-07-10 11:05,2026-07-10 11:18
5411,68,1724,2026-07-22 13:59,2026-07-22 14:43
5412,72,7014,2026-07-07 19:40,2026-07-07 20:53
5413,82,5306,2026-07-10 20:16,2026-07-10 21:49
5414,66,2123,2026-07-25 08:45,2026-07-25 10:18
5415,62,4807,2026-07-03 03:33,2026-07-03 04:23
5416,32,1488,2026-07-20 01:14,2026-07-20 02:42
5417,52,6208,2026-07-04 05:59,2026-07-04 07:56
5418,92,9676,2026-07-15 11:37,2026-07-15 13:27
5419,25,6949,2026-07-14 14:57,2026-07-14 16:42
5420,59,2720,2026-07-08 12:02,2026-07-08 13:19
5421,27,5898,2026-07-17 13:10,2026-07-17 14:27
5422,47,3968,2026-07-16 01:56,2026-07-16 03:11
5423,100,8241,2026-07-16 07:59,NULL
5424,91,8928,2026-07-10 09:13,NULL
5425,21,1489,2026-07-20 11:16,2026-07-20 12:44
5426,32,1796,2026-07-22 15:25,2026-07-22 16:15
5427,40,7333,2026-07-21 14:35,2026-07-21 16:17
5428,58,6780,2026-07-03 09:50,2026-07-03 11:24
5429,9,7099,2026-07-13 21:20,2026-07-13 22:07
5430,31,3708,2026-07-09 22:08,2026-07-09 22:42
5431,64,6338,2026-07-29 07:18,2026-07-29 09:02
5432,48,7344,2026-07-03 07:02,2026-07-03 08:01
5433,43,5708,2026-07-18 23:36,2026-07-18 23:52
5434,90,6889,2026-07-01 07:52,2026-07-01 08:03
5435,11,253,2026-07-30 05:33,NULL
5436,7,7968,2026-07-26 15:52,NULL
5437,45,1994,2026-07-04 12:38,2026-07-04 14:08
5438,48,1446,2026-07-13 19:41,2026-07-13 21:25
5439,83,8516,2026-07-01 23:42,2026-07-02 00:09
5440,66,8766,2026-07-23 08:02,2026-07-23 09:18
5441,11,5699,2026-07-05 22:51,2026-07-06 00:32
5442,49,9531,2026-07-10 02:19,2026-07-10 04:15
5443,68,6688,2026-07-04 20:50,2026-07-04 22:33
5444,40,426,2026-07-12 01:04,2026-07-12 02:16
5445,27,8479,2026-07-23 11:53,2026-07-23 12:39
5446,23,5574,2026-07-04 15:32,2026-07-04 16:19
5447,79,9758,2026-07-26 06:46,2026-07-26 08:24
5448,43,9355,2026-07-15 03:11,2026-07-15 04:42
5449,87,9596,2026-07-05 22:39,2026-07-06 00:03
5450,52,2492,2026-07-28 12:37,2026-07-28 14:21
5451,83,3835,2026-07-20 03:01,2026-07-20 04:28
5452,48,4524,2026-07-16 12:23,2026-07-16 13:47
5453,72,8679,2026-07-19 03:47,NULL
5454,18,9991,2026-07-21 15:21,2026-07-21 16:11
5455,34,6387,2026-07-09 18:09,2026-07-09 19:06
5456,24,5540,2026-07-16 12:44,2026-07-16 13:59
5457,64,1421,2026-07-14 11:09,2026-07-14 13:09
5458,63,7658,2026-07-29 16:14,2026-07-29 16:58
5459,84,6296,2026-07-11 10:44,2026-07-11 12:01
5460,27,5357,2026-07-24 03:48,2026-07-24 05:18
5461,85,3618,2026-07-03 19:37,2026-07-03 20:41
5462,4,62,2026-07-27 10:29,2026-07-27 10:47
5463,32,8352,2026-07-10 03:12,2026-07-10 03:29
5464,82,2738,2026-07-13 13:12,2026-07-13 13:41
5465,96,8018,2026-07-02 15:17,2026-07-02 17:15
5466,71,4655,2026-07-30 16:54,2026-07-30 17:31
5467,92,4170,2026-07-03 01:47,2026-07-03 03:33
5468,31,2200,2026-07-16 05:43,2026-07-16 07:12
5469,49,4900,2026-07-30 17:43,2026-07-30 18:36
5470,35,7593,2026-07-28 23:21,NULL
5471,31,2036,2026-07-22 04:52,2026-07-22 06:28
5472,21,8320,2026-07-26 23:36,2026-07-27 00:42
5473,70,3761,2026-07-20 02:18,2026-07-20 04:01
5474,14,4289,2026-07-05 04:57,2026-07-05 06:22
5475,47,9591,2026-07-04 13:17,2026-07-04 15:02
5476,31,6745,2026-07-01 14:33,2026-07-01 16:18
5477,75,8102,2026-07-01 14:38,2026-07-01 15:53
5478,29,3598,2026-07-05 12:02,2026-07-05 13:04
5479,85,7922,2026-07-28 03:56,2026-07-28 04:06
5480,43,1103,2026-07-03 08:56,2026-07-03 09:30
5481,79,5365,2026-07-27 21:52,2026-07-27 22:02
5482,45,9494,2026-07-20 20:01,2026-07-20 21:27
5483,35,2868,2026-07-27 16:49,2026-07-27 17:19
5484,83,5021,2026-07-16 05:38,2026-07-16 06:07
5485,1,1410,2026-07-14 20:43,NULL
5486,44,6371,2026-07-29 13:15,2026-07-29 14:10
5487,42,2749,2026-07-04 19:27,2026-07-04 20:23
5488,69,6268,2026-07-29 06:02,2026-07-29 06:33
5489,21,5548,2026-07-05 19:11,2026-07-05 20:22
5490,1,6242,2026-07-04 20:11,2026-07-04 21:10
5491,78,2188,2026-07-09 09:17,2026-07-09 09:42
5492,91,6929,2026-07-21 23:46,2026-07-22 01:31
5493,36,1214,2026-07-21 11:54,2026-07-21 12:36
5494,91,413,2026-07-28 02:27,NULL
5495,43,8961,2026-07-20 02:00,2026-07-20 03:40
5496,40,2716,2026-07-22 07:38,2026-07-22 08:05
5497,39,4327,2026-07-22 16:09,NULL
5498,48,7271,2026-07-22 17:58,NULL
5499,94,2772,2026-07-07 04:14,2026-07-07 04:48
5500,43,3407,2026-07-06 22:07,2026-07-06 22:49
5501,57,7673,2026-07-08 07:00,2026-07-08 08:46
5502,43,5544,2026-07-25 08:12,NULL
5503,73,3993,2026-07-29 04:51,2026-07-29 05:11
5504,41,7067,2026-07-22 15:54,2026-07-22 16:36
5505,90,5620,2026-07-30 06:10,2026-07-30 07:06
5506,69,9677,2026-07-07 21:44,2026-07-07 23:26
5507,30,9728,2026-07-22 08:32,2026-07-22 10:30
5508,74,8591,2026-07-30 09:11,2026-07-30 10:48
5509,92,4651,2026-07-06 06:20,2026-07-06 07:45
5510,13,5849,2026-07-03 03:52,2026-07-03 05:34
5511,12,1475,2026-07-30 08:09,2026-07-30 09:05
5512,43,4928,2026-07-24 06:39,2026-07-24 07:30
5513,17,4336,2026-07-24 04:56,2026-07-24 05:15
5514,39,5164,2026-07-20 02:12,2026-07-20 04:11
5515,12,6923,2026-07-04 13:31,2026-07-04 15:23
5516,97,4639,2026-07-24 15:31,2026-07-24 17:13
5517,30,1384,2026-07-19 14:17,2026-07-19 14:39
5518,73,2270,2026-07-22 02:45,2026-07-22 04:00
5519,98,2085,2026-07-11 18:57,2026-07-11 20:17
5520,43,2540,2026-07-24 00:04,2026-07-24 00:57
5521,25,6134,2026-07-21 06:34,2026-07-21 07:37
5522,5,4041,2026-07-22 15:09,2026-07-22 16:16
5523,10,5208,2026-07-26 11:10,2026-07-26 11:44
5524,71,781,2026-07-08 04:04,2026-07-08 05:53
5525,24,1184,2026-07-19 06:55,2026-07-19 08:17
5526,50,7621,2026-07-15 23:09,2026-07-15 23:44
5527,84,1264,2026-07-10 08:54,2026-07-10 09:19
5528,78,245,2026-07-03 06:39,2026-07-03 07:01
5529,47,3512,2026-07-26 21:46,2026-07-26 22:06
5530,89,1776,2026-07-14 05:23,2026-07-14 05:52
5531,1,5875,2026-07-29 11:18,2026-07-29 11:34
5532,31,1424,2026-07-21 20:39,2026-07-21 21:22
5533,77,2782,2026-07-30 19:51,2026-07-30 21:08
5534,21,8230,2026-07-08 06:30,2026-07-08 07:55
5535,39,7160,2026-07-29 05:38,NULL
5536,91,8413,2026-07-17 18:22,2026-07-17 20:00
5537,48,6956,2026-07-18 21:22,2026-07-18 21:54
5538,64,6903,2026-07-18 01:40,2026-07-18 02:15
5539,17,8017,2026-07-11 06:38,2026-07-11 08:15
5540,68,1109,2026-07-30 18:55,2026-07-30 20:04
5541,93,4319,2026-07-10 09:26,2026-07-10 10:19
5542,89,7909,2026-07-02 11:49,NULL
5543,98,1482,2026-07-23 12:17,2026-07-23 13:24
5544,75,8489,2026-07-12 04:12,2026-07-12 04:40
5545,90,7195,2026-07-29 13:07,2026-07-29 13:19
5546,58,2645,2026-07-13 03:15,2026-07-13 04:06
5547,3,1947,2026-07-22 03:33,2026-07-22 03:51
5548,7,7972,2026-07-25 07:22,2026-07-25 09:03
5549,12,4284,2026-07-14 14:03,2026-07-14 14:24
5550,32,4585,2026-07-28 10:35,2026-07-28 11:19
5551,62,1291,2026-07-28 04:14,2026-07-28 06:12
5552,8,7281,2026-07-16 23:35,2026-07-17 00:59
5553,100,8565,2026-07-19 09:20,2026-07-19 09:47
5554,37,9162,2026-07-11 09:04,2026-07-11 11:02
5555,70,2528,2026-07-29 04:44,2026-07-29 05:52
5556,78,2909,2026-07-26 23:14,2026-07-26 23:35
5557,58,5719,2026-07-30 01:54,2026-07-30 03:15
5558,69,339,2026-07-27 12:49,2026-07-27 13:10
5559,55,6625,2026-07-25 07:56,2026-07-25 08:47
5560,30,1422,2026-07-04 21:41,2026-07-04 21:51
5561,3,9684,2026-07-11 04:22,NULL
5562,26,2079,2026-07-16 13:05,2026-07-16 13:43
5563,96,621,2026-07-06 17:31,2026-07-06 17:54
5564,81,7799,2026-07-24 12:04,2026-07-24 13:05
5565,16,1458,2026-07-25 02:10,2026-07-25 03:20
5566,63,1789,2026-07-23 15:55,2026-07-23 16:28
5567,53,675,2026-07-19 23:55,2026-07-20 01:50
5568,23,3405,2026-07-03 06:35,2026-07-03 07:16
5569,93,6000,2026-07-04 17:06,2026-07-04 17:35
5570,11,1617,2026-07-07 12:41,2026-07-07 13:14
5571,66,366,2026-07-17 22:04,2026-07-17 23:21
5572,45,6086,2026-07-08 01:22,2026-07-08 02:57
5573,23,9319,2026-07-30 20:53,2026-07-30 21:06
5574,7,8294,2026-07-23 23:24,2026-07-24 00:14
5575,61,3039,2026-07-13 16:26,2026-07-13 16:59
5576,36,2557,2026-07-14 03:09,2026-07-14 03:40
5577,90,7511,2026-07-02 11:31,2026-07-02 13:09
5578,26,3067,2026-07-18 12:50,2026-07-18 14:43
5579,87,3723,2026-07-04 20:45,2026-07-04 22:23
5580,39,2923,2026-07-28 00:50,2026-07-28 01:00
5581,21,4526,2026-07-30 21:36,2026-07-30 22:01
5582,73,2350,2026-07-06 07:23,2026-07-06 09:14
5583,21,8918,2026-07-18 06:46,2026-07-18 07:23
5584,94,9851,2026-07-23 00:42,2026-07-23 01:54
5585,82,403,2026-07-05 16:38,2026-07-05 17:31
5586,79,2350,2026-07-03 07:20,NULL
5587,34,5432,2026-07-04 15:43,2026-07-04 16:01
5588,14,7084,2026-07-06 20:28,NULL
5589,46,2850,2026-07-06 00:56,2026-07-06 02:15
5590,93,5064,2026-07-03 13:32,2026-07-03 14:15
5591,55,5337,2026-07-17 15:23,2026-07-17 15:40
5592,65,2599,2026-07-29 17:54,2026-07-29 18:10
5593,87,1682,2026-07-24 03:16,2026-07-24 03:47
5594,23,658,2026-07-28 00:39,2026-07-28 01:01
5595,37,6589,2026-07-30 11:12,2026-07-30 11:34
5596,79,7748,2026-07-02 21:18,2026-07-02 23:11
5597,5,166,2026-07-17 05:11,2026-07-17 06:59
5598,3,6394,2026-07-22 15:32,2026-07-22 16:14
5599,96,2206,2026-07-09 03:24,2026-07-09 04:53
5600,5,2327,2026-07-01 10:45,2026-07-01 12:04
5601,72,1243,2026-07-05 11:56,2026-07-05 13:20
5602,98,1409,2026-07-20 22:30,2026-07-21 00:26
5603,45,1618,2026-07-29 01:25,2026-07-29 03:04
5604,43,6616,2026-07-10 22:47,2026-07-10 23:06
5605,64,6488,2026-07-05 08:43,2026-07-05 10:06
5606,71,6853,2026-07-30 18:10,2026-07-30 19:26
5607,26,3085,2026-07-09 09:06,2026-07-09 09:44
5608,65,1987,2026-07-14 20:44,2026-07-14 20:55
5609,24,2811,2026-07-18 22:01,2026-07-18 22:18
5610,46,210,2026-07-28 22:17,NULL
5611,55,8972,2026-07-22 13:13,2026-07-22 14:18
5612,17,9691,2026-07-23 00:39,2026-07-23 02:15
5613,10,9859,2026-07-06 15:18,2026-07-06 17:15
5614,87,8266,2026-07-15 00:56,2026-07-15 02:51
5615,12,1207,2026-07-18 14:30,2026-07-18 16:30
5616,13,2780,2026-07-20 02:32,2026-07-20 04:26
5617,82,37,2026-07-23 10:09,2026-07-23 11:42
5618,71,4304,2026-07-30 16:25,2026-07-30 17:28
5619,94,617,2026-07-22 11:32,2026-07-22 12:15
5620,35,1999,2026-07-06 20:40,2026-07-06 21:58
5621,10,5426,2026-07-08 17:20,2026-07-08 17:46
5622,54,8125,2026-07-05 10:55,2026-07-05 11:23
5623,52,2371,2026-07-27 02:43,NULL
5624,89,2910,2026-07-12 02:44,2026-07-12 03:51
5625,18,2079,2026-07-08 21:57,2026-07-08 22:14
5626,86,6101,2026-07-29 21:21,2026-07-29 22:32
5627,24,5226,2026-07-29 02:51,2026-07-29 03:01
5628,3,844,2026-07-20 23:47,2026-07-21 00:59
5629,9,4254,2026-07-20 08:18,2026-07-20 08:38
5630,52,1605,2026-07-05 23:28,2026-07-06 01:20
5631,48,1178,2026-07-29 06:19,2026-07-29 08:10
5632,88,2513,2026-07-24 11:39,NULL
5633,90,8749,2026-07-15 12:29,2026-07-15 14:11
5634,61,2578,2026-07-27 23:04,2026-07-27 23:22
5635,9,903,2026-07-14 18:56,2026-07-14 20:00
5636,29,6136,2026-07-14 17:13,2026-07-14 17:50
5637,59,7306,2026-07-10 10:58,2026-07-10 12:49
5638,80,1745,2026-07-17 14:51,2026-07-17 15:24
5639,53,4639,2026-07-22 21:24,2026-07-22 21:57
5640,34,4024,2026-07-13 18:46,2026-07-13 20:32
5641,87,6676,2026-07-06 11:37,NULL
5642,95,1716,2026-07-18 13:19,2026-07-18 15:11
5643,79,8996,2026-07-29 03:38,2026-07-29 04:58
5644,82,9595,2026-07-19 12:39,NULL
5645,59,6437,2026-07-20 08:46,2026-07-20 09:37
5646,39,8346,2026-07-23 08:16,2026-07-23 08:48
5647,37,1080,2026-07-22 15:40,2026-07-22 15:51
5648,57,2413,2026-07-14 11:13,2026-07-14 11:52
5649,67,6315,2026-07-11 12:42,2026-07-11 14:38
5650,5,9530,2026-07-10 03:09,NULL
5651,24,5767,2026-07-29 04:56,2026-07-29 06:07
5652,64,4061,2026-07-01 17:04,2026-07-01 18:33
5653,80,6504,2026-07-26 02:03,2026-07-26 02:54
5654,61,8455,2026-07-24 21:24,2026-07-24 22:39
5655,65,459,2026-07-27 00:42,2026-07-27 01:26
5656,95,1144,2026-07-18 23:32,2026-07-19 00:46
5657,78,7714,2026-07-27 16:06,2026-07-27 16:24
5658,55,9283,2026-07-28 08:23,2026-07-28 10:00
5659,36,4059,2026-07-09 14:39,2026-07-09 16:34
5660,20,6156,2026-07-05 18:01,2026-07-05 18:19
5661,11,5047,2026-07-12 06:40,NULL
5662,50,5940,2026-07-07 04:27,2026-07-07 04:56
5663,66,687,2026-07-12 23:48,2026-07-13 00:07
5664,85,9653,2026-07-07 16:20,2026-07-07 17:49
5665,81,7910,2026-07-19 16:24,2026-07-19 17:47
5666,32,7304,2026-07-08 15:28,2026-07-08 15:43
5667,12,246,2026-07-02 05:00,2026-07-02 05:10
5668,18,6180,2026-07-10 14:29,2026-07-10 15:33
5669,92,4549,2026-07-21 12:26,2026-07-21 13:12
5670,25,7781,2026-07-13 23:18,NULL
5671,55,7883,2026-07-03 19:50,2026-07-03 21:38
5672,56,587,2026-07-15 03:12,2026-07-15 05:01
5673,10,682,2026-07-16 08:26,2026-07-16 08:47
5674,57,7016,2026-07-18 02:58,2026-07-18 03:55
5675,26,5830,2026-07-16 21:12,2026-07-16 21:41
5676,25,6729,2026-07-14 09:28,2026-07-14 10:17
5677,44,3325,2026-07-14 04:20,2026-07-14 05:12
5678,99,3999,2026-07-24 18:48,NULL
5679,50,7482,2026-07-30 09:23,2026-07-30 10:28
5680,100,5144,2026-07-04 08:46,2026-07-04 09:47
5681,86,2089,2026-07-04 20:19,2026-07-04 22:08
5682,87,6150,2026-07-26 03:56,2026-07-26 05:37
5683,14,1462,2026-07-15 22:35,2026-07-15 23:29
5684,56,6138,2026-07-09 22:14,2026-07-10 00:02
5685,30,7127,2026-07-02 12:10,2026-07-02 13:03
5686,50,2580,2026-07-10 11:50,2026-07-10 12:22
5687,1,5530,2026-07-30 08:57,2026-07-30 09:50
5688,78,5066,2026-07-20 04:13,2026-07-20 05:35
5689,22,7126,2026-07-16 20:58,2026-07-16 21:15
5690,60,782,2026-07-08 15:56,2026-07-08 17:18
5691,29,1299,2026-07-26 04:13,2026-07-26 05:36
5692,67,9122,2026-07-18 15:34,2026-07-18 16:03
5693,45,883,2026-07-11 19:29,2026-07-11 21:22
5694,100,4127,2026-07-16 23:31,NULL
5695,93,9827,2026-07-05 08:47,2026-07-05 10:33
5696,94,2025,2026-07-04 11:22,2026-07-04 12:09
5697,16,5670,2026-07-12 17:10,NULL
5698,68,7909,2026-07-25 16:50,2026-07-25 18:13
5699,13,998,2026-07-23 21:16,2026-07-23 21:32
5700,28,1216,2026-07-22 03:04,2026-07-22 03:53
5701,48,7590,2026-07-01 10:47,NULL
5702,91,6095,2026-07-21 13:21,2026-07-21 15:09
5703,45,2522,2026-07-25 07:19,2026-07-25 08:23
5704,57,2918,2026-07-09 06:08,2026-07-09 06:44
5705,77,5506,2026-07-02 12:31,NULL
5706,90,3005,2026-07-28 05:48,2026-07-28 06:04
5707,5,9754,2026-07-02 17:12,2026-07-02 17:24
5708,64,7126,2026-07-11 20:01,2026-07-11 21:04
5709,67,498,2026-07-12 12:03,2026-07-12 13:39
5710,14,2948,2026-07-21 13:06,2026-07-21 13:59
5711,75,7774,2026-07-25 06:25,2026-07-25 06:41
5712,30,7281,2026-07-02 12:57,2026-07-02 13:28
5713,22,8321,2026-07-22 20:20,2026-07-22 21:19
5714,57,7723,2026-07-20 20:06,2026-07-20 20:43
5715,57,1258,2026-07-12 12:11,NULL
5716,44,4757,2026-07-01 09:33,2026-07-01 10:03
5717,92,9234,2026-07-09 18:16,2026-07-09 19:41
5718,75,9903,2026-07-03 20:41,2026-07-03 21:00
5719,20,8702,2026-07-01 11:51,2026-07-01 13:16
5720,26,7469,2026-07-10 00:28,2026-07-10 00:56
5721,56,2445,2026-07-04 02:43,2026-07-04 03:43
5722,33,8332,2026-07-17 08:51,2026-07-17 09:51
5723,65,3326,2026-07-18 08:44,2026-07-18 09:45
5724,6,2625,2026-07-05 11:01,2026-07-05 11:30
5725,52,476,2026-07-02 06:39,NULL
5726,86,3019,2026-07-05 12:00,2026-07-05 12:28
5727,49,7135,2026-07-12 15:36,2026-07-12 17:14
5728,13,8637,2026-07-22 16:39,NULL
5729,4,7879,2026-07-18 02:02,2026-07-18 03:56
5730,12,542,2026-07-15 17:08,2026-07-15 17:50
5731,37,9110,2026-07-11 09:34,2026-07-11 11:29
5732,27,7493,2026-07-18 15:17,2026-07-18 16:35
5733,28,1630,2026-07-26 22:52,2026-07-27 00:00
5734,81,9499,2026-07-06 06:30,2026-07-06 07:13
5735,36,329,2026-07-06 20:00,2026-07-06 21:02
5736,72,3591,2026-07-17 04:48,2026-07-17 05:46
5737,30,5562,2026-07-14 19:04,2026-07-14 21:00
5738,36,69,2026-07-15 15:09,2026-07-15 17:01
5739,60,2156,2026-07-04 20:45,2026-07-04 21:16
5740,11,5926,2026-07-06 21:43,2026-07-06 22:24
5741,85,1214,2026-07-23 18:37,NULL
5742,65,6128,2026-07-05 20:42,2026-07-05 22:09
5743,74,1106,2026-07-19 23:11,2026-07-20 01:11
5744,27,7481,2026-07-30 10:29,2026-07-30 12:19
5745,12,6501,2026-07-02 06:27,2026-07-02 07:42
5746,69,7891,2026-07-25 01:54,2026-07-25 03:12
5747,7,6969,2026-07-07 06:49,2026-07-07 08:31
5748,52,9695,2026-07-13 09:13,2026-07-13 10:29
5749,49,8631,2026-07-21 07:12,2026-07-21 07:25
5750,38,4859,2026-07-09 13:33,NULL
5751,54,7211,2026-07-07 14:10,2026-07-07 14:36
5752,84,502,2026-07-10 11:04,NULL
5753,65,417,2026-07-14 16:41,2026-07-14 17:38
5754,72,7141,2026-07-19 19:15,2026-07-19 20:56
5755,85,7463,2026-07-25 14:18,2026-07-25 14:30
5756,83,4339,2026-07-14 19:24,2026-07-14 19:57
5757,23,8248,2026-07-22 03:37,2026-07-22 05:04
5758,67,5658,2026-07-01 08:26,2026-07-01 08:47
5759,96,8886,2026-07-17 06:35,2026-07-17 07:05
5760,23,9246,2026-07-06 02:51,2026-07-06 03:20
5761,15,4476,2026-07-21 17:28,2026-07-21 19:15
5762,41,4122,2026-07-12 08:31,2026-07-12 08:41
5763,80,6213,2026-07-30 06:30,2026-07-30 06:44
5764,19,7489,2026-07-24 09:06,2026-07-24 09:55
5765,27,7667,2026-07-22 06:50,2026-07-22 07:15
5766,13,2709,2026-07-28 21:06,2026-07-28 22:25
5767,2,9782,2026-07-18 21:44,2026-07-18 22:29
5768,85,7810,2026-07-07 17:12,2026-07-07 17:50
5769,46,2772,2026-07-11 21:01,NULL
5770,1,6191,2026-07-27 04:29,2026-07-27 04:48
5771,97,931,2026-07-27 13:42,2026-07-27 14:19
5772,94,6209,2026-07-07 12:51,2026-07-07 14:28
5773,99,6212,2026-07-11 16:03,2026-07-11 16:34
5774,56,9689,2026-07-14 22:05,2026-07-15 00:03
5775,100,9623,2026-07-20 04:31,2026-07-20 05:22
5776,8,7535,2026-07-14 07:10,2026-07-14 08:53
5777,38,6280,2026-07-10 13:33,2026-07-10 13:43
5778,79,8008,2026-07-17 23:59,2026-07-18 01:03
5779,93,3205,2026-07-29 06:04,2026-07-29 07:26
5780,59,576,2026-07-01 16:53,2026-07-01 18:48
5781,89,7222,2026-07-07 05:57,2026-07-07 06:20
5782,83,5971,2026-07-16 13:52,2026-07-16 14:55
5783,28,963,2026-07-11 23:59,2026-07-12 00:15
5784,43,1500,2026-07-29 16:03,2026-07-29 17:10
5785,2,3261,2026-07-03 09:08,2026-07-03 10:20
5786,77,4133,2026-07-28 03:06,2026-07-28 04:17
5787,80,1744,2026-07-04 19:35,2026-07-04 20:15
5788,25,6031,2026-07-01 14:03,2026-07-01 15:09
5789,49,3109,2026-07-17 17:04,2026-07-17 18:46
5790,38,8852,2026-07-10 20:21,NULL
5791,4,7099,2026-07-18 13:05,2026-07-18 13:25
5792,7,1343,2026-07-03 14:23,2026-07-03 15:12
5793,5,9646,2026-07-16 23:21,2026-07-17 01:11
5794,2,1397,2026-07-10 06:38,2026-07-10 07:16
5795,9,1759,2026-07-13 20:25,2026-07-13 20:57
5796,13,8558,2026-07-12 12:09,2026-07-12 14:05
5797,81,8214,2026-07-23 06:08,NULL
5798,15,2998,2026-07-06 11:58,2026-07-06 13:26
5799,63,6143,2026-07-24 17:35,2026-07-24 19:16
5800,8,2133,2026-07-03 00:11,NULL
5801,35,9759,2026-07-24 23:18,NULL
5802,62,2926,2026-07-09 13:58,2026-07-09 15:34
5803,18,6449,2026-07-14 20:28,2026-07-14 21:41
5804,89,5078,2026-07-27 05:09,2026-07-27 06:26
5805,49,7176,2026-07-17 06:07,NULL
5806,89,8495,2026-07-05 20:56,2026-07-05 21:47
5807,78,668,2026-07-11 17:12,2026-07-11 18:26
5808,77,7024,2026-07-22 21:16,2026-07-22 22:37
5809,38,4977,2026-07-08 09:05,2026-07-08 10:44
5810,83,549,2026-07-21 18:36,2026-07-21 20:12
5811,52,912,2026-07-02 21:47,2026-07-02 23:35
5812,37,5247,2026-07-06 07:59,2026-07-06 09:12
5813,14,6578,2026-07-18 12:59,NULL
5814,19,3652,2026-07-24 07:47,2026-07-24 09:02
5815,70,7423,2026-07-16 08:44,NULL
5816,39,3776,2026-07-04 13:10,2026-07-04 14:37
5817,83,4717,2026-07-28 18:20,NULL
5818,58,6149,2026-07-06 02:20,2026-07-06 03:08
5819,74,4539,2026-07-08 04:49,2026-07-08 05:03
5820,99,2906,2026-07-09 09:46,2026-07-09 11:11
5821,51,2790,2026-07-03 18:15,2026-07-03 19:07
5822,47,7846,2026-07-29 02:01,2026-07-29 02:35
5823,53,1667,2026-07-26 00:33,2026-07-26 00:53
5824,92,2778,2026-07-09 09:24,NULL
5825,42,3015,2026-07-27 07:39,2026-07-27 08:03
5826,86,607,2026-07-12 21:51,2026-07-12 23:39
5827,72,1035,2026-07-16 14:05,2026-07-16 14:47
5828,28,3074,2026-07-08 05:43,2026-07-08 06:22
5829,42,7716,2026-07-23 03:37,2026-07-23 04:02
5830,88,3088,2026-07-26 23:03,2026-07-26 23:49
5831,44,8152,2026-07-29 22:00,NULL
5832,74,3395,2026-07-11 17:31,2026-07-11 18:12
5833,79,2959,2026-07-06 20:35,2026-07-06 20:59
5834,30,5378,2026-07-25 10:10,2026-07-25 11:45
5835,61,8152,2026-07-07 18:57,NULL
5836,22,6967,2026-07-10 19:39,2026-07-10 21:10
5837,4,4307,2026-07-15 07:09,2026-07-15 08:19
5838,36,7594,2026-07-20 21:19,2026-07-20 23:17
5839,13,1825,2026-07-17 06:37,NULL
5840,25,6284,2026-07-26 02:11,2026-07-26 04:02
5841,90,1166,2026-07-08 07:43,2026-07-08 09:41
5842,70,3936,2026-07-05 14:09,2026-07-05 15:18
5843,72,9701,2026-07-03 01:23,2026-07-03 01:40
5844,20,9938,2026-07-12 21:24,2026-07-12 22:05
5845,91,3905,2026-07-03 04:42,2026-07-03 05:49
5846,13,6863,2026-07-18 22:25,2026-07-18 23:03
5847,2,8628,2026-07-30 19:29,2026-07-30 21:02
5848,23,8506,2026-07-17 16:49,2026-07-17 18:01
5849,40,4086,2026-07-14 22:14,2026-07-14 23:19
5850,85,5317,2026-07-17 17:22,2026-07-17 17:33
5851,30,2010,2026-07-26 14:12,2026-07-26 15:55
5852,27,1842,2026-07-30 15:32,NULL
5853,8,6921,2026-07-23 00:51,2026-07-23 02:13
5854,40,7711,2026-07-08 01:04,2026-07-08 02:48
5855,17,8880,2026-07-04 20:33,2026-07-04 22:29
5856,23,8014,2026-07-12 23:19,NULL
5857,53,3381,2026-07-10 15:47,2026-07-10 16:21
5858,77,3175,2026-07-13 01:27,2026-07-13 03:10
5859,50,3879,2026-07-07 19:28,2026-07-07 19:55
5860,51,1103,2026-07-19 00:49,2026-07-19 02:09
5861,49,9548,2026-07-15 02:36,2026-07-15 03:38
5862,81,986,2026-07-27 17:19,2026-07-27 18:37
5863,34,4995,2026-07-21 13:38,2026-07-21 15:24
5864,62,1360,2026-07-10 17:39,2026-07-10 18:17
5865,69,2559,2026-07-29 06:41,2026-07-29 07:23
5866,29,8782,2026-07-26 22:55,NULL
5867,58,1665,2026-07-17 12:06,2026-07-17 13:58
5868,46,751,2026-07-05 23:31,2026-07-06 00:38
5869,24,6281,2026-07-10 05:48,2026-07-10 07:09
5870,87,9805,2026-07-27 13:54,2026-07-27 14:16
5871,33,9506,2026-07-21 09:24,NULL
5872,1,6815,2026-07-07 02:31,2026-07-07 04:27
5873,7,5045,2026-07-17 14:48,2026-07-17 15:01
5874,6,1294,2026-07-04 08:01,2026-07-04 09:43
5875,6,6845,2026-07-30 13:33,2026-07-30 14:07
5876,87,6629,2026-07-18 11:25,2026-07-18 12:18
5877,30,8304,2026-07-24 15:21,2026-07-24 16:35
5878,32,3059,2026-07-22 05:31,2026-07-22 06:59
5879,63,8880,2026-07-01 14:26,2026-07-01 15:42
5880,72,7710,2026-07-22 20:01,2026-07-22 20:23
5881,66,9836,2026-07-22 09:44,2026-07-22 11:02
5882,72,4964,2026-07-04 07:21,2026-07-04 08:45
5883,90,5104,2026-07-28 10:25,2026-07-28 11:24
5884,91,191,2026-07-15 06:56,2026-07-15 08:42
5885,12,9352,2026-07-08 14:22,2026-07-08 14:35
5886,55,1666,2026-07-05 21:02,2026-07-05 21:36
5887,29,1161,2026-07-21 16:12,2026-07-21 17:30
5888,31,5815,2026-07-28 04:48,2026-07-28 06:14
5889,46,3777,2026-07-26 05:58,NULL
5890,28,6034,2026-07-21 07:48,2026-07-21 08:15
5891,31,1715,2026-07-14 23:05,NULL
5892,23,4983,2026-07-03 06:58,2026-07-03 07:47
5893,16,2462,2026-07-14 11:00,2026-07-14 13:00
5894,42,7910,2026-07-26 19:55,2026-07-26 21:40
5895,1,3701,2026-07-04 17:05,2026-07-04 17:42
5896,18,4716,2026-07-20 04:40,2026-07-20 06:22
5897,48,2975,2026-07-01 16:56,2026-07-01 18:26
5898,85,1877,2026-07-23 17:08,2026-07-23 19:08
5899,67,6400,2026-07-21 11:36,2026-07-21 13:01
5900,1,7145,2026-07-20 09:39,2026-07-20 11:02
5901,2,1445,2026-07-16 19:30,2026-07-16 21:21
5902,46,4559,2026-07-30 02:16,2026-07-30 03:36
5903,92,9288,2026-07-22 22:12,2026-07-22 22:58
5904,86,8013,2026-07-22 09:25,2026-07-22 10:51
5905,99,8821,2026-07-26 04:53,2026-07-26 06:43
5906,81,2253,2026-07-15 23:09,2026-07-15 23:41
5907,44,1217,2026-07-08 05:31,2026-07-08 06:25
5908,30,8455,2026-07-26 22:17,2026-07-27 00:12
5909,9,632,2026-07-15 18:33,2026-07-15 20:01
5910,78,1618,2026-07-01 07:08,2026-07-01 07:34
5911,94,6490,2026-07-28 09:19,2026-07-28 10:55
5912,34,1611,2026-07-15 18:41,2026-07-15 20:34
5913,47,2788,2026-07-03 11:15,2026-07-03 12:08
5914,12,6819,2026-07-30 23:49,2026-07-31 00:27
5915,45,8396,2026-07-18 14:59,2026-07-18 16:46
5916,35,4995,2026-07-24 09:22,2026-07-24 09:59
5917,81,7626,2026-07-10 00:51,2026-07-10 01:25
5918,61,8731,2026-07-23 04:03,2026-07-23 04:36
5919,18,693,2026-07-06 02:55,2026-07-06 03:09
5920,55,3693,2026-07-17 03:48,2026-07-17 05:37
5921,30,6689,2026-07-19 16:51,2026-07-19 17:14
5922,26,4556,2026-07-22 11:26,2026-07-22 12:06
5923,8,3342,2026-07-20 00:27,2026-07-20 02:01
5924,61,4180,2026-07-05 00:04,2026-07-05 01:13
5925,9,6693,2026-07-03 19:49,2026-07-03 20:13
5926,71,5851,2026-07-07 15:48,2026-07-07 17:16
5927,47,2819,2026-07-08 17:48,2026-07-08 19:23
5928,62,661,2026-07-05 20:30,2026-07-05 20:57
5929,49,5493,2026-07-10 18:37,NULL
5930,68,8295,2026-07-15 07:02,2026-07-15 07:32
5931,91,1286,2026-07-01 19:18,2026-07-01 19:42
5932,66,2347,2026-07-08 02:46,2026-07-08 04:20
5933,84,7334,2026-07-03 05:22,2026-07-03 06:35
5934,3,9094,2026-07-04 08:21,2026-07-04 08:44
5935,16,6394,2026-07-23 14:33,2026-07-23 15:21
5936,59,8145,2026-07-07 21:43,2026-07-07 23:03
5937,13,4233,2026-07-30 16:43,2026-07-30 16:53
5938,31,3592,2026-07-02 16:19,2026-07-02 17:01
5939,53,3895,2026-07-05 17:13,2026-07-05 18:43
5940,84,1440,2026-07-19 08:28,2026-07-19 08:47
5941,10,924,2026-07-12 16:53,2026-07-12 18:48
5942,76,2480,2026-07-02 10:53,2026-07-02 11:40
5943,9,3859,2026-07-22 21:41,2026-07-22 22:35
5944,71,3426,2026-07-27 06:15,2026-07-27 08:10
5945,78,9280,2026-07-24 11:40,NULL
5946,58,3202,2026-07-03 03:48,2026-07-03 04:03
5947,44,2855,2026-07-08 07:13,2026-07-08 07:55
5948,47,5462,2026-07-14 19:32,2026-07-14 20:36
5949,34,1952,2026-07-23 00:17,2026-07-23 01:05
5950,61,9373,2026-07-15 04:14,2026-07-15 04:40
5951,65,2507,2026-07-21 19:56,2026-07-21 21:54
5952,20,7913,2026-07-28 09:50,NULL
5953,58,7378,2026-07-13 09:06,2026-07-13 10:08
5954,77,9640,2026-07-08 02:40,2026-07-08 03:12
5955,21,9351,2026-07-25 02:22,2026-07-25 04:01
5956,43,2365,2026-07-25 18:14,2026-07-25 19:35
5957,79,4430,2026-07-04 15:14,2026-07-04 17:08
5958,13,5132,2026-07-26 15:32,2026-07-26 15:55
5959,45,3470,2026-07-21 15:20,2026-07-21 17:14
5960,14,8330,2026-07-19 11:03,2026-07-19 12:36
5961,33,1598,2026-07-03 03:17,2026-07-03 03:51
5962,88,4698,2026-07-27 11:21,2026-07-27 12:01
5963,41,5084,2026-07-24 22:49,2026-07-24 23:38
5964,95,788,2026-07-14 20:30,2026-07-14 20:58
5965,6,7616,2026-07-21 23:32,NULL
5966,82,6436,2026-07-24 07:39,NULL
5967,25,9273,2026-07-14 05:44,2026-07-14 06:09
5968,68,8511,2026-07-07 12:21,2026-07-07 12:43
5969,14,1447,2026-07-01 16:29,2026-07-01 17:14
5970,51,321,2026-07-04 17:54,2026-07-04 19:19
5971,50,1465,2026-07-10 23:50,NULL
5972,97,5458,2026-07-25 22:37,2026-07-25 23:41
5973,68,6913,2026-07-16 22:47,2026-07-16 23:21
5974,99,4995,2026-07-24 09:09,2026-07-24 09:49
5975,83,9248,2026-07-12 01:06,2026-07-12 03:03
5976,48,3970,2026-07-01 19:45,2026-07-01 20:55
5977,70,2368,2026-07-10 19:57,2026-07-10 20:17
5978,56,6988,2026-07-26 12:28,2026-07-26 13:44
5979,83,5670,2026-07-07 11:58,2026-07-07 12:21
5980,65,386,2026-07-13 10:46,2026-07-13 11:32
5981,25,8766,2026-07-04 05:42,2026-07-04 07:17
5982,33,3166,2026-07-20 19:28,2026-07-20 21:02
5983,25,1972,2026-07-08 17:55,2026-07-08 18:39
5984,87,1237,2026-07-27 16:46,2026-07-27 17:51
5985,89,3406,2026-07-14 00:46,NULL
5986,32,9952,2026-07-15 23:05,2026-07-15 23:50
5987,62,3902,2026-07-16 21:05,2026-07-16 22:55
5988,36,4402,2026-07-22 03:18,2026-07-22 04:41
5989,81,3428,2026-07-28 13:32,NULL
5990,99,9767,2026-07-01 19:49,2026-07-01 21:47
5991,39,4839,2026-07-15 01:22,2026-07-15 03:11
5992,83,4357,2026-07-14 10:06,2026-07-14 10:20
5993,13,5454,2026-07-09 23:25,2026-07-10 00:15
5994,71,4524,2026-07-26 17:23,NULL
5995,67,4076,2026-07-16 21:36,2026-07-16 21:56
5996,2,3374,2026-07-21 15:57,2026-07-21 17:54
5997,87,9373,2026-07-02 23:52,2026-07-03 01:28
5998,17,5266,2026-07-05 12:44,NULL
5999,91,527,2026-07-28 00:45,2026-07-28 01:00
6000,66,1925,2026-07-07 16:28,2026-07-07 18:22
6001,20,5554,2026-07-03 11:48,2026-07-03 12:25
6002,63,8324,2026-07-22 08:57,2026-07-22 10:28
6003,49,4982,2026-07-30 12:07,2026-07-30 13:51
6004,28,4676,2026-07-08 16:10,2026-07-08 18:01
6005,96,3306,2026-07-28 06:35,2026-07-28 08:25
6006,26,861,2026-07-12 19:30,2026-07-12 19:55
6007,43,5337,2026-07-24 11:43,2026-07-24 12:28
6008,69,1717,2026-07-19 19:35,2026-07-19 20:47
6009,39,5707,2026-07-15 22:20,2026-07-15 23:28
6010,63,791,2026-07-02 23:49,2026-07-03 01:29
6011,52,5380,2026-07-22 22:29,2026-07-22 22:45
6012,38,189,2026-07-17 18:02,2026-07-17 19:02
6013,16,5245,2026-07-13 23:43,2026-07-14 01:26
6014,47,6479,2026-07-10 05:23,2026-07-10 05:58
6015,86,4430,2026-07-29 03:44,2026-07-29 05:23
6016,40,7608,2026-07-19 23:02,2026-07-20 00:54
6017,39,6032,2026-07-16 03:16,2026-07-16 03:42
6018,55,2223,2026-07-16 01:20,2026-07-16 03:05
6019,94,6275,2026-07-14 21:52,2026-07-14 23:11
6020,64,9388,2026-07-05 18:20,NULL
6021,24,3130,2026-07-15 15:30,2026-07-15 17:18
6022,29,2850,2026-07-09 03:32,2026-07-09 05:32
6023,63,4776,2026-07-03 14:12,2026-07-03 16:03
6024,41,9650,2026-07-15 04:28,2026-07-15 05:49
6025,66,7139,2026-07-16 15:10,NULL
6026,30,2598,2026-07-25 12:13,2026-07-25 13:34
6027,49,4535,2026-07-27 08:10,2026-07-27 10:00
6028,11,3286,2026-07-18 17:41,2026-07-18 17:56
6029,22,2925,2026-07-14 13:25,2026-07-14 14:08
6030,16,3153,2026-07-12 04:43,2026-07-12 05:27
6031,78,4651,2026-07-17 09:29,NULL
6032,62,5624,2026-07-28 08:44,2026-07-28 09:15
6033,46,9144,2026-07-05 07:12,2026-07-05 09:06
6034,39,6903,2026-07-22 22:55,2026-07-23 00:30
6035,65,5990,2026-07-05 14:55,2026-07-05 15:18
6036,82,5105,2026-07-01 18:49,2026-07-01 20:17
6037,74,3679,2026-07-09 12:36,2026-07-09 13:08
6038,25,5950,2026-07-10 06:03,2026-07-10 06:38
6039,100,4122,2026-07-10 08:49,2026-07-10 10:07
6040,95,7089,2026-07-04 22:56,2026-07-04 23:32
6041,12,8209,2026-07-04 01:08,2026-07-04 03:07
6042,45,593,2026-07-06 13:48,2026-07-06 14:25
6043,52,8885,2026-07-26 21:18,2026-07-26 22:38
6044,55,8116,2026-07-04 21:10,2026-07-04 22:47
6045,21,6084,2026-07-12 21:53,2026-07-12 23:40
6046,51,4372,2026-07-16 17:43,2026-07-16 19:32
6047,62,3927,2026-07-07 01:38,2026-07-07 02:07
6048,28,8428,2026-07-05 15:18,2026-07-05 15:57
6049,22,6646,2026-07-11 02:20,2026-07-11 03:38
6050,73,1107,2026-07-18 03:31,NULL
6051,62,3336,2026-07-17 07:52,2026-07-17 08:44
6052,53,9376,2026-07-30 04:54,2026-07-30 05:04
6053,86,6622,2026-07-12 21:01,2026-07-12 21:21
6054,15,7472,2026-07-07 12:39,2026-07-07 14:27
6055,69,5034,2026-07-10 02:14,2026-07-10 03:12
6056,72,3514,2026-07-07 05:48,2026-07-07 07:43
6057,48,4927,2026-07-22 09:19,2026-07-22 10:44
6058,46,3406,2026-07-25 10:44,2026-07-25 12:27
6059,47,8623,2026-07-19 23:43,2026-07-20 01:24
6060,94,4822,2026-07-25 16:55,NULL
6061,32,7878,2026-07-08 00:23,NULL
6062,14,168,2026-07-13 18:35,2026-07-13 19:36
6063,7,8372,2026-07-12 22:51,2026-07-12 23:29
6064,68,3268,2026-07-16 06:30,2026-07-16 07:15
6065,97,3871,2026-07-30 06:09,2026-07-30 06:21
6066,26,4115,2026-07-11 06:41,2026-07-11 07:23
6067,55,5030,2026-07-16 10:57,2026-07-16 12:17
6068,92,9565,2026-07-04 15:12,2026-07-04 16:20
6069,90,4865,2026-07-19 14:50,NULL
6070,86,3377,2026-07-20 00:05,NULL
6071,32,5522,2026-07-18 20:29,2026-07-18 21:00
6072,44,6100,2026-07-18 14:15,2026-07-18 15:33
6073,90,5806,2026-07-08 10:40,2026-07-08 11:07
6074,69,8529,2026-07-16 06:42,2026-07-16 06:59
6075,45,3418,2026-07-29 22:43,NULL
6076,16,53,2026-07-26 01:39,2026-07-26 03:08
6077,31,3655,2026-07-24 09:42,2026-07-24 10:52
6078,33,6986,2026-07-03 17:03,2026-07-03 17:26
6079,60,6527,2026-07-18 13:56,2026-07-18 15:31
6080,69,814,2026-07-29 14:24,2026-07-29 16:22
6081,49,6530,2026-07-05 17:29,2026-07-05 18:28
6082,30,5207,2026-07-04 22:38,2026-07-04 23:14
6083,13,9885,2026-07-08 07:13,2026-07-08 08:09
6084,53,6946,2026-07-26 00:42,2026-07-26 02:15
6085,42,396,2026-07-20 20:22,2026-07-20 22:05
6086,88,6606,2026-07-07 14:45,2026-07-07 15:28
6087,45,2268,2026-07-25 11:36,2026-07-25 12:39
6088,65,7223,2026-07-13 17:58,2026-07-13 19:11
6089,15,928,2026-07-18 19:50,NULL
6090,94,1682,2026-07-01 04:48,2026-07-01 05:33
6091,74,4123,2026-07-10 11:19,2026-07-10 12:15
6092,37,4496,2026-07-03 17:35,2026-07-03 17:53
6093,12,447,2026-07-28 16:15,2026-07-28 17:42
6094,58,3641,2026-07-06 01:40,2026-07-06 03:21
6095,42,2945,2026-07-22 13:28,2026-07-22 13:49
6096,15,308,2026-07-14 11:47,2026-07-14 13:04
6097,57,6949,2026-07-19 04:27,2026-07-19 06:10
6098,85,654,2026-07-27 02:06,2026-07-27 03:39
6099,75,5589,2026-07-19 09:37,2026-07-19 10:26
6100,7,696,2026-07-14 10:45,NULL
6101,51,7692,2026-07-18 09:08,NULL
6102,29,3633,2026-07-05 18:59,2026-07-05 19:11
6103,51,2775,2026-07-04 06:55,2026-07-04 07:19
6104,26,8100,2026-07-29 17:49,2026-07-29 18:03
6105,65,1086,2026-07-11 14:39,NULL
6106,25,8078,2026-07-23 15:44,2026-07-23 16:37
6107,36,7002,2026-07-19 10:44,2026-07-19 12:23
6108,71,4464,2026-07-12 13:04,2026-07-12 13:22
6109,42,9702,2026-07-07 15:44,2026-07-07 17:40
6110,41,3440,2026-07-20 12:39,2026-07-20 13:47
6111,40,3380,2026-07-28 21:39,2026-07-28 23:04
6112,57,8889,2026-07-10 10:21,2026-07-10 11:18
6113,99,7951,2026-07-16 21:02,2026-07-16 23:01
6114,52,7927,2026-07-06 11:49,2026-07-06 13:00
6115,80,6934,2026-07-17 10:50,2026-07-17 11:13
6116,72,2461,2026-07-26 19:08,2026-07-26 20:39
6117,29,1350,2026-07-04 07:23,2026-07-04 08:03
6118,88,256,2026-07-14 03:33,2026-07-14 04:20
6119,20,9019,2026-07-17 12:06,2026-07-17 12:22
6120,18,6121,2026-07-15 00:47,2026-07-15 02:35
6121,6,32,2026-07-29 04:31,NULL
6122,65,3260,2026-07-23 08:50,2026-07-23 10:16
6123,31,1221,2026-07-19 08:29,2026-07-19 08:42
6124,93,3923,2026-07-01 11:50,2026-07-01 13:40
6125,6,8727,2026-07-07 20:58,2026-07-07 22:20
6126,42,7688,2026-07-06 23:07,2026-07-06 23:39
6127,1,8761,2026-07-13 01:19,2026-07-13 01:58
6128,76,8531,2026-07-02 08:31,2026-07-02 09:46
6129,61,2631,2026-07-06 08:47,2026-07-06 10:47
6130,34,6749,2026-07-29 15:22,2026-07-29 15:56
6131,72,1919,2026-07-10 03:34,2026-07-10 03:48
6132,76,5652,2026-07-06 07:25,2026-07-06 07:55
6133,23,7292,2026-07-16 20:48,2026-07-16 21:28
6134,21,8381,2026-07-19 23:12,2026-07-20 00:30
6135,38,3861,2026-07-19 08:08,2026-07-19 09:05
6136,39,1116,2026-07-18 14:02,2026-07-18 14:36
6137,5,3011,2026-07-02 01:53,2026-07-02 03:46
6138,95,5730,2026-07-26 16:29,2026-07-26 16:56
6139,58,6414,2026-07-05 10:00,2026-07-05 11:39
6140,30,6392,2026-07-16 04:34,2026-07-16 04:45
6141,94,669,2026-07-17 17:50,2026-07-17 19:48
6142,7,4261,2026-07-30 18:24,2026-07-30 19:46
6143,9,4157,2026-07-12 21:41,2026-07-12 23:36
6144,28,4696,2026-07-14 03:35,NULL
6145,39,4446,2026-07-29 14:37,2026-07-29 15:13
6146,16,8369,2026-07-08 04:26,2026-07-08 05:11
6147,87,892,2026-07-01 18:49,2026-07-01 20:24
6148,54,4084,2026-07-08 18:33,2026-07-08 19:01
6149,9,2183,2026-07-25 01:51,2026-07-25 03:50
6150,66,9233,2026-07-07 08:03,2026-07-07 09:48
6151,54,45,2026-07-22 11:17,2026-07-22 11:54
6152,46,8769,2026-07-06 13:56,2026-07-06 15:29
6153,68,6692,2026-07-26 02:08,2026-07-26 03:58
6154,23,6943,2026-07-19 04:54,2026-07-19 05:22
6155,43,9082,2026-07-28 23:33,2026-07-29 01:12
6156,89,8759,2026-07-18 01:22,2026-07-18 02:06
6157,27,8407,2026-07-15 10:40,2026-07-15 12:03
6158,46,8583,2026-07-29 21:21,NULL
6159,37,4515,2026-07-01 09:19,2026-07-01 10:03
6160,63,8658,2026-07-06 07:56,2026-07-06 08:13
6161,70,1017,2026-07-02 00:43,2026-07-02 01:59
6162,17,6599,2026-07-11 04:28,2026-07-11 04:48
6163,21,6587,2026-07-26 18:03,2026-07-26 19:47
6164,9,2318,2026-07-14 18:53,2026-07-14 19:21
6165,35,3260,2026-07-12 18:37,2026-07-12 20:04
6166,19,1624,2026-07-07 14:40,2026-07-07 14:51
6167,53,5699,2026-07-12 20:37,2026-07-12 21:04
6168,51,2444,2026-07-21 21:42,2026-07-21 23:01
6169,68,8898,2026-07-09 00:57,NULL
6170,24,4607,2026-07-04 00:26,NULL
6171,63,2884,2026-07-04 19:03,2026-07-04 19:59
6172,31,2870,2026-07-28 13:39,2026-07-28 14:07
6173,61,8836,2026-07-12 23:30,2026-07-12 23:55
6174,97,7925,2026-07-24 01:36,2026-07-24 03:30
6175,77,533,2026-07-11 12:33,2026-07-11 14:27
6176,81,9975,2026-07-21 11:31,2026-07-21 13:11
6177,24,751,2026-07-19 16:30,2026-07-19 17:49
6178,4,3700,2026-07-25 04:50,2026-07-25 05:47
6179,68,6611,2026-07-20 09:42,2026-07-20 10:00
6180,73,6794,2026-07-24 09:05,2026-07-24 10:58
6181,39,8312,2026-07-10 19:16,2026-07-10 20:51
6182,96,7268,2026-07-18 14:12,2026-07-18 14:38
6183,51,4760,2026-07-03 00:24,2026-07-03 01:24
6184,9,2695,2026-07-29 16:43,NULL
6185,64,3630,2026-07-27 22:30,2026-07-27 23:43
6186,1,477,2026-07-04 11:36,2026-07-04 12:32
6187,36,6834,2026-07-04 11:17,2026-07-04 12:02
6188,90,4384,2026-07-26 20:31,2026-07-26 22:02
6189,27,1636,2026-07-12 14:08,2026-07-12 14:27
6190,9,9216,2026-07-02 07:11,2026-07-02 08:51
6191,45,5695,2026-07-04 19:53,2026-07-04 21:26
6192,99,1261,2026-07-11 09:45,2026-07-11 09:56
6193,77,3402,2026-07-01 15:34,2026-07-01 16:34
6194,9,4291,2026-07-10 04:30,2026-07-10 05:58
6195,92,9311,2026-07-12 19:57,2026-07-12 20:20
6196,99,647,2026-07-02 00:54,2026-07-02 02:16
6197,78,509,2026-07-24 08:36,2026-07-24 09:36
6198,19,8282,2026-07-16 12:58,2026-07-16 13:30
6199,58,4063,2026-07-15 21:00,NULL
6200,50,6336,2026-07-21 10:23,2026-07-21 10:56
6201,71,278,2026-07-28 20:22,2026-07-28 21:53
6202,84,2460,2026-07-14 04:49,2026-07-14 06:28
6203,71,7268,2026-07-23 22:05,2026-07-23 22:20
6204,91,1180,2026-07-11 19:20,2026-07-11 19:34
6205,35,9343,2026-07-01 10:14,NULL
6206,37,4570,2026-07-23 22:24,2026-07-23 23:39
6207,67,3794,2026-07-22 17:16,2026-07-22 18:12
6208,3,7469,2026-07-21 15:48,2026-07-21 17:04
6209,8,252,2026-07-01 15:01,2026-07-01 16:54
6210,50,5895,2026-07-12 08:23,2026-07-12 08:47
6211,60,3724,2026-07-26 17:49,2026-07-26 18:47
6212,21,7489,2026-07-20 02:47,2026-07-20 04:42
6213,55,2188,2026-07-11 20:42,2026-07-11 21:10
6214,20,938,2026-07-15 06:05,2026-07-15 07:21
6215,73,8764,2026-07-19 14:57,2026-07-19 15:12
6216,32,1467,2026-07-18 20:51,2026-07-18 21:57
6217,55,3094,2026-07-12 08:47,NULL
6218,31,1455,2026-07-29 03:18,2026-07-29 04:49
6219,34,1061,2026-07-25 02:28,2026-07-25 03:44
6220,29,8813,2026-07-30 16:32,2026-07-30 17:57
6221,47,1539,2026-07-19 20:33,2026-07-19 21:47
6222,9,7995,2026-07-10 02:13,NULL
6223,46,477,2026-07-13 04:50,2026-07-13 06:05
6224,31,8005,2026-07-20 01:12,2026-07-20 02:08
6225,21,3613,2026-07-08 08:09,2026-07-08 08:53
6226,77,5112,2026-07-17 15:14,2026-07-17 15:44
6227,83,9629,2026-07-17 07:02,2026-07-17 08:09
6228,55,8949,2026-07-02 17:39,NULL
6229,42,900,2026-07-03 07:31,2026-07-03 07:48
6230,40,4410,2026-07-23 16:18,2026-07-23 17:40
6231,94,6341,2026-07-02 18:41,2026-07-02 19:25
6232,77,5109,2026-07-14 07:51,2026-07-14 09:48
6233,70,4091,2026-07-21 15:39,2026-07-21 16:47
6234,40,6398,2026-07-21 11:21,2026-07-21 12:40
6235,99,2254,2026-07-08 07:38,NULL
6236,84,737,2026-07-15 00:47,2026-07-15 02:43
6237,63,3481,2026-07-07 21:13,2026-07-07 22:35
6238,58,67,2026-07-20 06:58,2026-07-20 08:13
6239,60,8724,2026-07-24 03:46,2026-07-24 04:43
6240,78,8761,2026-07-24 04:45,2026-07-24 05:32
6241,20,3405,2026-07-25 11:38,NULL
6242,2,3040,2026-07-07 13:39,2026-07-07 13:56
6243,70,95,2026-07-26 18:51,2026-07-26 19:51
6244,21,450,2026-07-05 11:04,2026-07-05 12:05
6245,65,2766,2026-07-24 07:35,2026-07-24 08:23
6246,85,5446,2026-07-12 14:40,2026-07-12 15:49
6247,1,4722,2026-07-03 04:11,2026-07-03 06:06
6248,37,3236,2026-07-07 22:56,2026-07-08 00:02
6249,93,3288,2026-07-25 09:18,2026-07-25 11:02
6250,64,6165,2026-07-09 08:17,2026-07-09 09:03
6251,14,4687,2026-07-29 09:00,2026-07-29 09:30
6252,70,9563,2026-07-16 17:46,2026-07-16 18:00
6253,96,6740,2026-07-26 12:53,2026-07-26 14:14
6254,71,5250,2026-07-21 22:11,2026-07-21 22:27
6255,65,6981,2026-07-30 20:50,2026-07-30 22:13
6256,84,8807,2026-07-22 18:14,2026-07-22 19:10
6257,34,1728,2026-07-30 10:30,NULL
6258,98,8513,2026-07-16 17:14,2026-07-16 18:13
6259,54,7012,2026-07-11 16:14,2026-07-11 16:53
6260,30,7046,2026-07-30 23:34,NULL
6261,9,1660,2026-07-16 01:51,2026-07-16 02:03
6262,36,1894,2026-07-14 03:13,2026-07-14 03:24
6263,38,4215,2026-07-29 02:29,2026-07-29 03:17
6264,56,3748,2026-07-05 14:17,2026-07-05 15:12
6265,96,2640,2026-07-26 19:47,2026-07-26 20:52
6266,92,6482,2026-07-21 20:02,2026-07-21 20:19
6267,99,2060,2026-07-28 22:03,2026-07-28 23:58
6268,26,4800,2026-07-15 21:26,NULL
6269,39,9676,2026-07-02 10:36,2026-07-02 12:18
6270,87,7890,2026-07-17 09:07,2026-07-17 11:04
6271,58,1019,2026-07-04 21:29,NULL
6272,12,5480,2026-07-09 22:28,2026-07-09 23:37
6273,63,434,2026-07-25 11:27,2026-07-25 13:17
6274,53,300,2026-07-04 16:31,2026-07-04 16:59
6275,2,2026,2026-07-20 02:02,2026-07-20 02:40
6276,95,6256,2026-07-06 09:41,2026-07-06 11:12
6277,67,4334,2026-07-24 14:41,2026-07-24 16:03
6278,77,2337,2026-07-29 01:26,NULL
6279,87,804,2026-07-23 16:23,2026-07-23 16:36
6280,81,5324,2026-07-06 13:43,2026-07-06 15:33
6281,30,6442,2026-07-20 22:14,2026-07-20 22:49
6282,6,7528,2026-07-03 12:09,2026-07-03 13:43
6283,24,7170,2026-07-08 20:27,2026-07-08 21:34
6284,48,8136,2026-07-26 02:54,2026-07-26 03:43
6285,66,6705,2026-07-15 00:30,2026-07-15 01:05
6286,83,9813,2026-07-08 23:38,2026-07-09 00:07
6287,87,1072,2026-07-23 00:49,2026-07-23 02:03
6288,27,8284,2026-07-29 05:24,NULL
6289,66,458,2026-07-17 20:02,2026-07-17 20:58
6290,33,7456,2026-07-02 21:54,2026-07-02 23:28
6291,18,2818,2026-07-10 05:19,2026-07-10 06:57
6292,87,4652,2026-07-20 06:21,2026-07-20 07:36
6293,29,2432,2026-07-10 06:01,2026-07-10 06:49
6294,6,7024,2026-07-19 06:04,2026-07-19 06:32
6295,44,3002,2026-07-10 10:16,2026-07-10 11:50
6296,74,2221,2026-07-02 23:03,2026-07-02 23:54
6297,55,5625,2026-07-05 01:39,2026-07-05 01:54
6298,56,1610,2026-07-24 12:54,2026-07-24 13:48
6299,95,9206,2026-07-04 17:02,2026-07-04 17:25
6300,38,1262,2026-07-20 06:40,2026-07-20 07:28
6301,51,6165,2026-07-01 13:55,NULL
6302,41,9658,2026-07-26 23:43,2026-07-27 00:40
6303,19,7676,2026-07-27 07:47,2026-07-27 08:48
6304,31,2473,2026-07-06 19:28,NULL
6305,52,473,2026-07-17 19:48,2026-07-17 21:39
6306,96,5505,2026-07-25 00:16,2026-07-25 01:45
6307,54,7934,2026-07-19 01:59,2026-07-19 03:17
6308,59,9554,2026-07-05 19:09,2026-07-05 20:34
6309,99,6883,2026-07-24 05:29,2026-07-24 05:58
6310,35,7872,2026-07-02 03:24,NULL
6311,40,4864,2026-07-06 21:05,2026-07-06 22:14
6312,29,5524,2026-07-21 14:22,2026-07-21 14:48
6313,9,1580,2026-07-19 02:33,2026-07-19 04:08
6314,51,6112,2026-07-23 17:34,2026-07-23 18:05
6315,32,2753,2026-07-23 20:19,2026-07-23 20:56
6316,87,3509,2026-07-28 19:19,2026-07-28 20:30
6317,93,654,2026-07-13 15:02,2026-07-13 16:08
6318,6,9345,2026-07-23 08:57,2026-07-23 10:39
6319,6,1655,2026-07-16 15:08,2026-07-16 16:31
6320,4,8984,2026-07-25 12:06,2026-07-25 13:58
6321,24,2733,2026-07-05 06:55,NULL
6322,67,764,2026-07-01 02:15,2026-07-01 03:29
6323,80,9669,2026-07-17 05:43,2026-07-17 07:04
6324,14,4563,2026-07-26 17:27,2026-07-26 18:48
6325,41,7924,2026-07-21 05:11,NULL
6326,45,9461,2026-07-14 12:28,2026-07-14 13:27
6327,31,8369,2026-07-07 11:01,2026-07-07 11:35
6328,10,3830,2026-07-18 21:09,2026-07-18 22:14
6329,43,8504,2026-07-19 14:48,2026-07-19 15:02
6330,20,1359,2026-07-30 21:50,NULL
6331,34,7951,2026-07-09 22:32,2026-07-09 23:26
6332,3,2080,2026-07-07 03:12,2026-07-07 04:41
6333,76,2486,2026-07-05 05:13,2026-07-05 06:50
6334,74,8483,2026-07-10 06:18,2026-07-10 06:32
6335,9,5919,2026-07-07 22:55,2026-07-07 23:06
6336,37,6310,2026-07-15 23:00,2026-07-16 00:11
6337,1,8602,2026-07-15 02:40,2026-07-15 04:26
6338,55,1168,2026-07-13 04:39,2026-07-13 06:00
6339,20,1423,2026-07-03 20:46,2026-07-03 22:07
6340,8,5604,2026-07-02 12:39,2026-07-02 14:03
6341,44,4527,2026-07-27 04:19,2026-07-27 06:14
6342,25,5643,2026-07-08 18:40,NULL
6343,100,2378,2026-07-23 13:28,2026-07-23 14:06
6344,87,8915,2026-07-28 13:04,2026-07-28 14:31
6345,80,4030,2026-07-14 06:05,2026-07-14 06:25
6346,42,7671,2026-07-22 13:45,2026-07-22 14:20
6347,99,2779,2026-07-23 08:12,2026-07-23 08:32
6348,56,828,2026-07-24 06:16,2026-07-24 07:52
6349,10,9860,2026-07-21 16:47,2026-07-21 18:25
6350,33,2212,2026-07-21 22:45,NULL
6351,95,4943,2026-07-29 05:57,2026-07-29 06:07
6352,40,5041,2026-07-02 05:23,2026-07-02 05:39
6353,62,680,2026-07-22 23:13,2026-07-22 23:54
6354,14,412,2026-07-19 00:54,2026-07-19 02:15
6355,31,3410,2026-07-17 02:02,2026-07-17 04:00
6356,80,4129,2026-07-02 00:45,2026-07-02 02:03
6357,32,2960,2026-07-08 09:40,2026-07-08 11:22
6358,82,8190,2026-07-29 22:24,2026-07-29 22:46
6359,58,955,2026-07-29 06:03,2026-07-29 06:25
6360,57,7967,2026-07-11 17:36,2026-07-11 18:38
6361,24,5679,2026-07-15 07:07,NULL
6362,20,7624,2026-07-12 06:04,2026-07-12 07:28
6363,29,5788,2026-07-26 09:41,2026-07-26 10:52
6364,67,6404,2026-07-24 00:04,2026-07-24 01:54
6365,4,784,2026-07-22 19:47,2026-07-22 21:08
6366,53,7727,2026-07-13 19:49,2026-07-13 20:41
6367,53,7246,2026-07-11 00:00,2026-07-11 01:09
6368,67,5866,2026-07-16 17:22,2026-07-16 18:25
6369,12,2578,2026-07-22 22:41,2026-07-22 23:14
6370,58,8244,2026-07-02 08:48,2026-07-02 10:26
6371,70,7284,2026-07-10 03:59,NULL
6372,71,652,2026-07-26 05:58,2026-07-26 06:27
6373,28,9300,2026-07-24 21:28,2026-07-24 23:25
6374,46,6601,2026-07-21 14:30,2026-07-21 16:21
6375,65,670,2026-07-15 12:42,2026-07-15 13:44
6376,14,1773,2026-07-17 09:28,2026-07-17 11:27
6377,32,8299,2026-07-23 13:24,2026-07-23 15:24
6378,69,7909,2026-07-16 03:43,2026-07-16 04:53
6379,6,3901,2026-07-07 23:51,2026-07-08 01:45
6380,71,3060,2026-07-29 12:02,2026-07-29 12:28
6381,53,5560,2026-07-02 13:55,2026-07-02 14:36
6382,78,6037,2026-07-20 02:56,2026-07-20 04:03
6383,25,3480,2026-07-10 13:43,2026-07-10 15:04
6384,85,4827,2026-07-20 05:48,2026-07-20 05:58
6385,82,1763,2026-07-02 05:46,2026-07-02 06:51
6386,75,396,2026-07-11 13:23,2026-07-11 15:02
6387,80,848,2026-07-07 08:37,2026-07-07 08:59
6388,67,1938,2026-07-16 23:48,2026-07-17 00:14
6389,46,4039,2026-07-04 23:47,NULL
6390,99,3297,2026-07-15 20:01,2026-07-15 20:28
6391,71,2415,2026-07-27 06:59,NULL
6392,59,1941,2026-07-04 10:58,2026-07-04 12:18
6393,52,1931,2026-07-03 17:44,2026-07-03 18:19
6394,78,359,2026-07-09 21:31,2026-07-09 22:17
6395,10,5821,2026-07-12 06:43,2026-07-12 07:15
6396,71,7956,2026-07-13 14:52,2026-07-13 16:25
6397,99,4172,2026-07-07 03:29,NULL
6398,9,1856,2026-07-17 16:31,2026-07-17 17:01
6399,81,145,2026-07-08 18:33,2026-07-08 19:10
6400,55,7088,2026-07-16 16:13,2026-07-16 18:08
6401,61,8841,2026-07-02 19:07,2026-07-02 19:29
6402,76,7802,2026-07-27 14:10,NULL
6403,41,5926,2026-07-12 02:30,2026-07-12 04:25
6404,95,5060,2026-07-20 09:58,2026-07-20 10:52
6405,40,3457,2026-07-17 03:18,2026-07-17 04:30
6406,52,5227,2026-07-18 16:57,2026-07-18 18:04
6407,23,67,2026-07-11 15:22,2026-07-11 16:22
6408,22,1562,2026-07-07 19:04,2026-07-07 20:31
6409,9,2604,2026-07-11 01:23,2026-07-11 02:57
6410,38,2897,2026-07-14 20:56,2026-07-14 22:54
6411,6,1924,2026-07-07 08:59,2026-07-07 09:41
6412,44,2965,2026-07-11 22:39,2026-07-11 23:11
6413,5,7784,2026-07-23 14:00,2026-07-23 14:12
6414,73,7720,2026-07-20 08:05,2026-07-20 09:10
6415,17,4003,2026-07-11 11:40,2026-07-11 13:12
6416,28,893,2026-07-30 15:00,2026-07-30 15:16
6417,69,3965,2026-07-13 10:01,2026-07-13 11:14
6418,47,2116,2026-07-20 16:26,NULL
6419,8,1164,2026-07-09 15:44,2026-07-09 16:25
6420,5,5892,2026-07-28 10:01,NULL
6421,9,6775,2026-07-27 09:10,2026-07-27 10:41
6422,39,1031,2026-07-08 22:08,2026-07-08 23:01
6423,32,906,2026-07-09 08:17,2026-07-09 10:13
6424,78,2370,2026-07-22 08:05,2026-07-22 08:17
6425,25,6843,2026-07-02 22:58,2026-07-03 00:42
6426,64,6256,2026-07-22 01:15,2026-07-22 02:00
6427,51,8950,2026-07-13 03:34,2026-07-13 04:35
6428,98,89,2026-07-09 04:17,2026-07-09 05:58
6429,43,8159,2026-07-23 00:56,2026-07-23 02:51
6430,83,601,2026-07-18 07:45,2026-07-18 08:21
6431,94,87,2026-07-14 11:13,2026-07-14 11:59
6432,55,6977,2026-07-10 04:21,2026-07-10 04:41
6433,68,5306,2026-07-19 06:40,2026-07-19 07:10
6434,26,5664,2026-07-09 23:55,2026-07-10 00:20
6435,22,3452,2026-07-10 23:33,2026-07-11 00:53
6436,7,3542,2026-07-03 12:24,2026-07-03 13:38
6437,64,2470,2026-07-23 10:14,NULL
6438,66,6573,2026-07-10 05:01,NULL
6439,14,6577,2026-07-12 14:50,2026-07-12 15:23
6440,63,6827,2026-07-27 02:57,2026-07-27 04:24
6441,65,3771,2026-07-11 09:49,2026-07-11 11:14
6442,81,8572,2026-07-14 12:19,2026-07-14 13:45
6443,46,3885,2026-07-24 21:51,2026-07-24 22:46
6444,81,4404,2026-07-27 04:35,2026-07-27 06:23
6445,77,7176,2026-07-28 02:23,2026-07-28 04:09
6446,20,5127,2026-07-06 07:21,2026-07-06 08:32
6447,91,8435,2026-07-01 16:48,NULL
6448,22,913,2026-07-24 01:05,2026-07-24 02:54
6449,15,3450,2026-07-11 22:36,2026-07-12 00:08
6450,47,3704,2026-07-24 01:50,2026-07-24 03:36
6451,83,3784,2026-07-25 00:28,2026-07-25 00:45
6452,97,6651,2026-07-20 07:12,2026-07-20 07:37
6453,58,5950,2026-07-12 13:55,2026-07-12 15:08
6454,40,9277,2026-07-28 06:48,2026-07-28 07:40
6455,35,1561,2026-07-14 02:56,2026-07-14 03:32
6456,7,755,2026-07-15 20:29,2026-07-15 20:46
6457,92,9930,2026-07-09 16:20,2026-07-09 16:59
6458,62,7706,2026-07-14 03:59,2026-07-14 05:55
6459,58,9847,2026-07-13 03:49,2026-07-13 05:38
6460,84,5618,2026-07-30 13:25,2026-07-30 14:06
6461,9,2991,2026-07-08 16:52,2026-07-08 18:47
6462,93,2513,2026-07-10 16:03,2026-07-10 16:21
6463,27,7009,2026-07-13 02:09,2026-07-13 03:43
6464,63,7998,2026-07-27 16:43,2026-07-27 17:49
6465,53,3449,2026-07-18 18:57,2026-07-18 19:24
6466,71,3998,2026-07-30 10:36,2026-07-30 11:30
6467,91,6188,2026-07-05 11:49,2026-07-05 12:36
6468,18,8127,2026-07-24 07:40,2026-07-24 07:53
6469,90,5086,2026-07-09 11:55,2026-07-09 12:25
6470,73,8845,2026-07-22 12:41,NULL
6471,93,1466,2026-07-26 08:03,NULL
6472,37,1535,2026-07-12 06:33,2026-07-12 08:29
6473,32,9081,2026-07-14 23:45,2026-07-15 00:44
6474,77,6431,2026-07-08 21:44,2026-07-08 22:35
6475,15,3345,2026-07-16 14:47,2026-07-16 16:34
6476,34,7004,2026-07-24 08:15,2026-07-24 09:54
6477,38,4188,2026-07-26 15:18,2026-07-26 15:39
6478,21,9903,2026-07-24 14:15,2026-07-24 14:58
6479,10,5283,2026-07-12 14:24,2026-07-12 14:34
6480,83,1068,2026-07-11 20:04,2026-07-11 20:16
6481,3,8049,2026-07-15 02:01,NULL
6482,32,3935,2026-07-10 14:11,NULL
6483,58,3309,2026-07-20 04:11,2026-07-20 05:06
6484,64,9199,2026-07-30 10:22,2026-07-30 10:36
6485,50,516,2026-07-19 23:55,2026-07-20 00:23
6486,32,9226,2026-07-18 05:18,NULL
6487,76,9855,2026-07-04 23:14,2026-07-04 23:50
6488,42,1720,2026-07-22 20:45,2026-07-22 21:07
6489,53,5911,2026-07-25 13:11,2026-07-25 13:43
6490,77,4306,2026-07-19 14:32,2026-07-19 16:24
6491,93,5731,2026-07-14 01:24,2026-07-14 02:24
6492,72,9905,2026-07-04 09:50,2026-07-04 11:10
6493,27,5934,2026-07-10 14:39,2026-07-10 16:14
6494,75,2282,2026-07-29 11:30,NULL
6495,20,6992,2026-07-19 09:06,NULL
6496,83,2081,2026-07-25 03:14,2026-07-25 04:39
6497,98,233,2026-07-15 04:04,2026-07-15 05:49
6498,73,5772,2026-07-22 18:14,2026-07-22 19:25
6499,71,6908,2026-07-27 09:17,2026-07-27 10:53
6500,4,5271,2026-07-13 02:05,2026-07-13 02:36
6501,15,9559,2026-07-12 12:47,2026-07-12 12:58
6502,7,3313,2026-07-25 18:29,2026-07-25 19:44
6503,98,934,2026-07-14 16:45,2026-07-14 18:29
6504,26,953,2026-07-30 15:52,2026-07-30 16:56
6505,97,1979,2026-07-12 05:40,2026-07-12 07:07
6506,18,9746,2026-07-28 12:18,2026-07-28 12:55
6507,94,716,2026-07-30 03:39,2026-07-30 05:15
6508,73,4072,2026-07-03 15:01,NULL
6509,40,9255,2026-07-28 00:23,2026-07-28 01:45
6510,19,6682,2026-07-26 23:36,2026-07-27 01:07
6511,48,4776,2026-07-11 01:23,2026-07-11 02:58
6512,4,1575,2026-07-04 08:20,2026-07-04 10:12
6513,35,8528,2026-07-02 21:31,2026-07-02 23:11
6514,90,3359,2026-07-24 05:41,2026-07-24 07:40
6515,43,3118,2026-07-11 18:59,2026-07-11 20:35
6516,72,2523,2026-07-11 00:33,2026-07-11 01:14
6517,76,8134,2026-07-30 03:31,2026-07-30 05:01
6518,46,7279,2026-07-05 22:50,2026-07-06 00:00
6519,55,5730,2026-07-07 04:37,2026-07-07 05:49
6520,78,7120,2026-07-30 09:33,2026-07-30 10:44
6521,74,9169,2026-07-02 13:26,2026-07-02 14:11
6522,30,7367,2026-07-01 03:50,2026-07-01 05:02
6523,45,7256,2026-07-06 09:52,2026-07-06 10:39
6524,80,1530,2026-07-25 09:14,2026-07-25 10:47
6525,88,8471,2026-07-01 08:33,2026-07-01 09:09
6526,90,5815,2026-07-24 23:38,2026-07-25 00:30
6527,86,1873,2026-07-25 08:41,2026-07-25 10:00
6528,27,831,2026-07-07 15:30,2026-07-07 16:46
6529,62,2511,2026-07-03 20:25,2026-07-03 21:12
6530,97,2531,2026-07-30 11:25,2026-07-30 12:29
6531,26,1390,2026-07-12 09:06,2026-07-12 10:48
6532,81,9457,2026-07-25 08:30,2026-07-25 09:55
6533,19,1778,2026-07-01 05:52,NULL
6534,71,1741,2026-07-16 06:17,2026-07-16 07:01
6535,19,5282,2026-07-15 04:28,2026-07-15 06:13
6536,30,9199,2026-07-21 06:48,2026-07-21 08:03
6537,32,2680,2026-07-08 17:13,2026-07-08 18:44
6538,72,4870,2026-07-21 19:29,2026-07-21 19:56
6539,19,7985,2026-07-26 13:27,2026-07-26 13:58
6540,19,213,2026-07-24 21:48,2026-07-24 22:23
6541,10,1062,2026-07-24 17:01,2026-07-24 18:27
6542,53,5822,2026-07-02 01:33,2026-07-02 03:09
6543,19,409,2026-07-23 21:58,2026-07-23 23:06
6544,93,8331,2026-07-14 13:27,2026-07-14 14:39
6545,49,4794,2026-07-06 22:44,2026-07-06 23:56
6546,32,2428,2026-07-27 11:10,2026-07-27 12:23
6547,6,194,2026-07-18 00:16,NULL
6548,35,8793,2026-07-10 14:18,2026-07-10 15:34
6549,8,4310,2026-07-05 17:38,2026-07-05 19:26
6550,90,6057,2026-07-16 21:01,2026-07-16 22:14
6551,71,2331,2026-07-06 12:51,2026-07-06 13:35
6552,63,5163,2026-07-18 02:00,2026-07-18 02:15
6553,62,5828,2026-07-18 18:25,2026-07-18 19:03
6554,65,4529,2026-07-03 11:29,2026-07-03 12:34
6555,69,1034,2026-07-09 18:58,2026-07-09 20:20
6556,38,9238,2026-07-06 06:50,2026-07-06 08:10
6557,80,9508,2026-07-09 09:54,2026-07-09 10:35
6558,33,3629,2026-07-12 13:29,2026-07-12 14:40
6559,96,4407,2026-07-27 13:37,2026-07-27 15:09
6560,90,6860,2026-07-15 05:51,2026-07-15 07:38
6561,29,8704,2026-07-24 04:23,2026-07-24 06:14
6562,60,2029,2026-07-17 08:45,2026-07-17 09:05
6563,35,95,2026-07-01 07:47,NULL
6564,78,8383,2026-07-28 14:39,2026-07-28 16:28
6565,89,4078,2026-07-17 19:41,2026-07-17 19:59
6566,9,6941,2026-07-12 23:12,2026-07-13 00:30
6567,45,8879,2026-07-04 18:38,NULL
6568,39,5060,2026-07-21 07:49,2026-07-21 08:40
6569,38,3782,2026-07-01 08:59,2026-07-01 09:58
6570,72,5823,2026-07-21 10:04,2026-07-21 11:22
6571,11,4079,2026-07-19 23:50,2026-07-20 01:30
6572,52,4840,2026-07-22 17:08,2026-07-22 18:07
6573,59,8391,2026-07-09 19:24,2026-07-09 20:24
6574,22,9297,2026-07-01 19:54,2026-07-01 20:14
6575,63,5087,2026-07-26 15:02,2026-07-26 16:50
6576,85,9675,2026-07-13 12:38,2026-07-13 14:13
6577,83,4030,2026-07-08 07:33,2026-07-08 08:39
6578,7,8343,2026-07-24 00:34,2026-07-24 00:58
6579,51,2151,2026-07-29 20:57,NULL
6580,7,333,2026-07-13 15:16,NULL
6581,65,3324,2026-07-05 23:15,2026-07-06 00:15
6582,66,2101,2026-07-01 11:53,2026-07-01 12:38
6583,62,9259,2026-07-26 05:27,2026-07-26 05:40
6584,95,6323,2026-07-01 11:53,2026-07-01 12:44
6585,64,4621,2026-07-16 14:08,2026-07-16 15:22
6586,98,2349,2026-07-10 10:44,NULL
6587,98,3382,2026-07-27 23:47,2026-07-28 00:26
6588,95,3020,2026-07-20 22:41,NULL
6589,82,8919,2026-07-16 09:23,2026-07-16 09:59
6590,80,8740,2026-07-18 08:28,2026-07-18 10:14
6591,5,7504,2026-07-07 22:11,2026-07-07 23:32
6592,21,3148,2026-07-18 14:42,2026-07-18 16:35
6593,49,5590,2026-07-07 22:04,NULL
6594,9,4249,2026-07-27 08:28,2026-07-27 09:42
6595,61,7681,2026-07-13 23:24,NULL
6596,67,1083,2026-07-24 11:07,2026-07-24 12:56
6597,64,8504,2026-07-10 02:52,2026-07-10 03:08
6598,27,6755,2026-07-08 18:02,2026-07-08 19:50
6599,57,1620,2026-07-14 22:32,2026-07-14 22:52
6600,74,461,2026-07-08 23:50,2026-07-09 00:47
6601,17,2500,2026-07-18 09:14,2026-07-18 09:35
6602,52,8384,2026-07-30 09:29,2026-07-30 10:07
6603,28,7947,2026-07-11 13:20,2026-07-11 14:04
6604,92,6108,2026-07-24 15:30,2026-07-24 17:04
6605,6,8150,2026-07-02 16:18,2026-07-02 17:21
6606,3,5291,2026-07-20 10:42,2026-07-20 12:21
6607,80,6726,2026-07-28 06:12,2026-07-28 07:31
6608,29,9234,2026-07-20 06:26,2026-07-20 06:47
6609,83,3146,2026-07-16 18:52,NULL
6610,45,199,2026-07-17 08:46,2026-07-17 09:28
6611,29,1066,2026-07-19 00:15,2026-07-19 00:39
6612,46,3288,2026-07-02 01:25,2026-07-02 01:51
6613,37,6099,2026-07-05 01:18,2026-07-05 02:39
6614,84,1014,2026-07-05 17:13,2026-07-05 18:05
6615,50,7824,2026-07-09 12:15,2026-07-09 14:11
6616,24,5830,2026-07-28 14:07,2026-07-28 14:18
6617,39,8340,2026-07-24 08:33,2026-07-24 09:18
6618,82,1375,2026-07-14 03:17,2026-07-14 05:10
6619,45,5970,2026-07-15 20:17,NULL
6620,93,2379,2026-07-22 18:50,2026-07-22 19:45
6621,53,1030,2026-07-21 23:27,2026-07-22 01:17
6622,39,2437,2026-07-29 23:24,2026-07-29 23:41
6623,77,3509,2026-07-20 06:08,2026-07-20 07:59
6624,56,4295,2026-07-13 01:15,2026-07-13 02:31
6625,32,3581,2026-07-21 12:57,2026-07-21 14:27
6626,5,7525,2026-07-26 22:03,2026-07-26 23:08
6627,93,2829,2026-07-23 10:41,NULL
6628,80,6184,2026-07-21 11:43,2026-07-21 12:25
6629,8,9221,2026-07-27 01:23,2026-07-27 02:36
6630,95,8056,2026-07-19 19:19,2026-07-19 21:05
6631,11,2417,2026-07-06 10:28,2026-07-06 11:22
6632,90,1885,2026-07-23 08:48,NULL
6633,42,7536,2026-07-12 06:13,2026-07-12 07:08
6634,46,7740,2026-07-26 10:18,2026-07-26 10:55
6635,55,847,2026-07-27 13:31,2026-07-27 15:12
6636,98,764,2026-07-25 05:16,2026-07-25 06:25
6637,81,972,2026-07-06 20:19,NULL
6638,17,4082,2026-07-04 08:45,2026-07-04 10:16
6639,84,6573,2026-07-02 03:09,NULL
6640,83,594,2026-07-26 00:30,2026-07-26 02:19
6641,86,1635,2026-07-04 03:09,2026-07-04 04:50
6642,76,6833,2026-07-06 23:50,2026-07-07 00:12
6643,28,5548,2026-07-08 15:12,2026-07-08 16:07
6644,62,9995,2026-07-21 08:39,2026-07-21 08:49
6645,99,9693,2026-07-11 15:14,2026-07-11 16:06
6646,38,5684,2026-07-16 20:48,2026-07-16 21:11
6647,91,8027,2026-07-30 23:37,2026-07-31 00:24
6648,67,269,2026-07-08 13:45,2026-07-08 14:04
6649,56,5684,2026-07-27 06:07,2026-07-27 07:08
6650,94,4361,2026-07-30 20:01,2026-07-30 22:00
6651,60,741,2026-07-10 09:11,2026-07-10 09:26
6652,40,471,2026-07-08 09:27,2026-07-08 11:19
6653,40,3098,2026-07-15 10:04,2026-07-15 11:09
6654,45,5489,2026-07-12 02:46,2026-07-12 04:19
6655,55,2965,2026-07-20 08:24,2026-07-20 09:51
6656,20,6719,2026-07-27 17:49,2026-07-27 18:20
6657,75,9898,2026-07-24 15:26,2026-07-24 17:20
6658,87,5663,2026-07-09 02:02,2026-07-09 03:03
6659,51,8776,2026-07-13 06:17,2026-07-13 07:13
6660,97,9687,2026-07-23 08:41,2026-07-23 09:28
6661,14,8463,2026-07-04 21:20,2026-07-04 22:54
6662,43,9060,2026-07-30 13:09,2026-07-30 13:52
6663,84,8985,2026-07-19 12:26,2026-07-19 13:57
6664,44,8123,2026-07-05 01:06,NULL
6665,58,6250,2026-07-13 01:34,NULL
6666,57,8784,2026-07-16 12:54,2026-07-16 13:32
6667,7,9785,2026-07-24 07:12,2026-07-24 08:27
6668,11,6096,2026-07-03 02:33,2026-07-03 04:25
6669,61,6492,2026-07-17 15:56,NULL
6670,37,4228,2026-07-22 17:31,2026-07-22 19:22
6671,67,5375,2026-07-17 15:39,2026-07-17 15:58
6672,29,4010,2026-07-18 21:38,2026-07-18 22:02
6673,26,5713,2026-07-01 15:48,2026-07-01 17:12
6674,5,3174,2026-07-17 17:51,NULL
6675,42,9541,2026-07-27 00:59,2026-07-27 02:14
6676,75,6375,2026-07-15 12:58,2026-07-15 13:55
6677,62,2005,2026-07-17 08:58,2026-07-17 09:50
6678,42,5529,2026-07-26 00:08,2026-07-26 00:22
6679,14,689,2026-07-21 11:00,2026-07-21 12:40
6680,29,7485,2026-07-07 20:11,NULL
6681,95,7345,2026-07-09 16:41,2026-07-09 16:52
6682,2,8215,2026-07-02 11:03,2026-07-02 11:33
6683,100,7241,2026-07-30 16:13,NULL
6684,60,1601,2026-07-29 08:43,2026-07-29 09:58
6685,4,4275,2026-07-02 01:04,2026-07-02 01:39
6686,53,4602,2026-07-14 08:57,2026-07-14 09:50
6687,31,4269,2026-07-23 02:41,2026-07-23 03:08
6688,83,4567,2026-07-14 11:41,2026-07-14 12:27
6689,57,2205,2026-07-01 06:43,2026-07-01 08:05
6690,50,4382,2026-07-08 01:19,2026-07-08 02:33
6691,22,9206,2026-07-22 09:24,2026-07-22 11:22
6692,51,2855,2026-07-15 12:12,2026-07-15 12:55
6693,16,1290,2026-07-11 19:56,2026-07-11 21:44
6694,5,1403,2026-07-19 01:49,2026-07-19 03:06
6695,66,8976,2026-07-14 11:31,2026-07-14 13:26
6696,8,5758,2026-07-22 08:11,2026-07-22 09:10
6697,9,8841,2026-07-22 23:06,2026-07-22 23:33
6698,96,2674,2026-07-28 00:16,2026-07-28 01:33
6699,69,8012,2026-07-22 10:21,2026-07-22 11:27
6700,9,6873,2026-07-25 04:56,2026-07-25 05:46
6701,51,8200,2026-07-09 01:37,2026-07-09 02:55
6702,75,6016,2026-07-04 20:44,2026-07-04 21:44
6703,69,1703,2026-07-08 20:22,2026-07-08 21:15
6704,4,1706,2026-07-05 20:34,2026-07-05 21:55
6705,39,2174,2026-07-12 10:42,2026-07-12 11:27
6706,58,6570,2026-07-29 15:05,2026-07-29 15:25
6707,85,5049,2026-07-16 08:57,2026-07-16 10:39
6708,51,1217,2026-07-15 03:45,2026-07-15 04:41
6709,50,1107,2026-07-18 05:59,2026-07-18 06:47
6710,67,1895,2026-07-30 18:41,2026-07-30 20:11
6711,11,4444,2026-07-14 05:24,2026-07-14 06:56
6712,65,5889,2026-07-24 00:52,2026-07-24 01:46
6713,73,4859,2026-07-08 21:35,2026-07-08 23:10
6714,65,1476,2026-07-22 15:59,2026-07-22 17:02
6715,45,9529,2026-07-22 22:31,2026-07-22 23:08
6716,13,6970,2026-07-15 19:47,2026-07-15 20:02
6717,52,1204,2026-07-01 21:29,2026-07-01 22:47
6718,50,5881,2026-07-19 04:32,2026-07-19 06:07
6719,81,9797,2026-07-02 07:10,2026-07-02 07:37
6720,27,9074,2026-07-02 15:11,2026-07-02 15:47
6721,37,5333,2026-07-23 16:28,2026-07-23 17:03
6722,36,313,2026-07-21 10:07,2026-07-21 10:42
6723,12,4935,2026-07-02 03:10,2026-07-02 03:56
6724,16,7042,2026-07-09 11:44,2026-07-09 13:33
6725,64,9260,2026-07-06 08:40,2026-07-06 09:18
6726,99,1665,2026-07-29 15:06,2026-07-29 16:12
6727,61,1651,2026-07-06 10:55,NULL
6728,47,7813,2026-07-29 15:40,2026-07-29 16:19
6729,68,7993,2026-07-26 11:59,2026-07-26 12:59
6730,78,6830,2026-07-08 23:43,2026-07-09 01:14
6731,46,6080,2026-07-21 00:56,2026-07-21 01:44
6732,19,2139,2026-07-09 07:00,2026-07-09 08:35
6733,35,6643,2026-07-19 20:09,2026-07-19 20:54
6734,53,9292,2026-07-03 07:06,2026-07-03 07:56
6735,78,4389,2026-07-08 02:05,2026-07-08 02:33
6736,37,2548,2026-07-11 11:05,2026-07-11 13:03
6737,98,8713,2026-07-06 11:13,2026-07-06 11:55
6738,42,9018,2026-07-29 07:57,2026-07-29 09:17
6739,31,6091,2026-07-03 21:39,2026-07-03 22:05
6740,75,3632,2026-07-29 07:39,2026-07-29 09:27
6741,43,8018,2026-07-18 20:10,2026-07-18 21:32
6742,18,4028,2026-07-02 15:57,2026-07-02 17:52
6743,42,6213,2026-07-25 04:30,2026-07-25 06:18
6744,100,7256,2026-07-22 11:56,2026-07-22 12:15
6745,51,3431,2026-07-08 05:40,2026-07-08 06:40
6746,82,7485,2026-07-09 22:01,2026-07-09 23:13
6747,7,3008,2026-07-21 15:59,2026-07-21 16:52
6748,63,6068,2026-07-14 02:36,2026-07-14 03:38
6749,49,5454,2026-07-18 04:03,2026-07-18 04:52
6750,56,7410,2026-07-25 05:31,2026-07-25 06:45
6751,19,1406,2026-07-28 04:08,2026-07-28 05:13
6752,96,5039,2026-07-21 09:13,2026-07-21 09:38
6753,81,8650,2026-07-29 01:18,2026-07-29 03:03
6754,80,8170,2026-07-28 03:04,2026-07-28 03:47
6755,37,5197,2026-07-16 03:19,2026-07-16 05:14
6756,72,6131,2026-07-12 01:25,2026-07-12 02:03
6757,54,7981,2026-07-04 09:02,2026-07-04 10:17
6758,66,482,2026-07-09 02:13,2026-07-09 02:56
6759,56,6727,2026-07-16 23:04,2026-07-16 23:32
6760,31,2341,2026-07-25 06:38,2026-07-25 08:36
6761,83,3104,2026-07-11 14:53,2026-07-11 15:54
6762,74,5444,2026-07-02 19:38,2026-07-02 21:04
6763,85,6173,2026-07-26 23:30,2026-07-27 01:24
6764,75,3744,2026-07-27 13:00,2026-07-27 13:51
6765,8,5639,2026-07-20 20:59,2026-07-20 21:59
6766,23,2824,2026-07-30 22:44,2026-07-30 23:19
6767,26,3775,2026-07-30 02:01,NULL
6768,12,6234,2026-07-20 05:51,2026-07-20 06:05
6769,13,3966,2026-07-27 16:58,2026-07-27 17:58
6770,76,8551,2026-07-20 21:31,2026-07-20 22:00
6771,78,6753,2026-07-24 19:19,2026-07-24 20:25
6772,1,1075,2026-07-29 00:36,NULL
6773,49,175,2026-07-27 04:45,2026-07-27 06:23
6774,60,4861,2026-07-02 12:23,NULL
6775,39,1391,2026-07-03 22:21,2026-07-03 22:47
6776,69,811,2026-07-29 14:33,2026-07-29 16:15
6777,94,209,2026-07-21 00:04,2026-07-21 00:26
6778,98,871,2026-07-23 09:03,2026-07-23 09:36
6779,26,5954,2026-07-27 02:49,2026-07-27 03:01
6780,64,6351,2026-07-05 14:45,2026-07-05 15:43
6781,44,6558,2026-07-21 20:16,2026-07-21 21:44
6782,43,8847,2026-07-17 04:00,NULL
6783,83,1678,2026-07-19 22:32,2026-07-19 23:08
6784,35,5301,2026-07-26 17:32,2026-07-26 19:13
6785,55,5389,2026-07-06 17:19,2026-07-06 17:49
6786,29,3562,2026-07-05 22:35,2026-07-05 23:41
6787,88,7133,2026-07-29 15:20,2026-07-29 16:48
6788,4,4695,2026-07-24 09:44,2026-07-24 10:21
6789,55,1078,2026-07-25 10:17,2026-07-25 11:23
6790,4,3267,2026-07-20 07:41,2026-07-20 08:38
6791,9,6700,2026-07-01 07:13,2026-07-01 08:59
6792,61,8944,2026-07-23 19:11,2026-07-23 20:11
6793,6,5890,2026-07-30 02:34,NULL
6794,66,2778,2026-07-17 06:22,NULL
6795,10,6216,2026-07-15 20:13,2026-07-15 20:47
6796,55,531,2026-07-23 04:36,NULL
6797,30,3752,2026-07-14 16:52,2026-07-14 17:05
6798,7,7038,2026-07-27 04:12,2026-07-27 05:47
6799,80,5460,2026-07-10 11:57,2026-07-10 13:38
6800,61,5106,2026-07-27 12:25,2026-07-27 13:06
6801,87,40,2026-07-21 02:39,2026-07-21 03:06
6802,28,2535,2026-07-05 00:52,2026-07-05 02:30
6803,35,7129,2026-07-12 21:12,2026-07-12 22:29
6804,92,9936,2026-07-13 08:29,2026-07-13 09:44
6805,12,5397,2026-07-21 06:36,2026-07-21 07:26
6806,61,9631,2026-07-25 05:38,2026-07-25 07:31
6807,71,1101,2026-07-27 21:46,2026-07-27 22:52
6808,35,9259,2026-07-15 08:57,2026-07-15 10:23
6809,2,692,2026-07-26 03:19,2026-07-26 03:52
6810,15,1037,2026-07-10 17:58,2026-07-10 18:27
6811,17,9841,2026-07-14 21:45,2026-07-14 22:43
6812,86,7117,2026-07-05 20:44,2026-07-05 22:42
6813,90,6277,2026-07-30 17:04,NULL
6814,53,3542,2026-07-13 07:16,2026-07-13 08:59
6815,41,3997,2026-07-27 02:56,2026-07-27 03:22
6816,32,6796,2026-07-25 07:06,2026-07-25 07:38
6817,89,8346,2026-07-11 04:27,2026-07-11 05:17
6818,9,1577,2026-07-25 01:51,2026-07-25 02:39
6819,74,9863,2026-07-22 07:03,2026-07-22 07:13
6820,70,9743,2026-07-06 00:55,2026-07-06 02:55
6821,78,9059,2026-07-03 09:09,2026-07-03 09:43
6822,61,4358,2026-07-07 05:39,2026-07-07 07:32
6823,98,5980,2026-07-01 05:45,2026-07-01 07:18
6824,18,3033,2026-07-08 05:42,NULL
6825,16,6127,2026-07-26 14:12,2026-07-26 15:00
6826,15,5428,2026-07-05 11:38,2026-07-05 11:48
6827,84,4077,2026-07-26 17:06,2026-07-26 17:32
6828,26,8582,2026-07-16 07:44,2026-07-16 09:13
6829,95,9077,2026-07-08 08:28,2026-07-08 09:59
6830,28,1750,2026-07-27 15:41,2026-07-27 17:25
6831,88,6206,2026-07-24 11:08,2026-07-24 11:44
6832,26,554,2026-07-02 11:17,2026-07-02 13:00
6833,85,5147,2026-07-30 23:16,2026-07-30 23:47
6834,69,7772,2026-07-11 02:51,2026-07-11 03:28
6835,86,7231,2026-07-23 17:05,2026-07-23 17:49
6836,14,6231,2026-07-02 08:24,2026-07-02 10:13
6837,8,6836,2026-07-27 13:53,NULL
6838,66,8170,2026-07-23 18:59,2026-07-23 19:22
6839,10,465,2026-07-12 07:18,NULL
6840,4,9990,2026-07-13 12:17,2026-07-13 13:24
6841,69,6571,2026-07-09 20:52,2026-07-09 21:27
6842,69,5963,2026-07-30 04:18,2026-07-30 05:10
6843,2,7162,2026-07-07 15:40,2026-07-07 16:43
6844,15,9966,2026-07-01 14:00,2026-07-01 15:38
6845,41,516,2026-07-23 05:20,2026-07-23 06:36
6846,90,7432,2026-07-20 09:20,2026-07-20 10:53
6847,67,7179,2026-07-03 19:34,2026-07-03 21:28
6848,58,1995,2026-07-13 18:25,2026-07-13 19:46
6849,84,3731,2026-07-15 11:39,2026-07-15 12:36
6850,51,6844,2026-07-18 22:10,2026-07-18 22:51
6851,82,2316,2026-07-17 05:01,2026-07-17 06:20
6852,88,1044,2026-07-29 23:11,NULL
6853,67,2826,2026-07-23 02:39,2026-07-23 03:41
6854,57,5654,2026-07-01 15:57,2026-07-01 17:45
6855,32,3105,2026-07-06 01:06,2026-07-06 03:06
6856,87,7675,2026-07-07 01:11,2026-07-07 01:53
6857,71,9442,2026-07-02 22:53,2026-07-02 23:37
6858,10,4316,2026-07-26 10:25,2026-07-26 10:57
6859,47,8984,2026-07-18 20:18,2026-07-18 21:46
6860,91,4671,2026-07-08 16:16,2026-07-08 17:42
6861,44,2434,2026-07-30 00:22,NULL
6862,70,9706,2026-07-19 13:43,2026-07-19 15:12
6863,17,4577,2026-07-09 10:52,2026-07-09 12:27
6864,72,696,2026-07-08 05:08,2026-07-08 06:55
6865,94,9967,2026-07-13 18:40,2026-07-13 19:27
6866,13,8273,2026-07-07 09:56,2026-07-07 10:25
6867,61,3609,2026-07-09 06:38,2026-07-09 07:28
6868,50,7486,2026-07-04 19:27,2026-07-04 20:53
6869,28,5768,2026-07-13 08:52,2026-07-13 09:02
6870,81,9277,2026-07-30 00:14,2026-07-30 00:48
6871,72,8840,2026-07-14 23:56,2026-07-15 01:38
6872,69,5536,2026-07-06 20:38,2026-07-06 22:20
6873,39,8909,2026-07-01 08:39,2026-07-01 10:15
6874,32,9186,2026-07-18 08:00,NULL
6875,3,7259,2026-07-27 03:49,2026-07-27 04:27
6876,63,1212,2026-07-15 05:06,2026-07-15 06:39
6877,31,5584,2026-07-30 18:33,2026-07-30 18:43
6878,98,5091,2026-07-16 09:36,2026-07-16 10:48
6879,31,9071,2026-07-16 01:47,2026-07-16 03:11
6880,78,2716,2026-07-30 01:15,2026-07-30 02:49
6881,87,956,2026-07-29 03:20,2026-07-29 04:53
6882,68,3243,2026-07-08 07:16,2026-07-08 08:05
6883,82,8947,2026-07-12 14:32,2026-07-12 15:33
6884,63,3778,2026-07-30 17:09,2026-07-30 18:24
6885,41,2455,2026-07-18 21:35,2026-07-18 21:57
6886,64,3679,2026-07-27 13:33,2026-07-27 13:45
6887,58,4812,2026-07-22 07:59,2026-07-22 08:48
6888,66,9850,2026-07-11 03:31,2026-07-11 04:49
6889,15,2047,2026-07-23 11:23,2026-07-23 12:37
6890,42,6928,2026-07-01 03:51,2026-07-01 04:43
6891,50,4651,2026-07-21 17:26,2026-07-21 19:00
6892,12,3743,2026-07-28 15:08,2026-07-28 15:41
6893,94,5435,2026-07-06 03:15,2026-07-06 04:59
6894,90,4277,2026-07-11 07:36,2026-07-11 09:08
6895,42,4016,2026-07-02 22:52,2026-07-03 00:18
6896,68,8952,2026-07-10 22:04,2026-07-10 23:36
6897,52,5934,2026-07-05 03:11,2026-07-05 03:31
6898,39,5898,2026-07-28 17:56,2026-07-28 18:39
6899,7,6302,2026-07-05 08:19,2026-07-05 08:29
6900,52,5764,2026-07-08 20:43,2026-07-08 22:40
6901,40,7898,2026-07-26 16:47,2026-07-26 18:10
6902,8,465,2026-07-25 14:50,NULL
6903,58,2422,2026-07-11 18:07,2026-07-11 18:29
6904,64,7599,2026-07-10 14:10,2026-07-10 14:56
6905,91,8885,2026-07-03 10:21,2026-07-03 11:50
6906,61,4934,2026-07-07 04:37,2026-07-07 05:55
6907,37,6528,2026-07-22 08:56,2026-07-22 10:34
6908,93,6955,2026-07-26 04:22,2026-07-26 05:01
6909,52,7721,2026-07-20 20:28,2026-07-20 20:54
6910,32,7832,2026-07-14 14:22,2026-07-14 16:10
6911,90,1677,2026-07-10 07:50,2026-07-10 09:20
6912,20,7853,2026-07-09 14:37,2026-07-09 16:01
6913,91,6213,2026-07-08 19:00,2026-07-08 19:35
6914,89,9224,2026-07-07 17:26,2026-07-07 18:52
6915,99,5345,2026-07-08 09:52,2026-07-08 10:19
6916,31,4545,2026-07-16 06:36,2026-07-16 08:12
6917,86,9826,2026-07-03 01:09,2026-07-03 02:03
6918,93,9541,2026-07-27 07:46,2026-07-27 09:32
6919,97,2391,2026-07-10 03:55,2026-07-10 04:20
6920,49,765,2026-07-07 10:26,NULL
6921,81,613,2026-07-18 06:34,2026-07-18 06:56
6922,75,7937,2026-07-26 13:32,2026-07-26 15:23
6923,55,2226,2026-07-24 17:13,2026-07-24 18:22
6924,33,8038,2026-07-11 17:40,2026-07-11 18:38
6925,89,5017,2026-07-28 13:53,2026-07-28 14:59
6926,21,1005,2026-07-16 03:58,2026-07-16 05:54
6927,20,2818,2026-07-05 06:41,2026-07-05 08:37
6928,92,6289,2026-07-01 08:38,2026-07-01 10:00
6929,4,4470,2026-07-04 13:25,2026-07-04 14:04
6930,38,4675,2026-07-27 01:12,2026-07-27 02:34
6931,75,5005,2026-07-05 11:01,NULL
6932,23,7734,2026-07-04 08:45,2026-07-04 09:23
6933,62,8900,2026-07-26 18:25,2026-07-26 20:18
6934,15,1888,2026-07-23 09:58,2026-07-23 10:34
6935,18,8111,2026-07-03 11:30,2026-07-03 13:29
6936,99,8568,2026-07-23 06:21,2026-07-23 07:43
6937,92,7925,2026-07-23 03:42,2026-07-23 05:34
6938,41,2575,2026-07-20 14:29,2026-07-20 14:53
6939,9,9729,2026-07-08 14:45,2026-07-08 15:04
6940,3,4776,2026-07-06 00:57,NULL
6941,18,1516,2026-07-12 18:29,2026-07-12 19:12
6942,49,9027,2026-07-04 02:08,2026-07-04 03:19
6943,68,8457,2026-07-06 18:59,2026-07-06 19:51
6944,8,421,2026-07-17 13:43,2026-07-17 15:11
6945,45,6889,2026-07-17 06:46,2026-07-17 08:25
6946,59,4653,2026-07-11 23:00,2026-07-12 00:11
6947,18,5603,2026-07-26 08:06,2026-07-26 09:08
6948,9,2000,2026-07-11 11:29,2026-07-11 12:18
6949,64,918,2026-07-09 23:53,2026-07-10 00:24
6950,88,8623,2026-07-25 18:12,2026-07-25 19:08
6951,41,7851,2026-07-17 22:21,2026-07-17 22:31
6952,26,6447,2026-07-05 02:23,2026-07-05 03:19
6953,15,6629,2026-07-22 14:19,2026-07-22 14:48
6954,72,2686,2026-07-30 01:18,2026-07-30 02:40
6955,60,7620,2026-07-24 08:47,2026-07-24 09:19
6956,61,5341,2026-07-16 21:38,2026-07-16 22:40
6957,98,5439,2026-07-21 19:22,2026-07-21 20:43
6958,26,8741,2026-07-30 18:31,2026-07-30 18:52
6959,4,2479,2026-07-08 09:30,2026-07-08 10:22
6960,100,1530,2026-07-23 04:35,2026-07-23 05:20
6961,86,7764,2026-07-23 23:19,2026-07-23 23:41
6962,41,9301,2026-07-02 19:43,2026-07-02 21:04
6963,93,7757,2026-07-23 14:10,2026-07-23 15:19
6964,99,5924,2026-07-19 22:25,2026-07-19 23:46
6965,82,9501,2026-07-23 03:48,2026-07-23 04:37
6966,18,300,2026-07-19 06:55,2026-07-19 08:55
6967,64,1649,2026-07-03 00:05,2026-07-03 01:18
6968,56,4823,2026-07-25 15:51,2026-07-25 16:19
6969,93,3563,2026-07-08 11:00,2026-07-08 12:56
6970,17,2330,2026-07-12 17:19,2026-07-12 19:13
6971,34,2398,2026-07-16 04:16,NULL
6972,97,8701,2026-07-18 04:54,NULL
6973,79,2386,2026-07-29 12:33,2026-07-29 12:46
6974,82,806,2026-07-04 20:23,NULL
6975,94,9363,2026-07-23 21:44,2026-07-23 23:27
6976,88,1625,2026-07-24 23:52,NULL
6977,57,731,2026-07-25 21:05,2026-07-25 22:06
6978,75,1147,2026-07-13 08:48,2026-07-13 09:28
6979,18,551,2026-07-02 02:32,2026-07-02 03:20
6980,64,232,2026-07-28 04:03,2026-07-28 06:03
6981,22,6645,2026-07-19 04:38,2026-07-19 05:51
6982,97,9830,2026-07-10 10:01,2026-07-10 10:42
6983,18,9272,2026-07-18 18:45,2026-07-18 20:07
6984,29,8547,2026-07-09 11:19,2026-07-09 11:35
6985,82,4454,2026-07-21 02:20,2026-07-21 03:59
6986,53,6513,2026-07-06 01:31,2026-07-06 01:43
6987,74,79,2026-07-09 06:45,2026-07-09 07:21
6988,21,1475,2026-07-14 20:23,2026-07-14 21:13
6989,17,711,2026-07-12 21:43,2026-07-12 23:27
6990,3,2889,2026-07-15 13:29,2026-07-15 14:42
6991,83,4814,2026-07-07 03:24,NULL
6992,15,265,2026-07-19 17:24,2026-07-19 17:39
6993,7,6146,2026-07-26 17:12,2026-07-26 17:54
6994,18,8424,2026-07-11 16:58,2026-07-11 17:40
6995,13,4869,2026-07-20 06:39,2026-07-20 07:46
6996,74,3645,2026-07-03 22:27,2026-07-03 22:42
6997,98,8510,2026-07-06 18:43,2026-07-06 20:18
6998,69,9781,2026-07-23 22:53,2026-07-23 23:17
6999,25,5619,2026-07-29 19:20,2026-07-29 19:57
7000,65,2603,2026-07-23 01:05,NULL
7001,45,6546,2026-07-27 23:21,2026-07-28 00:23
7002,86,2162,2026-07-09 05:43,2026-07-09 06:09
7003,14,3663,2026-07-15 21:01,2026-07-15 21:13
7004,55,5324,2026-07-09 04:46,2026-07-09 06:43
7005,38,2681,2026-07-05 22:50,2026-07-05 23:55
7006,2,5023,2026-07-28 04:32,2026-07-28 05:49
7007,79,7244,2026-07-07 11:07,2026-07-07 12:54
7008,1,7968,2026-07-28 00:39,2026-07-28 00:59
7009,57,1516,2026-07-11 13:21,2026-07-11 13:51
7010,89,6380,2026-07-23 02:19,2026-07-23 04:17
7011,46,2806,2026-07-13 07:33,2026-07-13 08:39
7012,53,1058,2026-07-27 04:46,2026-07-27 05:22
7013,56,1431,2026-07-21 17:09,2026-07-21 18:17
7014,69,4494,2026-07-06 02:46,2026-07-06 04:08
7015,42,6700,2026-07-10 02:14,2026-07-10 03:07
7016,47,8063,2026-07-22 07:32,NULL
7017,43,8837,2026-07-13 18:35,2026-07-13 20:32
7018,22,4698,2026-07-09 19:53,2026-07-09 20:28
7019,53,2691,2026-07-26 00:55,2026-07-26 02:20
7020,100,7052,2026-07-06 00:02,2026-07-06 01:24
7021,24,8395,2026-07-10 19:21,2026-07-10 20:02
7022,64,3637,2026-07-22 14:56,2026-07-22 16:01
7023,8,1292,2026-07-26 20:23,NULL
7024,73,4113,2026-07-22 05:35,2026-07-22 06:56
7025,7,8461,2026-07-06 14:55,2026-07-06 16:13
7026,34,8481,2026-07-18 05:31,2026-07-18 05:58
7027,37,7871,2026-07-30 06:10,2026-07-30 07:38
7028,54,2634,2026-07-07 16:26,2026-07-07 18:26
7029,34,944,2026-07-17 03:15,2026-07-17 03:37
7030,88,2599,2026-07-11 06:27,2026-07-11 07:00
7031,84,9653,2026-07-24 17:06,2026-07-24 18:04
7032,36,8638,2026-07-13 14:03,NULL
7033,61,9769,2026-07-27 18:19,2026-07-27 18:31
7034,58,6490,2026-07-07 13:33,2026-07-07 15:24
7035,74,479,2026-07-27 19:26,2026-07-27 19:59
7036,66,4370,2026-07-01 22:55,2026-07-02 00:51
7037,32,5241,2026-07-18 21:39,2026-07-18 22:48
7038,85,9610,2026-07-02 00:51,2026-07-02 01:59
7039,30,9760,2026-07-28 18:06,2026-07-28 19:20
7040,84,6126,2026-07-21 22:07,2026-07-21 22:56
7041,21,5837,2026-07-21 06:09,2026-07-21 07:27
7042,58,4458,2026-07-24 15:07,2026-07-24 16:06
7043,84,3714,2026-07-22 01:23,2026-07-22 03:10
7044,31,5732,2026-07-23 10:36,2026-07-23 11:39
7045,67,7631,2026-07-23 23:00,NULL
7046,69,2316,2026-07-12 01:01,2026-07-12 02:46
7047,76,4198,2026-07-23 03:17,2026-07-23 03:59
7048,70,9665,2026-07-29 06:22,2026-07-29 07:08
7049,42,8376,2026-07-19 05:02,2026-07-19 06:41
7050,32,2200,2026-07-05 23:10,2026-07-06 00:39
7051,3,8566,2026-07-18 22:55,2026-07-19 00:12
7052,32,4641,2026-07-11 01:36,2026-07-11 02:16
7053,75,3038,2026-07-14 07:22,2026-07-14 08:09
7054,17,2572,2026-07-17 02:03,2026-07-17 03:37
7055,55,2505,2026-07-23 05:52,2026-07-23 07:12
7056,41,1827,2026-07-13 06:27,2026-07-13 08:19
7057,100,456,2026-07-28 03:59,2026-07-28 04:45
7058,6,9424,2026-07-27 12:38,2026-07-27 14:27
7059,82,6075,2026-07-30 22:50,2026-07-31 00:36
7060,34,7760,2026-07-16 19:01,2026-07-16 20:19
7061,74,4130,2026-07-24 04:25,2026-07-24 05:42
7062,53,7232,2026-07-22 17:40,2026-07-22 19:07
7063,70,754,2026-07-17 20:53,2026-07-17 21:21
7064,7,2956,2026-07-09 12:33,2026-07-09 13:19
7065,29,9038,2026-07-12 00:14,2026-07-12 00:38
7066,40,9569,2026-07-05 06:00,NULL
7067,45,4512,2026-07-11 04:36,2026-07-11 04:50
7068,11,9232,2026-07-10 09:27,NULL
7069,34,1739,2026-07-06 18:30,2026-07-06 19:37
7070,57,8505,2026-07-17 02:32,2026-07-17 03:29
7071,61,5666,2026-07-17 03:47,2026-07-17 05:18
7072,3,1169,2026-07-26 19:15,2026-07-26 20:35
7073,69,8865,2026-07-17 17:16,2026-07-17 17:47
7074,50,5584,2026-07-26 17:22,2026-07-26 18:04
7075,13,7881,2026-07-16 19:38,2026-07-16 21:27
7076,96,6976,2026-07-11 22:28,2026-07-11 23:50
7077,96,8959,2026-07-11 02:00,2026-07-11 03:31
7078,22,3887,2026-07-14 09:47,2026-07-14 10:09
7079,43,4514,2026-07-24 01:10,2026-07-24 02:23
7080,100,3666,2026-07-24 11:48,2026-07-24 13:45
7081,10,2127,2026-07-13 08:30,2026-07-13 08:59
7082,30,5089,2026-07-04 10:03,2026-07-04 10:20
7083,67,6546,2026-07-27 09:12,2026-07-27 09:38
7084,72,3427,2026-07-18 15:19,NULL
7085,55,7121,2026-07-15 15:16,NULL
7086,39,4092,2026-07-25 00:25,2026-07-25 01:24
7087,58,6278,2026-07-09 05:21,2026-07-09 06:27
7088,77,4821,2026-07-29 20:17,2026-07-29 21:39
7089,49,157,2026-07-08 21:44,NULL
7090,9,5188,2026-07-26 00:40,2026-07-26 01:13
7091,95,5580,2026-07-08 18:21,2026-07-08 18:43
7092,87,4022,2026-07-25 04:00,2026-07-25 05:24
7093,1,2900,2026-07-07 01:48,NULL
7094,83,6958,2026-07-25 02:06,2026-07-25 03:06
7095,33,890,2026-07-27 22:35,2026-07-28 00:20
7096,39,7151,2026-07-23 03:12,2026-07-23 04:19
7097,58,2559,2026-07-11 15:34,2026-07-11 16:12
7098,65,7255,2026-07-29 17:14,2026-07-29 18:09
7099,40,3442,2026-07-22 00:05,2026-07-22 00:17
7100,61,472,2026-07-11 04:12,2026-07-11 04:56
7101,5,8348,2026-07-23 09:53,2026-07-23 10:57
7102,10,2940,2026-07-04 16:53,2026-07-04 17:32
7103,1,9198,2026-07-05 00:58,2026-07-05 01:11
7104,33,7091,2026-07-16 10:31,2026-07-16 10:51
7105,19,7847,2026-07-05 12:07,2026-07-05 13:02
7106,90,5627,2026-07-09 19:45,NULL
7107,55,2995,2026-07-20 18:53,2026-07-20 20:46
7108,34,3661,2026-07-22 07:15,2026-07-22 07:25
7109,86,6678,2026-07-09 13:49,2026-07-09 15:27
7110,62,4611,2026-07-04 17:29,2026-07-04 18:31
7111,10,5695,2026-07-26 17:34,2026-07-26 18:13
7112,60,4668,2026-07-05 22:24,2026-07-05 23:25
7113,47,9393,2026-07-14 13:26,2026-07-14 15:00
7114,8,2554,2026-07-26 05:32,2026-07-26 05:50
7115,88,8660,2026-07-28 16:59,2026-07-28 18:28
7116,25,1097,2026-07-11 21:49,2026-07-11 22:03
7117,31,5501,2026-07-04 09:57,2026-07-04 11:40
7118,27,6274,2026-07-24 16:04,2026-07-24 16:57
7119,16,6555,2026-07-27 01:37,NULL
7120,4,588,2026-07-23 18:48,NULL
7121,53,6378,2026-07-12 16:11,2026-07-12 17:41
7122,41,1211,2026-07-06 19:33,2026-07-06 20:39
7123,11,5693,2026-07-05 13:08,2026-07-05 13:59
7124,34,5069,2026-07-01 20:38,2026-07-01 22:17
7125,91,392,2026-07-11 16:28,2026-07-11 16:48
7126,23,473,2026-07-06 16:37,2026-07-06 18:25
7127,36,5375,2026-07-04 01:53,2026-07-04 02:25
7128,68,8940,2026-07-26 01:31,2026-07-26 01:57
7129,22,5055,2026-07-26 02:49,2026-07-26 04:26
7130,24,4962,2026-07-29 20:17,NULL
7131,40,3379,2026-07-13 00:55,2026-07-13 02:14
7132,43,6337,2026-07-20 10:07,NULL
7133,8,9814,2026-07-13 23:41,2026-07-14 00:23
7134,70,9289,2026-07-14 18:35,2026-07-14 19:17
7135,35,3979,2026-07-24 18:26,2026-07-24 19:55
7136,29,6309,2026-07-01 03:44,2026-07-01 04:08
7137,72,2696,2026-07-27 17:48,2026-07-27 19:14
7138,14,727,2026-07-05 18:17,2026-07-05 19:26
7139,18,7961,2026-07-16 10:19,2026-07-16 10:57
7140,28,3360,2026-07-02 17:03,2026-07-02 18:22
7141,63,3759,2026-07-28 10:48,2026-07-28 12:48
7142,80,2190,2026-07-16 16:25,2026-07-16 17:00
7143,48,7707,2026-07-24 22:57,2026-07-25 00:41
7144,69,6373,2026-07-18 15:12,2026-07-18 16:41
7145,34,5621,2026-07-06 07:31,2026-07-06 08:17
7146,90,4342,2026-07-19 04:18,2026-07-19 04:52
7147,67,7510,2026-07-29 02:42,2026-07-29 03:40
7148,11,9060,2026-07-09 13:40,2026-07-09 15:36
7149,100,8699,2026-07-07 03:55,NULL
7150,24,1890,2026-07-26 23:21,2026-07-27 00:15
7151,41,5062,2026-07-12 21:22,2026-07-12 22:08
7152,27,7460,2026-07-19 16:11,2026-07-19 17:55
7153,61,9029,2026-07-27 17:32,2026-07-27 18:27
7154,25,9340,2026-07-05 06:17,2026-07-05 06:27
7155,82,4214,2026-07-05 04:40,2026-07-05 05:35
7156,71,2826,2026-07-08 10:37,2026-07-08 11:28
7157,22,703,2026-07-14 11:07,2026-07-14 12:07
7158,98,3334,2026-07-14 06:32,2026-07-14 07:45
7159,37,3509,2026-07-12 20:58,2026-07-12 21:41
7160,62,1701,2026-07-15 13:12,2026-07-15 13:49
7161,78,5579,2026-07-25 05:22,2026-07-25 06:22
7162,98,1522,2026-07-06 23:51,NULL
7163,43,218,2026-07-20 07:02,2026-07-20 08:46
7164,98,6447,2026-07-09 09:21,2026-07-09 09:31
7165,55,8246,2026-07-25 09:41,NULL
7166,10,5914,2026-07-26 16:20,2026-07-26 17:21
7167,14,3452,2026-07-21 03:15,2026-07-21 04:59
7168,30,2181,2026-07-15 09:55,NULL
7169,84,1524,2026-07-29 13:59,2026-07-29 15:57
7170,5,5309,2026-07-20 20:06,2026-07-20 21:24
7171,9,3336,2026-07-20 15:09,2026-07-20 15:40
7172,40,3675,2026-07-23 10:46,2026-07-23 11:16
7173,83,3954,2026-07-15 17:32,2026-07-15 18:05
7174,11,3764,2026-07-03 12:14,NULL
7175,65,3877,2026-07-28 22:08,2026-07-28 23:41
7176,82,5814,2026-07-11 15:54,2026-07-11 16:31
7177,1,8786,2026-07-13 15:08,2026-07-13 16:47
7178,83,3565,2026-07-19 04:48,2026-07-19 05:41
7179,38,5351,2026-07-16 11:33,2026-07-16 12:04
7180,75,1735,2026-07-21 21:27,2026-07-21 22:41
7181,34,91,2026-07-16 08:13,NULL
7182,71,5182,2026-07-23 05:56,2026-07-23 07:06
7183,24,2998,2026-07-22 05:46,2026-07-22 07:06
7184,94,3261,2026-07-05 19:34,2026-07-05 20:58
7185,14,1038,2026-07-08 16:40,2026-07-08 18:06
7186,62,3148,2026-07-05 19:12,2026-07-05 19:53
7187,19,3716,2026-07-30 02:43,2026-07-30 03:41
7188,34,4116,2026-07-29 13:47,2026-07-29 14:40
7189,76,5800,2026-07-27 04:21,2026-07-27 04:52
7190,57,2589,2026-07-08 17:13,2026-07-08 18:03
7191,23,747,2026-07-14 04:20,2026-07-14 04:30
7192,96,7180,2026-07-25 18:54,2026-07-25 20:27
7193,45,6294,2026-07-13 12:50,2026-07-13 13:05
7194,10,2245,2026-07-28 12:52,2026-07-28 13:49
7195,61,3703,2026-07-30 04:19,2026-07-30 04:59
7196,67,6647,2026-07-02 16:51,2026-07-02 17:23
7197,65,2712,2026-07-27 15:14,2026-07-27 15:27
7198,90,1308,2026-07-05 14:27,2026-07-05 15:46
7199,60,9833,2026-07-17 13:49,2026-07-17 14:16
7200,90,1525,2026-07-11 12:25,2026-07-11 13:11
7201,35,3662,2026-07-02 15:28,2026-07-02 15:55
7202,36,4919,2026-07-18 03:07,2026-07-18 05:00
7203,22,7945,2026-07-15 08:21,NULL
7204,61,2926,2026-07-26 14:44,2026-07-26 16:38
7205,70,9711,2026-07-15 11:58,2026-07-15 13:44
7206,1,643,2026-07-03 23:10,2026-07-03 23:54
7207,77,1258,2026-07-27 02:00,2026-07-27 03:04
7208,50,9249,2026-07-05 18:31,NULL
7209,79,7125,2026-07-28 23:09,2026-07-29 00:51
7210,47,6991,2026-07-23 22:47,NULL
7211,13,1786,2026-07-21 19:12,2026-07-21 20:41
7212,13,900,2026-07-06 07:16,2026-07-06 09:07
7213,5,8150,2026-07-10 18:08,NULL
7214,19,6177,2026-07-08 21:29,2026-07-08 21:44
7215,60,3941,2026-07-08 00:11,2026-07-08 00:22
7216,51,4594,2026-07-23 20:46,2026-07-23 22:16
7217,37,3955,2026-07-20 20:17,NULL
7218,76,5781,2026-07-15 05:20,2026-07-15 05:51
7219,76,7194,2026-07-24 08:22,2026-07-24 08:44
7220,84,8841,2026-07-28 14:13,2026-07-28 16:09
7221,17,316,2026-07-21 15:13,2026-07-21 16:04
7222,5,498,2026-07-30 15:34,2026-07-30 17:17
7223,15,6127,2026-07-23 14:55,NULL
7224,1,3578,2026-07-26 14:24,2026-07-26 15:20
7225,88,506,2026-07-15 02:39,NULL
7226,37,8671,2026-07-05 01:16,2026-07-05 02:54
7227,19,6287,2026-07-10 17:36,2026-07-10 19:21
7228,67,6148,2026-07-10 18:06,2026-07-10 18:43
7229,34,7589,2026-07-06 13:55,NULL
7230,5,841,2026-07-09 06:01,2026-07-09 06:15
7231,64,7436,2026-07-27 17:00,2026-07-27 18:55
7232,22,9846,2026-07-30 11:56,2026-07-30 13:21
7233,59,9690,2026-07-30 10:27,2026-07-30 11:29
7234,96,5318,2026-07-22 15:22,2026-07-22 16:55
7235,50,6007,2026-07-20 05:15,2026-07-20 06:32
7236,22,621,2026-07-01 18:14,2026-07-01 19:56
7237,34,2014,2026-07-30 18:02,2026-07-30 19:28
7238,15,5905,2026-07-10 14:50,2026-07-10 15:49
7239,18,4553,2026-07-24 16:33,NULL
7240,94,9463,2026-07-04 09:54,2026-07-04 11:10
7241,45,5075,2026-07-26 21:57,2026-07-26 22:50
7242,23,4694,2026-07-16 08:28,2026-07-16 10:13
7243,93,9703,2026-07-22 06:12,NULL
7244,57,2746,2026-07-29 15:56,2026-07-29 17:48
7245,81,675,2026-07-25 06:43,2026-07-25 07:41
7246,34,7314,2026-07-25 17:21,2026-07-25 19:05
7247,68,3313,2026-07-12 10:28,2026-07-12 11:58
7248,52,3696,2026-07-28 08:58,2026-07-28 09:38
7249,72,6275,2026-07-03 04:54,2026-07-03 05:53
7250,67,1289,2026-07-21 22:26,2026-07-21 23:53
7251,32,6179,2026-07-17 00:23,2026-07-17 00:34
7252,43,1939,2026-07-14 17:09,2026-07-14 17:55
7253,73,97,2026-07-22 18:54,2026-07-22 19:31
7254,95,6318,2026-07-25 01:27,NULL
7255,28,4828,2026-07-19 23:41,NULL
7256,38,465,2026-07-12 05:09,2026-07-12 06:18
7257,54,8469,2026-07-01 00:23,2026-07-01 01:35
7258,19,204,2026-07-18 10:50,2026-07-18 12:02
7259,32,8035,2026-07-14 06:05,2026-07-14 07:56
7260,21,9918,2026-07-11 16:44,NULL
7261,70,8105,2026-07-23 21:03,2026-07-23 21:30
7262,54,2218,2026-07-07 15:48,2026-07-07 17:00
7263,38,8713,2026-07-27 14:24,2026-07-27 15:54
7264,20,9556,2026-07-26 22:40,2026-07-26 22:58
7265,64,8486,2026-07-18 10:46,2026-07-18 12:45
7266,58,7429,2026-07-18 07:21,NULL
7267,47,4254,2026-07-26 00:31,2026-07-26 02:09
7268,45,4183,2026-07-03 00:46,2026-07-03 01:13
7269,4,8505,2026-07-11 21:10,2026-07-11 21:33
7270,61,3056,2026-07-11 05:59,2026-07-11 07:01
7271,18,1421,2026-07-04 18:56,2026-07-04 20:32
7272,12,1523,2026-07-25 01:52,2026-07-25 02:41
7273,50,3459,2026-07-30 03:39,2026-07-30 04:49
7274,63,880,2026-07-22 00:29,2026-07-22 01:56
7275,25,9219,2026-07-19 14:17,2026-07-19 15:55
7276,31,6959,2026-07-02 09:13,2026-07-02 09:56
7277,6,9230,2026-07-19 01:58,2026-07-19 02:13
7278,76,7211,2026-07-21 23:29,NULL
7279,43,2236,2026-07-27 11:41,NULL
7280,83,7350,2026-07-14 14:54,2026-07-14 16:24
7281,1,3635,2026-07-27 10:11,NULL
7282,12,9474,2026-07-15 00:31,2026-07-15 00:49
7283,51,6441,2026-07-12 23:35,2026-07-13 00:55
7284,48,8382,2026-07-29 02:14,2026-07-29 04:09
7285,68,9528,2026-07-01 02:46,2026-07-01 04:26
7286,89,1138,2026-07-17 07:18,2026-07-17 08:58
7287,2,2157,2026-07-27 06:43,2026-07-27 07:06
7288,44,2801,2026-07-05 20:54,2026-07-05 22:23
7289,14,3886,2026-07-17 08:39,2026-07-17 09:04
7290,98,4536,2026-07-09 09:00,NULL
7291,87,6229,2026-07-23 11:49,2026-07-23 13:13
7292,95,7116,2026-07-20 06:23,2026-07-20 06:56
7293,99,6812,2026-07-30 22:58,2026-07-30 23:33
7294,100,4340,2026-07-02 19:53,2026-07-02 21:36
7295,22,8510,2026-07-06 14:41,2026-07-06 16:25
7296,76,7236,2026-07-09 09:31,2026-07-09 11:18
7297,50,6152,2026-07-30 13:25,2026-07-30 15:14
7298,70,8205,2026-07-26 18:04,2026-07-26 19:54
7299,90,4455,2026-07-10 18:20,2026-07-10 20:07
7300,5,1272,2026-07-20 21:37,2026-07-20 22:09
7301,1,667,2026-07-12 16:37,2026-07-12 17:43
7302,1,390,2026-07-05 12:24,2026-07-05 13:07
7303,12,3675,2026-07-05 14:28,2026-07-05 15:01
7304,67,3537,2026-07-21 03:36,NULL
7305,57,4694,2026-07-01 18:35,2026-07-01 18:55
7306,92,5267,2026-07-07 21:12,2026-07-07 23:12
7307,45,7570,2026-07-04 09:16,2026-07-04 09:33
7308,26,4638,2026-07-25 19:55,2026-07-25 21:02
7309,87,1730,2026-07-29 03:43,2026-07-29 04:19
7310,62,8993,2026-07-09 12:07,2026-07-09 14:05
7311,59,5504,2026-07-06 07:36,2026-07-06 09:00
7312,26,3399,2026-07-07 05:45,2026-07-07 06:42
7313,30,8146,2026-07-04 17:51,NULL
7314,85,5753,2026-07-19 12:16,2026-07-19 12:57
7315,61,7464,2026-07-24 12:13,NULL
7316,41,6921,2026-07-15 04:47,2026-07-15 05:04
7317,17,9900,2026-07-28 11:33,2026-07-28 11:43
7318,59,6663,2026-07-01 00:41,2026-07-01 02:13
7319,39,7336,2026-07-23 14:33,2026-07-23 15:06
7320,84,3130,2026-07-21 04:10,2026-07-21 04:30
7321,38,2085,2026-07-09 14:04,2026-07-09 14:50
7322,84,5847,2026-07-12 17:50,2026-07-12 18:41
7323,94,5203,2026-07-08 06:23,2026-07-08 07:26
7324,96,4060,2026-07-16 01:56,NULL
7325,8,8583,2026-07-09 17:01,2026-07-09 18:56
7326,80,2600,2026-07-25 06:18,2026-07-25 07:06
7327,83,1632,2026-07-29 12:08,2026-07-29 13:52
7328,47,1381,2026-07-06 13:56,2026-07-06 14:51
7329,25,4470,2026-07-30 21:59,2026-07-30 22:44
7330,56,4930,2026-07-17 08:22,2026-07-17 09:50
7331,77,3152,2026-07-19 00:45,2026-07-19 01:52
7332,63,5820,2026-07-06 12:35,2026-07-06 14:34
7333,57,307,2026-07-04 07:32,2026-07-04 09:10
7334,52,5983,2026-07-15 06:31,2026-07-15 07:52
7335,27,8787,2026-07-04 03:56,NULL
7336,73,1503,2026-07-10 04:10,2026-07-10 04:31
7337,31,8795,2026-07-10 14:15,2026-07-10 14:45
7338,81,6258,2026-07-01 00:32,2026-07-01 01:59
7339,32,650,2026-07-22 06:21,2026-07-22 06:49
7340,39,5123,2026-07-01 22:57,NULL
7341,2,4467,2026-07-27 15:21,2026-07-27 16:00
7342,93,6736,2026-07-13 03:35,2026-07-13 04:53
7343,54,2060,2026-07-23 00:47,2026-07-23 01:10
7344,19,2479,2026-07-26 12:44,2026-07-26 14:41
7345,59,4058,2026-07-12 22:48,2026-07-12 23:15
7346,89,5899,2026-07-18 00:04,2026-07-18 00:21
7347,74,7087,2026-07-28 20:57,2026-07-28 22:23
7348,75,6659,2026-07-09 11:39,2026-07-09 12:21
7349,70,6267,2026-07-01 11:39,2026-07-01 12:43
7350,58,3506,2026-07-08 18:41,2026-07-08 20:41
7351,76,8587,2026-07-16 19:38,2026-07-16 20:02
7352,86,5657,2026-07-26 22:21,2026-07-26 22:31
7353,24,6048,2026-07-29 15:32,2026-07-29 16:04
7354,77,4888,2026-07-21 07:41,2026-07-21 08:58
7355,43,41,2026-07-18 05:19,2026-07-18 06:36
7356,84,9423,2026-07-04 12:10,2026-07-04 13:48
7357,80,4925,2026-07-03 03:42,2026-07-03 05:41
7358,66,5977,2026-07-22 04:17,NULL
7359,97,8082,2026-07-14 09:45,2026-07-14 11:04
7360,73,3105,2026-07-12 07:31,2026-07-12 08:26
7361,74,4422,2026-07-17 17:43,2026-07-17 18:07
7362,76,8680,2026-07-21 06:28,NULL
7363,100,6671,2026-07-06 20:55,2026-07-06 21:08
7364,97,3301,2026-07-01 01:42,2026-07-01 02:39
7365,63,1803,2026-07-19 05:20,2026-07-19 05:59
7366,94,6529,2026-07-18 02:10,NULL
7367,62,4719,2026-07-10 23:15,2026-07-11 00:14
7368,96,5373,2026-07-16 00:26,2026-07-16 02:11
7369,39,7021,2026-07-11 12:53,2026-07-11 13:20
7370,51,9822,2026-07-25 07:04,2026-07-25 07:15
7371,36,171,2026-07-20 12:22,NULL
7372,68,4922,2026-07-20 11:08,2026-07-20 11:38
7373,17,8270,2026-07-16 03:45,2026-07-16 05:29
7374,65,4939,2026-07-26 09:30,2026-07-26 09:56
7375,8,8060,2026-07-07 05:26,2026-07-07 05:38
7376,60,6602,2026-07-11 06:23,2026-07-11 07:00
7377,42,6876,2026-07-28 15:07,NULL
7378,59,9783,2026-07-09 12:45,2026-07-09 12:57
7379,52,4831,2026-07-10 23:13,2026-07-11 00:39
7380,87,2784,2026-07-15 17:06,2026-07-15 18:55
7381,12,4621,2026-07-15 19:05,2026-07-15 20:51
7382,10,5107,2026-07-12 18:48,2026-07-12 19:54
7383,72,9436,2026-07-29 02:01,2026-07-29 03:06
7384,37,6265,2026-07-25 20:44,2026-07-25 22:29
7385,16,9685,2026-07-08 05:00,2026-07-08 06:05
7386,58,7187,2026-07-29 05:40,2026-07-29 07:20
7387,10,3518,2026-07-18 04:41,2026-07-18 04:52
7388,97,7926,2026-07-16 09:53,2026-07-16 10:04
7389,77,2,2026-07-24 21:49,NULL
7390,70,4528,2026-07-07 02:28,2026-07-07 04:18
7391,73,2424,2026-07-05 06:13,2026-07-05 07:00
7392,59,6097,2026-07-05 12:36,2026-07-05 13:34
7393,20,5655,2026-07-07 23:42,2026-07-08 01:30
7394,49,9076,2026-07-29 20:59,2026-07-29 22:05
7395,23,1832,2026-07-15 11:25,2026-07-15 13:05
7396,43,5454,2026-07-18 15:40,2026-07-18 16:49
7397,49,2159,2026-07-19 16:44,2026-07-19 18:00
7398,5,6408,2026-07-09 02:34,NULL
7399,68,7271,2026-07-04 09:21,2026-07-04 11:18
7400,67,8116,2026-07-06 20:35,2026-07-06 21:22
7401,89,3138,2026-07-12 18:23,2026-07-12 18:39
7402,81,6678,2026-07-02 12:03,2026-07-02 12:13
7403,86,5489,2026-07-30 03:40,2026-07-30 04:31
7404,53,7679,2026-07-08 01:00,2026-07-08 02:37
7405,13,2090,2026-07-29 13:18,2026-07-29 15:08
7406,50,6107,2026-07-21 15:24,NULL
7407,48,1762,2026-07-04 20:21,2026-07-04 20:32
7408,9,419,2026-07-27 04:35,2026-07-27 05:54
7409,37,886,2026-07-25 13:05,2026-07-25 14:34
7410,9,5125,2026-07-27 15:03,2026-07-27 16:55
7411,2,5538,2026-07-11 21:41,2026-07-11 22:56
7412,38,3325,2026-07-25 05:54,2026-07-25 06:28
7413,1,3842,2026-07-16 21:51,2026-07-16 23:18
7414,52,2843,2026-07-10 17:18,2026-07-10 19:10
7415,73,9641,2026-07-12 19:21,NULL
7416,98,1690,2026-07-05 11:03,2026-07-05 11:23
7417,40,7296,2026-07-26 01:07,2026-07-26 03:01
7418,48,7817,2026-07-24 17:31,2026-07-24 17:58
7419,73,5703,2026-07-30 10:36,2026-07-30 12:17
7420,51,4607,2026-07-11 07:19,2026-07-11 08:46
7421,68,283,2026-07-22 04:41,2026-07-22 05:31
7422,53,6413,2026-07-16 00:24,2026-07-16 02:12
7423,16,149,2026-07-17 06:03,2026-07-17 06:27
7424,65,7652,2026-07-17 16:44,2026-07-17 17:17
7425,78,5271,2026-07-05 23:39,2026-07-06 01:00
7426,5,7781,2026-07-04 08:12,2026-07-04 09:27
7427,55,3380,2026-07-10 22:09,2026-07-10 23:53
7428,12,4229,2026-07-25 21:00,2026-07-25 21:28
7429,50,5964,2026-07-01 14:02,2026-07-01 14:28
7430,40,6369,2026-07-28 23:10,2026-07-29 00:52
7431,25,807,2026-07-14 06:37,NULL
7432,4,1788,2026-07-19 08:32,2026-07-19 08:43
7433,46,2015,2026-07-16 20:04,NULL
7434,76,6916,2026-07-06 04:10,2026-07-06 05:49
7435,75,6327,2026-07-25 18:05,2026-07-25 18:56
7436,50,5062,2026-07-04 15:27,2026-07-04 17:19
7437,88,9498,2026-07-16 20:36,2026-07-16 22:26
7438,52,735,2026-07-12 08:04,2026-07-12 08:52
7439,22,7007,2026-07-23 10:27,NULL
7440,64,647,2026-07-26 05:13,2026-07-26 05:23
7441,75,3648,2026-07-26 09:41,2026-07-26 10:25
7442,27,9476,2026-07-28 10:23,2026-07-28 10:55
7443,31,9518,2026-07-17 11:22,2026-07-17 12:22
7444,3,848,2026-07-04 22:45,2026-07-04 23:12
7445,40,5196,2026-07-05 21:50,2026-07-05 23:37
7446,50,9206,2026-07-06 00:46,2026-07-06 02:06
7447,99,7171,2026-07-29 05:48,2026-07-29 06:48
7448,68,8248,2026-07-21 12:42,2026-07-21 14:08
7449,63,1954,2026-07-11 13:57,2026-07-11 15:48
7450,75,5392,2026-07-21 20:53,NULL
7451,65,2028,2026-07-06 02:35,2026-07-06 03:41
7452,4,7297,2026-07-04 02:52,2026-07-04 03:37
7453,77,7059,2026-07-16 07:32,2026-07-16 08:29
7454,23,370,2026-07-14 00:35,2026-07-14 01:22
7455,43,4718,2026-07-19 02:54,2026-07-19 03:56
7456,39,5136,2026-07-05 07:55,2026-07-05 08:59
7457,35,5771,2026-07-21 09:33,2026-07-21 11:30
7458,78,2256,2026-07-02 18:55,NULL
7459,12,2125,2026-07-03 11:28,2026-07-03 11:58
7460,50,9409,2026-07-12 11:28,2026-07-12 11:58
7461,14,7076,2026-07-23 07:20,2026-07-23 07:40
7462,29,3721,2026-07-19 01:49,2026-07-19 03:02
7463,43,9012,2026-07-29 21:59,2026-07-29 22:55
7464,82,3008,2026-07-28 16:59,2026-07-28 18:56
7465,70,6614,2026-07-03 23:30,2026-07-04 00:00
7466,59,9048,2026-07-04 03:50,2026-07-04 05:03
7467,95,7710,2026-07-18 04:19,2026-07-18 05:29
7468,86,4760,2026-07-20 23:51,2026-07-21 01:17
7469,87,9543,2026-07-16 10:55,2026-07-16 12:03
7470,16,485,2026-07-01 02:15,2026-07-01 03:00
7471,60,5372,2026-07-20 07:41,2026-07-20 08:55
7472,90,2441,2026-07-25 10:15,2026-07-25 11:41
7473,61,1608,2026-07-14 19:38,2026-07-14 20:58
7474,6,3199,2026-07-11 00:25,2026-07-11 01:50
7475,73,980,2026-07-02 13:56,2026-07-02 14:43
7476,20,6797,2026-07-15 09:43,2026-07-15 11:07
7477,83,2634,2026-07-13 22:20,2026-07-13 23:09
7478,51,1316,2026-07-17 08:05,2026-07-17 09:02
7479,80,5152,2026-07-05 12:43,NULL
7480,83,165,2026-07-10 10:18,2026-07-10 11:08
7481,92,4537,2026-07-13 06:00,2026-07-13 07:21
7482,54,4626,2026-07-04 10:09,2026-07-04 11:14
7483,61,4229,2026-07-12 16:27,2026-07-12 16:37
7484,10,6662,2026-07-26 06:11,2026-07-26 07:28
7485,98,1507,2026-07-27 08:56,2026-07-27 09:35
7486,36,5347,2026-07-02 11:04,2026-07-02 11:18
7487,23,4661,2026-07-08 07:10,2026-07-08 07:41
7488,37,5037,2026-07-19 12:21,2026-07-19 13:35
7489,61,6544,2026-07-02 12:26,2026-07-02 13:50
7490,67,7854,2026-07-25 06:15,2026-07-25 07:36
7491,4,819,2026-07-11 13:03,2026-07-11 13:25
7492,29,4034,2026-07-01 21:57,2026-07-01 23:28
7493,55,4026,2026-07-18 00:03,2026-07-18 01:03
7494,85,5915,2026-07-10 05:41,2026-07-10 07:23
7495,96,9333,2026-07-26 09:06,2026-07-26 09:39
7496,75,2008,2026-07-01 16:09,2026-07-01 16:44
7497,87,6916,2026-07-10 10:52,2026-07-10 11:41
7498,9,9858,2026-07-30 23:56,NULL
7499,59,3658,2026-07-07 15:24,2026-07-07 17:07
7500,5,9981,2026-07-02 22:29,2026-07-03 00:20
7501,42,7612,2026-07-14 19:26,2026-07-14 21:17
7502,21,2352,2026-07-25 04:12,2026-07-25 05:56
7503,82,1441,2026-07-08 08:57,2026-07-08 09:15
7504,66,8977,2026-07-01 17:31,2026-07-01 18:53
7505,21,4691,2026-07-13 16:57,2026-07-13 17:53
7506,9,7767,2026-07-01 01:35,NULL
7507,96,8706,2026-07-13 17:35,2026-07-13 18:25
7508,52,3376,2026-07-03 22:57,2026-07-04 00:46
7509,95,9107,2026-07-25 22:09,NULL
7510,8,8342,2026-07-19 02:50,2026-07-19 04:06
7511,82,4526,2026-07-27 19:33,2026-07-27 19:43
7512,33,7255,2026-07-19 01:52,2026-07-19 02:37
7513,31,3940,2026-07-09 07:10,2026-07-09 08:55
7514,52,8005,2026-07-27 10:56,NULL
7515,87,4046,2026-07-14 12:18,2026-07-14 12:51
7516,86,117,2026-07-19 13:32,2026-07-19 13:52
7517,35,1252,2026-07-05 16:34,2026-07-05 17:25
7518,2,9673,2026-07-19 17:15,NULL
7519,43,5334,2026-07-24 22:57,2026-07-24 23:21
7520,9,5137,2026-07-03 01:52,NULL
7521,54,7101,2026-07-06 23:57,2026-07-07 01:07
7522,24,2960,2026-07-20 19:22,2026-07-20 20:02
7523,82,210,2026-07-03 12:19,NULL
7524,69,7440,2026-07-19 12:45,2026-07-19 14:01
7525,94,3047,2026-07-02 03:26,2026-07-02 05:17
7526,87,3350,2026-07-24 20:49,2026-07-24 21:00
7527,12,7151,2026-07-10 18:32,2026-07-10 19:18
7528,80,6299,2026-07-02 21:36,2026-07-02 23:24
7529,17,9027,2026-07-13 01:39,2026-07-13 02:32
7530,7,3691,2026-07-08 08:37,2026-07-08 10:35
7531,42,9057,2026-07-01 17:57,2026-07-01 18:24
7532,30,3684,2026-07-29 07:59,2026-07-29 09:47
7533,79,7270,2026-07-05 04:20,NULL
7534,93,9162,2026-07-14 14:49,2026-07-14 15:58
7535,3,1457,2026-07-15 02:33,2026-07-15 03:51
7536,84,8345,2026-07-03 02:08,2026-07-03 03:16
7537,24,5558,2026-07-17 02:23,2026-07-17 02:54
7538,52,3188,2026-07-10 07:10,2026-07-10 08:17
7539,14,282,2026-07-18 08:50,2026-07-18 10:14
7540,66,4359,2026-07-17 21:41,NULL
7541,10,9737,2026-07-15 12:45,2026-07-15 13:46
7542,90,4874,2026-07-25 23:38,2026-07-26 00:52
7543,28,2485,2026-07-09 01:01,2026-07-09 02:55
7544,18,1350,2026-07-03 07:20,2026-07-03 09:06
7545,4,5717,2026-07-08 11:34,2026-07-08 11:57
7546,79,4039,2026-07-01 16:11,2026-07-01 16:53
7547,52,9429,2026-07-05 12:41,2026-07-05 13:59
7548,11,5033,2026-07-15 15:51,2026-07-15 17:51
7549,10,9201,2026-07-01 16:37,2026-07-01 18:05
7550,18,8267,2026-07-25 16:11,2026-07-25 17:57
7551,37,8547,2026-07-26 23:34,2026-07-27 00:42
7552,11,8709,2026-07-28 23:04,NULL
7553,70,5254,2026-07-06 00:58,NULL
7554,6,6130,2026-07-25 02:57,2026-07-25 04:33
7555,25,5456,2026-07-23 01:39,2026-07-23 02:53
7556,64,98,2026-07-10 12:07,2026-07-10 12:45
7557,52,179,2026-07-18 06:59,2026-07-18 08:32
7558,27,6661,2026-07-15 16:00,NULL
7559,32,3068,2026-07-01 06:48,2026-07-01 07:48
7560,16,7315,2026-07-20 14:40,2026-07-20 16:27
7561,47,532,2026-07-16 06:34,2026-07-16 08:03
7562,79,9192,2026-07-01 14:40,2026-07-01 15:20
7563,37,6554,2026-07-20 23:58,2026-07-21 01:16
7564,43,2260,2026-07-03 16:57,2026-07-03 17:30
7565,42,5100,2026-07-30 02:07,NULL
7566,51,7050,2026-07-21 21:04,2026-07-21 21:38
7567,45,1298,2026-07-04 23:41,2026-07-05 01:30
7568,12,5950,2026-07-19 14:14,2026-07-19 14:33
7569,2,9467,2026-07-21 02:03,2026-07-21 02:30
7570,40,7940,2026-07-13 08:21,NULL
7571,17,4529,2026-07-03 03:59,2026-07-03 04:51
7572,75,1831,2026-07-23 13:11,2026-07-23 14:47
7573,25,8579,2026-07-18 22:17,2026-07-18 23:31
7574,58,2988,2026-07-03 23:39,2026-07-04 01:16
7575,47,7042,2026-07-30 05:26,2026-07-30 07:07
7576,60,4678,2026-07-06 16:45,2026-07-06 18:02
7577,88,5460,2026-07-05 16:51,2026-07-05 17:03
7578,1,2901,2026-07-20 14:54,2026-07-20 16:40
7579,9,385,2026-07-15 12:50,2026-07-15 14:25
7580,72,3806,2026-07-19 12:17,2026-07-19 12:39
7581,5,6330,2026-07-17 13:50,2026-07-17 14:57
7582,93,9135,2026-07-07 12:07,2026-07-07 13:58
7583,75,1523,2026-07-11 02:39,2026-07-11 04:05
7584,91,5576,2026-07-02 17:38,NULL
7585,76,5707,2026-07-02 19:37,2026-07-02 21:20
7586,5,5635,2026-07-22 10:34,2026-07-22 12:26
7587,74,7839,2026-07-14 18:45,2026-07-14 20:13
7588,48,9038,2026-07-03 03:11,2026-07-03 04:24
7589,62,709,2026-07-21 05:31,2026-07-21 07:15
7590,15,1902,2026-07-02 13:47,2026-07-02 15:40
7591,77,888,2026-07-26 11:27,2026-07-26 12:00
7592,16,2612,2026-07-23 23:22,NULL
7593,56,9468,2026-07-23 14:45,2026-07-23 15:54
7594,8,5147,2026-07-06 22:15,2026-07-06 23:11
7595,11,3414,2026-07-30 05:20,2026-07-30 07:18
7596,62,4243,2026-07-09 23:52,2026-07-10 01:38
7597,83,8110,2026-07-16 01:48,2026-07-16 03:09
7598,1,7375,2026-07-03 11:45,2026-07-03 12:40
7599,50,645,2026-07-25 10:58,2026-07-25 12:29
7600,94,3524,2026-07-28 16:53,2026-07-28 17:13
7601,4,9265,2026-07-12 05:19,2026-07-12 06:05
7602,40,3364,2026-07-03 04:53,2026-07-03 06:29
7603,74,9547,2026-07-03 09:21,2026-07-03 09:46
7604,64,2530,2026-07-02 15:04,2026-07-02 15:56
7605,52,4432,2026-07-25 22:15,2026-07-25 23:26
7606,72,9034,2026-07-07 14:39,2026-07-07 14:55
7607,19,1431,2026-07-17 17:09,2026-07-17 18:27
7608,2,6513,2026-07-10 04:50,2026-07-10 06:38
7609,53,1962,2026-07-13 01:59,2026-07-13 02:37
7610,88,8208,2026-07-29 20:16,2026-07-29 21:09
7611,80,1114,2026-07-02 11:23,2026-07-02 11:57
7612,63,763,2026-07-04 17:12,2026-07-04 18:39
7613,12,1074,2026-07-10 13:53,2026-07-10 15:49
7614,92,6095,2026-07-14 16:01,2026-07-14 16:38
7615,23,3617,2026-07-12 15:29,2026-07-12 15:42
7616,50,1013,2026-07-13 01:30,2026-07-13 01:50
7617,4,7917,2026-07-02 22:46,2026-07-02 22:56
7618,26,5847,2026-07-08 04:56,2026-07-08 06:36
7619,51,6201,2026-07-28 08:09,2026-07-28 08:36
7620,90,6516,2026-07-06 13:02,NULL
7621,88,5583,2026-07-21 07:28,2026-07-21 07:38
7622,59,9333,2026-07-17 07:08,2026-07-17 08:09
7623,64,2319,2026-07-15 16:27,NULL
7624,61,5545,2026-07-24 02:48,2026-07-24 03:41
7625,79,8095,2026-07-16 17:18,2026-07-16 18:55
7626,96,6421,2026-07-21 09:56,2026-07-21 11:47
7627,80,7095,2026-07-30 17:56,NULL
7628,77,5069,2026-07-28 13:43,2026-07-28 14:38
7629,15,7130,2026-07-07 12:50,2026-07-07 14:14
7630,99,1503,2026-07-24 02:57,2026-07-24 04:44
7631,22,8378,2026-07-24 08:31,2026-07-24 09:19
7632,66,2664,2026-07-26 07:35,2026-07-26 09:03
7633,60,8889,2026-07-04 08:55,2026-07-04 09:08
7634,28,6346,2026-07-06 06:14,2026-07-06 07:58
7635,83,8210,2026-07-19 22:09,2026-07-19 23:56
7636,70,5638,2026-07-25 06:01,2026-07-25 07:26
7637,65,7308,2026-07-09 14:35,2026-07-09 15:47
7638,82,9822,2026-07-02 15:32,2026-07-02 16:33
7639,22,4283,2026-07-06 16:37,2026-07-06 17:24
7640,25,6891,2026-07-12 18:36,2026-07-12 20:32
7641,85,4393,2026-07-01 20:16,2026-07-01 21:45
7642,63,186,2026-07-22 14:54,2026-07-22 15:19
7643,41,8981,2026-07-03 03:26,2026-07-03 03:57
7644,85,5869,2026-07-29 08:08,2026-07-29 10:01
7645,29,2510,2026-07-21 13:29,2026-07-21 13:48
7646,17,6724,2026-07-21 07:12,2026-07-21 08:03
7647,74,6134,2026-07-21 11:28,NULL
7648,69,8496,2026-07-29 14:30,2026-07-29 16:01
7649,35,862,2026-07-23 03:47,2026-07-23 04:28
7650,31,8990,2026-07-30 13:42,2026-07-30 14:18
7651,30,7875,2026-07-06 20:03,2026-07-06 21:09
7652,34,281,2026-07-09 20:39,2026-07-09 21:15
7653,83,6542,2026-07-11 09:15,2026-07-11 10:41
7654,83,8849,2026-07-08 11:55,2026-07-08 13:39
7655,91,318,2026-07-20 09:57,2026-07-20 11:50
7656,51,4241,2026-07-30 07:49,2026-07-30 08:08
7657,18,3142,2026-07-20 10:51,2026-07-20 12:19
7658,93,3990,2026-07-22 00:11,2026-07-22 01:46
7659,4,723,2026-07-25 07:52,2026-07-25 08:06
7660,65,4799,2026-07-12 23:40,2026-07-13 01:29
7661,89,2255,2026-07-20 18:21,2026-07-20 18:44
7662,26,3607,2026-07-14 18:49,2026-07-14 19:20
7663,20,6843,2026-07-26 18:19,2026-07-26 18:45
7664,87,6064,2026-07-01 18:45,2026-07-01 19:33
7665,38,1613,2026-07-26 12:13,2026-07-26 13:24
7666,24,3072,2026-07-24 21:58,2026-07-24 23:07
7667,96,6807,2026-07-27 03:21,2026-07-27 04:50
7668,62,5887,2026-07-11 20:32,2026-07-11 22:19
7669,9,4306,2026-07-14 13:42,2026-07-14 14:07
7670,65,6128,2026-07-15 03:45,2026-07-15 05:24
7671,64,4121,2026-07-03 00:32,2026-07-03 01:56
7672,3,7665,2026-07-11 10:55,2026-07-11 11:33
7673,67,5523,2026-07-03 19:47,2026-07-03 21:07
7674,13,6341,2026-07-14 04:52,NULL
7675,73,2856,2026-07-17 13:56,2026-07-17 14:42
7676,54,840,2026-07-28 20:12,2026-07-28 21:29
7677,34,3596,2026-07-25 22:52,2026-07-26 00:37
7678,1,5179,2026-07-21 07:39,2026-07-21 09:23
7679,59,4641,2026-07-17 05:31,2026-07-17 07:09
7680,69,4390,2026-07-10 11:22,NULL
7681,17,6126,2026-07-18 16:38,2026-07-18 18:18
7682,50,5890,2026-07-06 09:08,2026-07-06 10:19
7683,57,6882,2026-07-02 01:13,2026-07-02 03:09
7684,97,8963,2026-07-11 14:47,2026-07-11 15:52
7685,19,6975,2026-07-29 12:47,NULL
7686,46,1900,2026-07-27 12:55,NULL
7687,78,1590,2026-07-30 10:35,2026-07-30 11:05
7688,17,8447,2026-07-28 23:10,NULL
7689,34,5559,2026-07-26 01:42,2026-07-26 03:36
7690,63,9889,2026-07-18 19:49,2026-07-18 20:20
7691,31,7468,2026-07-04 08:53,2026-07-04 09:31
7692,51,9630,2026-07-07 22:31,2026-07-08 00:12
7693,33,424,2026-07-15 09:56,2026-07-15 10:38
7694,32,7306,2026-07-09 22:54,2026-07-09 23:57
7695,84,3920,2026-07-17 01:38,2026-07-17 03:26
7696,15,1192,2026-07-21 17:09,2026-07-21 17:55
7697,77,4756,2026-07-18 23:39,2026-07-19 00:38
7698,20,8882,2026-07-20 04:39,2026-07-20 06:00
7699,98,857,2026-07-14 16:47,2026-07-14 17:17
7700,64,4787,2026-07-01 16:17,2026-07-01 18:14
7701,85,9988,2026-07-28 08:48,2026-07-28 09:43
7702,67,3454,2026-07-05 17:06,2026-07-05 17:49
7703,51,1143,2026-07-29 07:52,2026-07-29 08:30
7704,11,141,2026-07-26 16:23,2026-07-26 16:39
7705,41,4714,2026-07-30 23:11,2026-07-31 01:08
7706,65,5988,2026-07-27 00:46,NULL
7707,18,9813,2026-07-17 15:27,2026-07-17 16:41
7708,52,9167,2026-07-18 03:22,2026-07-18 05:11
7709,90,295,2026-07-16 19:59,2026-07-16 20:32
7710,44,6938,2026-07-09 20:29,2026-07-09 20:45
7711,95,7164,2026-07-26 21:20,2026-07-26 22:49
7712,36,3458,2026-07-04 15:50,2026-07-04 16:50
7713,38,8921,2026-07-22 12:03,2026-07-22 13:04
7714,23,5028,2026-07-01 08:30,2026-07-01 08:47
7715,86,5636,2026-07-23 01:01,2026-07-23 01:45
7716,68,3891,2026-07-28 18:10,NULL
7717,96,5418,2026-07-01 06:37,2026-07-01 06:57
7718,56,2603,2026-07-25 02:36,2026-07-25 03:28
7719,36,7560,2026-07-20 01:07,2026-07-20 02:13
7720,2,6388,2026-07-06 04:51,2026-07-06 06:39
7721,42,9529,2026-07-24 18:45,2026-07-24 19:47
7722,1,5938,2026-07-22 17:34,2026-07-22 19:05
7723,88,7214,2026-07-21 22:11,2026-07-21 22:47
7724,28,7224,2026-07-29 17:45,2026-07-29 18:33
7725,59,4820,2026-07-15 14:58,2026-07-15 15:28
7726,32,8188,2026-07-21 01:09,2026-07-21 02:12
7727,41,5367,2026-07-24 08:05,2026-07-24 08:52
7728,12,3863,2026-07-06 13:59,2026-07-06 15:36
7729,60,6774,2026-07-27 11:55,2026-07-27 13:43
7730,44,336,2026-07-25 14:33,2026-07-25 15:18
7731,13,7351,2026-07-13 05:03,2026-07-13 06:50
7732,58,5472,2026-07-20 06:15,2026-07-20 07:47
7733,5,8990,2026-07-26 16:55,2026-07-26 18:24
7734,69,1497,2026-07-06 20:41,2026-07-06 21:52
7735,55,8172,2026-07-28 07:51,2026-07-28 09:09
7736,90,103,2026-07-29 00:45,NULL
7737,38,3734,2026-07-23 03:07,2026-07-23 04:44
7738,23,3800,2026-07-29 03:47,2026-07-29 04:02
7739,98,1669,2026-07-29 02:00,2026-07-29 03:21
7740,18,4760,2026-07-14 04:18,2026-07-14 05:25
7741,64,9041,2026-07-07 08:58,2026-07-07 09:25
7742,1,1656,2026-07-01 11:00,2026-07-01 11:12
7743,4,1663,2026-07-15 07:12,2026-07-15 08:41
7744,42,9267,2026-07-04 19:09,2026-07-04 19:59
7745,35,5823,2026-07-30 11:02,2026-07-30 12:40
7746,10,2863,2026-07-09 00:24,2026-07-09 01:23
7747,33,7914,2026-07-07 06:18,2026-07-07 07:39
7748,9,4181,2026-07-20 20:49,2026-07-20 22:10
7749,77,8353,2026-07-09 06:24,2026-07-09 07:06
7750,76,4818,2026-07-27 02:14,2026-07-27 04:08
7751,21,420,2026-07-10 16:30,2026-07-10 18:01
7752,30,4019,2026-07-22 00:27,2026-07-22 02:09
7753,15,3105,2026-07-07 14:23,2026-07-07 15:45
7754,31,4681,2026-07-27 19:07,2026-07-27 20:27
7755,74,7047,2026-07-05 20:20,2026-07-05 20:31
7756,56,1721,2026-07-08 16:10,2026-07-08 17:44
7757,19,7701,2026-07-25 14:08,2026-07-25 15:29
7758,66,1575,2026-07-02 14:20,2026-07-02 15:22
7759,50,5812,2026-07-14 16:59,2026-07-14 18:03
7760,91,772,2026-07-30 07:09,2026-07-30 08:20
7761,6,51,2026-07-07 10:20,2026-07-07 10:39
7762,24,3270,2026-07-20 14:05,2026-07-20 14:52
7763,50,5695,2026-07-26 16:46,NULL
7764,9,300,2026-07-09 13:46,2026-07-09 14:18
7765,24,5875,2026-07-03 18:40,2026-07-03 19:16
7766,46,4904,2026-07-16 01:15,2026-07-16 03:10
7767,40,6193,2026-07-13 13:08,2026-07-13 14:28
7768,83,5098,2026-07-07 11:12,2026-07-07 12:12
7769,37,1986,2026-07-28 14:34,2026-07-28 15:37
7770,6,3731,2026-07-06 21:02,2026-07-06 21:38
7771,42,2452,2026-07-28 17:38,NULL
7772,5,4664,2026-07-15 07:41,2026-07-15 08:29
7773,100,7580,2026-07-24 20:42,2026-07-24 22:19
7774,4,8894,2026-07-19 19:51,2026-07-19 21:07
7775,48,4502,2026-07-25 02:17,2026-07-25 04:10
7776,28,292,2026-07-10 08:30,2026-07-10 08:46
7777,32,9155,2026-07-19 03:57,2026-07-19 05:38
7778,20,7375,2026-07-04 16:42,2026-07-04 18:30
7779,50,7679,2026-07-06 11:48,NULL
7780,59,1593,2026-07-29 03:38,NULL
7781,85,5457,2026-07-08 13:02,2026-07-08 13:22
7782,70,9069,2026-07-11 00:30,2026-07-11 01:37
7783,33,1690,2026-07-09 19:53,2026-07-09 21:01
7784,60,2984,2026-07-03 06:35,2026-07-03 08:04
7785,22,3527,2026-07-07 23:00,2026-07-08 00:49
7786,99,1177,2026-07-02 01:23,2026-07-02 03:17
7787,79,1022,2026-07-14 06:10,2026-07-14 07:20
7788,72,6417,2026-07-03 13:26,2026-07-03 14:52
7789,98,543,2026-07-07 11:53,2026-07-07 12:09
7790,65,3118,2026-07-14 21:58,2026-07-14 23:19
7791,37,6082,2026-07-16 14:23,NULL
7792,63,4248,2026-07-11 00:36,2026-07-11 01:06
7793,6,6010,2026-07-06 19:14,2026-07-06 20:49
7794,57,7789,2026-07-10 06:58,2026-07-10 07:15
7795,4,6886,2026-07-25 13:46,2026-07-25 14:15
7796,61,6844,2026-07-28 12:10,NULL
7797,54,3279,2026-07-29 21:59,2026-07-29 23:23
7798,17,1020,2026-07-18 07:54,2026-07-18 08:37
7799,6,7718,2026-07-15 06:29,2026-07-15 07:17
7800,86,893,2026-07-19 18:19,2026-07-19 19:29
7801,81,5504,2026-07-23 11:12,2026-07-23 12:51
7802,68,8641,2026-07-17 11:37,2026-07-17 13:19
7803,12,1061,2026-07-14 20:35,2026-07-14 20:47
7804,52,3087,2026-07-15 06:26,2026-07-15 06:50
7805,69,7514,2026-07-21 18:11,2026-07-21 20:03
7806,47,7276,2026-07-07 23:04,2026-07-08 00:47
7807,34,214,2026-07-11 21:48,2026-07-11 23:19
7808,56,7411,2026-07-07 12:20,2026-07-07 13:59
7809,58,2257,2026-07-25 19:42,2026-07-25 21:01
7810,84,6979,2026-07-03 13:28,2026-07-03 14:08
7811,75,8074,2026-07-30 15:00,2026-07-30 15:25
7812,61,7458,2026-07-29 00:10,2026-07-29 00:46
7813,47,4894,2026-07-23 14:02,2026-07-23 14:26
7814,76,6209,2026-07-16 18:35,2026-07-16 19:14
7815,8,9204,2026-07-12 05:48,2026-07-12 06:12
7816,99,9874,2026-07-08 11:10,NULL
7817,8,9975,2026-07-30 10:34,2026-07-30 11:52
7818,29,8618,2026-07-24 12:24,2026-07-24 13:08
7819,63,5424,2026-07-15 06:06,2026-07-15 08:05
7820,43,8467,2026-07-08 18:51,2026-07-08 20:01
7821,3,7425,2026-07-16 03:14,2026-07-16 03:38
7822,34,6090,2026-07-11 12:04,2026-07-11 13:48
7823,27,7016,2026-07-06 01:43,2026-07-06 03:17
7824,96,2391,2026-07-15 00:08,2026-07-15 00:20
7825,92,1215,2026-07-22 22:53,2026-07-22 23:45
7826,31,9565,2026-07-14 22:27,2026-07-14 23:37
7827,98,6909,2026-07-16 21:34,2026-07-16 22:30
7828,86,3898,2026-07-04 21:25,2026-07-04 23:12
7829,98,1937,2026-07-11 17:42,2026-07-11 19:25
7830,33,1996,2026-07-18 02:39,2026-07-18 03:36
7831,80,3653,2026-07-25 05:46,2026-07-25 06:16
7832,99,3329,2026-07-13 10:17,2026-07-13 11:26
7833,9,360,2026-07-13 13:27,2026-07-13 14:55
7834,97,1568,2026-07-23 18:18,2026-07-23 18:51
7835,53,5384,2026-07-22 07:17,2026-07-22 07:34
7836,48,2177,2026-07-28 23:25,2026-07-28 23:42
7837,30,2774,2026-07-21 17:13,2026-07-21 17:34
7838,24,5378,2026-07-09 22:43,2026-07-10 00:05
7839,59,5162,2026-07-16 01:58,2026-07-16 03:25
7840,8,6943,2026-07-19 11:57,2026-07-19 12:10
7841,31,898,2026-07-10 04:53,2026-07-10 05:57
7842,33,728,2026-07-29 08:39,2026-07-29 09:04
7843,73,4791,2026-07-30 01:45,2026-07-30 03:38
7844,55,5792,2026-07-30 20:23,NULL
7845,3,5440,2026-07-26 14:56,2026-07-26 16:48
7846,60,4428,2026-07-20 21:39,2026-07-20 23:10
7847,38,816,2026-07-28 09:57,2026-07-28 11:32
7848,62,2349,2026-07-21 07:16,2026-07-21 08:37
7849,92,6457,2026-07-07 23:55,2026-07-08 01:18
7850,81,7098,2026-07-01 04:20,2026-07-01 05:30
7851,9,9174,2026-07-30 12:04,2026-07-30 13:34
7852,73,3435,2026-07-24 18:22,2026-07-24 18:58
7853,79,5506,2026-07-16 23:07,2026-07-17 00:03
7854,84,2544,2026-07-28 20:31,2026-07-28 21:54
7855,59,3123,2026-07-28 18:41,2026-07-28 20:39
7856,20,7655,2026-07-17 20:52,2026-07-17 22:19
7857,29,2362,2026-07-04 23:56,2026-07-05 01:56
7858,48,8179,2026-07-20 22:09,2026-07-20 23:08
7859,48,4468,2026-07-15 20:45,2026-07-15 21:42
7860,83,306,2026-07-11 12:43,2026-07-11 13:01
7861,64,287,2026-07-27 08:24,2026-07-27 08:48
7862,90,8091,2026-07-01 12:37,NULL
7863,6,9972,2026-07-22 09:06,2026-07-22 10:55
7864,59,8835,2026-07-15 14:12,2026-07-15 15:32
7865,23,4775,2026-07-25 08:09,2026-07-25 08:48
7866,77,9312,2026-07-16 20:13,NULL
7867,63,1232,2026-07-04 22:07,2026-07-04 23:32
7868,95,6509,2026-07-12 00:20,2026-07-12 01:51
7869,62,6514,2026-07-24 02:45,2026-07-24 03:20
7870,7,8390,2026-07-03 03:14,2026-07-03 04:39
7871,78,8016,2026-07-06 12:51,2026-07-06 13:23
7872,16,3458,2026-07-04 18:37,2026-07-04 19:26
7873,69,7970,2026-07-03 05:01,2026-07-03 05:22
7874,73,5734,2026-07-02 06:34,2026-07-02 07:43
7875,68,689,2026-07-06 02:01,2026-07-06 02:25
7876,62,7133,2026-07-14 15:10,2026-07-14 16:12
7877,6,5317,2026-07-15 19:10,2026-07-15 19:25
7878,43,8044,2026-07-20 19:44,NULL
7879,50,159,2026-07-19 06:10,2026-07-19 07:36
7880,80,5392,2026-07-21 17:45,2026-07-21 18:29
7881,80,2512,2026-07-30 01:59,2026-07-30 03:23
7882,9,94,2026-07-29 13:13,2026-07-29 13:58
7883,26,8468,2026-07-20 14:41,2026-07-20 14:57
7884,37,6822,2026-07-30 01:14,2026-07-30 02:39
7885,72,9497,2026-07-12 14:50,2026-07-12 15:27
7886,20,3924,2026-07-15 09:08,2026-07-15 10:27
7887,21,7546,2026-07-07 16:53,2026-07-07 17:59
7888,38,8207,2026-07-13 06:48,2026-07-13 07:09
7889,71,4390,2026-07-21 10:58,2026-07-21 11:45
7890,64,2943,2026-07-01 06:48,2026-07-01 07:33
7891,65,8037,2026-07-13 22:49,NULL
7892,68,6432,2026-07-11 23:15,2026-07-12 00:16
7893,45,6105,2026-07-22 02:25,2026-07-22 03:44
7894,98,3619,2026-07-06 05:15,2026-07-06 05:27
7895,17,5265,2026-07-07 19:05,2026-07-07 20:09
7896,26,3878,2026-07-23 21:47,2026-07-23 23:25
7897,62,3461,2026-07-21 16:59,NULL
7898,27,386,2026-07-08 21:32,2026-07-08 22:32
7899,87,6979,2026-07-02 04:01,2026-07-02 05:15
7900,93,6129,2026-07-23 05:36,2026-07-23 07:08
7901,56,4956,2026-07-06 00:01,2026-07-06 00:20
7902,69,1154,2026-07-12 19:34,2026-07-12 20:39
7903,54,6149,2026-07-01 05:48,2026-07-01 07:35
7904,81,7364,2026-07-20 04:01,2026-07-20 05:56
7905,76,3129,2026-07-22 10:07,2026-07-22 10:36
7906,70,8797,2026-07-22 21:19,2026-07-22 21:51
7907,27,7388,2026-07-28 14:08,2026-07-28 14:25
7908,92,8342,2026-07-15 20:01,2026-07-15 20:27
7909,69,1516,2026-07-22 22:35,2026-07-22 22:55
7910,84,1625,2026-07-23 11:33,2026-07-23 11:59
7911,76,743,2026-07-14 00:27,2026-07-14 01:16
7912,66,1529,2026-07-26 07:46,2026-07-26 08:29
7913,60,6533,2026-07-01 13:05,2026-07-01 14:35
7914,73,6613,2026-07-19 07:55,NULL
7915,49,7042,2026-07-26 03:14,2026-07-26 04:08
7916,40,7253,2026-07-30 21:09,2026-07-30 22:25
7917,58,1477,2026-07-12 12:31,2026-07-12 14:12
7918,100,5387,2026-07-09 01:24,2026-07-09 03:13
7919,91,4909,2026-07-23 23:35,2026-07-24 00:54
7920,97,3520,2026-07-03 15:50,2026-07-03 16:03
7921,6,6547,2026-07-10 18:27,2026-07-10 18:38
7922,19,5301,2026-07-18 09:32,2026-07-18 10:12
7923,61,8103,2026-07-26 23:44,2026-07-27 00:32
7924,96,22,2026-07-09 05:18,2026-07-09 06:08
7925,90,829,2026-07-12 08:34,2026-07-12 09:43
7926,10,1634,2026-07-11 16:20,2026-07-11 18:03
7927,19,569,2026-07-23 10:17,2026-07-23 11:49
7928,40,9677,2026-07-03 16:11,2026-07-03 16:51
7929,42,1462,2026-07-28 05:40,2026-07-28 06:51
7930,20,8981,2026-07-11 07:36,2026-07-11 08:45
7931,16,6618,2026-07-26 23:43,2026-07-27 00:51
7932,3,9773,2026-07-10 05:13,2026-07-10 05:25
7933,91,4864,2026-07-15 05:02,2026-07-15 06:32
7934,62,4181,2026-07-30 06:45,NULL
7935,37,4400,2026-07-11 06:08,2026-07-11 07:32
7936,11,1179,2026-07-02 18:09,2026-07-02 18:52
7937,67,1218,2026-07-17 11:16,NULL
7938,94,2061,2026-07-29 22:49,2026-07-29 23:45
7939,86,5287,2026-07-10 08:31,2026-07-10 08:48
7940,46,7516,2026-07-30 23:16,2026-07-31 01:09
7941,22,1427,2026-07-23 05:26,2026-07-23 06:06
7942,63,8689,2026-07-18 07:50,2026-07-18 08:22
7943,9,1740,2026-07-30 22:17,2026-07-31 00:08
7944,60,4525,2026-07-10 10:18,2026-07-10 11:56
7945,52,2904,2026-07-15 03:08,2026-07-15 03:42
7946,38,7954,2026-07-30 21:24,2026-07-30 21:58
7947,15,1047,2026-07-07 21:10,2026-07-07 22:41
7948,48,2145,2026-07-21 00:24,2026-07-21 01:30
7949,54,4474,2026-07-02 16:48,2026-07-02 17:15
7950,45,8356,2026-07-03 15:35,2026-07-03 15:55
7951,59,5970,2026-07-28 21:22,2026-07-28 21:44
7952,30,777,2026-07-05 23:39,NULL
7953,64,9259,2026-07-13 19:33,2026-07-13 21:05
7954,63,9434,2026-07-02 06:55,2026-07-02 07:12
7955,49,1654,2026-07-09 14:42,2026-07-09 14:55
7956,29,8146,2026-07-14 18:27,2026-07-14 19:03
7957,72,5104,2026-07-08 05:37,2026-07-08 06:41
7958,10,2906,2026-07-20 01:13,2026-07-20 03:04
7959,18,3438,2026-07-22 10:00,2026-07-22 11:15
7960,72,897,2026-07-16 21:38,2026-07-16 22:46
7961,12,9747,2026-07-07 06:43,2026-07-07 08:15
7962,30,521,2026-07-10 23:42,2026-07-11 00:59
7963,42,3106,2026-07-20 01:24,2026-07-20 01:56
7964,18,2788,2026-07-21 15:13,2026-07-21 16:40
7965,9,8654,2026-07-16 18:26,2026-07-16 19:26
7966,55,4390,2026-07-05 17:28,2026-07-05 17:52
7967,60,1480,2026-07-04 23:09,2026-07-04 23:37
7968,22,8211,2026-07-03 03:23,2026-07-03 05:16
7969,39,9845,2026-07-19 11:33,NULL
7970,54,6198,2026-07-01 17:47,2026-07-01 18:07
7971,41,9562,2026-07-08 04:36,2026-07-08 05:15
7972,40,965,2026-07-05 07:58,2026-07-05 09:25
7973,82,873,2026-07-09 04:23,2026-07-09 04:37
7974,20,2419,2026-07-20 07:48,2026-07-20 08:30
7975,80,2736,2026-07-02 20:02,2026-07-02 20:35
7976,56,3425,2026-07-20 16:17,2026-07-20 17:32
7977,9,5952,2026-07-08 06:04,2026-07-08 07:59
7978,59,6816,2026-07-09 23:16,2026-07-10 00:00
7979,47,1273,2026-07-06 22:58,2026-07-06 23:55
7980,48,4933,2026-07-27 10:20,2026-07-27 11:37
7981,7,5454,2026-07-19 13:13,2026-07-19 15:06
7982,15,3436,2026-07-14 06:31,2026-07-14 07:40
7983,36,6870,2026-07-08 19:54,2026-07-08 20:24
7984,50,962,2026-07-28 02:29,2026-07-28 03:36
7985,77,9668,2026-07-17 12:18,2026-07-17 13:57
7986,64,9798,2026-07-07 10:39,2026-07-07 12:08
7987,4,9612,2026-07-08 12:38,2026-07-08 14:33
7988,84,4837,2026-07-03 11:33,2026-07-03 13:07
7989,88,1959,2026-07-06 21:54,2026-07-06 22:57
7990,75,4397,2026-07-07 21:23,2026-07-07 23:07
7991,29,18,2026-07-25 00:37,2026-07-25 02:28
7992,71,5320,2026-07-08 18:18,2026-07-08 18:41
7993,48,8657,2026-07-10 01:49,NULL
7994,14,1881,2026-07-11 06:59,2026-07-11 07:27
7995,13,2425,2026-07-10 16:18,2026-07-10 16:43
7996,46,4962,2026-07-18 09:44,2026-07-18 11:31
7997,16,5396,2026-07-15 07:39,2026-07-15 09:32
7998,70,6543,2026-07-09 15:02,2026-07-09 15:35
7999,21,4462,2026-07-02 12:17,2026-07-02 13:12
8000,89,8433,2026-07-18 06:35,2026-07-18 06:57
8001,75,9593,2026-07-21 02:20,2026-07-21 03:26
8002,56,3325,2026-07-22 16:48,NULL
8003,84,4346,2026-07-13 01:20,2026-07-13 01:37
8004,79,64,2026-07-25 09:46,2026-07-25 10:44
8005,77,3934,2026-07-12 03:17,NULL
8006,79,8539,2026-07-28 18:00,2026-07-28 18:15
8007,94,9778,2026-07-04 21:57,2026-07-04 22:19
8008,97,7961,2026-07-28 01:05,NULL
8009,76,9750,2026-07-03 02:17,2026-07-03 02:40
8010,53,2758,2026-07-28 03:54,2026-07-28 05:02
8011,69,2213,2026-07-09 21:29,2026-07-09 22:33
8012,25,8765,2026-07-29 21:13,2026-07-29 22:26
8013,42,917,2026-07-14 17:01,2026-07-14 17:43
8014,93,1528,2026-07-10 05:35,2026-07-10 06:34
8015,99,84,2026-07-21 14:21,2026-07-21 14:52
8016,69,6733,2026-07-26 05:03,NULL
8017,11,5189,2026-07-17 05:23,2026-07-17 05:40
8018,88,9715,2026-07-20 02:26,2026-07-20 03:52
8019,43,8226,2026-07-13 07:22,2026-07-13 07:37
8020,41,7562,2026-07-30 20:59,2026-07-30 21:20
8021,41,2060,2026-07-18 09:57,NULL
8022,47,7803,2026-07-29 06:52,2026-07-29 07:02
8023,16,9051,2026-07-26 02:09,2026-07-26 02:44
8024,68,330,2026-07-02 09:03,2026-07-02 10:53
8025,31,4539,2026-07-13 04:17,2026-07-13 05:00
8026,41,5769,2026-07-28 06:59,NULL
8027,100,9055,2026-07-10 11:43,2026-07-10 13:12
8028,14,8058,2026-07-26 04:32,2026-07-26 05:24
8029,47,6443,2026-07-03 17:19,2026-07-03 18:26
8030,99,1491,2026-07-02 22:00,2026-07-02 23:14
8031,90,4147,2026-07-15 16:07,2026-07-15 17:59
8032,99,4240,2026-07-25 12:15,2026-07-25 13:07
8033,83,2196,2026-07-17 02:16,2026-07-17 03:45
8034,97,4694,2026-07-03 01:36,2026-07-03 03:00
8035,43,3701,2026-07-24 08:08,2026-07-24 09:52
8036,19,680,2026-07-11 08:19,2026-07-11 08:58
8037,62,5140,2026-07-25 00:52,2026-07-25 02:40
8038,57,7027,2026-07-10 16:26,2026-07-10 18:17
8039,6,4535,2026-07-23 01:07,2026-07-23 01:36
8040,43,8559,2026-07-02 12:23,2026-07-02 13:25
8041,50,5183,2026-07-02 15:09,2026-07-02 16:01
8042,80,8149,2026-07-02 17:23,2026-07-02 18:10
8043,25,5676,2026-07-03 13:00,2026-07-03 13:46
8044,91,3544,2026-07-11 02:03,2026-07-11 02:25
8045,86,6559,2026-07-22 23:45,2026-07-23 00:52
8046,73,3048,2026-07-18 03:21,2026-07-18 03:39
8047,98,7485,2026-07-15 13:35,2026-07-15 14:26
8048,87,2182,2026-07-02 06:26,2026-07-02 07:43
8049,66,5548,2026-07-13 15:19,2026-07-13 16:23
8050,16,5266,2026-07-03 07:56,2026-07-03 08:07
8051,71,8015,2026-07-11 09:32,2026-07-11 10:17
8052,22,1919,2026-07-16 03:38,NULL
8053,5,8891,2026-07-12 09:33,2026-07-12 11:17
8054,71,5999,2026-07-28 16:36,2026-07-28 18:29
8055,65,4915,2026-07-06 14:12,2026-07-06 15:06
8056,11,9334,2026-07-06 06:43,2026-07-06 07:09
8057,81,9335,2026-07-11 16:14,2026-07-11 17:06
8058,24,5889,2026-07-20 15:54,NULL
8059,8,8769,2026-07-16 15:55,NULL
8060,22,970,2026-07-19 08:12,2026-07-19 09:26
8061,6,4671,2026-07-11 21:49,2026-07-11 22:11
8062,86,3442,2026-07-19 06:29,2026-07-19 07:01
8063,73,168,2026-07-25 08:22,2026-07-25 08:57
8064,97,4253,2026-07-30 16:42,2026-07-30 17:09
8065,53,4324,2026-07-05 18:45,2026-07-05 19:06
8066,99,5297,2026-07-30 23:07,2026-07-31 00:16
8067,70,5821,2026-07-04 13:57,2026-07-04 14:35
8068,42,2432,2026-07-21 18:36,2026-07-21 19:07
8069,46,5618,2026-07-23 06:45,2026-07-23 07:57
8070,55,1492,2026-07-29 02:42,2026-07-29 03:47
8071,97,3541,2026-07-08 04:07,2026-07-08 05:00
8072,17,4557,2026-07-28 13:00,2026-07-28 14:47
8073,30,9545,2026-07-16 06:58,NULL
8074,4,696,2026-07-26 00:28,2026-07-26 00:41
8075,100,2955,2026-07-01 03:40,2026-07-01 05:40
8076,86,2039,2026-07-01 12:42,2026-07-01 13:35
8077,88,8245,2026-07-23 09:25,2026-07-23 10:20
8078,39,1387,2026-07-12 13:37,2026-07-12 15:25
8079,26,1724,2026-07-10 19:15,2026-07-10 20:41
8080,72,2149,2026-07-11 18:55,2026-07-11 19:35
8081,34,2430,2026-07-08 09:43,NULL
8082,92,9401,2026-07-07 04:58,2026-07-07 05:57
8083,34,438,2026-07-19 13:39,2026-07-19 15:18
8084,22,4064,2026-07-02 02:58,2026-07-02 03:46
8085,7,5749,2026-07-30 12:27,NULL
8086,71,2066,2026-07-17 09:32,2026-07-17 10:02
8087,68,1187,2026-07-09 06:16,NULL
8088,74,1236,2026-07-02 13:42,2026-07-02 14:33
8089,85,9125,2026-07-07 20:02,2026-07-07 20:23
8090,14,2278,2026-07-17 09:08,2026-07-17 09:53
8091,70,293,2026-07-07 20:46,2026-07-07 22:26
8092,88,3628,2026-07-08 10:16,2026-07-08 11:05
8093,89,5967,2026-07-24 11:12,2026-07-24 12:08
8094,96,3051,2026-07-02 08:55,2026-07-02 09:24
8095,89,3266,2026-07-10 18:43,2026-07-10 19:36
8096,25,4217,2026-07-11 06:56,2026-07-11 07:38
8097,67,3939,2026-07-19 09:08,2026-07-19 10:43
8098,19,2071,2026-07-09 17:31,2026-07-09 18:17
8099,63,2921,2026-07-03 21:01,2026-07-03 22:53
8100,19,3950,2026-07-27 05:06,2026-07-27 06:36
8101,95,426,2026-07-01 16:15,2026-07-01 17:03
8102,26,448,2026-07-04 04:28,2026-07-04 04:52
8103,85,3074,2026-07-25 18:23,2026-07-25 20:08
8104,43,445,2026-07-21 03:47,2026-07-21 05:38
8105,3,7832,2026-07-29 23:05,NULL
8106,73,6451,2026-07-29 08:36,2026-07-29 09:41
8107,52,3206,2026-07-30 01:52,2026-07-30 03:24
8108,32,6533,2026-07-21 00:04,2026-07-21 00:50
8109,40,8229,2026-07-23 16:57,2026-07-23 17:18
8110,22,3605,2026-07-05 21:01,2026-07-05 22:15
8111,50,2666,2026-07-11 20:04,2026-07-11 21:24
8112,76,7402,2026-07-17 10:52,2026-07-17 12:14
8113,77,5542,2026-07-18 08:58,2026-07-18 10:51
8114,71,4213,2026-07-10 21:08,2026-07-10 21:44
8115,88,5372,2026-07-04 12:31,2026-07-04 14:23
8116,24,4851,2026-07-03 16:27,2026-07-03 17:59
8117,2,7977,2026-07-03 12:46,2026-07-03 13:18
8118,98,1855,2026-07-19 08:39,2026-07-19 10:16
8119,89,5812,2026-07-29 23:18,2026-07-30 00:49
8120,43,9342,2026-07-08 15:48,2026-07-08 16:23
8121,77,6627,2026-07-01 15:41,2026-07-01 17:40
8122,6,9797,2026-07-03 08:17,2026-07-03 08:46
8123,92,4154,2026-07-06 03:29,2026-07-06 03:43
8124,51,4398,2026-07-25 01:21,NULL
8125,34,1187,2026-07-10 15:22,2026-07-10 17:22
8126,21,223,2026-07-12 02:12,2026-07-12 03:11
8127,15,4968,2026-07-22 21:11,2026-07-22 22:42
8128,31,3272,2026-07-19 19:54,2026-07-19 20:53
8129,82,3881,2026-07-11 12:31,2026-07-11 12:49
8130,12,4148,2026-07-18 20:58,2026-07-18 22:50
8131,80,6869,2026-07-05 07:34,2026-07-05 09:17
8132,24,830,2026-07-19 22:39,2026-07-20 00:39
8133,54,8781,2026-07-27 22:23,2026-07-27 23:50
8134,20,2454,2026-07-21 13:01,2026-07-21 14:53
8135,70,8993,2026-07-03 13:33,NULL
8136,52,8431,2026-07-12 18:57,2026-07-12 20:06
8137,95,6555,2026-07-02 01:56,2026-07-02 02:14
8138,39,2072,2026-07-07 01:13,2026-07-07 01:47
8139,93,8430,2026-07-21 14:13,2026-07-21 15:34
8140,75,1939,2026-07-12 08:09,2026-07-12 09:17
8141,58,4908,2026-07-02 21:43,2026-07-02 21:58
8142,64,8541,2026-07-13 06:32,NULL
8143,76,3295,2026-07-03 02:29,2026-07-03 04:08
8144,4,6210,2026-07-23 08:00,NULL
8145,90,2525,2026-07-05 06:42,2026-07-05 07:28
8146,84,6709,2026-07-14 01:42,2026-07-14 02:53
8147,52,1976,2026-07-01 10:30,2026-07-01 11:24
8148,60,3083,2026-07-13 20:25,2026-07-13 21:41
8149,97,6446,2026-07-10 01:34,NULL
8150,33,7400,2026-07-13 05:21,2026-07-13 06:13
8151,75,1546,2026-07-07 18:03,2026-07-07 18:48
8152,30,5313,2026-07-05 03:47,2026-07-05 05:44
8153,96,5135,2026-07-01 21:31,2026-07-01 22:26
8154,91,4402,2026-07-22 20:26,2026-07-22 21:22
8155,93,7256,2026-07-16 01:57,2026-07-16 02:27
8156,94,8529,2026-07-17 05:51,2026-07-17 06:59
8157,30,2028,2026-07-26 16:07,2026-07-26 18:01
8158,9,9285,2026-07-12 17:54,2026-07-12 19:29
8159,19,3780,2026-07-01 00:43,2026-07-01 01:57
8160,15,2649,2026-07-28 13:46,2026-07-28 15:31
8161,38,8184,2026-07-05 02:09,NULL
8162,78,5235,2026-07-09 01:18,2026-07-09 02:58
8163,97,4372,2026-07-14 01:40,NULL
8164,13,4076,2026-07-16 21:16,2026-07-16 22:18
8165,45,1933,2026-07-09 00:16,2026-07-09 01:18
8166,64,8980,2026-07-25 21:12,2026-07-25 22:26
8167,27,7926,2026-07-20 16:17,2026-07-20 17:56
8168,95,2110,2026-07-13 11:54,2026-07-13 13:38
8169,1,6567,2026-07-12 05:13,2026-07-12 06:15
8170,59,5742,2026-07-13 11:06,2026-07-13 11:58
8171,23,4519,2026-07-29 13:58,2026-07-29 15:40
8172,45,2118,2026-07-05 01:47,2026-07-05 03:22
8173,38,6898,2026-07-14 19:17,2026-07-14 21:02
8174,11,5090,2026-07-20 06:45,2026-07-20 08:21
8175,5,1082,2026-07-17 09:39,2026-07-17 09:51
8176,32,1625,2026-07-19 04:15,2026-07-19 06:05
8177,72,670,2026-07-02 15:48,2026-07-02 16:54
8178,20,3637,2026-07-30 04:56,2026-07-30 05:54
8179,36,2023,2026-07-02 02:39,2026-07-02 03:34
8180,65,628,2026-07-25 18:12,2026-07-25 18:45
8181,79,3901,2026-07-29 18:18,2026-07-29 18:47
8182,24,7120,2026-07-24 23:49,2026-07-25 00:41
8183,1,1810,2026-07-26 00:18,2026-07-26 01:21
8184,41,2048,2026-07-07 18:53,2026-07-07 19:52
8185,51,2362,2026-07-02 18:03,2026-07-02 18:38
8186,76,8794,2026-07-05 01:51,2026-07-05 02:27
8187,86,954,2026-07-06 13:30,2026-07-06 14:35
8188,2,6119,2026-07-17 05:51,2026-07-17 06:36
8189,45,6537,2026-07-24 13:05,2026-07-24 13:39
8190,92,6441,2026-07-21 16:07,2026-07-21 17:21
8191,84,2643,2026-07-21 01:48,NULL
8192,97,3004,2026-07-13 11:42,2026-07-13 13:00
8193,100,44,2026-07-03 09:28,2026-07-03 09:54
8194,2,613,2026-07-10 23:05,2026-07-11 00:55
8195,59,9405,2026-07-28 18:00,2026-07-28 18:15
8196,70,2507,2026-07-22 05:12,2026-07-22 05:22
8197,47,4951,2026-07-14 09:10,2026-07-14 09:37
8198,17,4930,2026-07-06 17:36,2026-07-06 18:37
8199,8,2280,2026-07-27 17:16,2026-07-27 17:30
8200,49,9745,2026-07-13 06:11,2026-07-13 07:16
8201,9,377,2026-07-04 03:40,NULL
8202,90,7903,2026-07-15 10:17,2026-07-15 11:49
8203,20,3165,2026-07-05 13:25,2026-07-05 14:07
8204,71,8316,2026-07-12 01:09,2026-07-12 01:51
8205,61,3117,2026-07-25 13:56,NULL
8206,38,5919,2026-07-19 12:55,2026-07-19 13:55
8207,46,9214,2026-07-28 03:08,2026-07-28 03:37
8208,92,7004,2026-07-04 13:50,2026-07-04 15:03
8209,9,2854,2026-07-21 10:14,2026-07-21 11:49
8210,69,1894,2026-07-12 17:08,2026-07-12 18:10
8211,3,5826,2026-07-28 05:13,NULL
8212,57,644,2026-07-13 15:52,2026-07-13 17:31
8213,85,6775,2026-07-22 11:47,NULL
8214,17,8902,2026-07-16 17:15,2026-07-16 18:45
8215,8,9198,2026-07-22 15:03,2026-07-22 15:51
8216,61,1610,2026-07-25 09:59,2026-07-25 11:44
8217,13,2439,2026-07-23 06:25,2026-07-23 07:31
8218,86,4097,2026-07-30 06:47,2026-07-30 07:41
8219,35,6532,2026-07-25 12:03,2026-07-25 12:18
8220,34,298,2026-07-09 19:25,2026-07-09 20:27
8221,98,2792,2026-07-13 08:55,2026-07-13 09:07
8222,45,647,2026-07-19 12:28,2026-07-19 13:14
8223,52,3115,2026-07-14 11:41,2026-07-14 12:50
8224,74,5921,2026-07-21 03:27,2026-07-21 04:32
8225,13,4674,2026-07-06 02:04,2026-07-06 03:11
8226,93,167,2026-07-28 19:28,2026-07-28 21:06
8227,80,315,2026-07-04 16:06,2026-07-04 17:04
8228,51,4453,2026-07-11 17:29,2026-07-11 18:53
8229,43,5705,2026-07-04 04:45,2026-07-04 06:07
8230,40,2893,2026-07-30 05:40,2026-07-30 06:46
8231,91,7519,2026-07-09 21:30,2026-07-09 22:42
8232,99,5117,2026-07-01 21:15,2026-07-01 23:05
8233,100,6797,2026-07-30 00:48,2026-07-30 02:24
8234,2,3917,2026-07-04 03:28,2026-07-04 04:34
8235,37,5840,2026-07-10 00:53,2026-07-10 01:33
8236,86,8618,2026-07-27 01:43,NULL
8237,57,7537,2026-07-02 21:42,2026-07-02 23:27
8238,98,8589,2026-07-05 02:31,2026-07-05 03:12
8239,83,8742,2026-07-09 05:28,2026-07-09 06:09
8240,85,1604,2026-07-22 06:35,2026-07-22 07:56
8241,8,8632,2026-07-17 01:13,2026-07-17 03:12
8242,22,4533,2026-07-17 03:18,2026-07-17 04:54
8243,98,9868,2026-07-22 20:05,2026-07-22 21:51
8244,4,9597,2026-07-28 13:50,2026-07-28 14:11
8245,55,744,2026-07-02 07:37,2026-07-02 09:00
8246,61,4119,2026-07-13 03:30,2026-07-13 04:01
8247,31,3295,2026-07-10 11:34,2026-07-10 11:44
8248,79,8770,2026-07-27 02:02,2026-07-27 02:25
8249,69,3839,2026-07-29 03:04,2026-07-29 04:35
8250,31,8322,2026-07-17 07:49,2026-07-17 09:27
8251,45,1663,2026-07-27 01:33,2026-07-27 02:23
8252,61,4304,2026-07-04 17:18,2026-07-04 18:21
8253,78,6370,2026-07-18 23:52,2026-07-19 00:10
8254,90,3552,2026-07-03 11:13,2026-07-03 11:57
8255,93,5046,2026-07-25 15:09,2026-07-25 15:42
8256,96,3221,2026-07-19 17:43,2026-07-19 19:23
8257,63,5438,2026-07-02 00:11,2026-07-02 01:48
8258,19,8217,2026-07-14 10:35,2026-07-14 12:13
8259,93,8634,2026-07-20 00:00,2026-07-20 01:21
8260,77,7714,2026-07-01 17:48,2026-07-01 19:27
8261,48,4654,2026-07-13 19:01,2026-07-13 20:29
8262,32,4343,2026-07-27 03:33,NULL
8263,10,3880,2026-07-18 06:40,2026-07-18 06:58
8264,37,2404,2026-07-09 08:45,2026-07-09 10:02
8265,38,6540,2026-07-08 04:38,2026-07-08 06:23
8266,83,6680,2026-07-12 09:15,2026-07-12 10:30
8267,57,8946,2026-07-28 08:06,NULL
8268,73,69,2026-07-15 22:06,2026-07-15 23:10
8269,68,1699,2026-07-15 16:28,2026-07-15 16:50
8270,61,2966,2026-07-04 07:17,2026-07-04 08:04
8271,98,4151,2026-07-25 15:19,2026-07-25 17:12
8272,47,7086,2026-07-23 13:20,2026-07-23 14:52
8273,32,9607,2026-07-06 05:49,2026-07-06 07:39
8274,54,9408,2026-07-26 11:57,2026-07-26 13:33
8275,22,6446,2026-07-18 02:44,2026-07-18 03:12
8276,17,2790,2026-07-16 00:16,2026-07-16 00:40
8277,88,9449,2026-07-28 19:33,2026-07-28 20:54
8278,52,5383,2026-07-29 21:24,NULL
8279,55,6459,2026-07-18 09:12,2026-07-18 11:05
8280,31,4082,2026-07-10 21:41,2026-07-10 22:53
8281,24,2283,2026-07-29 02:24,2026-07-29 02:40
8282,31,7307,2026-07-30 01:44,2026-07-30 02:33
8283,49,190,2026-07-12 13:44,2026-07-12 14:26
8284,6,1510,2026-07-23 06:57,NULL
8285,100,3657,2026-07-27 04:05,NULL
8286,49,4197,2026-07-16 03:50,2026-07-16 05:39
8287,67,1691,2026-07-23 15:25,2026-07-23 16:55
8288,38,9001,2026-07-03 11:46,2026-07-03 11:56
8289,60,4222,2026-07-05 09:15,NULL
8290,24,4259,2026-07-15 08:56,2026-07-15 09:10
8291,30,5701,2026-07-12 23:33,2026-07-13 01:21
8292,90,9907,2026-07-23 08:30,2026-07-23 10:23
8293,77,6193,2026-07-15 22:01,2026-07-15 22:32
8294,19,5697,2026-07-13 04:11,2026-07-13 05:32
8295,90,7790,2026-07-01 05:02,2026-07-01 05:29
8296,47,9475,2026-07-01 04:20,NULL
8297,3,3141,2026-07-03 19:50,2026-07-03 21:09
8298,7,5892,2026-07-05 16:22,2026-07-05 17:07
8299,10,8136,2026-07-29 04:57,2026-07-29 06:44
8300,5,9565,2026-07-12 13:11,2026-07-12 14:53
8301,77,9196,2026-07-02 00:21,2026-07-02 01:04
8302,1,4059,2026-07-15 07:06,2026-07-15 08:51
8303,28,7143,2026-07-04 11:30,2026-07-04 13:21
8304,70,770,2026-07-24 13:48,NULL
8305,31,4437,2026-07-17 14:12,2026-07-17 14:56
8306,10,6873,2026-07-09 00:50,2026-07-09 01:01
8307,42,2750,2026-07-26 01:00,2026-07-26 01:19
8308,43,3364,2026-07-18 13:16,2026-07-18 14:00
8309,5,8602,2026-07-10 06:09,2026-07-10 07:24
8310,92,3522,2026-07-12 10:00,NULL
8311,96,7319,2026-07-26 09:14,2026-07-26 10:41
8312,57,1283,2026-07-17 15:39,2026-07-17 17:24
8313,1,4080,2026-07-30 04:16,2026-07-30 04:58
8314,75,456,2026-07-15 21:57,2026-07-15 23:42
8315,30,8719,2026-07-18 09:27,2026-07-18 09:51
8316,85,1366,2026-07-05 21:19,2026-07-05 22:26
8317,49,4890,2026-07-20 16:34,NULL
8318,27,7367,2026-07-23 11:07,2026-07-23 12:29
8319,42,5314,2026-07-26 09:03,2026-07-26 10:16
8320,92,1492,2026-07-02 00:18,2026-07-02 01:28
8321,23,9252,2026-07-30 08:57,NULL
8322,48,7241,2026-07-07 01:51,2026-07-07 02:54
8323,12,5083,2026-07-26 22:38,2026-07-26 23:52
8324,16,7351,2026-07-21 09:57,2026-07-21 11:53
8325,26,4340,2026-07-05 17:29,2026-07-05 19:25
8326,58,1060,2026-07-10 12:20,NULL
8327,57,7359,2026-07-28 09:34,2026-07-28 10:26
8328,30,7914,2026-07-03 03:34,2026-07-03 04:18
8329,88,6113,2026-07-30 15:54,2026-07-30 16:11
8330,30,7051,2026-07-07 22:30,2026-07-07 23:46
8331,57,4379,2026-07-04 06:05,2026-07-04 07:24
8332,24,8362,2026-07-18 21:20,2026-07-18 22:20
8333,5,9780,2026-07-22 12:25,2026-07-22 13:06
8334,75,3701,2026-07-28 06:51,2026-07-28 08:09
8335,37,1633,2026-07-13 05:39,2026-07-13 06:38
8336,84,7406,2026-07-03 17:52,2026-07-03 18:57
8337,100,5052,2026-07-18 08:44,NULL
8338,96,7928,2026-07-17 12:35,2026-07-17 12:57
8339,55,1993,2026-07-16 07:53,2026-07-16 08:39
8340,84,5475,2026-07-13 07:12,2026-07-13 07:55
8341,78,7535,2026-07-21 07:14,2026-07-21 08:31
8342,42,1319,2026-07-13 23:14,2026-07-14 00:29
8343,80,7841,2026-07-11 06:24,2026-07-11 07:33
8344,53,5902,2026-07-21 20:54,2026-07-21 21:07
8345,1,924,2026-07-26 11:08,NULL
8346,97,2002,2026-07-06 10:03,2026-07-06 11:24
8347,4,8984,2026-07-17 14:01,2026-07-17 14:53
8348,24,1317,2026-07-05 19:32,NULL
8349,95,7455,2026-07-24 15:27,NULL
8350,34,7570,2026-07-05 23:12,2026-07-06 01:03
8351,86,2471,2026-07-15 07:51,2026-07-15 09:08
8352,55,7076,2026-07-06 22:26,2026-07-06 23:11
8353,88,8361,2026-07-23 12:30,2026-07-23 14:13
8354,34,1577,2026-07-18 00:31,2026-07-18 02:17
8355,53,7723,2026-07-13 11:08,2026-07-13 12:22
8356,33,922,2026-07-07 01:31,2026-07-07 01:55
8357,99,1632,2026-07-11 13:24,2026-07-11 14:57
8358,41,4195,2026-07-13 07:23,NULL
8359,93,6082,2026-07-19 22:54,NULL
8360,9,8528,2026-07-07 17:25,2026-07-07 18:58
8361,43,4185,2026-07-01 22:23,2026-07-02 00:22
8362,72,1129,2026-07-11 21:11,2026-07-11 21:52
8363,78,8150,2026-07-03 03:05,2026-07-03 04:46
8364,21,9331,2026-07-28 19:30,2026-07-28 19:43
8365,70,389,2026-07-16 01:59,2026-07-16 03:09
8366,21,3966,2026-07-25 05:21,2026-07-25 05:38
8367,78,8352,2026-07-23 14:19,2026-07-23 16:04
8368,48,5539,2026-07-23 07:55,2026-07-23 08:16
8369,10,7845,2026-07-15 03:30,2026-07-15 04:01
8370,48,4309,2026-07-19 13:03,2026-07-19 13:54
8371,2,2466,2026-07-30 03:44,2026-07-30 05:24
8372,72,477,2026-07-18 22:57,2026-07-18 23:16
8373,74,3058,2026-07-14 17:51,2026-07-14 19:10
8374,57,9495,2026-07-18 20:01,2026-07-18 21:13
8375,19,9573,2026-07-08 08:56,2026-07-08 10:12
8376,63,4995,2026-07-22 01:25,2026-07-22 01:47
8377,25,2075,2026-07-23 05:20,2026-07-23 07:06
8378,96,9416,2026-07-03 16:33,2026-07-03 18:33
8379,79,9925,2026-07-03 06:54,2026-07-03 08:01
8380,84,927,2026-07-07 16:06,2026-07-07 17:57
8381,73,7833,2026-07-15 22:24,2026-07-15 23:57
8382,78,8282,2026-07-03 19:42,2026-07-03 19:58
8383,8,6686,2026-07-09 09:45,2026-07-09 11:03
8384,25,1648,2026-07-02 09:00,2026-07-02 09:20
8385,62,3274,2026-07-30 11:29,2026-07-30 13:03
8386,44,756,2026-07-09 05:05,2026-07-09 06:54
8387,80,7570,2026-07-28 18:52,2026-07-28 20:24
8388,46,3694,2026-07-19 04:52,2026-07-19 06:45
8389,33,6670,2026-07-28 13:03,2026-07-28 14:32
8390,43,9963,2026-07-09 07:22,2026-07-09 07:48
8391,52,7711,2026-07-26 04:42,2026-07-26 05:01
8392,39,9054,2026-07-19 05:33,2026-07-19 06:20
8393,66,426,2026-07-13 06:44,NULL
8394,1,8882,2026-07-07 11:18,2026-07-07 12:24
8395,18,4035,2026-07-24 06:37,2026-07-24 07:45
8396,99,1559,2026-07-13 03:28,2026-07-13 04:24
8397,1,3883,2026-07-03 08:22,2026-07-03 10:07
8398,73,3855,2026-07-22 16:38,2026-07-22 17:26
8399,75,9712,2026-07-03 20:27,2026-07-03 21:24
8400,1,9978,2026-07-13 01:33,2026-07-13 02:17
8401,32,2242,2026-07-11 15:35,2026-07-11 16:55
8402,41,3436,2026-07-24 18:44,2026-07-24 18:59
8403,39,2095,2026-07-11 19:19,2026-07-11 19:41
8404,97,2489,2026-07-13 14:50,2026-07-13 16:16
8405,5,6295,2026-07-21 09:43,2026-07-21 11:23
8406,64,3163,2026-07-12 00:52,2026-07-12 01:18
8407,56,8869,2026-07-02 06:32,2026-07-02 07:15
8408,86,5422,2026-07-27 18:28,2026-07-27 18:47
8409,45,2081,2026-07-21 22:55,NULL
8410,72,4458,2026-07-09 07:30,2026-07-09 08:23
8411,63,4007,2026-07-29 09:44,2026-07-29 10:24
8412,78,2123,2026-07-28 20:31,2026-07-28 21:27
8413,56,8974,2026-07-18 09:16,2026-07-18 10:26
8414,75,8162,2026-07-07 10:48,2026-07-07 12:18
8415,38,2464,2026-07-14 01:09,2026-07-14 02:51
8416,53,8083,2026-07-26 09:34,2026-07-26 11:13
8417,57,6757,2026-07-19 15:04,2026-07-19 16:02
8418,97,1951,2026-07-28 09:10,NULL
8419,92,7492,2026-07-25 10:09,2026-07-25 11:49
8420,89,5179,2026-07-26 19:23,NULL
8421,29,2936,2026-07-23 02:29,2026-07-23 02:39
8422,48,6201,2026-07-28 13:45,NULL
8423,75,9489,2026-07-29 06:54,2026-07-29 07:25
8424,58,9829,2026-07-23 11:38,2026-07-23 12:49
8425,66,7283,2026-07-09 04:25,2026-07-09 05:52
8426,63,3106,2026-07-01 16:19,2026-07-01 17:04
8427,29,8476,2026-07-23 02:06,2026-07-23 03:08
8428,77,296,2026-07-05 19:10,2026-07-05 20:23
8429,36,424,2026-07-04 15:02,2026-07-04 16:20
8430,69,8146,2026-07-05 13:10,2026-07-05 15:07
8431,99,8277,2026-07-18 14:25,2026-07-18 15:35
8432,84,7805,2026-07-04 19:32,2026-07-04 20:49
8433,96,2019,2026-07-12 09:32,2026-07-12 10:34
8434,82,4253,2026-07-18 21:35,2026-07-18 22:11
8435,8,8742,2026-07-06 16:51,2026-07-06 17:38
8436,47,232,2026-07-23 15:07,2026-07-23 15:35
8437,35,9863,2026-07-11 22:00,2026-07-11 22:15
8438,88,3788,2026-07-17 23:32,2026-07-18 00:34
8439,54,6255,2026-07-14 06:06,NULL
8440,94,8117,2026-07-03 19:12,NULL
8441,7,5900,2026-07-01 02:17,2026-07-01 02:55
8442,25,5226,2026-07-01 16:33,2026-07-01 17:00
8443,65,94,2026-07-14 12:14,NULL
8444,95,2044,2026-07-26 21:58,2026-07-26 23:14
8445,56,4494,2026-07-16 07:03,2026-07-16 08:06
8446,21,9998,2026-07-29 04:22,2026-07-29 04:40
8447,63,5144,2026-07-08 19:18,2026-07-08 20:28
8448,21,1634,2026-07-10 13:42,2026-07-10 14:21
8449,64,304,2026-07-21 18:30,2026-07-21 19:28
8450,78,7294,2026-07-06 22:31,2026-07-06 23:05
8451,36,1327,2026-07-09 05:46,2026-07-09 06:43
8452,24,1732,2026-07-15 11:15,2026-07-15 13:01
8453,78,6433,2026-07-23 14:17,2026-07-23 15:21
8454,39,3651,2026-07-10 09:26,2026-07-10 10:10
8455,50,1507,2026-07-01 19:21,2026-07-01 20:53
8456,16,9914,2026-07-16 22:47,2026-07-17 00:19
8457,44,369,2026-07-23 17:06,2026-07-23 17:24
8458,29,5062,2026-07-14 05:22,2026-07-14 06:38
8459,50,9994,2026-07-02 18:31,2026-07-02 18:59
8460,32,4257,2026-07-15 23:15,2026-07-16 01:04
8461,84,4578,2026-07-09 14:55,2026-07-09 16:47
8462,6,8591,2026-07-24 02:21,2026-07-24 04:13
8463,83,1315,2026-07-11 09:19,2026-07-11 09:38
8464,87,239,2026-07-22 01:27,2026-07-22 03:23
8465,99,9476,2026-07-06 00:36,2026-07-06 02:27
8466,59,3902,2026-07-17 01:13,2026-07-17 02:29
8467,4,3895,2026-07-03 15:17,2026-07-03 17:14
8468,25,5249,2026-07-18 12:28,2026-07-18 13:21
8469,84,4892,2026-07-30 09:29,2026-07-30 11:26
8470,22,9377,2026-07-26 08:45,2026-07-26 09:33
8471,57,4572,2026-07-03 07:54,2026-07-03 09:36
8472,60,3886,2026-07-18 14:15,2026-07-18 16:08
8473,53,1210,2026-07-17 06:28,2026-07-17 08:23
8474,16,7664,2026-07-16 14:54,2026-07-16 16:02
8475,71,223,2026-07-24 19:46,2026-07-24 20:23
8476,1,4077,2026-07-28 00:18,2026-07-28 00:53
8477,83,9455,2026-07-04 17:05,2026-07-04 17:43
8478,65,9723,2026-07-08 11:57,2026-07-08 13:02
8479,26,8745,2026-07-01 09:25,2026-07-01 10:25
8480,2,3537,2026-07-07 08:48,2026-07-07 10:38
8481,18,9711,2026-07-14 02:28,2026-07-14 04:03
8482,96,80,2026-07-24 00:49,2026-07-24 01:38
8483,57,3780,2026-07-10 08:27,2026-07-10 08:50
8484,21,5959,2026-07-12 15:05,2026-07-12 16:53
8485,29,3011,2026-07-14 18:36,2026-07-14 19:04
8486,71,5748,2026-07-23 08:15,2026-07-23 08:38
8487,78,4536,2026-07-21 03:41,2026-07-21 04:54
8488,58,2340,2026-07-07 00:12,2026-07-07 00:27
8489,65,7640,2026-07-07 11:24,2026-07-07 11:58
8490,73,2432,2026-07-19 14:24,2026-07-19 16:20
8491,6,678,2026-07-03 08:40,2026-07-03 08:56
8492,40,7652,2026-07-19 15:42,2026-07-19 16:18
8493,69,4121,2026-07-20 01:56,2026-07-20 02:44
8494,11,9512,2026-07-09 11:55,2026-07-09 12:53
8495,5,2104,2026-07-20 03:49,2026-07-20 04:45
8496,46,2477,2026-07-09 08:24,NULL
8497,5,1596,2026-07-09 00:15,2026-07-09 00:55
8498,93,4734,2026-07-30 21:56,2026-07-30 23:15
8499,53,1196,2026-07-07 13:31,2026-07-07 15:14
8500,37,8064,2026-07-01 15:19,2026-07-01 16:48
8501,11,3992,2026-07-23 02:59,2026-07-23 04:30
8502,48,3946,2026-07-08 10:45,2026-07-08 12:30
8503,73,753,2026-07-28 04:06,2026-07-28 05:06
8504,18,8383,2026-07-28 19:18,2026-07-28 19:50
8505,30,5610,2026-07-27 01:05,2026-07-27 01:27
8506,62,9980,2026-07-08 13:01,2026-07-08 13:49
8507,35,637,2026-07-15 02:04,2026-07-15 02:27
8508,92,4885,2026-07-20 17:04,2026-07-20 18:11
8509,53,9117,2026-07-16 20:10,NULL
8510,26,8710,2026-07-17 10:20,2026-07-17 12:02
8511,20,249,2026-07-03 16:32,2026-07-03 17:08
8512,70,6112,2026-07-08 22:07,NULL
8513,19,5608,2026-07-04 09:32,2026-07-04 10:12
8514,22,155,2026-07-03 19:45,2026-07-03 21:13
8515,82,310,2026-07-19 05:55,2026-07-19 07:01
8516,41,7380,2026-07-02 15:18,2026-07-02 15:45
8517,12,9329,2026-07-01 11:00,2026-07-01 12:20
8518,53,8735,2026-07-11 03:36,NULL
8519,77,8199,2026-07-03 22:38,NULL
8520,36,1943,2026-07-11 11:42,2026-07-11 13:16
8521,2,711,2026-07-22 23:45,2026-07-23 00:15
8522,48,9916,2026-07-30 19:55,2026-07-30 21:04
8523,62,260,2026-07-29 20:13,2026-07-29 21:21
8524,63,1278,2026-07-14 21:26,2026-07-14 22:13
8525,54,9277,2026-07-30 16:20,2026-07-30 17:28
8526,8,5610,2026-07-23 14:50,2026-07-23 16:07
8527,61,8310,2026-07-07 22:28,2026-07-08 00:23
8528,95,6553,2026-07-14 10:32,2026-07-14 10:45
8529,83,6160,2026-07-16 03:22,2026-07-16 04:56
8530,2,335,2026-07-05 12:38,2026-07-05 13:45
8531,45,8572,2026-07-27 11:55,NULL
8532,20,1102,2026-07-04 13:10,2026-07-04 13:47
8533,75,8461,2026-07-29 02:27,2026-07-29 02:48
8534,39,5973,2026-07-25 15:30,2026-07-25 15:44
8535,41,297,2026-07-17 15:03,2026-07-17 16:26
8536,89,1382,2026-07-30 15:19,2026-07-30 16:46
8537,19,9490,2026-07-04 04:36,2026-07-04 05:23
8538,32,6752,2026-07-16 06:33,2026-07-16 08:29
8539,79,7229,2026-07-10 15:32,2026-07-10 17:21
8540,65,330,2026-07-10 04:49,2026-07-10 06:31
8541,86,298,2026-07-07 07:44,2026-07-07 08:48
8542,80,9206,2026-07-01 17:19,2026-07-01 19:16
8543,32,7312,2026-07-21 16:42,NULL
8544,94,4797,2026-07-10 03:40,2026-07-10 03:55
8545,7,517,2026-07-23 17:10,2026-07-23 18:57
8546,40,7068,2026-07-23 18:54,2026-07-23 19:47
8547,51,9456,2026-07-28 11:40,NULL
8548,53,6669,2026-07-02 14:47,2026-07-02 16:01
8549,75,1147,2026-07-01 07:02,2026-07-01 08:44
8550,9,3503,2026-07-07 02:19,2026-07-07 03:15
8551,16,9278,2026-07-04 14:07,2026-07-04 15:28
8552,69,5832,2026-07-16 12:42,2026-07-16 14:24
8553,92,7712,2026-07-11 18:41,2026-07-11 19:37
8554,10,5084,2026-07-15 02:00,2026-07-15 03:00
8555,2,3822,2026-07-10 08:43,2026-07-10 09:34
8556,58,2944,2026-07-29 21:16,2026-07-29 23:14
8557,55,2056,2026-07-22 12:26,NULL
8558,6,4540,2026-07-28 18:41,2026-07-28 20:33
8559,79,9464,2026-07-01 10:59,2026-07-01 12:51
8560,93,5892,2026-07-19 23:37,2026-07-20 01:34
8561,26,1484,2026-07-22 02:40,2026-07-22 02:54
8562,12,5815,2026-07-01 20:44,2026-07-01 22:42
8563,52,3059,2026-07-23 20:46,2026-07-23 22:00
8564,50,6221,2026-07-23 12:05,2026-07-23 12:36
8565,25,2780,2026-07-08 04:58,NULL
8566,28,3516,2026-07-12 12:39,NULL
8567,25,6899,2026-07-26 03:09,2026-07-26 05:02
8568,44,4599,2026-07-19 09:48,NULL
8569,40,7905,2026-07-24 10:46,2026-07-24 11:09
8570,94,9449,2026-07-24 06:05,NULL
8571,46,7077,2026-07-23 04:34,2026-07-23 05:21
8572,71,9748,2026-07-18 19:31,2026-07-18 19:59
8573,94,6322,2026-07-22 14:50,2026-07-22 16:02
8574,40,7908,2026-07-07 02:13,2026-07-07 03:49
8575,24,7367,2026-07-12 14:01,NULL
8576,23,8543,2026-07-23 16:58,2026-07-23 17:58
8577,27,3559,2026-07-04 19:52,NULL
8578,15,8428,2026-07-29 09:58,2026-07-29 10:36
8579,56,3256,2026-07-13 14:26,2026-07-13 16:13
8580,71,1305,2026-07-03 08:33,2026-07-03 08:50
8581,13,584,2026-07-24 00:36,2026-07-24 00:47
8582,7,1447,2026-07-20 12:34,2026-07-20 14:15
8583,29,4232,2026-07-09 14:19,2026-07-09 14:48
8584,30,7496,2026-07-30 21:39,2026-07-30 23:37
8585,26,292,2026-07-21 00:50,2026-07-21 02:31
8586,91,4843,2026-07-30 21:48,2026-07-30 22:52
8587,56,737,2026-07-26 18:55,2026-07-26 20:12
8588,10,4635,2026-07-23 01:08,2026-07-23 01:31
8589,62,5179,2026-07-09 21:54,2026-07-09 22:46
8590,31,1095,2026-07-04 07:11,2026-07-04 09:10
8591,75,1874,2026-07-07 15:59,2026-07-07 17:34
8592,4,9106,2026-07-25 03:16,2026-07-25 04:58
8593,75,8058,2026-07-11 19:46,2026-07-11 21:34
8594,67,4851,2026-07-07 19:01,2026-07-07 20:43
8595,53,9796,2026-07-02 05:28,2026-07-02 06:56
8596,39,9749,2026-07-05 21:09,2026-07-05 22:32
8597,63,4417,2026-07-12 15:10,2026-07-12 16:58
8598,75,7110,2026-07-23 17:19,2026-07-23 18:52
8599,2,9865,2026-07-10 20:05,2026-07-10 20:48
8600,64,7056,2026-07-20 14:21,2026-07-20 16:08
8601,23,1282,2026-07-20 14:28,2026-07-20 15:06
8602,61,64,2026-07-25 10:22,2026-07-25 11:27
8603,16,9099,2026-07-22 19:12,2026-07-22 19:41
8604,9,4089,2026-07-30 15:18,2026-07-30 16:07
8605,47,5762,2026-07-24 17:32,2026-07-24 18:47
8606,10,1305,2026-07-10 16:00,2026-07-10 17:09
8607,75,8428,2026-07-17 17:29,2026-07-17 17:58
8608,49,150,2026-07-24 21:44,2026-07-24 22:40
8609,83,5980,2026-07-04 06:06,2026-07-04 06:17
8610,21,1388,2026-07-30 01:46,NULL
8611,77,869,2026-07-30 07:30,2026-07-30 08:56
8612,26,2529,2026-07-12 04:34,2026-07-12 04:51
8613,91,7574,2026-07-15 07:43,2026-07-15 08:45
8614,65,1680,2026-07-06 00:23,2026-07-06 00:37
8615,18,9135,2026-07-18 13:02,2026-07-18 13:21
8616,14,6996,2026-07-01 10:39,2026-07-01 12:22
8617,28,3892,2026-07-17 23:55,2026-07-18 01:12
8618,66,1860,2026-07-14 13:01,2026-07-14 13:26
8619,24,3770,2026-07-22 11:54,NULL
8620,9,6321,2026-07-23 11:19,2026-07-23 11:40
8621,61,8729,2026-07-10 01:37,2026-07-10 02:50
8622,54,7771,2026-07-07 10:38,2026-07-07 12:33
8623,72,8724,2026-07-27 22:00,2026-07-27 22:31
8624,18,6020,2026-07-11 17:16,2026-07-11 18:12
8625,39,1348,2026-07-11 19:30,2026-07-11 20:03
8626,95,5187,2026-07-10 10:33,2026-07-10 12:06
8627,19,6481,2026-07-03 13:52,2026-07-03 15:41
8628,57,5608,2026-07-23 13:08,2026-07-23 14:36
8629,12,1906,2026-07-19 13:18,NULL
8630,40,3775,2026-07-01 05:47,2026-07-01 06:09
8631,81,667,2026-07-22 09:12,2026-07-22 10:54
8632,58,3613,2026-07-11 20:28,2026-07-11 20:56
8633,40,8141,2026-07-13 05:42,2026-07-13 06:17
8634,74,5050,2026-07-12 13:38,2026-07-12 14:35
8635,44,3447,2026-07-01 10:37,2026-07-01 11:52
8636,71,1050,2026-07-06 06:51,2026-07-06 07:18
8637,41,3663,2026-07-05 11:55,2026-07-05 13:07
8638,80,4060,2026-07-10 13:54,2026-07-10 14:41
8639,47,7992,2026-07-04 14:27,2026-07-04 15:38
8640,97,2947,2026-07-09 00:54,2026-07-09 01:17
8641,13,1740,2026-07-04 08:09,2026-07-04 08:57
8642,74,7568,2026-07-23 08:46,2026-07-23 09:34
8643,63,7668,2026-07-02 06:17,2026-07-02 08:13
8644,17,222,2026-07-05 14:43,2026-07-05 15:47
8645,81,5977,2026-07-07 21:58,2026-07-07 23:22
8646,71,6871,2026-07-12 00:43,2026-07-12 01:04
8647,53,8722,2026-07-05 15:51,2026-07-05 16:48
8648,36,9115,2026-07-29 18:46,2026-07-29 19:16
8649,39,4695,2026-07-25 21:51,2026-07-25 22:57
8650,43,9379,2026-07-19 11:13,2026-07-19 12:03
8651,19,4456,2026-07-05 11:24,2026-07-05 11:54
8652,76,4649,2026-07-02 01:59,2026-07-02 03:14
8653,52,770,2026-07-11 18:37,2026-07-11 19:00
8654,100,4690,2026-07-05 17:21,2026-07-05 18:31
8655,5,5709,2026-07-29 08:50,2026-07-29 09:17
8656,11,182,2026-07-14 15:49,2026-07-14 17:09
8657,20,3121,2026-07-06 02:06,2026-07-06 02:29
8658,5,4407,2026-07-26 11:32,2026-07-26 11:52
8659,68,6563,2026-07-18 09:32,2026-07-18 10:42
8660,3,4617,2026-07-03 02:50,2026-07-03 03:21
8661,7,25,2026-07-28 18:11,2026-07-28 19:19
8662,93,4900,2026-07-28 08:41,2026-07-28 10:40
8663,7,4317,2026-07-17 05:13,NULL
8664,34,1670,2026-07-08 17:59,NULL
8665,34,8860,2026-07-23 12:53,2026-07-23 14:12
8666,15,4989,2026-07-04 06:23,2026-07-04 07:19
8667,17,745,2026-07-30 00:49,2026-07-30 02:19
8668,31,4189,2026-07-03 20:08,2026-07-03 21:53
8669,21,3930,2026-07-03 14:40,2026-07-03 16:35
8670,77,4275,2026-07-07 08:54,2026-07-07 09:32
8671,53,5671,2026-07-04 13:09,2026-07-04 14:28
8672,56,9590,2026-07-12 09:54,2026-07-12 11:02
8673,4,1518,2026-07-24 17:05,2026-07-24 18:56
8674,68,2121,2026-07-22 05:01,2026-07-22 06:23
8675,71,9688,2026-07-16 19:12,2026-07-16 20:48
8676,8,8615,2026-07-21 12:51,2026-07-21 14:01
8677,95,2550,2026-07-15 22:47,2026-07-15 23:06
8678,37,186,2026-07-25 17:27,2026-07-25 17:51
8679,36,2939,2026-07-22 16:20,2026-07-22 16:36
8680,77,7173,2026-07-26 15:03,2026-07-26 15:59
8681,6,5862,2026-07-27 03:19,2026-07-27 04:42
8682,85,2560,2026-07-10 19:35,2026-07-10 20:31
8683,34,4277,2026-07-01 05:20,2026-07-01 07:09
8684,36,2661,2026-07-07 01:02,2026-07-07 02:55
8685,83,5292,2026-07-06 18:04,2026-07-06 19:52
8686,58,4829,2026-07-21 00:15,2026-07-21 01:00
8687,77,4717,2026-07-30 17:19,2026-07-30 19:10
8688,71,2833,2026-07-02 06:54,NULL
8689,59,1839,2026-07-24 18:22,2026-07-24 19:56
8690,35,3903,2026-07-16 09:54,2026-07-16 11:43
8691,68,6253,2026-07-11 18:45,2026-07-11 19:41
8692,60,9690,2026-07-14 03:47,2026-07-14 04:36
8693,40,1197,2026-07-05 03:39,2026-07-05 05:26
8694,32,4704,2026-07-23 01:09,2026-07-23 01:40
8695,96,5641,2026-07-07 19:57,2026-07-07 20:30
8696,74,219,2026-07-06 01:04,2026-07-06 02:48
8697,29,2921,2026-07-02 17:07,2026-07-02 18:50
8698,50,1124,2026-07-12 05:01,2026-07-12 06:45
8699,74,4908,2026-07-12 10:10,2026-07-12 12:02
8700,100,9568,2026-07-29 11:03,2026-07-29 13:02
8701,5,611,2026-07-22 12:03,2026-07-22 13:59
8702,29,3240,2026-07-13 10:21,2026-07-13 10:41
8703,23,3132,2026-07-21 08:42,2026-07-21 09:20
8704,49,4817,2026-07-18 10:38,2026-07-18 11:37
8705,92,4397,2026-07-28 04:17,2026-07-28 05:51
8706,36,2993,2026-07-24 05:08,NULL
8707,30,6027,2026-07-03 05:22,2026-07-03 05:42
8708,12,2446,2026-07-01 22:51,2026-07-01 23:14
8709,61,5964,2026-07-06 17:55,NULL
8710,93,6767,2026-07-17 23:16,2026-07-18 00:36
8711,55,1147,2026-07-08 01:04,2026-07-08 02:15
8712,4,544,2026-07-02 01:49,NULL
8713,32,3676,2026-07-25 16:37,2026-07-25 18:03
8714,22,6674,2026-07-19 07:27,2026-07-19 07:57
8715,80,3664,2026-07-10 03:15,NULL
8716,72,5898,2026-07-16 11:08,2026-07-16 11:41
8717,45,3221,2026-07-06 06:55,2026-07-06 07:51
8718,94,1777,2026-07-09 21:44,2026-07-09 23:39
8719,57,5713,2026-07-03 07:33,2026-07-03 09:24
8720,49,9151,2026-07-28 13:15,2026-07-28 13:45
8721,16,6490,2026-07-19 17:24,2026-07-19 18:41
8722,73,5496,2026-07-13 05:45,2026-07-13 07:41
8723,12,971,2026-07-24 21:02,2026-07-24 22:16
8724,94,596,2026-07-22 07:44,2026-07-22 08:02
8725,96,4756,2026-07-09 01:29,2026-07-09 02:53
8726,95,2685,2026-07-10 23:48,2026-07-11 00:41
8727,47,7290,2026-07-24 12:45,2026-07-24 13:12
8728,100,7224,2026-07-06 15:58,2026-07-06 16:52
8729,23,8567,2026-07-05 04:08,2026-07-05 06:07
8730,92,744,2026-07-18 10:44,2026-07-18 12:43
8731,96,1424,2026-07-24 07:27,NULL
8732,9,2064,2026-07-01 07:12,2026-07-01 09:02
8733,31,1583,2026-07-13 03:09,NULL
8734,87,3239,2026-07-27 05:35,2026-07-27 07:31
8735,85,4073,2026-07-24 11:30,2026-07-24 12:49
8736,24,5675,2026-07-29 10:15,2026-07-29 10:28
8737,49,659,2026-07-29 09:29,2026-07-29 10:03
8738,59,8457,2026-07-25 02:21,NULL
8739,94,7775,2026-07-03 03:13,2026-07-03 03:25
8740,44,9938,2026-07-26 03:26,2026-07-26 05:06
8741,24,2536,2026-07-12 11:12,2026-07-12 11:37
8742,10,4212,2026-07-20 12:48,2026-07-20 14:33
8743,65,2735,2026-07-15 11:49,2026-07-15 12:01
8744,82,2392,2026-07-15 09:42,NULL
8745,87,9099,2026-07-05 08:03,2026-07-05 09:55
8746,39,6898,2026-07-15 23:23,2026-07-16 01:11
8747,65,2269,2026-07-24 07:02,2026-07-24 08:16
8748,25,7558,2026-07-17 02:03,2026-07-17 02:43
8749,58,6664,2026-07-01 20:36,2026-07-01 22:22
8750,16,3317,2026-07-19 05:49,NULL
8751,76,1027,2026-07-20 08:03,2026-07-20 09:07
8752,30,7998,2026-07-15 19:09,2026-07-15 21:05
8753,22,9506,2026-07-05 19:15,2026-07-05 19:57
8754,47,6047,2026-07-20 16:24,2026-07-20 17:35
8755,1,5912,2026-07-20 16:23,2026-07-20 16:34
8756,52,4150,2026-07-28 17:51,NULL
8757,70,8238,2026-07-20 01:53,2026-07-20 02:57
8758,52,3065,2026-07-26 16:42,2026-07-26 17:19
8759,23,807,2026-07-09 22:27,2026-07-09 22:41
8760,15,6925,2026-07-06 20:47,2026-07-06 21:57
8761,75,2572,2026-07-11 10:34,2026-07-11 10:52
8762,58,3285,2026-07-28 02:38,2026-07-28 03:52
8763,100,9207,2026-07-02 02:53,2026-07-02 03:44
8764,37,1480,2026-07-15 16:50,2026-07-15 18:31
8765,19,7091,2026-07-20 02:54,2026-07-20 03:57
8766,59,1719,2026-07-18 20:48,2026-07-18 21:37
8767,8,4257,2026-07-14 12:12,2026-07-14 12:51
8768,57,1357,2026-07-20 18:18,2026-07-20 20:11
8769,4,7222,2026-07-02 02:30,2026-07-02 03:45
8770,88,1675,2026-07-15 14:18,2026-07-15 14:38
8771,18,7668,2026-07-26 15:47,2026-07-26 16:05
8772,50,6727,2026-07-29 16:07,2026-07-29 16:17
8773,79,8825,2026-07-26 00:56,2026-07-26 01:12
8774,82,7711,2026-07-01 08:28,2026-07-01 09:05
8775,1,5067,2026-07-20 03:04,2026-07-20 04:13
8776,48,2321,2026-07-09 18:57,2026-07-09 19:09
8777,10,6468,2026-07-07 01:39,2026-07-07 02:27
8778,64,8214,2026-07-21 09:01,2026-07-21 09:33
8779,56,2608,2026-07-10 14:22,2026-07-10 15:07
8780,33,2642,2026-07-10 11:31,2026-07-10 12:24
8781,35,7166,2026-07-13 09:50,NULL
8782,85,4221,2026-07-03 16:26,2026-07-03 17:50
8783,6,7827,2026-07-10 10:41,2026-07-10 11:42
8784,74,2262,2026-07-18 15:53,2026-07-18 17:48
8785,53,1070,2026-07-17 19:10,2026-07-17 20:38
8786,90,3798,2026-07-29 10:00,2026-07-29 11:17
8787,41,84,2026-07-05 17:58,2026-07-05 18:32
8788,50,2000,2026-07-23 06:51,2026-07-23 07:37
8789,54,1864,2026-07-22 10:33,2026-07-22 12:15
8790,23,9021,2026-07-20 02:47,2026-07-20 03:06
8791,42,9019,2026-07-03 13:46,2026-07-03 13:59
8792,86,4083,2026-07-05 03:06,2026-07-05 04:58
8793,63,7509,2026-07-18 22:38,2026-07-18 23:32
8794,64,9432,2026-07-17 19:36,NULL
8795,67,29,2026-07-08 23:47,2026-07-09 00:33
8796,4,9197,2026-07-07 11:35,NULL
8797,38,5336,2026-07-08 01:18,NULL
8798,9,2689,2026-07-24 21:16,2026-07-24 22:20
8799,4,6218,2026-07-04 01:14,2026-07-04 02:04
8800,7,4114,2026-07-30 19:45,2026-07-30 21:00
8801,81,9556,2026-07-13 06:19,2026-07-13 07:49
8802,38,9502,2026-07-27 04:38,2026-07-27 06:12
8803,79,6675,2026-07-14 19:40,2026-07-14 20:09
8804,75,2057,2026-07-05 20:49,2026-07-05 22:27
8805,59,2141,2026-07-06 03:08,2026-07-06 03:31
8806,14,7050,2026-07-01 03:43,2026-07-01 04:06
8807,89,3278,2026-07-24 02:43,2026-07-24 04:12
8808,97,2147,2026-07-05 12:18,2026-07-05 14:00
8809,18,4903,2026-07-30 18:48,2026-07-30 20:10
8810,34,5646,2026-07-18 03:01,2026-07-18 04:59
8811,50,9718,2026-07-05 05:42,2026-07-05 05:55
8812,83,5451,2026-07-05 03:30,2026-07-05 04:26
8813,52,9397,2026-07-28 02:46,2026-07-28 03:44
8814,86,7782,2026-07-06 19:00,2026-07-06 19:10
8815,18,635,2026-07-24 03:20,2026-07-24 04:27
8816,83,2845,2026-07-30 04:28,2026-07-30 05:07
8817,75,8851,2026-07-29 19:35,2026-07-29 20:20
8818,13,8724,2026-07-01 23:01,2026-07-02 01:01
8819,38,6299,2026-07-05 17:49,2026-07-05 18:55
8820,21,1499,2026-07-05 00:58,2026-07-05 02:22
8821,29,4491,2026-07-25 15:30,2026-07-25 16:15
8822,33,6618,2026-07-10 11:41,2026-07-10 12:54
8823,96,7558,2026-07-04 15:06,2026-07-04 16:28
8824,12,3442,2026-07-28 17:14,2026-07-28 18:04
8825,10,9554,2026-07-08 10:48,2026-07-08 11:07
8826,59,3197,2026-07-30 08:16,2026-07-30 10:16
8827,91,7533,2026-07-06 18:53,2026-07-06 20:16
8828,80,1006,2026-07-08 08:20,NULL
8829,9,8081,2026-07-17 15:00,2026-07-17 15:43
8830,16,4256,2026-07-08 15:37,2026-07-08 16:59
8831,64,1642,2026-07-26 22:08,2026-07-26 22:37
8832,34,3657,2026-07-16 16:52,2026-07-16 18:39
8833,26,6895,2026-07-06 17:48,2026-07-06 19:05
8834,49,1317,2026-07-10 07:19,NULL
8835,71,2018,2026-07-05 18:15,2026-07-05 18:45
8836,77,5298,2026-07-26 13:45,2026-07-26 14:19
8837,43,8042,2026-07-11 21:26,NULL
8838,68,5924,2026-07-29 23:02,2026-07-30 00:12
8839,16,8702,2026-07-02 05:40,2026-07-02 07:27
8840,38,1391,2026-07-16 13:49,2026-07-16 14:17
8841,54,7415,2026-07-05 10:46,2026-07-05 12:44
8842,25,7791,2026-07-07 03:21,2026-07-07 03:32
8843,25,8163,2026-07-08 18:39,2026-07-08 20:26
8844,67,5648,2026-07-02 05:27,2026-07-02 06:30
8845,25,3092,2026-07-10 15:12,NULL
8846,23,1640,2026-07-02 13:18,2026-07-02 13:58
8847,24,4026,2026-07-21 05:04,2026-07-21 06:11
8848,58,2011,2026-07-21 15:05,2026-07-21 15:27
8849,84,7950,2026-07-07 05:18,2026-07-07 06:08
8850,57,5403,2026-07-26 02:49,2026-07-26 03:03
8851,45,1660,2026-07-25 04:56,2026-07-25 06:48
8852,65,4085,2026-07-20 02:40,2026-07-20 03:22
8853,62,8679,2026-07-11 21:18,NULL
8854,60,6926,2026-07-20 14:37,2026-07-20 15:28
8855,45,8700,2026-07-30 09:13,2026-07-30 10:28
8856,27,6921,2026-07-14 10:42,2026-07-14 12:01
8857,100,9449,2026-07-24 22:10,2026-07-24 22:36
8858,29,2893,2026-07-06 12:13,2026-07-06 12:34
8859,73,185,2026-07-01 13:02,2026-07-01 14:17
8860,99,5588,2026-07-16 22:55,2026-07-17 00:25
8861,57,3099,2026-07-22 04:27,2026-07-22 05:42
8862,87,8245,2026-07-12 02:22,2026-07-12 02:45
8863,29,279,2026-07-25 12:09,2026-07-25 12:41
8864,42,9858,2026-07-11 20:43,2026-07-11 21:41
8865,6,5904,2026-07-16 03:47,2026-07-16 04:09
8866,62,5744,2026-07-21 15:03,2026-07-21 15:41
8867,9,9065,2026-07-24 11:22,2026-07-24 12:13
8868,29,278,2026-07-14 01:46,2026-07-14 02:02
8869,6,5423,2026-07-14 10:06,NULL
8870,85,5778,2026-07-24 18:59,2026-07-24 19:12
8871,64,2406,2026-07-12 12:56,2026-07-12 13:53
8872,15,1159,2026-07-15 01:12,2026-07-15 01:33
8873,47,3176,2026-07-08 18:35,NULL
8874,6,4991,2026-07-19 13:01,2026-07-19 14:51
8875,63,6925,2026-07-17 05:00,2026-07-17 05:12
8876,34,9220,2026-07-16 06:31,2026-07-16 07:00
8877,48,6951,2026-07-27 06:02,2026-07-27 06:34
8878,77,9410,2026-07-26 09:04,2026-07-26 09:50
8879,90,2082,2026-07-04 15:38,2026-07-04 15:53
8880,77,873,2026-07-24 07:06,2026-07-24 08:43
8881,45,8491,2026-07-28 22:26,2026-07-28 22:52
8882,59,9854,2026-07-16 18:59,NULL
8883,22,1684,2026-07-23 17:16,2026-07-23 18:02
8884,16,6275,2026-07-23 14:57,2026-07-23 15:10
8885,87,7318,2026-07-01 23:21,2026-07-02 00:16
8886,32,2324,2026-07-02 07:10,2026-07-02 08:19
8887,44,299,2026-07-23 11:55,2026-07-23 13:24
8888,76,9310,2026-07-04 00:02,2026-07-04 00:48
8889,4,9934,2026-07-21 19:35,2026-07-21 20:15
8890,17,9382,2026-07-08 19:46,2026-07-08 20:43
8891,92,2732,2026-07-20 22:27,2026-07-21 00:25
8892,4,1416,2026-07-14 18:35,2026-07-14 20:23
8893,47,2659,2026-07-23 14:19,2026-07-23 15:46
8894,84,2497,2026-07-20 08:41,2026-07-20 09:15
8895,69,205,2026-07-13 05:16,2026-07-13 06:21
8896,85,769,2026-07-21 01:48,2026-07-21 03:31
8897,10,8763,2026-07-10 00:32,2026-07-10 01:07
8898,2,6741,2026-07-25 11:21,2026-07-25 12:54
8899,51,8124,2026-07-12 03:25,2026-07-12 03:54
8900,81,7413,2026-07-04 04:04,2026-07-04 04:19
8901,26,4641,2026-07-29 07:58,2026-07-29 08:52
8902,42,2167,2026-07-26 04:13,2026-07-26 05:02
8903,100,179,2026-07-27 17:14,2026-07-27 18:01
8904,57,3428,2026-07-18 04:19,2026-07-18 05:36
8905,85,147,2026-07-11 03:40,2026-07-11 05:29
8906,66,4665,2026-07-22 02:11,2026-07-22 03:49
8907,29,6873,2026-07-25 05:05,2026-07-25 06:20
8908,66,4469,2026-07-24 20:14,NULL
8909,33,8547,2026-07-15 07:45,2026-07-15 09:02
8910,20,8395,2026-07-07 18:57,2026-07-07 19:53
8911,8,6694,2026-07-05 13:18,2026-07-05 14:10
8912,68,338,2026-07-24 11:39,NULL
8913,28,2149,2026-07-10 05:13,2026-07-10 06:41
8914,42,3141,2026-07-15 04:13,2026-07-15 05:26
8915,30,3742,2026-07-30 05:26,NULL
8916,80,1156,2026-07-16 08:41,2026-07-16 09:46
8917,29,6712,2026-07-17 08:10,2026-07-17 08:27
8918,49,7985,2026-07-14 18:54,2026-07-14 20:49
8919,79,9259,2026-07-08 02:53,2026-07-08 03:45
8920,11,2141,2026-07-04 01:00,2026-07-04 02:38
8921,13,8679,2026-07-23 07:01,2026-07-23 08:47
8922,98,1750,2026-07-23 13:47,2026-07-23 14:47
8923,98,5517,2026-07-24 14:55,2026-07-24 16:04
8924,59,127,2026-07-25 04:13,2026-07-25 05:36
8925,1,269,2026-07-05 17:10,2026-07-05 17:25
8926,39,2513,2026-07-10 15:48,2026-07-10 16:30
8927,2,3832,2026-07-28 19:38,2026-07-28 20:39
8928,53,3773,2026-07-22 05:26,2026-07-22 06:20
8929,88,4817,2026-07-26 09:38,2026-07-26 11:20
8930,79,4072,2026-07-10 22:08,2026-07-10 22:26
8931,31,1222,2026-07-29 22:04,2026-07-29 22:45
8932,92,8191,2026-07-08 02:14,2026-07-08 04:03
8933,62,8019,2026-07-22 21:53,2026-07-22 23:02
8934,71,9217,2026-07-18 09:33,NULL
8935,85,6288,2026-07-04 00:57,2026-07-04 02:08
8936,38,8798,2026-07-23 08:48,2026-07-23 10:35
8937,12,9458,2026-07-25 01:23,2026-07-25 01:51
8938,29,1485,2026-07-19 00:32,2026-07-19 02:01
8939,38,9182,2026-07-27 06:10,2026-07-27 07:04
8940,3,5038,2026-07-09 10:44,2026-07-09 11:19
8941,38,8690,2026-07-14 12:55,2026-07-14 13:19
8942,16,163,2026-07-09 03:59,2026-07-09 04:12
8943,59,3412,2026-07-14 18:04,2026-07-14 19:38
8944,95,7432,2026-07-12 05:40,2026-07-12 06:54
8945,42,4571,2026-07-09 05:43,2026-07-09 06:48
8946,94,2509,2026-07-11 22:24,2026-07-11 22:49
8947,24,1442,2026-07-28 20:16,NULL
8948,27,6046,2026-07-19 02:51,2026-07-19 04:44
8949,71,5794,2026-07-19 06:52,2026-07-19 08:05
8950,12,2817,2026-07-20 21:11,2026-07-20 22:33
8951,54,723,2026-07-26 13:59,NULL
8952,53,7065,2026-07-20 17:53,2026-07-20 18:10
8953,62,2350,2026-07-24 10:38,2026-07-24 11:57
8954,34,7281,2026-07-16 15:53,NULL
8955,38,2906,2026-07-08 09:37,2026-07-08 09:56
8956,8,4124,2026-07-19 07:58,2026-07-19 09:25
8957,89,2363,2026-07-16 14:14,2026-07-16 15:01
8958,69,4359,2026-07-08 12:22,2026-07-08 14:09
8959,2,9455,2026-07-17 07:38,2026-07-17 08:30
8960,29,3867,2026-07-24 00:28,2026-07-24 01:17
8961,33,2699,2026-07-17 04:22,2026-07-17 04:38
8962,46,882,2026-07-15 15:28,2026-07-15 17:11
8963,80,4928,2026-07-07 16:21,2026-07-07 18:11
8964,85,9772,2026-07-21 04:47,2026-07-21 05:24
8965,72,4830,2026-07-12 08:40,2026-07-12 10:11
8966,59,7464,2026-07-22 16:41,2026-07-22 16:57
8967,55,7851,2026-07-23 02:15,2026-07-23 04:10
8968,54,8397,2026-07-28 16:45,2026-07-28 18:23
8969,13,3233,2026-07-29 21:55,NULL
8970,10,384,2026-07-03 15:53,2026-07-03 17:15
8971,39,2684,2026-07-20 00:33,2026-07-20 00:45
8972,69,8657,2026-07-08 04:28,2026-07-08 05:00
8973,17,3204,2026-07-23 13:22,2026-07-23 14:22
8974,10,5318,2026-07-18 21:27,2026-07-18 21:38
8975,76,3436,2026-07-01 13:33,NULL
8976,92,3889,2026-07-10 18:25,2026-07-10 18:41
8977,19,7269,2026-07-14 07:13,2026-07-14 08:05
8978,83,8910,2026-07-26 22:25,NULL
8979,44,309,2026-07-26 15:30,2026-07-26 16:11
8980,75,1664,2026-07-30 00:45,2026-07-30 01:55
8981,23,8003,2026-07-01 05:24,2026-07-01 06:47
8982,93,9898,2026-07-16 20:40,2026-07-16 20:50
8983,17,6122,2026-07-11 00:31,2026-07-11 01:21
8984,80,8212,2026-07-25 22:43,2026-07-26 00:43
8985,62,946,2026-07-16 20:01,2026-07-16 20:12
8986,42,2490,2026-07-30 07:33,2026-07-30 08:10
8987,81,9531,2026-07-02 23:20,2026-07-02 23:34
8988,81,772,2026-07-30 22:10,2026-07-30 22:33
8989,40,1652,2026-07-11 17:55,2026-07-11 19:18
8990,3,6442,2026-07-23 01:11,2026-07-23 02:15
8991,51,7103,2026-07-12 18:13,2026-07-12 18:38
8992,87,9157,2026-07-21 21:10,2026-07-21 21:20
8993,75,6365,2026-07-28 12:57,2026-07-28 14:12
8994,8,4734,2026-07-12 10:11,2026-07-12 11:24
8995,4,8728,2026-07-17 02:54,2026-07-17 04:44
8996,65,7247,2026-07-05 16:36,2026-07-05 17:44
8997,17,8324,2026-07-19 17:08,2026-07-19 18:16
8998,69,846,2026-07-25 02:13,2026-07-25 04:00
8999,21,2316,2026-07-06 03:47,2026-07-06 05:24
9000,92,5732,2026-07-04 08:28,2026-07-04 09:46
9001,42,6744,2026-07-10 12:58,2026-07-10 14:50
9002,18,9766,2026-07-13 19:02,2026-07-13 19:51
9003,31,5227,2026-07-24 07:17,2026-07-24 09:12
9004,4,1213,2026-07-25 01:07,2026-07-25 02:50
9005,58,3765,2026-07-04 07:09,2026-07-04 08:47
9006,37,122,2026-07-18 00:26,2026-07-18 01:34
9007,23,1581,2026-07-09 09:55,2026-07-09 11:33
9008,11,2934,2026-07-01 12:54,2026-07-01 14:54
9009,19,6097,2026-07-08 17:13,2026-07-08 18:45
9010,66,1254,2026-07-05 14:30,2026-07-05 15:08
9011,89,6384,2026-07-27 13:37,2026-07-27 14:12
9012,79,6271,2026-07-18 22:12,2026-07-18 23:16
9013,79,573,2026-07-02 03:49,2026-07-02 05:17
9014,38,8857,2026-07-07 20:57,2026-07-07 21:16
9015,71,7516,2026-07-20 05:42,2026-07-20 07:02
9016,64,294,2026-07-30 02:10,2026-07-30 03:54
9017,87,2254,2026-07-14 21:47,2026-07-14 22:12
9018,32,8782,2026-07-23 14:52,2026-07-23 16:05
9019,83,693,2026-07-19 23:20,2026-07-19 23:54
9020,16,4616,2026-07-11 15:21,2026-07-11 16:19
9021,53,20,2026-07-18 08:47,2026-07-18 10:27
9022,16,9596,2026-07-14 16:55,2026-07-14 18:28
9023,16,3289,2026-07-22 12:47,2026-07-22 13:34
9024,26,3585,2026-07-10 10:17,2026-07-10 11:24
9025,52,3733,2026-07-13 01:48,2026-07-13 02:46
9026,7,2821,2026-07-30 12:33,2026-07-30 12:52
9027,90,5292,2026-07-08 22:12,2026-07-09 00:04
9028,78,1220,2026-07-06 06:50,NULL
9029,32,2937,2026-07-25 07:17,2026-07-25 07:28
9030,27,5394,2026-07-10 22:07,2026-07-10 22:44
9031,54,496,2026-07-25 23:04,2026-07-26 00:50
9032,62,8457,2026-07-06 00:02,2026-07-06 00:38
9033,80,1860,2026-07-06 05:37,2026-07-06 07:22
9034,9,7967,2026-07-10 15:23,2026-07-10 16:53
9035,91,5346,2026-07-26 11:26,2026-07-26 11:45
9036,57,5713,2026-07-03 12:23,2026-07-03 13:14
9037,16,6752,2026-07-04 06:02,2026-07-04 06:54
9038,41,1895,2026-07-02 09:49,NULL
9039,51,1335,2026-07-09 17:15,2026-07-09 18:43
9040,88,3451,2026-07-13 04:42,2026-07-13 06:17
9041,23,8054,2026-07-11 01:21,2026-07-11 03:10
9042,16,2884,2026-07-01 12:40,2026-07-01 12:53
9043,35,8406,2026-07-15 21:29,2026-07-15 23:28
9044,8,8487,2026-07-21 20:56,2026-07-21 21:27
9045,10,4495,2026-07-01 12:28,2026-07-01 13:52
9046,78,2436,2026-07-11 16:01,2026-07-11 16:58
9047,61,6010,2026-07-03 07:28,2026-07-03 08:57
9048,45,2261,2026-07-26 19:40,2026-07-26 20:44
9049,18,9950,2026-07-15 02:28,2026-07-15 02:42
9050,85,8971,2026-07-04 00:57,2026-07-04 02:40
9051,31,4150,2026-07-10 20:10,NULL
9052,42,7210,2026-07-26 11:34,2026-07-26 13:28
9053,81,6995,2026-07-20 18:50,2026-07-20 19:25
9054,26,7570,2026-07-09 17:31,NULL
9055,32,9636,2026-07-12 01:11,2026-07-12 01:33
9056,85,6575,2026-07-12 15:23,2026-07-12 16:05
9057,90,6247,2026-07-05 06:00,2026-07-05 07:16
9058,71,8591,2026-07-21 21:09,2026-07-21 22:20
9059,30,6141,2026-07-09 01:12,2026-07-09 03:05
9060,80,8121,2026-07-03 22:42,2026-07-04 00:14
9061,37,7846,2026-07-11 16:48,2026-07-11 17:51
9062,23,3394,2026-07-02 12:53,NULL
9063,23,4626,2026-07-04 00:21,2026-07-04 01:48
9064,6,3891,2026-07-20 13:04,2026-07-20 13:24
9065,47,455,2026-07-14 22:57,2026-07-14 23:53
9066,12,2784,2026-07-08 07:22,2026-07-08 08:04
9067,31,3946,2026-07-04 08:23,2026-07-04 09:28
9068,99,9412,2026-07-12 04:59,NULL
9069,35,3088,2026-07-29 05:49,2026-07-29 06:05
9070,46,2359,2026-07-27 16:44,NULL
9071,49,939,2026-07-06 12:55,2026-07-06 13:29
9072,14,4944,2026-07-22 22:33,2026-07-22 22:52
9073,32,1175,2026-07-03 01:54,2026-07-03 03:35
9074,1,8675,2026-07-18 21:29,2026-07-18 22:22
9075,5,6338,2026-07-17 15:21,2026-07-17 15:53
9076,79,7682,2026-07-07 18:43,NULL
9077,77,1978,2026-07-16 13:59,2026-07-16 14:41
9078,78,996,2026-07-05 14:51,2026-07-05 16:49
9079,51,3289,2026-07-05 15:57,2026-07-05 16:37
9080,13,815,2026-07-08 15:53,2026-07-08 17:49
9081,92,2826,2026-07-16 19:47,2026-07-16 20:02
9082,13,5938,2026-07-14 15:40,2026-07-14 16:03
9083,31,8591,2026-07-05 11:49,2026-07-05 12:13
9084,44,5977,2026-07-27 06:05,2026-07-27 06:51
9085,14,997,2026-07-23 02:24,2026-07-23 02:57
9086,59,8846,2026-07-14 15:59,2026-07-14 16:26
9087,94,6201,2026-07-14 05:05,2026-07-14 06:46
9088,80,1587,2026-07-06 20:13,2026-07-06 20:31
9089,45,4354,2026-07-08 07:27,2026-07-08 08:44
9090,12,8313,2026-07-06 10:35,2026-07-06 11:50
9091,87,5864,2026-07-25 14:50,2026-07-25 16:00
9092,49,4605,2026-07-26 18:34,2026-07-26 19:19
9093,37,5425,2026-07-20 10:08,NULL
9094,96,8021,2026-07-26 17:08,2026-07-26 19:01
9095,88,4440,2026-07-03 15:03,2026-07-03 16:38
9096,20,1286,2026-07-06 15:38,2026-07-06 16:40
9097,37,7256,2026-07-13 18:22,2026-07-13 19:46
9098,74,7188,2026-07-02 03:20,2026-07-02 03:30
9099,76,281,2026-07-09 09:09,2026-07-09 11:02
9100,29,7922,2026-07-07 21:10,NULL
9101,13,5063,2026-07-10 05:22,2026-07-10 05:55
9102,8,283,2026-07-02 17:55,2026-07-02 19:37
9103,21,1774,2026-07-06 06:50,2026-07-06 07:43
9104,49,8512,2026-07-22 13:10,2026-07-22 14:30
9105,37,2924,2026-07-07 23:20,2026-07-07 23:38
9106,48,6757,2026-07-12 00:07,2026-07-12 01:38
9107,66,4348,2026-07-29 19:59,2026-07-29 20:14
9108,84,6923,2026-07-20 17:18,NULL
9109,13,5730,2026-07-10 18:52,2026-07-10 19:51
9110,66,984,2026-07-12 23:52,2026-07-13 00:30
9111,98,1433,2026-07-30 20:15,2026-07-30 21:00
9112,47,422,2026-07-05 03:17,2026-07-05 03:51
9113,35,8556,2026-07-16 16:12,2026-07-16 16:41
9114,48,4831,2026-07-24 00:49,2026-07-24 01:05
9115,30,3005,2026-07-04 09:15,2026-07-04 10:51
9116,41,963,2026-07-07 15:33,2026-07-07 15:49
9117,76,3468,2026-07-21 13:56,2026-07-21 14:06
9118,56,5823,2026-07-25 14:36,2026-07-25 15:04
9119,57,874,2026-07-06 14:01,2026-07-06 15:38
9120,14,9433,2026-07-28 12:10,NULL
9121,48,817,2026-07-20 19:25,2026-07-20 19:53
9122,52,211,2026-07-07 16:41,2026-07-07 18:40
9123,93,3820,2026-07-24 01:39,2026-07-24 03:33
9124,94,9545,2026-07-02 06:13,NULL
9125,40,1573,2026-07-01 02:47,2026-07-01 03:51
9126,20,8216,2026-07-17 12:33,2026-07-17 12:57
9127,21,3712,2026-07-22 11:38,2026-07-22 12:09
9128,64,2787,2026-07-03 11:44,NULL
9129,62,2769,2026-07-02 20:10,2026-07-02 21:57
9130,63,2582,2026-07-11 14:55,2026-07-11 15:17
9131,29,5718,2026-07-04 15:39,2026-07-04 16:19
9132,59,1219,2026-07-05 08:14,2026-07-05 08:27
9133,4,7490,2026-07-06 19:59,2026-07-06 21:11
9134,60,8236,2026-07-10 03:03,2026-07-10 04:52
9135,82,9096,2026-07-25 22:16,2026-07-25 22:30
9136,95,4516,2026-07-22 10:28,2026-07-22 11:40
9137,67,4,2026-07-18 19:24,2026-07-18 20:10
9138,17,6720,2026-07-13 21:32,2026-07-13 21:55
9139,71,2622,2026-07-27 08:54,NULL
9140,35,5662,2026-07-24 17:16,2026-07-24 18:55
9141,37,2884,2026-07-20 06:34,NULL
9142,13,5723,2026-07-12 22:18,NULL
9143,84,4816,2026-07-02 14:24,2026-07-02 16:18
9144,62,5796,2026-07-26 01:23,2026-07-26 02:25
9145,50,69,2026-07-23 18:38,2026-07-23 19:49
9146,58,4709,2026-07-05 11:27,2026-07-05 12:58
9147,80,5500,2026-07-21 04:01,2026-07-21 05:07
9148,8,8309,2026-07-29 03:13,2026-07-29 04:48
9149,81,7884,2026-07-02 07:10,2026-07-02 08:29
9150,76,6551,2026-07-20 20:04,2026-07-20 21:40
9151,94,17,2026-07-12 13:27,2026-07-12 13:56
9152,81,4319,2026-07-03 00:27,2026-07-03 00:49
9153,81,4755,2026-07-16 14:45,2026-07-16 15:33
9154,24,8218,2026-07-28 00:55,2026-07-28 02:18
9155,59,7801,2026-07-14 10:28,2026-07-14 11:36
9156,10,5171,2026-07-29 07:31,2026-07-29 08:47
9157,82,1753,2026-07-28 16:30,2026-07-28 17:04
9158,37,1332,2026-07-04 02:07,2026-07-04 02:40
9159,60,2181,2026-07-03 13:18,NULL
9160,9,2515,2026-07-07 08:21,2026-07-07 09:47
9161,51,2961,2026-07-29 14:03,2026-07-29 15:33
9162,65,4540,2026-07-30 04:08,2026-07-30 04:37
9163,94,5511,2026-07-13 16:24,2026-07-13 17:46
9164,32,9660,2026-07-28 01:03,2026-07-28 02:04
9165,99,8022,2026-07-16 07:56,2026-07-16 08:50
9166,98,1697,2026-07-28 07:56,NULL
9167,85,2664,2026-07-15 20:20,2026-07-15 20:46
9168,65,81,2026-07-13 12:29,NULL
9169,59,8920,2026-07-09 10:58,2026-07-09 11:18
9170,67,6857,2026-07-19 23:01,NULL
9171,62,9396,2026-07-05 05:05,2026-07-05 05:58
9172,63,2156,2026-07-28 13:35,2026-07-28 14:20
9173,42,417,2026-07-19 14:24,2026-07-19 15:54
9174,29,9868,2026-07-13 01:58,2026-07-13 02:26
9175,65,6606,2026-07-26 19:25,2026-07-26 20:07
9176,45,5760,2026-07-01 02:31,2026-07-01 03:28
9177,43,9943,2026-07-13 04:43,2026-07-13 05:45
9178,43,3833,2026-07-30 02:10,2026-07-30 03:00
9179,57,6212,2026-07-07 23:00,2026-07-08 00:09
9180,60,951,2026-07-26 12:40,2026-07-26 13:18
9181,59,8213,2026-07-28 21:15,2026-07-28 21:49
9182,56,3678,2026-07-21 04:19,2026-07-21 05:28
9183,88,8974,2026-07-28 17:29,NULL
9184,85,1164,2026-07-10 05:32,2026-07-10 07:15
9185,92,5511,2026-07-21 02:20,2026-07-21 03:21
9186,68,6811,2026-07-25 17:44,2026-07-25 19:09
9187,43,2072,2026-07-16 06:29,2026-07-16 07:37
9188,55,7030,2026-07-10 04:37,2026-07-10 05:50
9189,51,8584,2026-07-06 02:43,2026-07-06 03:22
9190,59,6771,2026-07-30 00:49,2026-07-30 02:47
9191,47,8120,2026-07-15 16:12,2026-07-15 16:25
9192,62,4964,2026-07-27 18:03,2026-07-27 19:41
9193,15,7849,2026-07-30 02:24,2026-07-30 04:11
9194,66,2047,2026-07-28 09:51,2026-07-28 10:23
9195,78,8168,2026-07-27 13:24,2026-07-27 15:03
9196,52,9034,2026-07-12 17:09,2026-07-12 18:39
9197,87,4629,2026-07-30 14:08,2026-07-30 14:38
9198,65,2828,2026-07-19 07:52,2026-07-19 09:44
9199,92,2756,2026-07-30 16:14,2026-07-30 17:40
9200,70,6759,2026-07-12 00:40,2026-07-12 02:00
9201,41,6505,2026-07-01 08:16,2026-07-01 09:33
9202,49,7579,2026-07-15 09:38,2026-07-15 11:12
9203,99,1708,2026-07-12 09:29,2026-07-12 10:01
9204,46,6460,2026-07-24 10:06,2026-07-24 11:27
9205,59,3922,2026-07-03 19:06,2026-07-03 19:54
9206,92,3419,2026-07-29 06:02,2026-07-29 06:59
9207,97,9355,2026-07-04 22:03,NULL
9208,74,3740,2026-07-17 01:48,2026-07-17 02:49
9209,37,1891,2026-07-07 18:48,2026-07-07 19:46
9210,51,1809,2026-07-18 22:47,2026-07-18 23:41
9211,56,7908,2026-07-29 04:22,2026-07-29 04:36
9212,20,9733,2026-07-15 14:11,2026-07-15 14:41
9213,46,2031,2026-07-13 08:05,2026-07-13 09:51
9214,73,7804,2026-07-15 01:30,2026-07-15 02:09
9215,11,9279,2026-07-19 18:28,2026-07-19 19:32
9216,96,8302,2026-07-18 21:49,2026-07-18 22:53
9217,79,4381,2026-07-05 10:05,2026-07-05 10:56
9218,72,1915,2026-07-02 06:37,2026-07-02 07:15
9219,30,1194,2026-07-07 09:16,NULL
9220,97,2314,2026-07-08 08:12,NULL
9221,96,6974,2026-07-07 13:35,2026-07-07 15:14
9222,86,7592,2026-07-12 16:04,2026-07-12 16:42
9223,33,9470,2026-07-12 16:38,2026-07-12 17:17
9224,29,5790,2026-07-11 20:19,2026-07-11 21:04
9225,87,1711,2026-07-12 20:00,2026-07-12 21:11
9226,2,9344,2026-07-22 08:55,2026-07-22 09:45
9227,47,3242,2026-07-25 16:30,2026-07-25 17:09
9228,47,8627,2026-07-25 08:59,2026-07-25 10:49
9229,50,2914,2026-07-29 19:45,2026-07-29 21:22
9230,100,3374,2026-07-11 09:09,2026-07-11 09:26
9231,40,1696,2026-07-12 13:14,2026-07-12 13:53
9232,42,337,2026-07-29 14:19,2026-07-29 15:45
9233,24,9634,2026-07-10 09:10,2026-07-10 11:03
9234,10,9066,2026-07-14 17:20,NULL
9235,93,9671,2026-07-14 16:17,2026-07-14 17:13
9236,7,5329,2026-07-21 03:12,2026-07-21 05:09
9237,50,2105,2026-07-03 04:23,2026-07-03 05:58
9238,8,6553,2026-07-08 18:31,2026-07-08 19:15
9239,13,279,2026-07-03 17:15,NULL
9240,36,2561,2026-07-10 03:44,2026-07-10 04:14
9241,87,1235,2026-07-13 23:07,2026-07-13 23:55
9242,30,1226,2026-07-23 01:22,NULL
9243,34,6105,2026-07-18 11:52,2026-07-18 12:52
9244,55,9985,2026-07-14 08:16,2026-07-14 08:27
9245,100,106,2026-07-02 09:42,2026-07-02 11:32
9246,36,2234,2026-07-29 03:09,2026-07-29 04:23
9247,91,6987,2026-07-25 03:36,2026-07-25 04:48
9248,12,2507,2026-07-08 00:21,2026-07-08 01:56
9249,93,8941,2026-07-16 21:10,2026-07-16 22:29
9250,46,8752,2026-07-20 16:06,2026-07-20 17:33
9251,53,1178,2026-07-04 22:35,NULL
9252,16,9745,2026-07-07 16:44,2026-07-07 17:14
9253,77,5216,2026-07-10 22:55,2026-07-10 23:12
9254,94,2572,2026-07-03 08:27,2026-07-03 08:50
9255,54,2373,2026-07-30 01:48,NULL
9256,21,9931,2026-07-15 03:51,2026-07-15 04:39
9257,20,2700,2026-07-23 22:07,NULL
9258,20,4571,2026-07-01 06:36,2026-07-01 08:14
9259,26,4468,2026-07-09 19:28,2026-07-09 19:49
9260,1,2363,2026-07-06 01:04,2026-07-06 02:49
9261,56,6110,2026-07-05 00:26,2026-07-05 02:07
9262,70,3978,2026-07-25 11:18,2026-07-25 11:41
9263,91,5500,2026-07-29 08:52,2026-07-29 10:40
9264,79,4594,2026-07-12 00:35,2026-07-12 02:15
9265,83,1910,2026-07-21 16:43,2026-07-21 17:27
9266,48,5251,2026-07-08 19:01,NULL
9267,37,2605,2026-07-28 08:49,2026-07-28 10:30
9268,69,354,2026-07-17 02:05,2026-07-17 02:15
9269,78,134,2026-07-29 09:36,NULL
9270,61,8268,2026-07-13 18:27,2026-07-13 19:43
9271,46,2777,2026-07-04 18:11,2026-07-04 19:17
9272,12,4307,2026-07-22 15:01,2026-07-22 15:53
9273,91,6816,2026-07-30 19:09,2026-07-30 20:53
9274,81,1046,2026-07-27 04:42,2026-07-27 05:01
9275,94,209,2026-07-10 17:00,NULL
9276,68,2714,2026-07-13 15:24,2026-07-13 16:24
9277,93,1207,2026-07-24 00:00,2026-07-24 01:43
9278,56,544,2026-07-13 15:25,2026-07-13 16:30
9279,81,9802,2026-07-29 19:53,2026-07-29 21:20
9280,39,2039,2026-07-09 11:56,2026-07-09 13:36
9281,97,7738,2026-07-14 17:02,2026-07-14 17:22
9282,98,1952,2026-07-07 18:13,2026-07-07 19:25
9283,43,6198,2026-07-16 09:44,2026-07-16 10:36
9284,37,5048,2026-07-13 03:21,2026-07-13 04:29
9285,15,5526,2026-07-22 09:27,2026-07-22 09:45
9286,96,3684,2026-07-07 02:30,NULL
9287,6,4315,2026-07-19 14:34,2026-07-19 14:52
9288,88,5153,2026-07-12 20:46,2026-07-12 21:27
9289,57,7793,2026-07-03 11:48,2026-07-03 13:41
9290,99,2588,2026-07-11 15:12,2026-07-11 16:47
9291,28,8577,2026-07-28 19:35,NULL
9292,30,7114,2026-07-27 00:19,2026-07-27 00:46
9293,20,7741,2026-07-25 16:08,2026-07-25 16:41
9294,35,834,2026-07-29 18:01,2026-07-29 20:00
9295,93,4723,2026-07-25 12:22,2026-07-25 13:53
9296,43,7113,2026-07-29 12:46,2026-07-29 13:28
9297,88,7173,2026-07-11 17:06,NULL
9298,20,8472,2026-07-17 02:26,2026-07-17 02:51
9299,17,4512,2026-07-27 14:51,2026-07-27 16:00
9300,32,3613,2026-07-28 22:07,2026-07-28 22:52
9301,94,3759,2026-07-20 03:43,2026-07-20 05:25
9302,81,9988,2026-07-17 13:51,2026-07-17 15:28
9303,15,4253,2026-07-16 17:12,2026-07-16 17:54
9304,98,4632,2026-07-13 01:24,2026-07-13 01:34
9305,96,2533,2026-07-26 23:39,2026-07-27 01:20
9306,56,2461,2026-07-05 13:20,2026-07-05 14:00
9307,39,1288,2026-07-20 16:23,2026-07-20 17:29
9308,35,9181,2026-07-29 10:08,2026-07-29 11:53
9309,43,8627,2026-07-05 06:00,2026-07-05 06:11
9310,36,7318,2026-07-12 20:03,2026-07-12 20:16
9311,72,7825,2026-07-22 15:42,2026-07-22 16:54
9312,11,4855,2026-07-13 08:30,2026-07-13 10:27
9313,95,2261,2026-07-04 15:34,2026-07-04 17:04
9314,84,6753,2026-07-22 14:41,2026-07-22 16:30
9315,3,1755,2026-07-15 07:33,2026-07-15 09:13
9316,14,818,2026-07-05 12:15,NULL
9317,38,1717,2026-07-23 04:36,2026-07-23 06:31
9318,40,3929,2026-07-17 22:58,2026-07-17 23:58
9319,70,4713,2026-07-05 16:14,NULL
9320,9,5072,2026-07-22 22:34,2026-07-22 22:46
9321,68,3848,2026-07-21 13:55,2026-07-21 14:08
9322,7,1975,2026-07-02 01:30,2026-07-02 03:00
9323,87,1396,2026-07-10 15:23,2026-07-10 17:04
9324,46,5033,2026-07-09 18:25,2026-07-09 19:55
9325,92,8309,2026-07-27 06:58,2026-07-27 07:50
9326,72,4669,2026-07-19 23:38,2026-07-20 00:15
9327,26,6794,2026-07-26 02:28,2026-07-26 03:51
9328,32,1380,2026-07-18 09:06,2026-07-18 10:40
9329,44,5258,2026-07-02 23:22,2026-07-03 00:13
9330,16,8552,2026-07-07 17:23,NULL
9331,76,20,2026-07-08 11:34,2026-07-08 12:08
9332,94,4688,2026-07-19 01:04,2026-07-19 02:46
9333,4,9362,2026-07-24 04:09,2026-07-24 05:08
9334,76,8406,2026-07-18 03:42,2026-07-18 05:23
9335,34,6749,2026-07-27 02:04,2026-07-27 03:57
9336,81,2379,2026-07-29 09:48,2026-07-29 10:16
9337,67,6978,2026-07-23 03:16,2026-07-23 03:47
9338,91,2448,2026-07-23 20:38,2026-07-23 22:09
9339,23,3281,2026-07-29 13:39,2026-07-29 14:04
9340,13,52,2026-07-17 18:05,2026-07-17 20:00
9341,61,3653,2026-07-22 16:11,2026-07-22 17:44
9342,91,3671,2026-07-24 22:59,2026-07-25 00:30
9343,79,1948,2026-07-22 15:58,2026-07-22 17:16
9344,20,9273,2026-07-25 10:18,2026-07-25 10:59
9345,97,1292,2026-07-24 12:46,NULL
9346,6,9253,2026-07-08 21:02,2026-07-08 22:45
9347,43,730,2026-07-22 18:08,2026-07-22 18:27
9348,69,3447,2026-07-15 00:07,2026-07-15 01:08
9349,89,4394,2026-07-12 07:32,2026-07-12 08:25
9350,12,311,2026-07-04 02:32,2026-07-04 03:20
9351,93,2830,2026-07-25 14:24,2026-07-25 15:16
9352,23,4842,2026-07-10 21:46,2026-07-10 23:46
9353,9,1424,2026-07-24 11:10,2026-07-24 12:03
9354,3,3523,2026-07-29 08:07,2026-07-29 09:03
9355,60,8418,2026-07-22 19:51,2026-07-22 21:32
9356,42,4682,2026-07-05 16:38,2026-07-05 17:54
9357,56,2084,2026-07-13 10:27,2026-07-13 11:02
9358,53,7752,2026-07-19 05:54,2026-07-19 06:20
9359,55,2688,2026-07-01 15:18,2026-07-01 16:53
9360,34,2637,2026-07-07 12:48,2026-07-07 14:35
9361,14,956,2026-07-15 08:27,NULL
9362,75,7802,2026-07-09 04:54,NULL
9363,84,1593,2026-07-01 02:06,NULL
9364,7,3064,2026-07-27 23:37,2026-07-28 00:20
9365,49,7092,2026-07-18 03:40,2026-07-18 05:18
9366,59,5075,2026-07-10 05:05,2026-07-10 05:57
9367,56,1192,2026-07-11 10:44,2026-07-11 11:24
9368,24,887,2026-07-06 04:21,2026-07-06 06:19
9369,34,6200,2026-07-25 11:25,2026-07-25 12:43
9370,54,4459,2026-07-07 18:46,2026-07-07 19:43
9371,53,4053,2026-07-18 00:20,2026-07-18 01:58
9372,12,6588,2026-07-19 07:29,2026-07-19 08:34
9373,39,1827,2026-07-30 18:40,2026-07-30 19:13
9374,41,4581,2026-07-15 15:17,2026-07-15 17:12
9375,82,3187,2026-07-19 12:59,2026-07-19 13:39
9376,76,4453,2026-07-14 01:30,2026-07-14 02:54
9377,42,6186,2026-07-03 16:31,2026-07-03 17:39
9378,79,9023,2026-07-18 12:09,2026-07-18 13:36
9379,48,9600,2026-07-11 12:26,2026-07-11 12:56
9380,34,368,2026-07-25 20:24,NULL
9381,45,6845,2026-07-28 17:34,2026-07-28 17:57
9382,94,4038,2026-07-07 04:26,2026-07-07 05:10
9383,30,7896,2026-07-25 04:40,2026-07-25 05:07
9384,29,6225,2026-07-27 03:31,2026-07-27 03:46
9385,13,5893,2026-07-15 11:42,2026-07-15 12:16
9386,3,4799,2026-07-01 05:58,2026-07-01 07:50
9387,100,9889,2026-07-25 15:32,2026-07-25 16:26
9388,58,5261,2026-07-01 04:43,2026-07-01 05:45
9389,52,9755,2026-07-15 20:02,2026-07-15 20:26
9390,96,2526,2026-07-13 10:13,2026-07-13 12:07
9391,80,6498,2026-07-13 00:28,2026-07-13 02:02
9392,42,1085,2026-07-02 02:29,2026-07-02 03:36
9393,69,2871,2026-07-22 04:10,2026-07-22 04:39
9394,39,3377,2026-07-04 12:26,NULL
9395,4,9683,2026-07-23 10:37,2026-07-23 12:09
9396,59,9487,2026-07-06 04:22,2026-07-06 06:00
9397,29,9503,2026-07-02 17:48,2026-07-02 18:46
9398,2,2893,2026-07-04 06:28,2026-07-04 07:11
9399,73,3780,2026-07-10 22:10,2026-07-10 23:03
9400,34,3647,2026-07-13 21:44,2026-07-13 22:25
9401,62,92,2026-07-02 14:11,2026-07-02 15:44
9402,7,882,2026-07-09 07:04,NULL
9403,28,6669,2026-07-13 09:12,2026-07-13 10:53
9404,21,8342,2026-07-13 14:09,NULL
9405,24,6267,2026-07-23 11:20,2026-07-23 12:15
9406,88,962,2026-07-10 05:47,2026-07-10 06:32
9407,13,2817,2026-07-15 03:50,2026-07-15 05:18
9408,67,8320,2026-07-12 23:21,2026-07-13 00:45
9409,92,6318,2026-07-09 00:41,2026-07-09 01:24
9410,42,6875,2026-07-20 20:34,2026-07-20 22:01
9411,39,8610,2026-07-19 03:23,2026-07-19 04:30
9412,44,356,2026-07-26 19:15,2026-07-26 21:10
9413,5,6142,2026-07-01 13:32,2026-07-01 14:28
9414,24,7830,2026-07-07 10:58,2026-07-07 12:45
9415,17,7956,2026-07-16 18:56,2026-07-16 19:06
9416,62,358,2026-07-16 23:31,2026-07-17 00:22
9417,26,3126,2026-07-21 21:20,2026-07-21 23:02
9418,9,3226,2026-07-24 12:49,2026-07-24 14:19
9419,65,8904,2026-07-13 22:21,2026-07-13 23:27
9420,10,1129,2026-07-11 14:46,2026-07-11 16:35
9421,97,2191,2026-07-11 05:45,2026-07-11 06:46
9422,42,1579,2026-07-11 17:23,2026-07-11 17:44
9423,15,4164,2026-07-29 10:07,2026-07-29 10:57
9424,13,965,2026-07-17 23:11,2026-07-18 00:01
9425,17,9384,2026-07-14 23:07,2026-07-15 00:12
9426,18,6448,2026-07-21 23:48,2026-07-22 00:07
9427,60,491,2026-07-14 10:55,2026-07-14 12:12
9428,32,7381,2026-07-15 03:22,2026-07-15 03:38
9429,51,2212,2026-07-25 15:32,2026-07-25 17:30
9430,24,1869,2026-07-12 08:29,2026-07-12 10:22
9431,22,9134,2026-07-13 03:52,2026-07-13 04:26
9432,96,755,2026-07-06 18:51,2026-07-06 19:38
9433,88,8542,2026-07-24 07:46,2026-07-24 08:51
9434,32,4527,2026-07-17 00:28,2026-07-17 01:02
9435,50,8818,2026-07-26 16:36,2026-07-26 17:11
9436,55,3613,2026-07-05 07:52,2026-07-05 09:22
9437,45,2747,2026-07-20 22:08,NULL
9438,98,1595,2026-07-21 22:40,2026-07-22 00:17
9439,72,7638,2026-07-22 14:28,2026-07-22 15:34
9440,17,9396,2026-07-05 16:22,2026-07-05 17:39
9441,58,8351,2026-07-17 07:51,2026-07-17 09:40
9442,10,2644,2026-07-19 00:06,NULL
9443,77,1970,2026-07-24 17:17,2026-07-24 19:02
9444,82,9443,2026-07-02 09:37,2026-07-02 10:06
9445,65,7805,2026-07-09 05:57,2026-07-09 06:51
9446,53,2750,2026-07-23 02:39,2026-07-23 04:20
9447,56,867,2026-07-15 14:34,2026-07-15 16:05
9448,19,8935,2026-07-22 05:54,2026-07-22 07:05
9449,17,4543,2026-07-01 13:10,2026-07-01 14:06
9450,69,8060,2026-07-19 13:57,2026-07-19 14:35
9451,41,1291,2026-07-03 00:55,2026-07-03 02:18
9452,62,5986,2026-07-30 09:27,2026-07-30 10:44
9453,22,6224,2026-07-16 06:31,2026-07-16 07:30
9454,97,402,2026-07-06 03:59,2026-07-06 04:20
9455,12,3439,2026-07-02 18:55,2026-07-02 19:36
9456,4,2253,2026-07-21 10:33,2026-07-21 10:49
9457,28,4386,2026-07-14 21:56,2026-07-14 23:24
9458,81,7577,2026-07-24 21:05,NULL
9459,55,9200,2026-07-30 14:56,NULL
9460,9,4965,2026-07-22 17:35,2026-07-22 18:01
9461,45,5906,2026-07-30 02:56,2026-07-30 04:26
9462,21,7220,2026-07-16 03:16,2026-07-16 04:24
9463,88,9037,2026-07-27 22:46,2026-07-28 00:39
9464,21,147,2026-07-09 10:13,2026-07-09 11:53
9465,94,2155,2026-07-05 00:07,2026-07-05 00:17
9466,93,8634,2026-07-20 19:10,NULL
9467,11,1923,2026-07-11 14:25,2026-07-11 14:48
9468,4,3624,2026-07-06 05:24,2026-07-06 06:00
9469,98,4675,2026-07-08 17:53,2026-07-08 19:39
9470,93,7461,2026-07-30 16:59,2026-07-30 17:45
9471,55,4652,2026-07-04 22:01,2026-07-04 23:11
9472,43,6388,2026-07-20 14:34,NULL
9473,64,2454,2026-07-27 23:07,2026-07-27 23:22
9474,40,6527,2026-07-21 22:59,2026-07-21 23:19
9475,3,4404,2026-07-30 16:52,2026-07-30 18:20
9476,17,1165,2026-07-24 05:21,2026-07-24 06:57
9477,29,3330,2026-07-30 17:40,2026-07-30 19:23
9478,28,2485,2026-07-14 21:32,2026-07-14 22:26
9479,12,2268,2026-07-01 18:21,2026-07-01 18:34
9480,82,7715,2026-07-06 14:48,NULL
9481,27,4296,2026-07-04 09:07,2026-07-04 09:33
9482,56,1383,2026-07-29 05:58,2026-07-29 06:20
9483,57,4447,2026-07-02 18:19,2026-07-02 19:57
9484,60,6385,2026-07-29 12:26,2026-07-29 14:23
9485,99,5429,2026-07-30 11:59,2026-07-30 12:13
9486,69,122,2026-07-22 04:08,NULL
9487,23,1348,2026-07-05 03:09,2026-07-05 03:33
9488,2,547,2026-07-19 04:03,2026-07-19 04:31
9489,60,5747,2026-07-23 13:47,2026-07-23 14:03
9490,78,2044,2026-07-18 19:38,2026-07-18 21:19
9491,57,7022,2026-07-07 20:56,2026-07-07 22:09
9492,55,8533,2026-07-28 15:57,2026-07-28 17:36
9493,86,5547,2026-07-24 22:17,2026-07-24 22:52
9494,66,6482,2026-07-14 08:12,2026-07-14 08:45
9495,94,7214,2026-07-24 03:52,2026-07-24 05:30
9496,59,1919,2026-07-04 03:48,2026-07-04 04:22
9497,43,2985,2026-07-22 18:24,2026-07-22 19:52
9498,23,1670,2026-07-24 01:02,2026-07-24 02:03
9499,86,3500,2026-07-24 21:03,2026-07-24 21:56
9500,44,2860,2026-07-29 04:29,2026-07-29 05:08
9501,10,8264,2026-07-17 09:32,NULL
9502,10,6341,2026-07-22 21:59,2026-07-22 23:23
9503,31,417,2026-07-04 03:06,2026-07-04 04:47
9504,35,964,2026-07-13 06:55,2026-07-13 08:53
9505,58,8152,2026-07-02 23:42,2026-07-03 01:25
9506,99,5220,2026-07-08 12:33,2026-07-08 13:26
9507,28,3938,2026-07-16 15:58,2026-07-16 17:30
9508,56,9748,2026-07-22 20:23,2026-07-22 22:21
9509,50,9524,2026-07-04 10:50,NULL
9510,20,2506,2026-07-24 06:14,2026-07-24 07:07
9511,56,4248,2026-07-06 01:51,2026-07-06 02:53
9512,13,3378,2026-07-10 10:29,2026-07-10 11:36
9513,12,3208,2026-07-02 11:59,2026-07-02 12:37
9514,98,3848,2026-07-05 16:46,2026-07-05 18:35
9515,79,234,2026-07-18 01:01,2026-07-18 01:29
9516,76,7739,2026-07-24 02:04,2026-07-24 02:55
9517,35,7444,2026-07-05 09:13,2026-07-05 10:10
9518,76,2925,2026-07-18 08:27,NULL
9519,77,1984,2026-07-17 13:03,2026-07-17 14:15
9520,69,5606,2026-07-17 06:01,2026-07-17 07:53
9521,19,2429,2026-07-11 18:40,2026-07-11 19:42
9522,33,317,2026-07-19 18:37,2026-07-19 19:24
9523,67,7790,2026-07-09 09:12,2026-07-09 10:38
9524,90,2533,2026-07-04 15:06,2026-07-04 16:29
9525,7,4834,2026-07-07 18:13,2026-07-07 19:54
9526,85,2215,2026-07-06 04:22,2026-07-06 05:30
9527,12,7982,2026-07-28 03:46,2026-07-28 03:58
9528,81,4847,2026-07-20 13:07,NULL
9529,56,990,2026-07-05 14:27,2026-07-05 16:04
9530,15,3301,2026-07-15 05:18,NULL
9531,61,6975,2026-07-12 22:14,2026-07-12 23:37
9532,53,8430,2026-07-10 12:45,2026-07-10 14:11
9533,58,6767,2026-07-30 17:56,2026-07-30 18:58
9534,67,5401,2026-07-29 12:35,2026-07-29 13:35
9535,38,8507,2026-07-06 11:31,2026-07-06 12:11
9536,48,842,2026-07-01 16:42,2026-07-01 17:08
9537,20,1579,2026-07-16 22:10,NULL
9538,60,6085,2026-07-17 18:11,2026-07-17 19:36
9539,89,6434,2026-07-11 09:24,2026-07-11 09:58
9540,75,9656,2026-07-25 10:40,2026-07-25 11:08
9541,67,3027,2026-07-23 20:50,2026-07-23 22:37
9542,46,6179,2026-07-09 20:16,NULL
9543,32,7116,2026-07-06 03:46,2026-07-06 05:14
9544,84,3674,2026-07-13 03:37,2026-07-13 04:56
9545,70,1508,2026-07-29 06:43,2026-07-29 07:38
9546,77,1859,2026-07-22 18:36,2026-07-22 19:01
9547,77,8360,2026-07-03 15:49,2026-07-03 17:24
9548,33,3100,2026-07-22 15:31,2026-07-22 16:35
9549,29,2233,2026-07-05 08:09,2026-07-05 08:58
9550,88,8092,2026-07-06 14:06,NULL
9551,84,5007,2026-07-22 04:04,2026-07-22 05:44
9552,9,1456,2026-07-20 20:07,2026-07-20 21:38
9553,62,1848,2026-07-04 00:56,2026-07-04 02:31
9554,87,9037,2026-07-21 23:15,2026-07-22 01:01
9555,91,9509,2026-07-07 20:25,2026-07-07 21:11
9556,35,287,2026-07-27 21:22,2026-07-27 22:17
9557,11,5815,2026-07-21 11:38,2026-07-21 12:04
9558,75,5854,2026-07-08 23:06,2026-07-09 00:12
9559,1,4453,2026-07-14 09:32,2026-07-14 09:54
9560,77,9933,2026-07-11 10:13,2026-07-11 11:26
9561,94,4874,2026-07-16 21:45,2026-07-16 22:39
9562,68,1775,2026-07-05 11:02,2026-07-05 12:35
9563,57,4610,2026-07-14 22:51,2026-07-14 23:07
9564,35,2024,2026-07-01 12:11,2026-07-01 12:22
9565,93,1280,2026-07-03 14:25,2026-07-03 16:11
9566,31,8853,2026-07-06 03:42,2026-07-06 04:19
9567,61,525,2026-07-02 20:16,2026-07-02 20:28
9568,28,7697,2026-07-24 05:09,2026-07-24 06:14
9569,94,3817,2026-07-20 22:25,2026-07-20 23:02
9570,86,8428,2026-07-16 16:47,2026-07-16 18:06
9571,3,731,2026-07-09 12:04,2026-07-09 12:25
9572,97,9289,2026-07-24 19:29,2026-07-24 21:18
9573,82,8477,2026-07-25 02:58,2026-07-25 03:34
9574,56,3884,2026-07-30 08:18,2026-07-30 10:06
9575,1,8365,2026-07-03 11:44,2026-07-03 12:05
9576,54,5883,2026-07-29 13:03,2026-07-29 13:18
9577,66,865,2026-07-10 03:45,2026-07-10 05:05
9578,88,1729,2026-07-06 13:45,2026-07-06 14:22
9579,71,467,2026-07-02 05:13,2026-07-02 06:10
9580,81,1040,2026-07-08 06:11,2026-07-08 06:27
9581,92,2415,2026-07-03 14:36,2026-07-03 14:47
9582,91,8364,2026-07-01 01:33,2026-07-01 03:25
9583,31,9829,2026-07-16 11:25,2026-07-16 12:16
9584,38,2656,2026-07-07 16:59,2026-07-07 17:24
9585,85,4484,2026-07-14 06:00,NULL
9586,85,6071,2026-07-26 10:38,NULL
9587,35,9703,2026-07-04 09:34,2026-07-04 10:25
9588,40,5505,2026-07-07 22:33,NULL
9589,81,9143,2026-07-10 01:44,2026-07-10 02:22
9590,45,6611,2026-07-17 06:34,2026-07-17 07:48
9591,77,2052,2026-07-22 18:40,2026-07-22 20:38
9592,12,7338,2026-07-25 15:09,2026-07-25 16:56
9593,53,9102,2026-07-05 07:07,2026-07-05 07:19
9594,22,8894,2026-07-08 17:21,2026-07-08 18:09
9595,87,1679,2026-07-08 03:15,2026-07-08 04:17
9596,81,3420,2026-07-09 05:30,NULL
9597,47,2432,2026-07-14 13:10,2026-07-14 13:25
9598,100,5590,2026-07-13 12:25,2026-07-13 14:05
9599,28,3988,2026-07-14 12:12,2026-07-14 12:33
9600,25,2849,2026-07-16 04:33,2026-07-16 06:03
9601,97,6371,2026-07-30 08:42,2026-07-30 10:35
9602,75,5262,2026-07-12 12:51,2026-07-12 14:07
9603,42,532,2026-07-06 19:45,2026-07-06 21:16
9604,96,6815,2026-07-01 09:18,2026-07-01 09:32
9605,4,2309,2026-07-10 10:29,2026-07-10 12:24
9606,68,833,2026-07-24 01:44,2026-07-24 02:39
9607,20,5437,2026-07-09 16:53,2026-07-09 17:55
9608,32,7950,2026-07-09 00:41,2026-07-09 01:38
9609,75,3302,2026-07-23 17:41,2026-07-23 19:02
9610,24,9219,2026-07-08 23:16,2026-07-09 00:04
9611,61,6008,2026-07-09 17:17,2026-07-09 18:02
9612,86,2786,2026-07-01 06:03,2026-07-01 07:13
9613,71,580,2026-07-17 15:21,2026-07-17 17:07
9614,29,9512,2026-07-13 10:35,2026-07-13 12:23
9615,51,5723,2026-07-29 02:32,2026-07-29 03:29
9616,65,5263,2026-07-27 06:54,2026-07-27 08:39
9617,45,7912,2026-07-15 08:41,2026-07-15 09:44
9618,44,6489,2026-07-01 16:59,2026-07-01 18:27
9619,100,6659,2026-07-09 06:51,NULL
9620,14,619,2026-07-17 18:08,2026-07-17 18:30
9621,52,9628,2026-07-05 19:02,2026-07-05 20:33
9622,92,1581,2026-07-13 15:06,2026-07-13 17:05
9623,98,2016,2026-07-23 12:21,2026-07-23 13:08
9624,29,1698,2026-07-20 23:59,2026-07-21 00:33
9625,77,1837,2026-07-11 06:19,2026-07-11 07:57
9626,97,3957,2026-07-03 09:31,2026-07-03 10:03
9627,91,7173,2026-07-19 01:09,2026-07-19 01:54
9628,97,2171,2026-07-12 11:32,2026-07-12 12:56
9629,67,2319,2026-07-02 23:34,2026-07-02 23:51
9630,7,5548,2026-07-11 16:33,2026-07-11 17:50
9631,22,1645,2026-07-25 14:40,2026-07-25 14:58
9632,49,8400,2026-07-28 13:54,2026-07-28 14:04
9633,75,1046,2026-07-04 13:53,2026-07-04 14:50
9634,11,8551,2026-07-09 14:41,2026-07-09 16:12
9635,86,3894,2026-07-14 09:17,2026-07-14 10:12
9636,25,3970,2026-07-26 11:42,2026-07-26 13:23
9637,20,5162,2026-07-24 00:21,2026-07-24 01:47
9638,25,5905,2026-07-20 00:24,2026-07-20 01:21
9639,74,3413,2026-07-10 19:49,2026-07-10 21:05
9640,94,3676,2026-07-30 16:48,NULL
9641,21,5071,2026-07-30 15:44,2026-07-30 17:16
9642,93,4783,2026-07-07 07:21,2026-07-07 09:09
9643,96,5470,2026-07-18 01:53,2026-07-18 02:53
9644,10,3392,2026-07-18 22:40,2026-07-18 23:01
9645,8,4565,2026-07-26 03:32,NULL
9646,97,2694,2026-07-24 02:46,2026-07-24 03:07
9647,84,2389,2026-07-15 19:18,2026-07-15 21:00
9648,16,7529,2026-07-20 18:57,2026-07-20 19:37
9649,59,8797,2026-07-27 16:24,2026-07-27 18:05
9650,72,4768,2026-07-02 13:50,2026-07-02 14:01
9651,32,5693,2026-07-26 14:58,2026-07-26 16:15
9652,68,2665,2026-07-23 09:06,2026-07-23 09:35
9653,70,2240,2026-07-16 11:32,2026-07-16 12:35
9654,47,6459,2026-07-11 09:48,2026-07-11 10:46
9655,16,1170,2026-07-03 22:38,2026-07-04 00:27
9656,17,4008,2026-07-20 04:59,2026-07-20 06:26
9657,74,6593,2026-07-03 11:26,2026-07-03 12:16
9658,89,9256,2026-07-25 00:12,2026-07-25 01:56
9659,27,6558,2026-07-04 07:32,2026-07-04 07:57
9660,38,4812,2026-07-05 16:49,2026-07-05 17:38
9661,46,7647,2026-07-07 13:02,2026-07-07 13:17
9662,51,1575,2026-07-20 22:31,2026-07-21 00:30
9663,98,7082,2026-07-06 18:40,2026-07-06 19:28
9664,81,4074,2026-07-02 06:26,2026-07-02 07:19
9665,66,4358,2026-07-02 12:06,2026-07-02 12:59
9666,27,5527,2026-07-03 10:02,2026-07-03 10:36
9667,42,7666,2026-07-08 14:08,2026-07-08 15:32
9668,38,9984,2026-07-30 17:27,2026-07-30 18:51
9669,68,3338,2026-07-28 21:03,2026-07-28 21:27
9670,40,987,2026-07-20 11:57,NULL
9671,98,6063,2026-07-04 16:43,2026-07-04 17:44
9672,4,9009,2026-07-07 05:05,2026-07-07 06:40
9673,94,6715,2026-07-05 05:50,2026-07-05 06:27
9674,30,3529,2026-07-06 11:34,2026-07-06 11:58
9675,95,9749,2026-07-20 09:25,2026-07-20 10:36
9676,50,6515,2026-07-20 12:24,2026-07-20 13:07
9677,78,2434,2026-07-04 15:15,2026-07-04 17:14
9678,23,3310,2026-07-23 09:28,2026-07-23 10:12
9679,4,502,2026-07-10 13:51,2026-07-10 14:04
9680,54,82,2026-07-21 03:26,2026-07-21 04:31
9681,58,2772,2026-07-23 22:56,2026-07-24 00:50
9682,16,3105,2026-07-01 07:35,2026-07-01 08:42
9683,50,5024,2026-07-06 22:31,2026-07-06 23:23
9684,31,4951,2026-07-14 15:11,2026-07-14 15:29
9685,96,1733,2026-07-09 21:59,2026-07-09 22:23
9686,93,497,2026-07-12 12:07,NULL
9687,81,181,2026-07-08 21:26,2026-07-08 22:23
9688,19,9329,2026-07-03 15:07,2026-07-03 16:25
9689,65,3205,2026-07-24 17:42,2026-07-24 19:17
9690,59,8241,2026-07-15 02:20,NULL
9691,33,1196,2026-07-06 06:07,2026-07-06 07:02
9692,43,5362,2026-07-14 23:39,2026-07-15 00:41
9693,31,3945,2026-07-24 02:38,2026-07-24 03:18
9694,8,3124,2026-07-14 04:48,2026-07-14 06:12
9695,13,2847,2026-07-14 13:17,2026-07-14 14:37
9696,90,2212,2026-07-18 10:38,2026-07-18 11:30
9697,1,6152,2026-07-18 03:06,2026-07-18 05:00
9698,2,8569,2026-07-04 13:00,NULL
9699,25,2572,2026-07-03 19:02,2026-07-03 20:42
9700,81,1530,2026-07-03 23:45,2026-07-04 00:07
9701,18,4759,2026-07-13 00:12,2026-07-13 00:45
9702,44,8284,2026-07-10 04:20,2026-07-10 05:27
9703,23,9042,2026-07-10 09:15,2026-07-10 09:58
9704,53,6913,2026-07-30 14:24,2026-07-30 16:18
9705,68,882,2026-07-12 08:36,2026-07-12 09:52
9706,40,1267,2026-07-06 05:16,2026-07-06 05:34
9707,81,2876,2026-07-25 07:10,2026-07-25 08:18
9708,15,5988,2026-07-22 10:35,2026-07-22 10:52
9709,73,9968,2026-07-23 19:39,2026-07-23 20:30
9710,74,6881,2026-07-29 18:36,2026-07-29 20:16
9711,82,3325,2026-07-20 14:06,2026-07-20 14:16
9712,41,8675,2026-07-21 18:59,2026-07-21 20:20
9713,83,9028,2026-07-14 06:25,2026-07-14 07:40
9714,28,5846,2026-07-12 14:40,2026-07-12 15:05
9715,35,3890,2026-07-08 05:08,NULL
9716,45,9052,2026-07-15 00:50,2026-07-15 02:41
9717,71,1298,2026-07-28 15:49,2026-07-28 17:31
9718,18,5145,2026-07-22 03:45,2026-07-22 05:15
9719,33,1597,2026-07-10 07:14,2026-07-10 08:11
9720,64,4393,2026-07-17 06:34,2026-07-17 07:07
9721,79,8486,2026-07-19 16:44,2026-07-19 17:13
9722,82,4366,2026-07-21 09:14,NULL
9723,76,216,2026-07-19 18:38,2026-07-19 20:34
9724,44,2148,2026-07-15 14:18,2026-07-15 15:02
9725,87,5121,2026-07-01 14:43,2026-07-01 16:33
9726,93,4677,2026-07-09 17:46,2026-07-09 19:06
9727,11,6166,2026-07-16 02:23,2026-07-16 02:36
9728,34,6941,2026-07-13 02:14,NULL
9729,81,8875,2026-07-12 02:23,2026-07-12 02:39
9730,30,2045,2026-07-13 03:40,2026-07-13 05:26
9731,65,113,2026-07-07 10:54,2026-07-07 11:27
9732,39,8516,2026-07-14 01:59,2026-07-14 03:51
9733,10,1424,2026-07-06 05:47,2026-07-06 07:45
9734,42,6165,2026-07-05 21:43,2026-07-05 22:51
9735,15,8380,2026-07-23 20:42,2026-07-23 21:10
9736,94,384,2026-07-20 04:33,2026-07-20 06:03
9737,3,10,2026-07-11 15:07,2026-07-11 16:40
9738,91,164,2026-07-26 05:26,2026-07-26 05:52
9739,13,370,2026-07-29 17:49,2026-07-29 19:03
9740,45,2203,2026-07-05 17:52,2026-07-05 18:17
9741,45,140,2026-07-30 11:18,2026-07-30 12:46
9742,81,523,2026-07-30 18:41,NULL
9743,100,198,2026-07-06 18:12,2026-07-06 19:26
9744,95,866,2026-07-02 01:38,2026-07-02 03:04
9745,74,7476,2026-07-30 20:46,NULL
9746,69,701,2026-07-07 01:25,2026-07-07 03:16
9747,41,2337,2026-07-08 15:11,2026-07-08 15:37
9748,32,5888,2026-07-23 22:18,2026-07-23 22:50
9749,37,9199,2026-07-10 14:17,2026-07-10 15:00
9750,25,8691,2026-07-24 03:39,2026-07-24 05:34
9751,39,1303,2026-07-06 20:53,2026-07-06 22:20
9752,66,6763,2026-07-25 13:09,2026-07-25 13:38
9753,100,452,2026-07-23 00:33,NULL
9754,59,1954,2026-07-20 01:37,2026-07-20 01:53
9755,30,5540,2026-07-19 21:13,2026-07-19 22:07
9756,13,4993,2026-07-17 18:04,2026-07-17 18:36
9757,30,3847,2026-07-02 04:15,2026-07-02 04:42
9758,88,3615,2026-07-18 03:00,2026-07-18 03:57
9759,59,5632,2026-07-06 08:16,2026-07-06 09:03
9760,34,4922,2026-07-25 22:43,2026-07-26 00:37
9761,2,8881,2026-07-17 20:49,2026-07-17 22:10
9762,23,3286,2026-07-06 09:32,2026-07-06 10:48
9763,68,9339,2026-07-20 11:42,2026-07-20 12:07
9764,66,3653,2026-07-23 11:58,2026-07-23 12:58
9765,71,9433,2026-07-06 13:18,2026-07-06 13:36
9766,23,6403,2026-07-16 15:44,2026-07-16 16:13
9767,82,536,2026-07-19 20:38,2026-07-19 22:19
9768,54,8345,2026-07-04 04:44,2026-07-04 06:09
9769,21,4438,2026-07-10 00:21,2026-07-10 01:46
9770,2,5459,2026-07-05 23:45,2026-07-06 00:11
9771,25,2854,2026-07-14 15:27,2026-07-14 17:25
9772,50,8992,2026-07-19 14:14,2026-07-19 15:20
9773,91,7471,2026-07-29 14:17,2026-07-29 16:03
9774,37,5990,2026-07-21 04:52,2026-07-21 05:53
9775,92,5282,2026-07-05 08:04,2026-07-05 09:40
9776,80,7742,2026-07-30 18:50,2026-07-30 19:18
9777,52,6357,2026-07-15 11:05,2026-07-15 12:25
9778,30,8144,2026-07-05 15:58,2026-07-05 16:09
9779,9,5095,2026-07-02 22:54,2026-07-02 23:24
9780,95,3585,2026-07-11 04:09,2026-07-11 04:42
9781,16,5732,2026-07-07 10:38,2026-07-07 11:22
9782,8,8402,2026-07-14 14:23,2026-07-14 16:07
9783,74,8979,2026-07-14 12:17,2026-07-14 13:11
9784,44,7815,2026-07-29 02:09,2026-07-29 03:50
9785,83,768,2026-07-21 12:49,2026-07-21 13:53
9786,100,9755,2026-07-14 23:31,2026-07-15 00:54
9787,64,8563,2026-07-13 22:51,2026-07-14 00:06
9788,44,4014,2026-07-08 04:22,2026-07-08 05:52
9789,67,8010,2026-07-05 13:02,2026-07-05 13:31
9790,97,8972,2026-07-30 06:03,2026-07-30 07:32
9791,77,1669,2026-07-21 18:46,2026-07-21 20:38
9792,95,1934,2026-07-18 12:06,2026-07-18 12:41
9793,40,7626,2026-07-03 15:39,2026-07-03 17:24
9794,82,431,2026-07-15 21:23,2026-07-15 21:50
9795,25,8240,2026-07-12 02:11,2026-07-12 04:01
9796,68,9591,2026-07-02 22:08,2026-07-03 00:01
9797,31,6643,2026-07-26 15:51,2026-07-26 16:31
9798,44,6382,2026-07-25 12:01,2026-07-25 13:52
9799,54,5366,2026-07-25 01:12,2026-07-25 03:00
9800,36,1965,2026-07-23 14:37,2026-07-23 16:20
9801,5,5549,2026-07-27 17:50,2026-07-27 18:07
9802,5,2354,2026-07-26 00:41,2026-07-26 02:13
9803,27,1776,2026-07-21 21:28,2026-07-21 22:38
9804,53,3678,2026-07-05 00:22,2026-07-05 01:33
9805,82,1754,2026-07-24 08:38,2026-07-24 09:06
9806,43,8836,2026-07-09 19:35,2026-07-09 20:35
9807,55,8737,2026-07-17 17:35,2026-07-17 19:19
9808,54,8403,2026-07-03 03:32,2026-07-03 04:26
9809,50,2932,2026-07-09 08:37,2026-07-09 10:19
9810,68,4917,2026-07-14 01:29,2026-07-14 03:07
9811,21,8136,2026-07-15 07:56,2026-07-15 09:16
9812,41,399,2026-07-01 16:08,2026-07-01 17:51
9813,1,8797,2026-07-25 00:28,2026-07-25 01:55
9814,100,7455,2026-07-10 14:42,NULL
9815,89,9263,2026-07-21 04:36,2026-07-21 05:21
9816,47,9790,2026-07-26 09:57,2026-07-26 10:57
9817,46,5332,2026-07-03 01:58,2026-07-03 02:50
9818,72,5283,2026-07-28 16:40,2026-07-28 17:57
9819,12,2041,2026-07-15 10:19,2026-07-15 11:46
9820,37,7294,2026-07-02 11:41,2026-07-02 13:39
9821,85,7991,2026-07-03 08:59,2026-07-03 10:58
9822,41,1191,2026-07-22 01:05,2026-07-22 01:45
9823,41,5653,2026-07-29 10:49,2026-07-29 11:26
9824,90,1290,2026-07-27 20:46,2026-07-27 22:20
9825,38,7598,2026-07-17 20:01,2026-07-17 21:14
9826,87,1276,2026-07-23 00:21,2026-07-23 00:37
9827,60,7458,2026-07-25 14:51,2026-07-25 16:19
9828,93,3528,2026-07-03 07:31,2026-07-03 09:03
9829,12,340,2026-07-20 07:06,2026-07-20 08:48
9830,42,3524,2026-07-01 17:53,2026-07-01 19:42
9831,23,3072,2026-07-26 12:57,NULL
9832,71,480,2026-07-17 16:29,2026-07-17 18:28
9833,87,373,2026-07-20 20:13,2026-07-20 21:40
9834,53,8833,2026-07-01 06:03,2026-07-01 07:48
9835,10,8042,2026-07-30 21:49,2026-07-30 22:48
9836,33,603,2026-07-05 16:49,2026-07-05 18:31
9837,38,9010,2026-07-14 02:04,2026-07-14 03:29
9838,3,4570,2026-07-08 13:10,2026-07-08 14:42
9839,23,8737,2026-07-19 00:06,2026-07-19 00:58
9840,9,5221,2026-07-16 16:07,2026-07-16 17:25
9841,85,8863,2026-07-09 01:26,2026-07-09 02:24
9842,32,7916,2026-07-15 01:30,2026-07-15 03:05
9843,54,6699,2026-07-27 03:01,2026-07-27 04:41
9844,56,3411,2026-07-29 08:31,2026-07-29 09:28
9845,30,2700,2026-07-27 18:19,2026-07-27 19:22
9846,34,2942,2026-07-09 22:52,2026-07-09 23:06
9847,95,2808,2026-07-23 12:19,2026-07-23 13:44
9848,89,9881,2026-07-25 03:17,2026-07-25 04:54
9849,76,8877,2026-07-26 21:21,2026-07-26 22:57
9850,97,708,2026-07-06 18:14,2026-07-06 19:59
9851,16,6899,2026-07-14 18:39,2026-07-14 19:53
9852,9,8205,2026-07-13 16:54,2026-07-13 17:14
9853,83,7646,2026-07-02 01:51,2026-07-02 02:31
9854,45,7295,2026-07-22 03:36,NULL
9855,12,137,2026-07-09 08:44,2026-07-09 09:59
9856,6,6692,2026-07-11 05:13,2026-07-11 05:33
9857,73,4430,2026-07-28 20:20,2026-07-28 22:15
9858,78,5220,2026-07-25 21:39,2026-07-25 22:39
9859,60,9631,2026-07-10 15:40,2026-07-10 16:36
9860,41,3287,2026-07-15 06:38,2026-07-15 07:14
9861,8,5126,2026-07-30 17:21,2026-07-30 17:37
9862,59,5433,2026-07-11 11:10,2026-07-11 12:47
9863,44,2131,2026-07-02 03:43,2026-07-02 04:17
9864,100,1027,2026-07-17 09:44,2026-07-17 10:13
9865,34,6277,2026-07-27 11:58,2026-07-27 12:52
9866,59,2476,2026-07-16 08:22,2026-07-16 09:00
9867,66,1453,2026-07-10 18:51,2026-07-10 19:24
9868,92,9374,2026-07-24 06:34,2026-07-24 07:13
9869,73,8623,2026-07-02 05:09,2026-07-02 05:44
9870,87,7691,2026-07-10 15:52,2026-07-10 16:28
9871,47,7623,2026-07-24 22:25,2026-07-24 23:46
9872,61,1904,2026-07-05 06:44,2026-07-05 08:25
9873,30,3054,2026-07-23 11:47,2026-07-23 12:21
9874,88,4692,2026-07-25 03:47,2026-07-25 05:39
9875,37,7986,2026-07-03 22:25,2026-07-03 23:16
9876,4,9649,2026-07-21 12:52,2026-07-21 14:39
9877,62,1836,2026-07-23 04:16,2026-07-23 06:07
9878,91,9423,2026-07-19 10:57,2026-07-19 11:08
9879,2,5685,2026-07-07 16:20,2026-07-07 18:09
9880,5,9359,2026-07-27 14:49,2026-07-27 15:35
9881,3,4916,2026-07-19 03:12,2026-07-19 03:51
9882,83,9872,2026-07-19 11:06,2026-07-19 11:40
9883,97,7466,2026-07-10 16:18,2026-07-10 17:34
9884,97,7451,2026-07-24 02:19,2026-07-24 02:37
9885,55,6901,2026-07-22 06:10,2026-07-22 07:31
9886,38,1626,2026-07-07 09:08,2026-07-07 10:16
9887,81,859,2026-07-21 21:21,2026-07-21 22:31
9888,1,4634,2026-07-27 05:58,2026-07-27 06:37
9889,94,7054,2026-07-09 03:55,2026-07-09 04:21
9890,95,7582,2026-07-27 23:07,2026-07-27 23:38
9891,33,4585,2026-07-14 13:24,2026-07-14 14:13
9892,72,6709,2026-07-24 13:58,2026-07-24 15:05
9893,23,7965,2026-07-01 02:28,2026-07-01 03:07
9894,82,4874,2026-07-09 18:50,NULL
9895,84,9005,2026-07-13 08:26,2026-07-13 08:51
9896,26,2259,2026-07-10 22:48,2026-07-10 23:51
9897,92,9525,2026-07-22 07:19,NULL
9898,87,9017,2026-07-11 18:38,2026-07-11 20:29
9899,53,7279,2026-07-16 03:32,2026-07-16 05:10
9900,46,6624,2026-07-16 07:01,2026-07-16 07:30
9901,86,3702,2026-07-20 20:11,2026-07-20 20:21
9902,34,3367,2026-07-28 03:29,2026-07-28 05:19
9903,94,2021,2026-07-02 07:42,NULL
9904,53,8480,2026-07-21 14:29,2026-07-21 14:48
9905,70,9989,2026-07-03 19:19,2026-07-03 20:31
9906,7,5934,2026-07-30 15:36,2026-07-30 17:02
9907,29,197,2026-07-12 13:30,2026-07-12 13:54
9908,31,9544,2026-07-27 09:30,2026-07-27 11:11
9909,23,685,2026-07-07 00:58,2026-07-07 01:50
9910,97,4841,2026-07-03 23:41,2026-07-04 01:28
9911,49,7985,2026-07-24 08:09,2026-07-24 10:08
9912,84,7545,2026-07-29 17:56,2026-07-29 18:43
9913,59,4204,2026-07-27 23:54,2026-07-28 00:52
9914,97,9644,2026-07-19 09:02,2026-07-19 10:47
9915,31,2264,2026-07-30 09:40,2026-07-30 11:30
9916,96,6429,2026-07-21 01:21,2026-07-21 03:14
9917,85,2131,2026-07-24 11:40,2026-07-24 13:34
9918,58,7413,2026-07-04 09:02,2026-07-04 10:54
9919,82,6200,2026-07-13 12:17,2026-07-13 12:32
9920,74,7943,2026-07-15 15:22,2026-07-15 16:52
9921,33,7339,2026-07-05 05:09,2026-07-05 06:54
9922,41,150,2026-07-19 23:12,2026-07-19 23:43
9923,39,4457,2026-07-01 01:14,NULL
9924,68,7005,2026-07-30 22:12,2026-07-30 23:13
9925,68,9601,2026-07-03 10:42,2026-07-03 12:06
9926,6,515,2026-07-06 10:15,2026-07-06 10:51
9927,4,2279,2026-07-24 03:10,2026-07-24 04:12
9928,47,3955,2026-07-08 23:40,2026-07-09 00:05
9929,43,6899,2026-07-23 01:18,NULL
9930,6,1925,2026-07-17 18:10,2026-07-17 19:04
9931,61,4362,2026-07-29 04:55,NULL
9932,68,2125,2026-07-04 15:19,2026-07-04 17:14
9933,1,4167,2026-07-24 15:39,2026-07-24 16:42
9934,26,3161,2026-07-17 13:22,2026-07-17 14:32
9935,76,188,2026-07-15 05:51,2026-07-15 06:41
9936,66,1443,2026-07-15 07:54,2026-07-15 08:55
9937,10,5599,2026-07-04 14:44,2026-07-04 15:20
9938,24,3170,2026-07-02 05:59,2026-07-02 07:37
9939,75,8170,2026-07-21 09:02,2026-07-21 10:15
9940,92,6636,2026-07-07 20:49,2026-07-07 22:14
9941,16,275,2026-07-14 19:42,2026-07-14 20:40
9942,88,4123,2026-07-12 08:51,NULL
9943,18,6936,2026-07-24 04:24,2026-07-24 05:35
9944,95,4111,2026-07-14 14:23,NULL
9945,18,6694,2026-07-15 19:42,2026-07-15 19:54
9946,36,4193,2026-07-04 15:47,NULL
9947,62,5145,2026-07-23 22:56,2026-07-23 23:58
9948,15,1661,2026-07-13 10:21,2026-07-13 12:07
9949,8,7588,2026-07-04 18:17,2026-07-04 18:27
9950,49,411,2026-07-15 11:40,2026-07-15 13:36
9951,37,9862,2026-07-10 20:24,2026-07-10 21:05
9952,90,3021,2026-07-22 02:45,2026-07-22 03:54
9953,38,7086,2026-07-28 11:30,2026-07-28 12:30
9954,59,629,2026-07-08 07:15,2026-07-08 07:27
9955,44,8727,2026-07-24 12:06,2026-07-24 12:33
9956,3,2964,2026-07-19 09:11,2026-07-19 10:43
9957,81,500,2026-07-03 15:27,2026-07-03 16:31
9958,18,3556,2026-07-24 09:10,NULL
9959,73,2964,2026-07-26 23:22,2026-07-27 01:19
9960,26,4500,2026-07-04 07:35,2026-07-04 08:26
9961,80,7783,2026-07-20 08:20,2026-07-20 09:55
9962,71,3674,2026-07-30 22:41,2026-07-31 00:37
9963,66,2398,2026-07-10 12:01,2026-07-10 12:59
9964,73,1734,2026-07-17 20:43,2026-07-17 21:02
9965,13,5809,2026-07-24 14:32,2026-07-24 15:50
9966,1,840,2026-07-17 21:50,2026-07-17 23:45
9967,68,8028,2026-07-24 13:32,2026-07-24 15:27
9968,23,3391,2026-07-29 04:49,2026-07-29 06:30
9969,96,5930,2026-07-20 12:49,2026-07-20 14:17
9970,52,5505,2026-07-21 14:19,2026-07-21 15:05
9971,40,5025,2026-07-23 12:25,2026-07-23 13:00
9972,94,3517,2026-07-10 21:57,2026-07-10 22:34
9973,54,9093,2026-07-16 16:12,2026-07-16 17:00
9974,88,3916,2026-07-28 15:18,2026-07-28 15:33
9975,79,8366,2026-07-04 12:48,2026-07-04 14:24
9976,15,3319,2026-07-21 03:54,2026-07-21 04:50
9977,55,5411,2026-07-11 01:29,2026-07-11 02:45
9978,44,1542,2026-07-15 21:03,2026-07-15 21:33
9979,89,1834,2026-07-17 17:59,2026-07-17 18:59
9980,6,2563,2026-07-21 02:00,2026-07-21 03:12
9981,60,5508,2026-07-07 07:42,2026-07-07 09:10
9982,57,7819,2026-07-20 05:40,2026-07-20 06:49
9983,76,3189,2026-07-23 16:44,2026-07-23 17:27
9984,86,1554,2026-07-03 13:52,2026-07-03 15:15
9985,7,9803,2026-07-27 11:06,2026-07-27 11:26
9986,86,6045,2026-07-27 19:07,2026-07-27 20:10
9987,53,2189,2026-07-02 21:36,2026-07-02 23:09
9988,40,9087,2026-07-06 06:49,2026-07-06 07:30
9989,64,8557,2026-07-24 19:44,2026-07-24 20:21
9990,93,2606,2026-07-04 21:31,2026-07-04 22:08
9991,37,9822,2026-07-20 02:10,2026-07-20 03:46
9992,98,5515,2026-07-17 04:52,NULL
9993,77,65,2026-07-06 16:30,2026-07-06 17:08
9994,15,5631,2026-07-06 16:45,2026-07-06 17:05
9995,69,9080,2026-07-11 20:14,NULL
9996,78,4182,2026-07-13 05:14,2026-07-13 06:23
9997,28,4675,2026-07-01 00:11,2026-07-01 01:52
9998,6,5294,2026-07-23 10:03,2026-07-23 11:48
9999,81,2154,2026-07-27 15:04,2026-07-27 15:56
10000,19,4740,2026-07-03 18:37,2026-07-03 19:54
10001,29,956,2026-07-10 17:40,2026-07-10 17:54
10002,48,5628,2026-07-21 15:41,2026-07-21 16:03
10003,71,692,2026-07-07 18:26,2026-07-07 18:54
10004,73,8087,2026-07-06 10:18,2026-07-06 11:00
10005,9,9581,2026-07-10 15:04,2026-07-10 15:36
10006,98,2272,2026-07-02 21:11,2026-07-02 21:54
10007,11,9249,2026-07-15 12:09,2026-07-15 13:52
10008,58,808,2026-07-16 03:59,2026-07-16 04:13
10009,85,4426,2026-07-12 21:49,2026-07-12 23:00
10010,60,1989,2026-07-06 00:36,2026-07-06 00:54
10011,83,9062,2026-07-22 22:10,2026-07-22 23:49
10012,18,6887,2026-07-01 06:11,2026-07-01 07:07
10013,54,9796,2026-07-08 08:29,2026-07-08 09:06
10014,12,6743,2026-07-12 02:51,2026-07-12 04:12
10015,50,4135,2026-07-17 09:01,2026-07-17 09:57
10016,80,1217,2026-07-01 00:25,2026-07-01 01:57
10017,53,4073,2026-07-13 16:11,2026-07-13 16:55
10018,45,5441,2026-07-07 07:45,2026-07-07 08:02
10019,27,7971,2026-07-21 09:28,2026-07-21 11:06
10020,88,5205,2026-07-08 05:05,2026-07-08 06:45
10021,88,8293,2026-07-20 04:13,2026-07-20 05:21
10022,44,1562,2026-07-25 11:27,2026-07-25 12:57
10023,18,1170,2026-07-03 13:18,NULL
10024,20,6145,2026-07-29 22:12,2026-07-29 23:31
10025,13,875,2026-07-01 04:37,2026-07-01 05:15
10026,96,3748,2026-07-22 21:25,NULL
10027,34,833,2026-07-12 12:13,2026-07-12 12:31
10028,93,5481,2026-07-29 03:07,2026-07-29 05:06
10029,67,787,2026-07-19 11:09,2026-07-19 12:32
10030,76,6031,2026-07-27 20:17,NULL
10031,13,6177,2026-07-07 13:49,2026-07-07 14:07
10032,90,4267,2026-07-29 21:28,NULL
10033,22,7583,2026-07-03 11:27,NULL
10034,84,623,2026-07-12 07:07,2026-07-12 07:18
10035,31,4322,2026-07-24 16:09,2026-07-24 17:30
10036,55,1557,2026-07-03 18:48,2026-07-03 19:13
10037,86,6678,2026-07-07 10:15,2026-07-07 10:34
10038,73,6460,2026-07-07 00:40,2026-07-07 01:58
10039,94,1059,2026-07-27 00:41,2026-07-27 02:15
10040,9,6203,2026-07-21 03:17,2026-07-21 04:29
10041,56,6289,2026-07-20 01:59,2026-07-20 03:36
10042,48,3291,2026-07-23 18:44,2026-07-23 20:13
10043,48,7518,2026-07-05 23:49,2026-07-06 01:31
10044,23,3520,2026-07-17 07:33,2026-07-17 08:15
10045,34,4406,2026-07-27 14:04,2026-07-27 14:28
10046,45,8630,2026-07-20 19:25,2026-07-20 19:53
10047,60,5216,2026-07-21 01:01,2026-07-21 02:37
10048,65,5427,2026-07-20 17:08,2026-07-20 17:26
10049,71,1961,2026-07-02 11:32,2026-07-02 11:55
10050,99,7376,2026-07-13 00:50,2026-07-13 01:06
10051,69,8075,2026-07-07 05:23,NULL
10052,44,667,2026-07-10 19:54,2026-07-10 21:22
10053,85,2581,2026-07-16 07:39,NULL
10054,99,1697,2026-07-08 08:21,2026-07-08 08:35
10055,16,7047,2026-07-16 05:27,2026-07-16 05:47
10056,17,7951,2026-07-19 00:26,2026-07-19 01:19
10057,87,7232,2026-07-14 22:42,2026-07-15 00:00
10058,2,6233,2026-07-01 04:47,NULL
10059,79,6797,2026-07-09 20:01,2026-07-09 21:50
10060,93,6359,2026-07-07 07:25,2026-07-07 08:06
10061,71,5965,2026-07-10 03:18,2026-07-10 04:01
10062,36,2789,2026-07-19 00:51,2026-07-19 02:40
10063,84,5644,2026-07-12 23:32,2026-07-12 23:56
10064,91,1360,2026-07-23 00:29,2026-07-23 01:41
10065,64,265,2026-07-12 21:15,2026-07-12 22:33
10066,68,7820,2026-07-26 23:07,2026-07-27 00:33
10067,62,3509,2026-07-18 01:47,2026-07-18 02:54
10068,7,8424,2026-07-15 00:30,2026-07-15 01:26
10069,63,7806,2026-07-28 22:07,2026-07-28 22:30
10070,27,5454,2026-07-19 10:30,2026-07-19 10:59
10071,68,7580,2026-07-06 03:59,2026-07-06 05:02
10072,79,5682,2026-07-23 14:26,2026-07-23 15:13
10073,94,5239,2026-07-22 09:14,2026-07-22 09:50
10074,56,8945,2026-07-07 11:29,2026-07-07 11:52
10075,96,9284,2026-07-23 02:16,2026-07-23 02:37
10076,90,7298,2026-07-06 03:03,2026-07-06 04:19
10077,47,8963,2026-07-25 22:23,NULL
10078,44,4575,2026-07-21 09:11,2026-07-21 09:55
10079,70,6827,2026-07-25 13:35,2026-07-25 14:36
10080,23,7711,2026-07-08 06:30,2026-07-08 08:21
10081,94,6767,2026-07-16 17:20,2026-07-16 17:39
10082,95,7984,2026-07-03 07:11,2026-07-03 08:41
10083,14,7480,2026-07-21 04:07,2026-07-21 05:57
10084,76,7955,2026-07-08 22:00,2026-07-08 22:58
10085,60,2713,2026-07-14 04:17,2026-07-14 04:39
10086,82,7064,2026-07-10 01:54,2026-07-10 03:37
10087,21,8403,2026-07-04 20:38,2026-07-04 20:50
10088,10,4267,2026-07-03 15:26,NULL
10089,10,6939,2026-07-13 00:12,2026-07-13 02:05
10090,42,2233,2026-07-28 09:27,2026-07-28 10:02
10091,49,6921,2026-07-09 13:33,NULL
10092,68,7758,2026-07-02 08:13,2026-07-02 08:29
10093,22,5681,2026-07-10 18:16,2026-07-10 19:33
10094,51,1161,2026-07-27 11:25,2026-07-27 11:54
10095,48,4618,2026-07-11 04:30,2026-07-11 05:17
10096,84,2654,2026-07-06 09:49,2026-07-06 10:07
10097,38,9178,2026-07-30 22:55,2026-07-30 23:14
10098,20,668,2026-07-01 22:57,2026-07-02 00:17
10099,66,976,2026-07-08 03:09,2026-07-08 04:44
10100,23,1500,2026-07-22 23:50,2026-07-23 01:26
10101,30,7416,2026-07-13 16:18,2026-07-13 17:40
10102,36,337,2026-07-14 12:19,2026-07-14 14:00
10103,55,9781,2026-07-10 02:54,2026-07-10 04:43
10104,22,8224,2026-07-26 12:06,NULL
10105,31,1850,2026-07-21 19:43,2026-07-21 20:44
10106,1,5888,2026-07-28 06:57,2026-07-28 08:57
10107,89,5364,2026-07-18 09:00,2026-07-18 10:26
10108,19,3593,2026-07-23 08:03,2026-07-23 09:57
10109,36,4456,2026-07-21 03:04,2026-07-21 04:07
10110,80,4943,2026-07-27 00:40,2026-07-27 01:33
10111,62,5863,2026-07-18 11:20,2026-07-18 11:58
10112,65,4405,2026-07-25 20:31,2026-07-25 20:44
10113,24,1819,2026-07-26 02:01,2026-07-26 03:38
10114,98,7140,2026-07-23 06:11,2026-07-23 07:35
10115,99,3915,2026-07-03 23:52,2026-07-04 00:13
10116,13,7129,2026-07-20 02:57,NULL
10117,58,5488,2026-07-20 00:47,2026-07-20 02:39
10118,83,7894,2026-07-08 05:04,2026-07-08 06:18
10119,39,5950,2026-07-03 21:23,2026-07-03 23:22
10120,1,3787,2026-07-16 18:04,2026-07-16 19:30
10121,66,9397,2026-07-08 18:26,2026-07-08 19:23
10122,78,1138,2026-07-15 05:06,2026-07-15 05:40
10123,5,5100,2026-07-06 21:05,2026-07-06 22:04
10124,66,915,2026-07-21 12:00,2026-07-21 13:50
10125,9,6221,2026-07-05 09:35,2026-07-05 09:49
10126,95,9218,2026-07-22 00:10,NULL
10127,7,3936,2026-07-19 03:01,2026-07-19 03:34
10128,88,2602,2026-07-08 01:46,2026-07-08 03:44
10129,94,3326,2026-07-29 19:35,2026-07-29 21:17
10130,48,7957,2026-07-29 12:25,2026-07-29 14:18
10131,72,589,2026-07-01 23:50,2026-07-02 00:24
10132,23,3616,2026-07-23 14:06,2026-07-23 14:53
10133,54,1033,2026-07-29 13:36,2026-07-29 14:05
10134,38,6267,2026-07-19 07:14,2026-07-19 08:10
10135,51,7261,2026-07-03 22:06,2026-07-03 23:25
10136,94,2712,2026-07-01 05:00,2026-07-01 06:08
10137,96,6370,2026-07-15 21:20,2026-07-15 22:26
10138,91,2101,2026-07-28 22:12,2026-07-28 22:48
10139,5,1566,2026-07-21 18:44,2026-07-21 19:15
10140,9,7000,2026-07-05 23:27,2026-07-06 00:31
10141,40,5696,2026-07-19 09:46,NULL
10142,73,5186,2026-07-19 15:31,2026-07-19 16:23
10143,5,6246,2026-07-25 04:14,2026-07-25 05:17
10144,68,4092,2026-07-28 21:16,NULL
10145,66,4319,2026-07-01 16:53,2026-07-01 18:50
10146,42,4625,2026-07-13 14:59,2026-07-13 15:42
10147,64,667,2026-07-13 03:49,2026-07-13 04:12
10148,17,1115,2026-07-02 04:44,2026-07-02 06:06
10149,1,7341,2026-07-09 23:51,2026-07-10 01:12
10150,58,5451,2026-07-13 20:48,2026-07-13 22:00
10151,23,5364,2026-07-08 01:19,2026-07-08 02:37
10152,77,5466,2026-07-11 19:19,2026-07-11 20:20
10153,78,5763,2026-07-09 13:15,2026-07-09 13:37
10154,75,7306,2026-07-02 16:19,2026-07-02 17:09
10155,38,2262,2026-07-14 20:35,2026-07-14 21:32
10156,10,3599,2026-07-02 14:51,2026-07-02 15:59
10157,71,8265,2026-07-23 22:20,2026-07-23 23:07
10158,88,3876,2026-07-02 08:56,2026-07-02 10:11
10159,75,1280,2026-07-25 18:54,2026-07-25 20:50
10160,85,5021,2026-07-09 01:53,2026-07-09 03:10
10161,19,9713,2026-07-05 18:22,2026-07-05 20:21
10162,31,9661,2026-07-25 07:15,2026-07-25 08:26
10163,22,8167,2026-07-23 13:40,2026-07-23 15:01
10164,88,7063,2026-07-08 23:14,2026-07-09 00:15
10165,83,5987,2026-07-13 11:03,2026-07-13 13:01
10166,43,7261,2026-07-04 08:15,NULL
10167,26,7093,2026-07-02 08:47,2026-07-02 10:13
10168,15,8985,2026-07-16 12:40,2026-07-16 13:43
10169,8,4799,2026-07-18 07:10,2026-07-18 07:56
10170,77,2368,2026-07-17 01:22,NULL
10171,60,6882,2026-07-02 07:23,2026-07-02 07:50
10172,27,1098,2026-07-12 02:57,2026-07-12 04:17
10173,65,70,2026-07-03 16:04,NULL
10174,37,6055,2026-07-18 18:30,2026-07-18 18:50
10175,27,6885,2026-07-09 20:06,2026-07-09 20:24
10176,72,6721,2026-07-19 07:40,2026-07-19 08:43
10177,35,7980,2026-07-19 12:53,2026-07-19 13:50
10178,81,924,2026-07-24 07:36,2026-07-24 09:18
10179,18,1661,2026-07-07 02:10,2026-07-07 02:50
10180,50,5605,2026-07-25 11:07,2026-07-25 11:20
10181,88,3164,2026-07-02 12:02,2026-07-02 13:35
10182,78,5981,2026-07-14 03:56,2026-07-14 05:28
10183,9,8835,2026-07-09 08:27,2026-07-09 10:12
10184,13,391,2026-07-09 06:14,2026-07-09 07:02
10185,69,1282,2026-07-16 07:10,2026-07-16 08:08
10186,32,9781,2026-07-01 15:45,2026-07-01 16:16
10187,37,819,2026-07-15 03:28,2026-07-15 05:19
10188,1,4593,2026-07-04 00:14,2026-07-04 01:05
10189,30,6182,2026-07-04 15:52,NULL
10190,68,52,2026-07-21 23:18,2026-07-22 00:35
10191,27,3335,2026-07-01 05:47,2026-07-01 07:41
10192,5,9385,2026-07-06 10:04,NULL
10193,99,3496,2026-07-17 15:34,2026-07-17 17:19
10194,46,1949,2026-07-06 07:29,2026-07-06 08:22
10195,91,575,2026-07-23 23:24,2026-07-24 00:22
10196,70,8859,2026-07-05 04:47,2026-07-05 05:03
10197,6,5835,2026-07-11 12:21,2026-07-11 12:56
10198,52,4047,2026-07-07 00:49,2026-07-07 02:43
10199,99,4140,2026-07-15 10:26,2026-07-15 11:23
10200,35,8352,2026-07-17 09:44,2026-07-17 10:24
10201,80,9073,2026-07-16 12:04,2026-07-16 12:16
10202,37,3847,2026-07-08 06:25,2026-07-08 08:05
10203,95,2272,2026-07-10 06:33,NULL
10204,25,2835,2026-07-28 19:15,2026-07-28 20:19
10205,72,3270,2026-07-22 02:46,2026-07-22 03:57
10206,3,7836,2026-07-15 21:58,2026-07-15 22:58
10207,10,3261,2026-07-09 16:06,2026-07-09 17:18
10208,19,3962,2026-07-06 03:35,2026-07-06 04:31
10209,75,7737,2026-07-24 02:14,2026-07-24 03:02
10210,9,9861,2026-07-20 02:35,2026-07-20 03:48
10211,21,1849,2026-07-20 03:04,2026-07-20 04:42
10212,85,8735,2026-07-02 21:30,2026-07-02 22:51
10213,3,6082,2026-07-14 11:45,2026-07-14 13:16
10214,56,7785,2026-07-01 11:14,2026-07-01 13:05
10215,22,4777,2026-07-30 19:20,2026-07-30 21:16
10216,34,2196,2026-07-30 10:47,2026-07-30 11:53
10217,92,4218,2026-07-23 04:06,2026-07-23 05:27
10218,51,8619,2026-07-18 09:23,2026-07-18 11:02
10219,6,7415,2026-07-19 18:10,NULL
10220,39,6304,2026-07-10 17:21,2026-07-10 18:43
10221,64,9004,2026-07-04 01:11,2026-07-04 02:50
10222,72,3769,2026-07-19 15:47,2026-07-19 17:30
10223,32,153,2026-07-25 16:41,2026-07-25 18:21
10224,75,7094,2026-07-01 02:28,2026-07-01 02:54
10225,77,6100,2026-07-16 22:55,2026-07-16 23:32
10226,85,8143,2026-07-19 05:04,2026-07-19 06:00
10227,68,7341,2026-07-11 00:24,2026-07-11 00:43
10228,67,9957,2026-07-26 21:25,2026-07-26 23:00
10229,37,9446,2026-07-20 14:22,2026-07-20 16:15
10230,53,857,2026-07-06 05:33,2026-07-06 05:46
10231,33,7613,2026-07-21 05:54,2026-07-21 07:28
10232,50,1812,2026-07-10 07:41,2026-07-10 08:50
10233,71,3886,2026-07-02 15:55,2026-07-02 16:41
10234,27,193,2026-07-14 04:48,2026-07-14 05:58
10235,17,6577,2026-07-08 22:54,2026-07-08 23:36
10236,78,5157,2026-07-08 09:58,2026-07-08 11:50
10237,49,2998,2026-07-24 02:15,2026-07-24 03:59
10238,98,6774,2026-07-13 19:24,2026-07-13 19:48
10239,92,8333,2026-07-26 18:30,2026-07-26 20:16
10240,36,8849,2026-07-26 13:30,2026-07-26 14:29
10241,41,127,2026-07-04 23:37,2026-07-05 00:24
10242,20,2698,2026-07-11 14:42,2026-07-11 15:29
10243,87,4062,2026-07-13 08:42,2026-07-13 10:07
10244,5,5347,2026-07-23 14:42,2026-07-23 16:30
10245,66,4394,2026-07-29 20:06,2026-07-29 20:28
10246,48,4364,2026-07-27 02:07,2026-07-27 03:36
10247,59,4027,2026-07-20 05:17,2026-07-20 06:55
10248,94,6783,2026-07-21 21:02,2026-07-21 22:19
10249,3,9915,2026-07-21 07:18,2026-07-21 08:43
10250,91,9639,2026-07-09 08:56,2026-07-09 09:16
10251,37,9094,2026-07-21 05:41,2026-07-21 06:17
10252,69,6919,2026-07-26 08:30,2026-07-26 08:51
10253,38,4696,2026-07-15 19:56,2026-07-15 20:36
10254,66,1444,2026-07-03 14:52,2026-07-03 15:34
10255,89,5596,2026-07-03 09:11,2026-07-03 10:21
10256,38,2421,2026-07-12 17:04,2026-07-12 18:15
10257,17,3376,2026-07-21 00:09,2026-07-21 00:26
10258,2,4679,2026-07-09 01:04,2026-07-09 01:42
10259,94,1293,2026-07-06 01:06,2026-07-06 02:03
10260,69,3002,2026-07-28 03:55,2026-07-28 04:59
10261,50,7832,2026-07-17 02:22,2026-07-17 03:01
10262,39,6231,2026-07-19 16:19,2026-07-19 17:37
10263,62,4172,2026-07-15 19:22,2026-07-15 19:44
10264,75,3514,2026-07-14 02:41,2026-07-14 03:03
10265,56,5592,2026-07-19 15:23,2026-07-19 15:51
10266,96,7246,2026-07-24 23:37,2026-07-25 01:20
10267,94,9240,2026-07-02 20:59,2026-07-02 21:41
10268,50,2050,2026-07-30 18:32,2026-07-30 18:42
10269,46,2658,2026-07-03 15:59,2026-07-03 17:56
10270,43,6863,2026-07-27 20:03,NULL
10271,100,3561,2026-07-30 23:17,NULL
10272,50,6592,2026-07-14 05:21,2026-07-14 07:06
10273,55,4697,2026-07-26 14:56,2026-07-26 15:38
10274,79,3739,2026-07-18 07:35,2026-07-18 08:41
10275,63,8102,2026-07-23 13:01,2026-07-23 14:40
10276,82,6837,2026-07-30 11:44,2026-07-30 12:00
10277,72,5236,2026-07-23 18:08,2026-07-23 19:12
10278,1,4550,2026-07-13 22:12,NULL
10279,57,1813,2026-07-13 20:38,2026-07-13 21:16
10280,66,6353,2026-07-20 16:31,2026-07-20 18:18
10281,50,9920,2026-07-02 02:35,2026-07-02 02:49
10282,10,8254,2026-07-20 08:40,2026-07-20 10:12
10283,84,3578,2026-07-02 09:50,NULL
10284,17,8748,2026-07-28 05:09,2026-07-28 06:17
10285,44,1227,2026-07-16 11:02,2026-07-16 12:12
10286,68,2003,2026-07-25 22:51,2026-07-26 00:48
10287,13,1697,2026-07-09 22:13,2026-07-09 23:15
10288,73,3050,2026-07-08 04:59,2026-07-08 06:49
10289,42,4883,2026-07-13 10:22,2026-07-13 10:47
10290,9,2853,2026-07-03 08:48,2026-07-03 09:38
10291,51,7543,2026-07-08 19:49,2026-07-08 20:52
10292,83,4848,2026-07-13 18:31,2026-07-13 20:19
10293,85,1345,2026-07-16 05:52,2026-07-16 07:30
10294,7,3088,2026-07-25 12:18,2026-07-25 12:47
10295,82,3937,2026-07-22 23:27,2026-07-23 00:11
10296,19,9591,2026-07-23 18:16,2026-07-23 20:03
10297,90,9716,2026-07-29 06:28,2026-07-29 08:28
10298,33,7856,2026-07-05 17:31,2026-07-05 18:07
10299,7,9598,2026-07-30 04:03,2026-07-30 06:01
10300,24,2646,2026-07-09 01:59,2026-07-09 03:16
10301,96,3610,2026-07-03 00:18,NULL
10302,10,4078,2026-07-18 08:50,2026-07-18 09:26
10303,16,4250,2026-07-05 12:22,2026-07-05 13:39
10304,26,6937,2026-07-08 14:18,2026-07-08 14:38
10305,15,3056,2026-07-20 22:29,2026-07-20 22:49
10306,56,2489,2026-07-29 00:29,2026-07-29 00:50
10307,51,4660,2026-07-06 05:26,2026-07-06 05:38
10308,7,2925,2026-07-22 05:49,2026-07-22 06:26
10309,39,9394,2026-07-09 10:52,2026-07-09 11:58
10310,80,9817,2026-07-19 00:33,2026-07-19 01:40
10311,71,6037,2026-07-30 17:53,2026-07-30 19:35
10312,5,4014,2026-07-19 18:08,NULL
10313,47,4752,2026-07-18 20:18,2026-07-18 20:30
10314,73,5361,2026-07-29 01:15,2026-07-29 02:05
10315,31,3380,2026-07-05 08:05,2026-07-05 08:20
10316,17,663,2026-07-08 05:54,2026-07-08 06:36
10317,1,9086,2026-07-07 16:32,2026-07-07 18:19
10318,77,3649,2026-07-04 16:30,2026-07-04 18:01
10319,86,1891,2026-07-30 18:41,2026-07-30 20:40
10320,97,2563,2026-07-07 21:56,2026-07-07 22:18
10321,87,9843,2026-07-24 20:48,2026-07-24 22:21
10322,90,6141,2026-07-15 11:32,2026-07-15 12:30
10323,31,3184,2026-07-02 07:33,2026-07-02 08:56
10324,42,8620,2026-07-21 08:20,2026-07-21 10:17
10325,18,7556,2026-07-10 02:19,2026-07-10 03:45
10326,3,9457,2026-07-27 15:56,2026-07-27 16:14
10327,71,213,2026-07-26 21:30,2026-07-26 23:09
10328,47,6772,2026-07-26 10:56,NULL
10329,30,6754,2026-07-10 20:09,2026-07-10 21:28
10330,43,852,2026-07-08 15:58,2026-07-08 17:24
10331,29,3875,2026-07-16 15:24,2026-07-16 16:00
10332,55,8586,2026-07-29 04:57,2026-07-29 05:59
10333,40,6377,2026-07-17 21:16,2026-07-17 22:53
10334,62,8372,2026-07-03 19:32,2026-07-03 21:21
10335,73,3938,2026-07-26 02:00,NULL
10336,90,4687,2026-07-19 18:24,2026-07-19 19:58
10337,55,681,2026-07-21 19:45,2026-07-21 21:21
10338,86,2444,2026-07-29 08:56,2026-07-29 09:47
10339,90,2787,2026-07-24 14:25,2026-07-24 14:53
10340,68,6227,2026-07-20 01:37,2026-07-20 03:32
10341,67,3443,2026-07-06 04:15,2026-07-06 05:40
10342,15,9946,2026-07-30 09:16,2026-07-30 10:56
10343,98,5337,2026-07-14 08:13,2026-07-14 08:25
10344,15,4991,2026-07-16 11:39,2026-07-16 13:28
10345,49,8729,2026-07-27 17:10,2026-07-27 18:45
10346,34,3068,2026-07-13 12:14,2026-07-13 14:04
10347,91,5322,2026-07-24 20:47,2026-07-24 21:49
10348,27,5741,2026-07-29 01:16,2026-07-29 03:06
10349,82,5564,2026-07-19 18:56,2026-07-19 20:33
10350,59,7926,2026-07-13 09:38,2026-07-13 10:12
10351,8,6863,2026-07-17 13:15,2026-07-17 14:35
10352,55,3680,2026-07-17 05:41,2026-07-17 06:47
10353,19,8990,2026-07-19 10:46,2026-07-19 11:45
10354,88,7149,2026-07-27 10:14,2026-07-27 11:17
10355,69,731,2026-07-25 14:30,2026-07-25 14:56
10356,96,2652,2026-07-05 09:26,NULL
10357,65,7637,2026-07-12 16:03,2026-07-12 17:40
10358,73,6196,2026-07-25 08:45,2026-07-25 10:04
10359,62,5380,2026-07-19 12:01,2026-07-19 13:51
10360,24,1509,2026-07-07 11:30,2026-07-07 13:24
10361,92,6356,2026-07-04 17:54,NULL
10362,36,1004,2026-07-15 16:25,2026-07-15 18:04
10363,46,8202,2026-07-05 04:05,2026-07-05 04:47
10364,18,4960,2026-07-17 23:43,NULL
10365,55,4681,2026-07-02 21:07,2026-07-02 22:40
10366,5,1696,2026-07-25 20:53,2026-07-25 22:46
10367,96,51,2026-07-19 11:55,2026-07-19 12:52
10368,3,6439,2026-07-10 08:38,2026-07-10 09:27
10369,22,3682,2026-07-30 23:47,2026-07-31 00:58
10370,27,6978,2026-07-04 00:35,2026-07-04 00:58
10371,86,8241,2026-07-20 12:35,2026-07-20 14:04
10372,97,201,2026-07-21 20:22,NULL
10373,94,5854,2026-07-20 19:35,2026-07-20 20:48
10374,88,221,2026-07-13 07:53,2026-07-13 08:55
10375,78,3400,2026-07-04 11:00,2026-07-04 12:08
10376,56,6976,2026-07-11 17:36,2026-07-11 17:55
10377,44,7954,2026-07-12 05:34,2026-07-12 07:08
10378,63,8303,2026-07-30 09:42,2026-07-30 10:17
10379,12,7303,2026-07-22 17:01,2026-07-22 18:33
10380,38,6575,2026-07-17 16:08,NULL
10381,82,603,2026-07-27 09:02,2026-07-27 10:22
10382,65,5504,2026-07-03 14:15,2026-07-03 16:15
10383,85,1113,2026-07-19 22:29,NULL
10384,77,4856,2026-07-18 21:04,NULL
10385,42,4752,2026-07-08 22:30,2026-07-08 23:02
10386,84,842,2026-07-06 05:45,NULL
10387,71,2334,2026-07-04 04:09,2026-07-04 05:59
10388,75,6500,2026-07-25 09:48,2026-07-25 10:26
10389,58,2842,2026-07-05 23:48,2026-07-05 23:58
10390,97,6631,2026-07-02 23:21,2026-07-03 00:45
10391,61,9281,2026-07-25 09:07,2026-07-25 09:59
10392,29,5161,2026-07-29 13:34,2026-07-29 14:48
10393,91,4923,2026-07-07 20:08,2026-07-07 22:05
10394,80,7675,2026-07-06 05:40,2026-07-06 06:09
10395,83,6426,2026-07-09 09:24,2026-07-09 10:22
10396,54,7338,2026-07-05 08:15,2026-07-05 08:37
10397,56,6294,2026-07-16 06:44,2026-07-16 07:49
10398,33,9278,2026-07-07 19:37,2026-07-07 20:19
10399,8,8235,2026-07-15 03:32,2026-07-15 04:01
10400,26,112,2026-07-05 10:23,2026-07-05 10:56
10401,29,5587,2026-07-16 20:25,2026-07-16 20:45
10402,14,606,2026-07-22 08:32,2026-07-22 09:31
10403,84,3562,2026-07-30 07:01,2026-07-30 07:48
10404,88,2182,2026-07-27 14:48,2026-07-27 15:42
10405,67,6821,2026-07-17 02:44,2026-07-17 03:49
10406,84,9899,2026-07-02 16:22,2026-07-02 17:18
10407,34,8687,2026-07-23 23:04,2026-07-24 00:15
10408,43,513,2026-07-01 19:05,2026-07-01 20:28
10409,75,6812,2026-07-06 14:33,2026-07-06 16:26
10410,45,4510,2026-07-02 02:54,2026-07-02 04:10
10411,44,8472,2026-07-14 03:31,2026-07-14 04:14
10412,62,4844,2026-07-26 11:30,2026-07-26 12:25
10413,62,5051,2026-07-25 10:28,2026-07-25 12:13
10414,64,8034,2026-07-16 03:35,2026-07-16 05:17
10415,98,6572,2026-07-23 12:58,2026-07-23 13:08
10416,19,4097,2026-07-22 06:41,2026-07-22 07:28
10417,56,7893,2026-07-05 14:13,2026-07-05 15:27
10418,65,8565,2026-07-03 02:49,2026-07-03 04:05
10419,46,7721,2026-07-25 01:15,2026-07-25 02:40
10420,57,7742,2026-07-07 05:45,2026-07-07 07:15
10421,85,4005,2026-07-02 03:31,2026-07-02 04:50
10422,57,4301,2026-07-09 10:41,2026-07-09 12:00
10423,92,1372,2026-07-19 05:26,2026-07-19 06:43
10424,55,1114,2026-07-09 11:44,2026-07-09 13:38
10425,75,6731,2026-07-28 16:45,2026-07-28 18:34
10426,7,669,2026-07-07 15:12,2026-07-07 15:37
10427,1,8870,2026-07-23 00:31,2026-07-23 01:35
10428,56,6892,2026-07-03 08:45,2026-07-03 09:11
10429,98,3927,2026-07-27 09:19,2026-07-27 10:35
10430,99,7385,2026-07-24 01:31,2026-07-24 02:59
10431,99,3855,2026-07-01 00:50,2026-07-01 01:35
10432,27,9869,2026-07-01 22:29,2026-07-01 22:52
10433,64,7830,2026-07-02 22:22,2026-07-02 22:51
10434,100,1477,2026-07-02 04:52,NULL
10435,85,6968,2026-07-05 00:45,2026-07-05 02:02
10436,69,3467,2026-07-09 09:13,2026-07-09 11:03
10437,30,1906,2026-07-20 19:07,2026-07-20 20:02
10438,55,6035,2026-07-22 17:16,2026-07-22 19:14
10439,17,7571,2026-07-22 16:45,2026-07-22 17:56
10440,69,6658,2026-07-27 05:47,2026-07-27 07:37
10441,25,8980,2026-07-29 16:11,2026-07-29 16:55
10442,59,6792,2026-07-03 11:21,2026-07-03 12:25
10443,88,4217,2026-07-06 18:59,2026-07-06 19:30
10444,65,2954,2026-07-21 13:21,2026-07-21 14:40
10445,88,7600,2026-07-07 18:02,2026-07-07 18:59
10446,90,3636,2026-07-18 09:45,2026-07-18 10:35
10447,97,116,2026-07-22 00:57,2026-07-22 01:23
10448,22,7594,2026-07-27 19:46,2026-07-27 21:08
10449,54,1310,2026-07-24 18:09,2026-07-24 20:02
10450,96,4968,2026-07-27 10:37,NULL
10451,88,9573,2026-07-22 08:14,2026-07-22 09:14
10452,35,7592,2026-07-13 14:25,2026-07-13 15:51
10453,18,1061,2026-07-26 16:09,2026-07-26 17:36
10454,12,3239,2026-07-01 10:21,NULL
10455,23,9041,2026-07-13 12:18,2026-07-13 14:16
10456,31,5984,2026-07-26 20:47,2026-07-26 21:35
10457,50,260,2026-07-10 18:16,2026-07-10 18:31
10458,27,8594,2026-07-03 23:57,2026-07-04 01:50
10459,20,5587,2026-07-20 02:49,2026-07-20 04:05
10460,68,1416,2026-07-18 14:59,NULL
10461,11,7210,2026-07-28 16:29,2026-07-28 17:12
10462,66,9839,2026-07-04 22:39,2026-07-04 23:32
10463,26,9391,2026-07-28 17:03,2026-07-28 18:00
10464,12,6055,2026-07-13 17:29,2026-07-13 18:43
10465,5,7286,2026-07-04 09:04,2026-07-04 09:53
10466,35,5106,2026-07-06 04:22,2026-07-06 05:58
10467,42,1424,2026-07-23 10:14,2026-07-23 11:23
10468,66,6947,2026-07-11 20:15,2026-07-11 21:17
10469,7,9889,2026-07-03 09:16,2026-07-03 10:42
10470,43,7917,2026-07-03 10:13,2026-07-03 11:26
10471,11,5162,2026-07-20 13:12,2026-07-20 13:44
10472,71,8429,2026-07-24 07:21,2026-07-24 08:52
10473,37,3717,2026-07-05 14:50,2026-07-05 16:11
10474,51,1517,2026-07-16 02:48,NULL
10475,3,4666,2026-07-03 01:08,2026-07-03 02:13
10476,58,7337,2026-07-06 06:34,2026-07-06 06:59
10477,76,5477,2026-07-19 06:50,2026-07-19 07:49
10478,15,4975,2026-07-30 12:11,2026-07-30 13:10
10479,91,2173,2026-07-07 23:58,2026-07-08 01:37
10480,91,3505,2026-07-21 00:33,2026-07-21 01:59
10481,98,2314,2026-07-26 17:50,NULL
10482,12,1908,2026-07-30 07:16,2026-07-30 07:27
10483,15,7410,2026-07-20 04:19,2026-07-20 05:30
10484,41,8105,2026-07-03 03:49,2026-07-03 05:33
10485,39,9864,2026-07-04 01:23,2026-07-04 02:15
10486,15,5456,2026-07-17 17:07,2026-07-17 17:27
10487,70,1635,2026-07-19 08:38,2026-07-19 10:09
10488,59,9773,2026-07-21 05:50,2026-07-21 07:15
10489,53,8052,2026-07-13 10:11,2026-07-13 11:58
10490,92,1094,2026-07-02 01:54,2026-07-02 02:45
10491,62,5917,2026-07-16 02:45,2026-07-16 04:34
10492,66,3991,2026-07-17 23:51,2026-07-18 00:12
10493,98,4297,2026-07-21 13:47,NULL
10494,42,5489,2026-07-18 04:54,2026-07-18 06:16
10495,40,7232,2026-07-07 23:31,2026-07-08 00:09
10496,4,846,2026-07-06 19:15,2026-07-06 20:26
10497,50,2838,2026-07-21 13:25,NULL
10498,13,9016,2026-07-27 21:54,2026-07-27 23:11
10499,30,9793,2026-07-03 05:42,2026-07-03 07:29
10500,90,6444,2026-07-17 19:18,2026-07-17 20:56
10501,88,7097,2026-07-13 04:47,2026-07-13 05:49
10502,99,9721,2026-07-28 15:19,2026-07-28 15:55
10503,87,2810,2026-07-27 13:08,2026-07-27 14:26
10504,45,4430,2026-07-06 18:32,2026-07-06 19:11
10505,31,3309,2026-07-16 08:36,2026-07-16 09:26
10506,73,2759,2026-07-10 02:57,2026-07-10 04:10
10507,82,1523,2026-07-03 01:40,2026-07-03 03:12
10508,17,617,2026-07-28 09:20,NULL
10509,86,5820,2026-07-09 11:57,2026-07-09 12:17
10510,41,9055,2026-07-11 05:56,2026-07-11 06:20
10511,3,9822,2026-07-11 20:54,2026-07-11 22:14
10512,16,9454,2026-07-10 13:57,2026-07-10 14:45
10513,7,7079,2026-07-08 01:35,2026-07-08 02:05
10514,80,5664,2026-07-13 20:13,2026-07-13 21:57
10515,93,4634,2026-07-22 09:43,2026-07-22 10:37
10516,96,2417,2026-07-27 19:16,2026-07-27 20:00
10517,40,8399,2026-07-14 10:20,2026-07-14 10:55
10518,87,9488,2026-07-13 04:25,2026-07-13 06:19
10519,70,1484,2026-07-09 07:33,2026-07-09 08:13
10520,85,1839,2026-07-06 15:30,2026-07-06 17:17
10521,35,4968,2026-07-04 09:38,2026-07-04 10:06
10522,12,4653,2026-07-26 03:03,2026-07-26 03:47
10523,33,2360,2026-07-10 19:32,2026-07-10 20:45
10524,44,4963,2026-07-21 00:36,2026-07-21 01:12
10525,15,420,2026-07-08 22:55,2026-07-08 23:10
10526,81,4046,2026-07-21 03:12,2026-07-21 04:52
10527,30,8072,2026-07-25 00:28,2026-07-25 01:38
10528,49,6547,2026-07-12 16:23,2026-07-12 16:46
10529,70,6854,2026-07-21 01:11,NULL
10530,45,4808,2026-07-12 03:30,2026-07-12 04:18
10531,11,276,2026-07-19 18:39,2026-07-19 20:12
10532,47,2179,2026-07-30 17:40,2026-07-30 18:55
10533,78,1123,2026-07-08 04:51,2026-07-08 06:45
10534,33,818,2026-07-10 13:02,2026-07-10 14:20
10535,28,3115,2026-07-30 18:01,2026-07-30 18:55
10536,86,8180,2026-07-27 02:19,2026-07-27 03:32
10537,62,1748,2026-07-08 21:43,2026-07-08 22:10
10538,65,8746,2026-07-30 23:21,2026-07-30 23:58
10539,47,2710,2026-07-14 19:04,2026-07-14 19:53
10540,69,3773,2026-07-24 03:54,2026-07-24 04:52
10541,14,390,2026-07-06 11:59,2026-07-06 13:15
10542,87,4517,2026-07-28 23:47,2026-07-28 23:57
10543,43,233,2026-07-07 15:41,2026-07-07 17:03
10544,31,1323,2026-07-18 02:28,2026-07-18 03:45
10545,30,2820,2026-07-11 14:59,2026-07-11 16:44
10546,38,4305,2026-07-23 12:40,2026-07-23 13:27
10547,73,4105,2026-07-23 09:05,2026-07-23 09:27
10548,82,9090,2026-07-09 01:46,NULL
10549,13,4789,2026-07-16 06:06,2026-07-16 06:36
10550,38,4039,2026-07-04 13:46,2026-07-04 15:39
10551,35,4992,2026-07-10 03:05,2026-07-10 04:50
10552,22,3780,2026-07-24 05:26,2026-07-24 06:39
10553,83,5749,2026-07-27 17:11,NULL
10554,73,4966,2026-07-11 05:56,2026-07-11 06:46
10555,87,8686,2026-07-22 12:03,2026-07-22 13:04
10556,64,1302,2026-07-28 19:08,2026-07-28 19:37
10557,60,6837,2026-07-07 06:03,NULL
10558,79,1120,2026-07-02 23:17,NULL
10559,84,2783,2026-07-21 08:51,2026-07-21 09:38
10560,60,9110,2026-07-05 12:01,2026-07-05 12:19
10561,8,2101,2026-07-24 10:41,2026-07-24 11:19
10562,87,6868,2026-07-05 19:38,2026-07-05 20:17
10563,92,2699,2026-07-02 08:19,2026-07-02 09:37
10564,87,9149,2026-07-04 23:17,2026-07-05 00:46
10565,90,2398,2026-07-20 22:51,2026-07-21 00:09
10566,13,6976,2026-07-15 12:24,NULL
10567,87,8653,2026-07-17 01:59,NULL
10568,94,7656,2026-07-22 03:02,2026-07-22 03:51
10569,86,6040,2026-07-17 23:50,2026-07-18 00:40
10570,87,4386,2026-07-22 04:52,2026-07-22 06:18
10571,99,454,2026-07-23 05:56,2026-07-23 06:08
10572,12,8937,2026-07-30 09:32,2026-07-30 10:35
10573,46,6827,2026-07-14 01:51,2026-07-14 03:47
10574,99,4417,2026-07-29 21:49,2026-07-29 22:10
10575,31,5074,2026-07-14 04:40,2026-07-14 05:25
10576,47,7280,2026-07-12 10:44,2026-07-12 12:06
10577,24,3613,2026-07-04 02:49,2026-07-04 03:10
10578,24,1286,2026-07-10 09:23,2026-07-10 09:38
10579,58,7817,2026-07-19 13:57,NULL
10580,75,7823,2026-07-06 12:43,2026-07-06 14:30
10581,27,9388,2026-07-14 00:12,2026-07-14 01:44
10582,62,1950,2026-07-01 10:24,2026-07-01 10:57
10583,46,4404,2026-07-08 14:58,2026-07-08 15:32
10584,9,401,2026-07-13 03:04,NULL
10585,15,193,2026-07-12 04:46,2026-07-12 06:03
10586,58,5407,2026-07-08 23:57,2026-07-09 00:10
10587,37,4524,2026-07-29 14:53,2026-07-29 16:50
10588,60,9483,2026-07-05 00:09,2026-07-05 01:19
10589,8,56,2026-07-16 16:42,2026-07-16 17:49
10590,72,3151,2026-07-30 05:21,2026-07-30 05:57
10591,57,3979,2026-07-22 09:36,2026-07-22 10:28
10592,2,3081,2026-07-29 14:09,2026-07-29 14:40
10593,77,6013,2026-07-02 14:06,2026-07-02 14:57
10594,82,8803,2026-07-11 18:37,2026-07-11 19:31
10595,11,3340,2026-07-02 20:53,2026-07-02 22:14
10596,77,4456,2026-07-27 14:29,2026-07-27 15:47
10597,6,3141,2026-07-28 16:22,2026-07-28 18:00
10598,46,9310,2026-07-14 20:35,2026-07-14 21:03
10599,74,1312,2026-07-12 07:14,2026-07-12 09:14
10600,14,4689,2026-07-25 23:54,2026-07-26 00:10
10601,49,8406,2026-07-07 20:10,2026-07-07 20:58
10602,72,7462,2026-07-19 03:01,2026-07-19 03:41
10603,91,2461,2026-07-27 23:15,NULL
10604,76,2844,2026-07-06 14:49,2026-07-06 16:47
10605,40,2512,2026-07-15 01:37,NULL
10606,40,5241,2026-07-18 09:23,2026-07-18 09:59
10607,85,8228,2026-07-10 10:32,2026-07-10 10:42
10608,19,5971,2026-07-06 18:58,NULL
10609,90,2221,2026-07-29 16:34,2026-07-29 17:33
10610,21,569,2026-07-06 02:34,2026-07-06 03:39
10611,32,8004,2026-07-10 22:45,2026-07-11 00:14
10612,7,9062,2026-07-17 16:53,2026-07-17 18:14
10613,71,1435,2026-07-27 02:02,2026-07-27 03:37
10614,41,7759,2026-07-19 06:11,NULL
10615,96,1231,2026-07-09 22:11,2026-07-10 00:00
10616,95,2029,2026-07-03 14:25,2026-07-03 14:48
10617,8,8306,2026-07-21 19:03,2026-07-21 20:29
10618,65,7458,2026-07-11 20:58,2026-07-11 21:12
10619,5,4715,2026-07-29 06:15,2026-07-29 06:47
10620,38,7966,2026-07-23 03:33,2026-07-23 04:53
10621,30,7158,2026-07-08 12:32,2026-07-08 13:03
10622,31,5051,2026-07-27 18:33,2026-07-27 19:08
10623,95,6912,2026-07-22 15:40,2026-07-22 17:28
10624,69,6326,2026-07-20 23:23,2026-07-20 23:42
10625,77,6491,2026-07-06 19:21,2026-07-06 20:16
10626,39,6898,2026-07-04 02:04,2026-07-04 03:56
10627,55,8915,2026-07-28 04:27,2026-07-28 04:41
10628,9,4418,2026-07-13 00:11,2026-07-13 00:43
10629,43,2133,2026-07-30 14:21,2026-07-30 14:33
10630,75,678,2026-07-19 03:51,2026-07-19 04:05
10631,35,7030,2026-07-18 20:33,2026-07-18 22:14
10632,50,2219,2026-07-01 13:37,NULL
10633,40,2244,2026-07-06 11:48,2026-07-06 12:10
10634,98,1407,2026-07-01 14:01,NULL
10635,86,7498,2026-07-28 11:07,2026-07-28 12:00
10636,65,7938,2026-07-07 23:35,2026-07-08 00:45
10637,98,8761,2026-07-20 18:53,2026-07-20 20:35
10638,74,8644,2026-07-21 08:07,2026-07-21 09:08
10639,95,5056,2026-07-13 21:54,2026-07-13 23:20
10640,68,5203,2026-07-07 05:02,2026-07-07 06:12
10641,48,4807,2026-07-21 19:16,2026-07-21 20:48
10642,27,8402,2026-07-01 02:28,2026-07-01 03:45
10643,78,5923,2026-07-30 23:30,2026-07-31 00:42
10644,19,5058,2026-07-09 05:41,2026-07-09 07:30
10645,25,2783,2026-07-10 20:08,2026-07-10 21:10
10646,15,5209,2026-07-12 23:40,2026-07-13 01:00
10647,44,8487,2026-07-19 22:32,2026-07-19 23:18
10648,73,7093,2026-07-16 22:45,2026-07-16 23:14
10649,16,9110,2026-07-08 20:54,2026-07-08 21:51
10650,74,7373,2026-07-11 23:42,2026-07-12 01:17
10651,24,4562,2026-07-27 09:01,2026-07-27 09:26
10652,31,6231,2026-07-01 00:22,2026-07-01 00:54
10653,31,1021,2026-07-13 16:04,2026-07-13 17:26
10654,17,960,2026-07-30 23:31,2026-07-31 01:07
10655,11,5971,2026-07-17 12:29,2026-07-17 13:16
10656,89,1043,2026-07-22 10:01,2026-07-22 10:47
10657,66,867,2026-07-18 19:51,2026-07-18 20:13
10658,72,4744,2026-07-04 01:32,2026-07-04 01:49
10659,9,3516,2026-07-29 19:48,2026-07-29 20:40
10660,21,4860,2026-07-26 05:50,2026-07-26 07:01
10661,69,6353,2026-07-18 16:56,2026-07-18 17:45
10662,3,7382,2026-07-07 05:48,2026-07-07 07:26
10663,27,9667,2026-07-16 20:19,2026-07-16 22:18
10664,62,2903,2026-07-21 07:53,2026-07-21 08:04
10665,89,5166,2026-07-29 16:41,NULL
10666,24,4447,2026-07-20 21:03,NULL
10667,83,6421,2026-07-27 21:48,2026-07-27 22:05
10668,37,6312,2026-07-13 04:40,2026-07-13 06:01
10669,37,1196,2026-07-11 02:35,2026-07-11 02:51
10670,97,151,2026-07-05 04:48,2026-07-05 06:08
10671,18,78,2026-07-19 03:02,2026-07-19 04:10
10672,82,797,2026-07-10 23:53,2026-07-11 01:19
10673,17,6403,2026-07-26 22:07,2026-07-26 22:21
10674,10,8865,2026-07-12 11:53,NULL
10675,40,8140,2026-07-02 16:13,2026-07-02 17:53
10676,45,4500,2026-07-10 08:01,2026-07-10 08:19
10677,43,8200,2026-07-03 04:19,2026-07-03 05:32
10678,22,369,2026-07-13 13:42,NULL
10679,32,9294,2026-07-07 07:25,2026-07-07 08:42
10680,27,421,2026-07-28 07:15,2026-07-28 08:59
10681,16,5737,2026-07-29 11:36,2026-07-29 13:05
10682,11,2027,2026-07-04 07:31,2026-07-04 09:30
10683,1,3077,2026-07-10 19:19,2026-07-10 20:32
10684,60,3461,2026-07-05 07:33,2026-07-05 07:49
10685,73,8903,2026-07-28 06:21,2026-07-28 07:02
10686,14,4505,2026-07-11 15:50,2026-07-11 16:55
10687,24,956,2026-07-20 19:56,2026-07-20 20:24
10688,51,5444,2026-07-06 00:31,2026-07-06 00:53
10689,45,5310,2026-07-27 16:58,2026-07-27 17:56
10690,87,8762,2026-07-24 00:44,2026-07-24 01:31
10691,72,1838,2026-07-24 08:08,2026-07-24 09:51
10692,95,8391,2026-07-16 19:55,2026-07-16 20:47
10693,3,9066,2026-07-21 07:12,2026-07-21 09:11
10694,84,4718,2026-07-19 02:26,2026-07-19 04:03
10695,66,7716,2026-07-20 14:26,2026-07-20 16:05
10696,20,7633,2026-07-25 11:42,2026-07-25 12:14
10697,2,7627,2026-07-06 03:16,2026-07-06 04:02
10698,46,5992,2026-07-04 20:16,2026-07-04 21:00
10699,44,2702,2026-07-12 23:42,2026-07-13 01:08
10700,74,1945,2026-07-26 01:42,NULL
10701,43,5185,2026-07-25 11:19,2026-07-25 12:35
10702,65,6836,2026-07-13 01:57,2026-07-13 03:10
10703,98,5170,2026-07-15 00:40,2026-07-15 01:10
10704,9,3035,2026-07-13 14:08,2026-07-13 14:26
10705,14,5145,2026-07-30 11:08,2026-07-30 11:25
10706,81,4552,2026-07-21 01:38,2026-07-21 02:51
10707,33,4152,2026-07-05 00:29,2026-07-05 01:38
10708,61,8518,2026-07-25 11:57,2026-07-25 13:30
10709,88,6456,2026-07-14 00:27,2026-07-14 01:21
10710,38,3188,2026-07-05 03:25,2026-07-05 04:12
10711,20,1515,2026-07-15 05:31,2026-07-15 07:25
10712,32,2886,2026-07-10 19:56,2026-07-10 21:04
10713,74,8408,2026-07-07 07:29,2026-07-07 08:49
10714,16,6874,2026-07-27 08:49,2026-07-27 10:10
10715,90,6802,2026-07-07 18:52,2026-07-07 20:36
10716,29,3387,2026-07-06 19:21,2026-07-06 20:32
10717,22,7328,2026-07-21 02:25,2026-07-21 03:14
10718,15,4814,2026-07-26 01:00,2026-07-26 02:39
10719,77,5605,2026-07-24 04:54,2026-07-24 06:44
10720,65,5383,2026-07-30 02:38,2026-07-30 03:51
10721,34,4062,2026-07-01 10:47,2026-07-01 11:36
10722,18,9357,2026-07-13 01:56,2026-07-13 03:13
10723,42,1916,2026-07-30 05:20,NULL
10724,87,9589,2026-07-15 02:51,2026-07-15 03:29
10725,51,8634,2026-07-05 06:01,2026-07-05 07:54
10726,24,2189,2026-07-23 06:56,2026-07-23 08:34
10727,6,6782,2026-07-12 07:15,2026-07-12 08:08
10728,6,4137,2026-07-08 10:44,2026-07-08 12:39
10729,87,4931,2026-07-22 02:00,2026-07-22 03:09
10730,81,5337,2026-07-20 23:59,2026-07-21 00:49
10731,22,7995,2026-07-08 20:03,2026-07-08 21:23
10732,60,8597,2026-07-17 04:32,2026-07-17 05:03
10733,94,310,2026-07-25 05:59,2026-07-25 06:10
10734,48,5395,2026-07-11 07:20,2026-07-11 08:46
10735,50,9279,2026-07-16 23:52,2026-07-17 00:26
10736,32,7232,2026-07-13 08:46,2026-07-13 09:03
10737,81,7578,2026-07-17 07:07,2026-07-17 09:03
10738,23,1823,2026-07-07 08:20,2026-07-07 10:01
10739,74,9395,2026-07-10 09:55,2026-07-10 10:22
10740,13,1874,2026-07-26 17:16,2026-07-26 18:39
10741,14,414,2026-07-13 22:26,NULL
10742,23,4764,2026-07-12 02:44,2026-07-12 04:35
10743,18,9344,2026-07-27 18:44,2026-07-27 20:14
10744,54,5475,2026-07-11 20:26,2026-07-11 21:38
10745,99,7435,2026-07-15 06:45,2026-07-15 07:56
10746,60,5708,2026-07-05 23:01,NULL
10747,49,6230,2026-07-11 12:52,2026-07-11 14:50
10748,10,7100,2026-07-13 07:11,2026-07-13 08:49
10749,31,3890,2026-07-26 15:27,2026-07-26 17:05
10750,96,6829,2026-07-26 12:02,2026-07-26 13:02
10751,45,6577,2026-07-04 19:56,2026-07-04 21:27
10752,79,2626,2026-07-20 00:54,2026-07-20 02:00
10753,86,2312,2026-07-12 14:07,2026-07-12 15:59
10754,78,9288,2026-07-17 16:25,2026-07-17 16:50
10755,8,8430,2026-07-06 07:22,2026-07-06 08:42
10756,96,7773,2026-07-12 04:49,2026-07-12 05:50
10757,57,4682,2026-07-20 23:32,2026-07-21 00:28
10758,71,1121,2026-07-28 07:37,2026-07-28 07:52
10759,96,7969,2026-07-19 14:11,2026-07-19 14:26
10760,86,3940,2026-07-09 20:11,2026-07-09 21:14
10761,37,5209,2026-07-20 10:52,2026-07-20 11:45
10762,40,8695,2026-07-09 00:15,2026-07-09 00:57
10763,89,466,2026-07-07 11:23,2026-07-07 12:30
10764,68,9204,2026-07-29 01:40,2026-07-29 03:09
10765,57,3829,2026-07-05 09:35,2026-07-05 11:31
10766,61,2445,2026-07-19 12:07,2026-07-19 12:50
10767,51,7545,2026-07-12 23:10,2026-07-13 00:34
10768,28,7923,2026-07-30 16:30,2026-07-30 17:28
10769,90,7749,2026-07-21 02:01,2026-07-21 02:52
10770,89,2337,2026-07-06 17:55,2026-07-06 18:11
10771,78,7130,2026-07-02 14:50,2026-07-02 15:38
10772,26,7753,2026-07-22 17:01,2026-07-22 17:16
10773,64,304,2026-07-17 00:17,2026-07-17 01:52
10774,64,9931,2026-07-16 05:53,2026-07-16 06:24
10775,78,5165,2026-07-06 01:34,2026-07-06 02:22
10776,50,4077,2026-07-10 12:38,2026-07-10 14:26
10777,18,3896,2026-07-08 03:52,2026-07-08 05:34
10778,95,4196,2026-07-17 08:10,2026-07-17 08:54
10779,28,3592,2026-07-12 14:01,2026-07-12 14:54
10780,89,5303,2026-07-08 09:24,2026-07-08 11:01
10781,67,5026,2026-07-24 01:38,2026-07-24 02:16
10782,83,6500,2026-07-12 13:39,2026-07-12 15:24
10783,49,3335,2026-07-24 08:17,2026-07-24 08:30
10784,41,9543,2026-07-17 16:55,2026-07-17 18:46
10785,18,2926,2026-07-07 01:08,2026-07-07 02:49
10786,10,9796,2026-07-14 19:58,2026-07-14 21:06
10787,68,4752,2026-07-16 08:59,2026-07-16 09:36
10788,57,6645,2026-07-08 07:59,2026-07-08 08:09
10789,73,6401,2026-07-02 01:43,2026-07-02 02:55
10790,64,9219,2026-07-25 16:43,2026-07-25 17:33
10791,90,8954,2026-07-08 12:51,2026-07-08 13:34
10792,9,9698,2026-07-10 00:22,2026-07-10 00:56
10793,67,5563,2026-07-17 22:25,2026-07-17 23:58
10794,99,7527,2026-07-28 14:29,2026-07-28 15:30
10795,51,4559,2026-07-07 23:28,2026-07-07 23:54
10796,72,9054,2026-07-08 16:46,2026-07-08 17:47
10797,72,3429,2026-07-12 12:04,2026-07-12 13:02
10798,96,1607,2026-07-15 16:18,2026-07-15 16:50
10799,13,3888,2026-07-07 06:56,2026-07-07 08:55
10800,65,6926,2026-07-25 14:30,2026-07-25 15:24
10801,2,8427,2026-07-16 11:29,NULL
10802,63,3348,2026-07-15 23:39,2026-07-16 00:22
10803,14,4960,2026-07-12 15:50,2026-07-12 17:39
10804,98,1424,2026-07-03 05:24,2026-07-03 06:45
10805,67,7864,2026-07-10 16:54,2026-07-10 17:19
10806,60,9886,2026-07-02 23:00,2026-07-03 00:17
10807,52,120,2026-07-25 16:49,2026-07-25 17:55
10808,34,7481,2026-07-17 08:21,2026-07-17 08:34
10809,58,7323,2026-07-08 16:22,2026-07-08 17:37
10810,71,1808,2026-07-11 06:43,2026-07-11 07:16
10811,3,9384,2026-07-15 14:06,2026-07-15 15:22
10812,3,2649,2026-07-30 00:30,2026-07-30 02:20
10813,94,8553,2026-07-30 20:35,NULL
10814,1,8194,2026-07-23 19:21,2026-07-23 19:40
10815,82,3527,2026-07-23 14:02,2026-07-23 15:29
10816,11,5786,2026-07-23 23:02,NULL
10817,86,3477,2026-07-06 16:00,2026-07-06 16:14
10818,100,3681,2026-07-02 11:50,2026-07-02 12:47
10819,74,3042,2026-07-10 15:16,2026-07-10 17:16
10820,92,6874,2026-07-22 13:53,NULL
10821,61,3404,2026-07-21 12:44,2026-07-21 13:34
10822,52,764,2026-07-08 00:15,2026-07-08 01:52
10823,8,7316,2026-07-19 08:07,2026-07-19 08:59
10824,75,1146,2026-07-15 14:45,2026-07-15 16:29
10825,13,3753,2026-07-29 15:17,NULL
10826,15,4301,2026-07-23 15:03,2026-07-23 16:30
10827,90,1633,2026-07-04 10:59,2026-07-04 11:24
10828,19,2485,2026-07-11 13:30,2026-07-11 15:03
10829,29,4621,2026-07-03 03:28,2026-07-03 05:03
10830,63,7685,2026-07-02 19:19,2026-07-02 20:05
10831,59,6795,2026-07-12 04:36,2026-07-12 06:21
10832,5,606,2026-07-01 04:55,2026-07-01 06:46
10833,20,3820,2026-07-10 02:26,2026-07-10 03:48
10834,56,6210,2026-07-18 09:16,2026-07-18 10:07
10835,85,6602,2026-07-06 17:41,2026-07-06 19:23
10836,24,8199,2026-07-02 10:49,2026-07-02 11:35
10837,84,2497,2026-07-20 06:18,2026-07-20 07:06
10838,77,870,2026-07-11 23:38,2026-07-11 23:49
10839,70,4932,2026-07-17 22:11,2026-07-17 23:35
10840,68,7232,2026-07-17 18:40,2026-07-17 19:52
10841,24,2351,2026-07-06 18:37,2026-07-06 19:25
10842,12,4626,2026-07-03 12:56,2026-07-03 13:07
10843,19,3003,2026-07-28 04:17,NULL
10844,73,8210,2026-07-18 08:49,2026-07-18 09:43
10845,64,8027,2026-07-14 19:22,2026-07-14 20:52
10846,47,1501,2026-07-06 14:46,2026-07-06 16:41
10847,85,2305,2026-07-22 10:00,2026-07-22 11:47
10848,17,9806,2026-07-24 00:35,2026-07-24 02:15
10849,45,4221,2026-07-15 03:28,2026-07-15 03:41
10850,31,8548,2026-07-07 08:42,2026-07-07 10:33
10851,6,634,2026-07-03 15:07,NULL
10852,85,377,2026-07-22 00:27,2026-07-22 00:55
10853,12,5035,2026-07-25 13:21,2026-07-25 14:20
10854,98,6753,2026-07-28 07:31,2026-07-28 09:29
10855,24,8390,2026-07-17 17:21,2026-07-17 17:33
10856,8,4058,2026-07-22 06:49,2026-07-22 07:12
10857,57,6088,2026-07-04 10:21,2026-07-04 10:43
10858,10,9522,2026-07-14 23:12,2026-07-14 23:34
10859,6,4481,2026-07-12 03:57,2026-07-12 05:06
10860,69,2690,2026-07-13 19:39,NULL
10861,20,3208,2026-07-06 11:32,2026-07-06 12:08
10862,66,7663,2026-07-25 23:31,2026-07-26 00:47
10863,29,6317,2026-07-25 11:59,2026-07-25 13:18
10864,69,6447,2026-07-29 10:19,2026-07-29 11:37
10865,95,6368,2026-07-24 15:55,2026-07-24 16:44
10866,9,4630,2026-07-12 01:32,2026-07-12 01:48
10867,30,8489,2026-07-07 16:49,2026-07-07 17:58
10868,25,5357,2026-07-02 06:08,2026-07-02 07:27
10869,10,9695,2026-07-09 01:03,2026-07-09 02:37
10870,100,7722,2026-07-20 14:49,2026-07-20 15:54
10871,32,3105,2026-07-13 16:33,NULL
10872,20,9393,2026-07-02 13:58,2026-07-02 14:29
10873,61,5163,2026-07-14 04:56,2026-07-14 06:01
10874,90,1821,2026-07-06 11:33,2026-07-06 13:15
10875,49,2508,2026-07-29 14:03,2026-07-29 16:03
10876,95,5893,2026-07-24 05:18,2026-07-24 07:03
10877,56,8526,2026-07-29 23:11,2026-07-30 00:58
10878,71,2245,2026-07-02 03:20,2026-07-02 04:45
10879,1,3305,2026-07-12 15:32,2026-07-12 17:01
10880,80,2218,2026-07-20 15:48,2026-07-20 17:29
10881,80,3333,2026-07-09 18:44,NULL
10882,23,8065,2026-07-25 06:59,2026-07-25 07:33
10883,36,7961,2026-07-07 06:48,2026-07-07 07:27
10884,60,8970,2026-07-12 04:54,2026-07-12 06:22
10885,52,3776,2026-07-30 23:43,2026-07-31 00:43
10886,58,9051,2026-07-19 10:28,NULL
10887,76,5837,2026-07-13 17:22,NULL
10888,14,5202,2026-07-05 18:10,NULL
10889,77,2963,2026-07-03 17:11,2026-07-03 19:04
10890,37,548,2026-07-28 04:28,2026-07-28 05:28
10891,78,9782,2026-07-23 22:30,2026-07-23 22:57
10892,61,6987,2026-07-07 11:32,2026-07-07 13:30
10893,86,1223,2026-07-14 21:11,2026-07-14 22:09
10894,2,251,2026-07-16 10:35,2026-07-16 12:34
10895,98,9860,2026-07-06 12:45,2026-07-06 13:16
10896,78,62,2026-07-06 23:30,2026-07-06 23:54
10897,69,326,2026-07-23 23:56,2026-07-24 01:17
10898,5,3449,2026-07-27 09:11,2026-07-27 09:28
10899,81,9136,2026-07-07 19:51,2026-07-07 20:26
10900,44,3173,2026-07-14 09:51,2026-07-14 10:28
10901,65,7200,2026-07-04 00:52,NULL
10902,83,2962,2026-07-25 04:08,2026-07-25 04:36
10903,53,529,2026-07-23 22:02,2026-07-23 23:57
10904,77,2763,2026-07-22 16:34,2026-07-22 18:24
10905,35,5097,2026-07-23 01:30,2026-07-23 02:50
10906,11,4705,2026-07-30 05:51,2026-07-30 06:09
10907,32,8660,2026-07-14 09:06,2026-07-14 11:04
10908,25,6258,2026-07-02 20:16,2026-07-02 21:35
10909,74,3908,2026-07-14 01:57,2026-07-14 02:39
10910,43,5636,2026-07-28 16:02,2026-07-28 17:52
10911,58,9191,2026-07-15 09:45,2026-07-15 10:39
10912,68,3680,2026-07-26 12:48,NULL
10913,18,8180,2026-07-20 15:05,2026-07-20 15:55
10914,79,8535,2026-07-03 23:39,2026-07-04 01:25
10915,41,2945,2026-07-14 15:41,2026-07-14 16:57
10916,58,5882,2026-07-25 05:29,2026-07-25 06:39
10917,18,7709,2026-07-26 12:13,2026-07-26 13:48
10918,1,5502,2026-07-02 12:24,2026-07-02 12:46
10919,11,8788,2026-07-24 22:16,2026-07-24 22:40
10920,25,6764,2026-07-27 23:00,2026-07-28 00:40
10921,96,5799,2026-07-11 10:02,2026-07-11 11:50
10922,42,2610,2026-07-25 22:18,2026-07-26 00:17
10923,10,6031,2026-07-12 22:28,2026-07-12 23:57
10924,5,5829,2026-07-11 16:54,2026-07-11 17:21
10925,12,1157,2026-07-18 21:11,2026-07-18 23:00
10926,23,2679,2026-07-09 02:02,2026-07-09 03:54
10927,50,1467,2026-07-11 03:42,2026-07-11 05:31
10928,6,3821,2026-07-19 17:32,2026-07-19 18:45
10929,46,1132,2026-07-24 01:10,2026-07-24 02:56
10930,79,5119,2026-07-08 05:08,NULL
10931,42,3644,2026-07-04 09:55,2026-07-04 11:51
10932,95,9515,2026-07-16 05:31,2026-07-16 05:55
10933,81,9225,2026-07-28 01:33,2026-07-28 03:27
10934,72,4008,2026-07-24 13:11,NULL
10935,83,5024,2026-07-03 01:23,2026-07-03 02:58
10936,7,2960,2026-07-08 02:24,2026-07-08 04:04
10937,1,5941,2026-07-24 02:38,2026-07-24 03:05
10938,63,4569,2026-07-19 14:58,NULL
10939,9,5686,2026-07-16 02:22,2026-07-16 03:54
10940,3,4248,2026-07-18 03:41,2026-07-18 05:24
10941,64,635,2026-07-26 13:31,2026-07-26 15:07
10942,26,3181,2026-07-12 16:05,2026-07-12 16:15
10943,31,6074,2026-07-05 21:31,2026-07-05 22:57
10944,86,4086,2026-07-04 14:30,2026-07-04 14:50
10945,6,6703,2026-07-20 22:40,2026-07-20 23:35
10946,99,2851,2026-07-11 07:33,2026-07-11 09:16
10947,55,4243,2026-07-20 01:52,2026-07-20 02:24
10948,27,8848,2026-07-20 22:49,2026-07-21 00:38
10949,55,2387,2026-07-11 07:06,2026-07-11 08:47
10950,83,402,2026-07-14 11:42,2026-07-14 12:31
10951,7,4327,2026-07-03 16:59,2026-07-03 18:28
10952,59,3251,2026-07-02 04:33,2026-07-02 06:02
10953,60,5834,2026-07-15 09:45,2026-07-15 10:29
10954,40,53,2026-07-21 21:10,2026-07-21 21:39
10955,65,755,2026-07-14 11:34,2026-07-14 13:30
10956,76,2781,2026-07-24 11:27,2026-07-24 12:21
10957,31,9671,2026-07-07 10:18,2026-07-07 10:55
10958,78,6945,2026-07-11 10:47,2026-07-11 11:30
10959,41,6288,2026-07-14 01:32,2026-07-14 02:23
10960,5,7030,2026-07-23 11:23,2026-07-23 12:49
10961,17,6600,2026-07-12 16:38,2026-07-12 18:34
10962,50,8499,2026-07-24 05:34,2026-07-24 06:46
10963,77,2836,2026-07-29 09:37,NULL
10964,76,1396,2026-07-08 08:00,2026-07-08 09:40
10965,44,1775,2026-07-29 14:32,2026-07-29 15:44
10966,82,5862,2026-07-05 16:47,2026-07-05 18:33
10967,98,276,2026-07-03 20:56,2026-07-03 22:28
10968,59,4019,2026-07-23 15:29,2026-07-23 16:58
10969,19,2326,2026-07-19 07:33,2026-07-19 08:27
10970,48,5790,2026-07-15 01:10,2026-07-15 01:51
10971,65,9556,2026-07-03 05:24,2026-07-03 07:04
10972,12,5363,2026-07-29 08:20,2026-07-29 09:42
10973,68,5943,2026-07-05 10:52,2026-07-05 12:09
10974,93,5542,2026-07-20 04:05,2026-07-20 05:53
10975,45,8516,2026-07-25 09:38,NULL
10976,89,2943,2026-07-24 00:27,2026-07-24 02:06
10977,64,5502,2026-07-04 19:21,2026-07-04 19:59
10978,4,1515,2026-07-01 22:44,2026-07-01 23:08
10979,40,3953,2026-07-10 20:59,2026-07-10 22:43
10980,32,3421,2026-07-07 16:11,2026-07-07 16:35
10981,62,9754,2026-07-17 01:06,2026-07-17 02:30
10982,20,4810,2026-07-29 21:21,2026-07-29 22:33
10983,26,5261,2026-07-10 01:38,2026-07-10 02:51
10984,31,1474,2026-07-17 08:22,NULL
10985,70,4003,2026-07-30 09:57,2026-07-30 11:18
10986,50,6216,2026-07-24 21:38,NULL
10987,61,199,2026-07-15 19:11,2026-07-15 20:57
10988,1,5981,2026-07-15 16:03,2026-07-15 16:46
10989,95,9634,2026-07-26 03:42,2026-07-26 04:19
10990,22,7589,2026-07-10 02:45,2026-07-10 03:37
10991,78,5650,2026-07-22 10:26,2026-07-22 11:25
10992,91,9686,2026-07-02 06:30,2026-07-02 07:06
10993,93,6137,2026-07-24 15:49,2026-07-24 16:40
10994,62,1336,2026-07-10 00:14,NULL
10995,54,8106,2026-07-28 07:56,2026-07-28 08:16
10996,51,8432,2026-07-27 18:45,2026-07-27 20:43
10997,90,4079,2026-07-27 17:37,2026-07-27 18:23
10998,47,5208,2026-07-26 08:41,2026-07-26 09:45
10999,2,9728,2026-07-27 08:42,2026-07-27 10:17
11000,18,4208,2026-07-22 12:56,2026-07-22 14:32
11001,87,6689,2026-07-18 16:23,2026-07-18 17:43
11002,71,9493,2026-07-17 23:53,2026-07-18 01:00
11003,39,8348,2026-07-04 11:37,2026-07-04 12:55
11004,45,3918,2026-07-10 07:38,2026-07-10 08:13
11005,85,5970,2026-07-14 19:06,2026-07-14 20:51
11006,79,3492,2026-07-08 14:20,NULL
11007,25,3367,2026-07-22 02:42,2026-07-22 04:12
11008,10,8960,2026-07-14 23:43,2026-07-15 00:21
11009,39,2691,2026-07-04 12:58,2026-07-04 14:50
11010,79,5645,2026-07-16 02:17,2026-07-16 02:37
11011,54,6424,2026-07-01 05:49,2026-07-01 06:07
11012,79,4268,2026-07-25 08:07,NULL
11013,67,5012,2026-07-29 09:05,NULL
11014,27,1305,2026-07-25 10:16,2026-07-25 11:14
11015,22,9139,2026-07-27 08:00,NULL
11016,36,2608,2026-07-03 19:07,2026-07-03 19:23
11017,1,4988,2026-07-21 21:47,2026-07-21 22:04
11018,32,8224,2026-07-06 17:09,NULL
11019,32,7828,2026-07-16 10:11,2026-07-16 11:41
11020,81,1967,2026-07-02 19:44,NULL
11021,13,2840,2026-07-04 10:40,2026-07-04 12:16
11022,93,6603,2026-07-02 14:41,NULL
11023,87,5770,2026-07-16 00:21,2026-07-16 00:38
11024,25,9497,2026-07-11 02:59,2026-07-11 03:20
11025,8,3143,2026-07-04 18:07,2026-07-04 18:26
11026,60,1744,2026-07-25 14:04,2026-07-25 15:07
11027,4,7464,2026-07-26 10:39,2026-07-26 12:21
11028,82,2144,2026-07-11 01:03,2026-07-11 02:10
11029,47,9200,2026-07-28 05:29,2026-07-28 06:09
11030,71,3260,2026-07-03 12:52,2026-07-03 13:25
11031,16,2785,2026-07-11 15:47,2026-07-11 16:55
11032,9,2200,2026-07-05 07:45,2026-07-05 09:23
11033,82,889,2026-07-25 20:15,2026-07-25 21:17
11034,74,4965,2026-07-04 07:25,2026-07-04 08:12
11035,38,7267,2026-07-21 05:04,2026-07-21 06:50
11036,84,8903,2026-07-26 20:51,2026-07-26 21:37
11037,46,6131,2026-07-06 11:48,2026-07-06 13:24
11038,45,4614,2026-07-15 16:11,2026-07-15 17:19
11039,73,8996,2026-07-21 15:05,2026-07-21 15:15
11040,31,1890,2026-07-17 17:56,2026-07-17 19:21
11041,58,3596,2026-07-25 12:39,2026-07-25 13:23
11042,82,4606,2026-07-18 19:28,2026-07-18 20:12
11043,13,4573,2026-07-25 06:57,2026-07-25 08:22
11044,78,7747,2026-07-11 18:01,2026-07-11 18:26
11045,37,8484,2026-07-10 23:22,2026-07-11 00:29
11046,71,444,2026-07-10 04:36,NULL
11047,69,6890,2026-07-28 18:49,NULL
11048,76,5254,2026-07-19 04:13,2026-07-19 04:52
11049,90,785,2026-07-02 16:44,2026-07-02 17:32
11050,61,9905,2026-07-20 19:46,2026-07-20 21:12
11051,98,2591,2026-07-19 23:36,2026-07-20 01:14
11052,47,5256,2026-07-08 19:27,2026-07-08 21:21
11053,100,2471,2026-07-14 09:40,2026-07-14 10:03
11054,59,2272,2026-07-04 16:04,2026-07-04 17:11
11055,15,6272,2026-07-27 23:34,2026-07-28 00:12
11056,13,813,2026-07-11 01:40,2026-07-11 02:21
11057,94,6755,2026-07-15 00:04,2026-07-15 01:37
11058,51,4960,2026-07-10 23:02,2026-07-10 23:58
11059,39,6611,2026-07-07 08:14,2026-07-07 09:53
11060,36,889,2026-07-09 21:50,2026-07-09 23:15
11061,29,6798,2026-07-23 13:43,2026-07-23 14:04
11062,30,8666,2026-07-29 09:35,2026-07-29 10:06
11063,95,3365,2026-07-06 18:29,2026-07-06 18:43
11064,54,3413,2026-07-27 07:16,2026-07-27 07:54
11065,36,237,2026-07-30 08:36,NULL
11066,50,5120,2026-07-03 20:21,NULL
11067,35,2355,2026-07-24 03:03,2026-07-24 03:14
11068,29,6160,2026-07-30 01:08,2026-07-30 01:18
11069,49,549,2026-07-28 02:02,2026-07-28 02:29
11070,18,4311,2026-07-13 22:36,2026-07-13 22:53
11071,95,1210,2026-07-21 04:05,2026-07-21 05:44
11072,100,2184,2026-07-09 15:45,2026-07-09 16:48
11073,17,3126,2026-07-06 15:38,2026-07-06 17:31
11074,91,8352,2026-07-12 06:15,2026-07-12 08:00
11075,31,1761,2026-07-11 13:48,2026-07-11 15:14
11076,23,2064,2026-07-06 03:42,2026-07-06 04:47
11077,30,3634,2026-07-28 07:27,2026-07-28 07:59
11078,58,8656,2026-07-16 08:02,2026-07-16 09:35
11079,78,3558,2026-07-07 22:36,2026-07-07 23:34
11080,99,7060,2026-07-03 10:14,2026-07-03 11:28
11081,70,4439,2026-07-26 09:55,2026-07-26 10:06
11082,56,8745,2026-07-24 12:28,2026-07-24 13:24
11083,83,3692,2026-07-30 07:13,2026-07-30 08:04
11084,90,2232,2026-07-04 22:36,2026-07-04 23:23
11085,58,9182,2026-07-07 00:54,2026-07-07 02:45
11086,71,6153,2026-07-07 13:07,2026-07-07 14:23
11087,33,8745,2026-07-05 13:45,2026-07-05 15:11
11088,47,270,2026-07-24 23:28,2026-07-24 23:46
11089,82,7506,2026-07-08 04:12,2026-07-08 05:09
11090,17,3084,2026-07-24 20:39,2026-07-24 21:37
11091,16,7642,2026-07-19 19:03,2026-07-19 20:49
11092,38,2602,2026-07-14 05:49,2026-07-14 07:06
11093,89,6844,2026-07-11 08:18,2026-07-11 09:25
11094,36,3039,2026-07-27 05:25,2026-07-27 07:10
11095,33,8049,2026-07-27 02:20,2026-07-27 03:36
11096,40,6224,2026-07-25 09:56,2026-07-25 10:11
11097,92,7496,2026-07-08 11:12,2026-07-08 12:23
11098,80,9095,2026-07-29 12:30,2026-07-29 13:22
11099,40,2429,2026-07-15 08:08,2026-07-15 09:58
11100,26,1231,2026-07-09 09:54,2026-07-09 10:57
11101,59,751,2026-07-09 00:52,2026-07-09 02:52
11102,37,6746,2026-07-15 03:16,2026-07-15 04:06
11103,88,1881,2026-07-25 06:07,2026-07-25 07:21
11104,79,5789,2026-07-03 20:42,2026-07-03 22:12
11105,62,2845,2026-07-14 17:26,2026-07-14 18:16
11106,12,5512,2026-07-15 13:21,2026-07-15 14:57
11107,90,8747,2026-07-24 01:21,2026-07-24 01:42
11108,99,8399,2026-07-11 12:41,2026-07-11 13:54
11109,32,6333,2026-07-28 05:26,2026-07-28 06:21
11110,27,7917,2026-07-27 20:46,2026-07-27 21:05
11111,94,8207,2026-07-06 00:36,NULL
11112,94,3579,2026-07-27 21:33,NULL
11113,80,5011,2026-07-16 16:45,NULL
11114,52,9841,2026-07-14 22:55,2026-07-14 23:52
11115,62,3571,2026-07-10 12:00,2026-07-10 12:13
11116,93,8741,2026-07-20 10:26,2026-07-20 12:14
11117,47,8337,2026-07-30 22:17,NULL
11118,24,7346,2026-07-04 11:08,2026-07-04 12:25
11119,93,8465,2026-07-02 04:36,2026-07-02 04:53
11120,15,6539,2026-07-12 16:09,2026-07-12 16:41
11121,45,9299,2026-07-19 05:50,2026-07-19 07:34
11122,26,1878,2026-07-06 12:04,2026-07-06 13:46
11123,6,7502,2026-07-09 16:42,2026-07-09 18:12
11124,30,8995,2026-07-25 13:55,NULL
11125,70,9973,2026-07-19 19:18,2026-07-19 19:56
11126,100,2226,2026-07-14 16:44,2026-07-14 18:22
11127,97,3066,2026-07-29 12:53,2026-07-29 13:18
11128,62,8931,2026-07-17 16:15,2026-07-17 17:14
11129,91,4443,2026-07-23 12:48,2026-07-23 14:41
11130,45,4378,2026-07-24 08:33,2026-07-24 09:14
11131,99,5050,2026-07-10 15:14,2026-07-10 16:41
11132,63,637,2026-07-11 01:35,2026-07-11 02:07
11133,83,834,2026-07-07 12:28,2026-07-07 14:26
11134,39,8266,2026-07-19 22:42,2026-07-20 00:18
11135,28,3512,2026-07-02 03:39,2026-07-02 03:58
11136,62,1112,2026-07-25 18:07,2026-07-25 19:49
11137,26,3901,2026-07-12 00:12,2026-07-12 01:07
11138,88,5119,2026-07-29 08:49,2026-07-29 09:40
11139,58,7540,2026-07-10 18:41,2026-07-10 20:23
11140,77,9497,2026-07-29 17:08,2026-07-29 18:40
11141,65,4467,2026-07-12 05:23,2026-07-12 05:48
11142,72,2455,2026-07-27 13:29,2026-07-27 14:02
11143,24,1983,2026-07-20 01:59,2026-07-20 02:50
11144,6,7720,2026-07-09 20:36,NULL
11145,83,1559,2026-07-20 18:49,2026-07-20 19:08
11146,60,9082,2026-07-30 05:53,2026-07-30 07:02
11147,81,3914,2026-07-03 04:51,NULL
11148,29,2057,2026-07-23 08:27,2026-07-23 09:37
11149,3,7816,2026-07-21 16:17,2026-07-21 17:17
11150,12,3286,2026-07-05 21:13,2026-07-05 22:50
11151,35,7048,2026-07-10 00:49,2026-07-10 01:53
11152,18,2755,2026-07-03 13:33,2026-07-03 14:53
11153,29,2246,2026-07-13 08:15,2026-07-13 09:35
11154,46,1140,2026-07-26 02:41,2026-07-26 03:09
11155,67,5644,2026-07-09 06:15,2026-07-09 08:14
11156,86,9928,2026-07-19 13:56,2026-07-19 14:22
11157,8,8796,2026-07-09 02:21,2026-07-09 03:55
11158,16,4586,2026-07-08 11:29,2026-07-08 12:33
11159,16,6637,2026-07-18 09:28,2026-07-18 10:27
11160,45,576,2026-07-29 04:13,2026-07-29 04:59
11161,74,1400,2026-07-26 01:12,2026-07-26 01:53
11162,33,2287,2026-07-12 16:34,2026-07-12 18:13
11163,8,9525,2026-07-12 13:49,2026-07-12 14:01
11164,61,2368,2026-07-17 12:04,2026-07-17 13:50
11165,12,4602,2026-07-16 18:31,2026-07-16 20:11
11166,36,1467,2026-07-28 17:42,NULL
11167,89,9091,2026-07-19 10:44,2026-07-19 12:11
11168,7,8688,2026-07-09 02:16,2026-07-09 03:09
11169,99,9887,2026-07-27 21:38,2026-07-27 21:50
11170,12,8216,2026-07-30 18:52,2026-07-30 19:42
11171,52,1119,2026-07-21 12:28,2026-07-21 12:55
11172,94,1273,2026-07-24 20:09,2026-07-24 22:09
11173,40,7991,2026-07-16 16:31,2026-07-16 17:23
11174,82,5187,2026-07-23 00:54,2026-07-23 01:07
11175,12,2162,2026-07-28 02:20,2026-07-28 02:55
11176,68,9534,2026-07-03 14:30,2026-07-03 15:47
11177,57,5791,2026-07-15 14:27,2026-07-15 15:01
11178,36,239,2026-07-19 12:06,NULL
11179,91,1499,2026-07-09 17:53,2026-07-09 18:42
11180,96,7149,2026-07-10 13:41,2026-07-10 14:29
11181,23,8999,2026-07-21 00:22,2026-07-21 01:26
11182,97,1401,2026-07-12 04:06,2026-07-12 05:37
11183,25,4003,2026-07-12 14:36,2026-07-12 16:32
11184,12,9986,2026-07-04 17:08,2026-07-04 18:47
11185,10,2688,2026-07-02 15:51,2026-07-02 16:06
11186,90,518,2026-07-13 17:19,2026-07-13 18:34
11187,1,8196,2026-07-10 17:04,2026-07-10 19:02
11188,65,2469,2026-07-26 12:07,2026-07-26 12:29
11189,30,3127,2026-07-12 21:06,2026-07-12 21:16
11190,73,8414,2026-07-29 18:42,2026-07-29 19:18
11191,11,5565,2026-07-15 21:31,2026-07-15 22:47
11192,74,8423,2026-07-23 10:54,2026-07-23 12:20
11193,79,754,2026-07-17 03:19,2026-07-17 04:41
11194,98,9409,2026-07-29 04:04,2026-07-29 04:23
11195,85,1114,2026-07-25 13:13,2026-07-25 13:31
11196,86,9592,2026-07-04 09:25,2026-07-04 10:12
11197,38,6012,2026-07-20 09:00,2026-07-20 10:33
11198,85,4508,2026-07-16 07:40,2026-07-16 09:35
11199,92,8554,2026-07-22 01:48,2026-07-22 02:18
11200,51,7627,2026-07-09 09:44,2026-07-09 10:53
11201,32,1659,2026-07-27 01:41,NULL
11202,75,3829,2026-07-04 21:15,2026-07-04 22:25
11203,63,2801,2026-07-09 13:13,2026-07-09 13:50
11204,98,5886,2026-07-21 10:12,2026-07-21 11:47
11205,59,8692,2026-07-07 00:26,2026-07-07 01:53
11206,70,9170,2026-07-05 04:45,NULL
11207,70,6978,2026-07-06 09:44,2026-07-06 11:29
11208,44,3832,2026-07-16 00:58,2026-07-16 01:50
11209,9,1035,2026-07-20 17:12,2026-07-20 19:02
11210,73,5405,2026-07-28 22:45,2026-07-28 23:10
11211,29,4984,2026-07-24 21:19,2026-07-24 22:32
11212,92,5276,2026-07-05 16:35,2026-07-05 17:05
11213,58,2490,2026-07-27 19:20,2026-07-27 21:02
11214,45,7957,2026-07-02 00:30,2026-07-02 01:34
11215,15,3637,2026-07-10 17:35,2026-07-10 18:17
11216,72,7004,2026-07-22 02:56,2026-07-22 03:24
11217,59,1890,2026-07-12 09:03,2026-07-12 10:33
11218,1,2114,2026-07-18 06:33,2026-07-18 06:51
11219,45,934,2026-07-27 00:14,2026-07-27 01:21
11220,2,2708,2026-07-04 23:43,2026-07-04 23:58
11221,16,2393,2026-07-06 02:58,2026-07-06 03:19
11222,86,7240,2026-07-03 00:42,2026-07-03 01:50
11223,31,5380,2026-07-15 17:29,2026-07-15 19:02
11224,99,2365,2026-07-17 02:59,2026-07-17 03:43
11225,20,9918,2026-07-22 12:25,2026-07-22 13:01
11226,13,491,2026-07-25 11:41,2026-07-25 13:12
11227,69,8465,2026-07-09 09:14,2026-07-09 10:01
11228,73,5049,2026-07-30 11:30,2026-07-30 12:09
11229,13,8924,2026-07-10 18:36,2026-07-10 19:22
11230,14,3980,2026-07-19 15:12,2026-07-19 16:53
11231,9,7442,2026-07-10 13:23,2026-07-10 14:51
11232,63,1501,2026-07-03 13:31,2026-07-03 14:31
11233,34,6267,2026-07-29 21:50,2026-07-29 23:46
11234,9,9900,2026-07-20 21:53,2026-07-20 22:44
11235,91,2351,2026-07-28 06:52,2026-07-28 07:52
11236,58,128,2026-07-13 05:19,2026-07-13 06:14
11237,37,7865,2026-07-26 18:29,2026-07-26 19:58
11238,87,2052,2026-07-16 09:43,2026-07-16 10:37
11239,43,4840,2026-07-17 08:50,2026-07-17 10:01
11240,37,7607,2026-07-20 20:48,2026-07-20 22:08
11241,72,8055,2026-07-25 22:32,2026-07-26 00:22
11242,92,2001,2026-07-19 12:38,2026-07-19 13:41
11243,22,7656,2026-07-29 18:49,2026-07-29 19:12
11244,39,8592,2026-07-20 09:56,2026-07-20 11:08
11245,61,284,2026-07-17 17:58,NULL
11246,89,443,2026-07-14 07:24,2026-07-14 08:13
11247,59,4475,2026-07-09 08:42,2026-07-09 08:53
11248,88,6174,2026-07-11 22:28,2026-07-11 23:18
11249,17,5437,2026-07-22 00:41,2026-07-22 02:05
11250,26,698,2026-07-10 18:01,2026-07-10 19:20
11251,73,9749,2026-07-02 13:00,2026-07-02 13:33
11252,96,1398,2026-07-04 09:58,NULL
11253,52,7334,2026-07-20 19:48,NULL
11254,26,6499,2026-07-28 04:26,2026-07-28 06:06
11255,20,5608,2026-07-05 09:34,2026-07-05 10:20
11256,96,4080,2026-07-23 22:41,2026-07-24 00:04
11257,62,1173,2026-07-17 03:12,2026-07-17 04:20
11258,68,3227,2026-07-18 14:31,2026-07-18 15:34
11259,89,1457,2026-07-06 12:53,2026-07-06 13:20
11260,45,9948,2026-07-06 12:52,2026-07-06 13:06
11261,37,6788,2026-07-21 08:23,2026-07-21 09:35
11262,38,6508,2026-07-14 03:32,2026-07-14 04:42
11263,90,3917,2026-07-19 05:41,2026-07-19 05:55
11264,69,8685,2026-07-21 05:56,2026-07-21 06:31
11265,5,2368,2026-07-02 02:53,2026-07-02 04:29
11266,87,8229,2026-07-02 03:19,2026-07-02 04:58
11267,41,5422,2026-07-05 18:44,2026-07-05 20:42
11268,96,8352,2026-07-25 14:15,2026-07-25 14:39
11269,32,9047,2026-07-04 15:13,NULL
11270,57,6918,2026-07-07 01:28,2026-07-07 02:04
11271,85,6432,2026-07-25 09:15,NULL
11272,53,483,2026-07-19 16:05,2026-07-19 16:46
11273,87,8692,2026-07-09 10:21,NULL
11274,53,4252,2026-07-24 07:57,2026-07-24 08:21
11275,77,135,2026-07-24 04:24,2026-07-24 05:07
11276,99,3838,2026-07-09 12:21,NULL
11277,67,7653,2026-07-07 05:46,2026-07-07 06:51
11278,59,5940,2026-07-27 04:02,2026-07-27 04:20
11279,72,118,2026-07-29 13:02,2026-07-29 13:29
11280,80,7873,2026-07-09 23:34,2026-07-10 00:41
11281,89,1742,2026-07-19 18:25,2026-07-19 20:06
11282,20,4532,2026-07-02 13:51,2026-07-02 14:29
11283,29,5358,2026-07-17 06:08,2026-07-17 08:04
11284,50,2340,2026-07-01 16:17,2026-07-01 17:16
11285,82,8009,2026-07-15 10:53,2026-07-15 11:21
11286,35,5129,2026-07-16 01:04,2026-07-16 02:44
11287,74,1199,2026-07-14 01:52,2026-07-14 03:34
11288,11,5441,2026-07-23 13:37,2026-07-23 14:08
11289,27,4128,2026-07-09 22:15,2026-07-09 23:45
11290,74,5598,2026-07-04 21:01,2026-07-04 22:06
11291,37,8393,2026-07-13 02:01,2026-07-13 03:30
11292,60,8489,2026-07-25 17:36,NULL
11293,41,6202,2026-07-22 06:48,2026-07-22 08:24
11294,14,7088,2026-07-23 02:44,2026-07-23 04:06
11295,44,4532,2026-07-21 06:53,2026-07-21 07:27
11296,19,7457,2026-07-22 21:12,2026-07-22 22:40
11297,24,9185,2026-07-07 09:03,2026-07-07 09:17
11298,66,6186,2026-07-29 05:14,2026-07-29 07:06
11299,80,9877,2026-07-14 22:20,2026-07-14 23:31
11300,35,3697,2026-07-11 14:34,2026-07-11 15:03
11301,68,4435,2026-07-11 20:19,2026-07-11 20:46
11302,53,6477,2026-07-02 01:10,2026-07-02 02:42
11303,29,6341,2026-07-17 10:42,2026-07-17 11:24
11304,19,6497,2026-07-14 14:16,2026-07-14 15:49
11305,36,9059,2026-07-05 13:29,NULL
11306,19,2213,2026-07-12 13:38,2026-07-12 14:34
11307,25,8351,2026-07-28 03:05,2026-07-28 03:34
11308,72,5983,2026-07-09 17:59,2026-07-09 18:41
11309,58,6789,2026-07-09 02:16,2026-07-09 03:51
11310,99,9022,2026-07-21 08:21,2026-07-21 10:18
11311,86,9209,2026-07-17 00:14,NULL
11312,34,3595,2026-07-12 19:40,2026-07-12 20:25
11313,72,8894,2026-07-16 01:51,NULL
11314,22,928,2026-07-02 03:58,2026-07-02 04:40
11315,90,9137,2026-07-24 09:43,2026-07-24 10:04
11316,67,8789,2026-07-06 19:44,2026-07-06 19:54
11317,90,87,2026-07-22 06:36,2026-07-22 07:58
11318,24,9237,2026-07-13 01:30,2026-07-13 02:07
11319,75,9743,2026-07-21 06:04,2026-07-21 07:00
11320,88,4346,2026-07-28 09:21,NULL
11321,14,7468,2026-07-23 08:50,NULL
11322,52,5923,2026-07-16 22:20,2026-07-16 23:44
11323,58,8580,2026-07-07 05:45,2026-07-07 07:18
11324,6,1965,2026-07-11 16:53,2026-07-11 18:33
11325,20,467,2026-07-29 17:20,2026-07-29 18:20
11326,65,5598,2026-07-15 21:16,2026-07-15 21:42
11327,58,6799,2026-07-04 09:58,2026-07-04 11:21
11328,60,7157,2026-07-08 14:42,2026-07-08 16:21
11329,27,8632,2026-07-25 18:04,2026-07-25 18:33
11330,7,2126,2026-07-04 01:15,2026-07-04 01:49
11331,37,3626,2026-07-15 14:57,2026-07-15 16:41
11332,85,9228,2026-07-25 23:58,2026-07-26 01:51
11333,60,8959,2026-07-29 20:10,2026-07-29 21:23
11334,25,5587,2026-07-26 01:46,2026-07-26 02:59
11335,61,6530,2026-07-13 16:59,2026-07-13 17:50
11336,69,426,2026-07-20 09:26,2026-07-20 10:30
11337,26,4783,2026-07-17 11:54,2026-07-17 12:11
11338,78,9921,2026-07-24 16:47,2026-07-24 17:33
11339,18,393,2026-07-05 11:20,NULL
11340,71,480,2026-07-10 11:46,2026-07-10 12:34
11341,85,2658,2026-07-03 10:31,2026-07-03 11:54
11342,13,7773,2026-07-18 04:09,2026-07-18 05:48
11343,70,8499,2026-07-07 07:16,2026-07-07 07:55
11344,88,9651,2026-07-30 07:28,2026-07-30 08:30
11345,39,5653,2026-07-20 12:11,2026-07-20 12:41
11346,2,9322,2026-07-20 09:27,2026-07-20 11:19
11347,84,5923,2026-07-04 22:16,2026-07-04 23:22
11348,19,4716,2026-07-19 15:16,2026-07-19 16:21
11349,77,7508,2026-07-18 13:36,2026-07-18 14:00
11350,99,5642,2026-07-08 23:44,2026-07-09 00:58
11351,14,3786,2026-07-12 08:09,2026-07-12 09:03
11352,58,4987,2026-07-02 01:54,2026-07-02 02:50
11353,97,4424,2026-07-27 11:18,2026-07-27 11:28
11354,63,2092,2026-07-10 04:24,2026-07-10 05:31
11355,81,6484,2026-07-13 19:01,2026-07-13 19:17
11356,52,3593,2026-07-06 19:42,NULL
11357,10,4054,2026-07-03 19:26,2026-07-03 20:28
11358,70,8557,2026-07-30 00:08,2026-07-30 00:30
11359,36,6804,2026-07-30 05:08,2026-07-30 06:32
11360,89,3773,2026-07-15 08:28,2026-07-15 09:47
11361,60,3040,2026-07-09 08:17,2026-07-09 09:11
11362,1,4176,2026-07-24 22:19,2026-07-24 23:55
11363,64,555,2026-07-19 14:06,2026-07-19 15:39
11364,10,9384,2026-07-24 13:19,2026-07-24 14:51
11365,60,8273,2026-07-01 19:27,2026-07-01 19:59
11366,61,8096,2026-07-11 05:48,2026-07-11 07:29
11367,30,2573,2026-07-13 11:16,2026-07-13 11:44
11368,88,5451,2026-07-11 01:34,2026-07-11 02:35
11369,23,1306,2026-07-18 13:57,2026-07-18 15:53
11370,63,8334,2026-07-15 16:51,2026-07-15 17:01
11371,89,8728,2026-07-10 04:01,2026-07-10 05:22
11372,26,8045,2026-07-21 21:22,2026-07-21 22:55
11373,21,2881,2026-07-16 13:00,2026-07-16 14:05
11374,62,8714,2026-07-01 11:33,2026-07-01 13:27
11375,55,1581,2026-07-24 19:23,2026-07-24 21:20
11376,81,1997,2026-07-04 20:36,2026-07-04 21:09
11377,85,6606,2026-07-07 22:42,2026-07-07 23:13
11378,61,9100,2026-07-03 03:26,NULL
11379,47,4922,2026-07-17 12:48,2026-07-17 13:05
11380,94,195,2026-07-22 23:20,2026-07-23 00:55
11381,54,6090,2026-07-30 16:02,2026-07-30 16:22
11382,59,1104,2026-07-02 08:24,2026-07-02 10:02
11383,65,4221,2026-07-29 10:25,NULL
11384,84,4248,2026-07-05 05:45,2026-07-05 06:11
11385,58,1145,2026-07-18 04:10,2026-07-18 05:25
11386,68,1147,2026-07-24 14:43,2026-07-24 16:34
11387,4,1896,2026-07-16 19:08,2026-07-16 19:38
11388,38,7101,2026-07-11 23:37,2026-07-12 00:08
11389,41,4566,2026-07-05 16:00,2026-07-05 16:54
11390,45,795,2026-07-15 19:33,NULL
11391,51,8452,2026-07-20 12:41,2026-07-20 13:41
11392,63,8579,2026-07-27 20:34,2026-07-27 21:49
11393,33,6483,2026-07-30 07:09,2026-07-30 08:32
11394,90,1767,2026-07-01 23:36,2026-07-02 00:39
11395,77,2636,2026-07-30 09:24,2026-07-30 10:13
11396,54,880,2026-07-20 09:19,2026-07-20 09:29
11397,39,6338,2026-07-17 20:48,NULL
11398,11,9638,2026-07-26 20:06,2026-07-26 21:40
11399,30,2724,2026-07-02 05:11,2026-07-02 05:46
11400,63,1403,2026-07-29 23:47,2026-07-30 01:33
11401,6,3897,2026-07-13 13:52,2026-07-13 14:49
11402,40,8929,2026-07-15 18:21,2026-07-15 18:42
11403,96,2444,2026-07-06 22:29,NULL
11404,27,3101,2026-07-21 09:07,2026-07-21 09:29
11405,43,9983,2026-07-20 02:29,2026-07-20 03:06
11406,30,1994,2026-07-16 14:51,2026-07-16 15:40
11407,18,8018,2026-07-07 15:18,2026-07-07 16:35
11408,56,4658,2026-07-12 19:25,2026-07-12 20:32
11409,96,4388,2026-07-30 03:41,2026-07-30 05:18
11410,52,9704,2026-07-20 09:36,2026-07-20 10:00
11411,19,7986,2026-07-06 02:42,2026-07-06 04:23
11412,54,3209,2026-07-21 11:06,2026-07-21 11:32
11413,2,1681,2026-07-23 20:22,2026-07-23 21:55
11414,88,7792,2026-07-23 08:02,2026-07-23 09:37
11415,94,7298,2026-07-28 05:14,2026-07-28 07:02
11416,97,6656,2026-07-01 23:19,2026-07-02 00:00
11417,67,1526,2026-07-28 16:28,2026-07-28 17:06
11418,41,4452,2026-07-26 16:41,2026-07-26 17:09
11419,2,3177,2026-07-11 12:16,2026-07-11 13:40
11420,77,7654,2026-07-07 04:34,2026-07-07 05:40
11421,9,4131,2026-07-06 22:14,2026-07-06 23:08
11422,54,193,2026-07-16 23:29,2026-07-17 00:03
11423,74,1503,2026-07-10 06:22,2026-07-10 07:36
11424,7,6700,2026-07-12 17:14,2026-07-12 18:13
11425,12,4887,2026-07-10 13:12,2026-07-10 13:41
11426,95,2854,2026-07-01 09:35,2026-07-01 11:24
11427,23,6381,2026-07-16 17:22,NULL
11428,46,3215,2026-07-06 01:30,2026-07-06 02:50
11429,32,667,2026-07-19 00:34,2026-07-19 01:29
11430,79,8423,2026-07-17 05:59,2026-07-17 07:04
11431,100,8328,2026-07-19 10:41,2026-07-19 11:18
11432,29,8809,2026-07-14 00:47,2026-07-14 02:46
11433,30,8422,2026-07-05 01:42,2026-07-05 03:08
11434,61,9789,2026-07-08 18:36,2026-07-08 19:37
11435,83,8213,2026-07-27 05:44,2026-07-27 06:05
11436,88,8228,2026-07-28 02:44,2026-07-28 03:07
11437,62,3338,2026-07-29 04:27,2026-07-29 05:12
11438,84,7436,2026-07-21 03:03,2026-07-21 03:50
11439,97,9866,2026-07-21 01:51,2026-07-21 03:41
11440,95,4298,2026-07-07 20:36,2026-07-07 21:39
11441,62,476,2026-07-20 13:12,2026-07-20 14:18
11442,37,2967,2026-07-14 21:20,NULL
11443,9,7331,2026-07-19 03:14,2026-07-19 03:56
11444,92,6956,2026-07-19 07:16,NULL
11445,98,3589,2026-07-09 14:32,NULL
11446,97,3960,2026-07-26 00:39,2026-07-26 00:49
11447,96,8928,2026-07-26 16:52,2026-07-26 18:35
11448,3,4530,2026-07-12 13:08,2026-07-12 13:30
11449,54,3148,2026-07-05 02:20,2026-07-05 03:36
11450,54,3980,2026-07-22 10:59,2026-07-22 12:40
11451,33,7820,2026-07-12 18:54,2026-07-12 19:48
11452,58,8780,2026-07-14 12:42,2026-07-14 14:35
11453,77,7483,2026-07-28 11:57,2026-07-28 13:28
11454,66,4409,2026-07-23 04:30,2026-07-23 04:54
11455,67,4860,2026-07-12 11:49,2026-07-12 12:47
11456,63,774,2026-07-22 04:34,2026-07-22 05:19
11457,90,1794,2026-07-16 19:15,2026-07-16 20:23
11458,41,809,2026-07-10 23:52,2026-07-11 00:30
11459,56,4329,2026-07-03 23:28,2026-07-03 23:56
11460,49,5564,2026-07-29 23:29,2026-07-30 00:35
11461,28,8325,2026-07-07 21:33,2026-07-07 22:02
11462,86,5770,2026-07-10 19:06,NULL
11463,92,7223,2026-07-14 19:52,2026-07-14 21:03
11464,30,3172,2026-07-26 23:17,NULL
11465,5,927,2026-07-15 01:19,2026-07-15 02:52
11466,76,4121,2026-07-23 15:51,2026-07-23 17:29
11467,85,8375,2026-07-11 08:30,2026-07-11 09:19
11468,68,8841,2026-07-24 21:02,2026-07-24 21:14
11469,8,949,2026-07-17 16:56,2026-07-17 17:48
11470,74,5343,2026-07-17 08:08,2026-07-17 09:02
11471,89,4129,2026-07-07 08:01,NULL
11472,77,1909,2026-07-14 04:48,2026-07-14 06:21
11473,48,9882,2026-07-26 03:06,2026-07-26 04:11
11474,47,9149,2026-07-28 09:06,NULL
11475,9,6846,2026-07-03 23:24,2026-07-04 00:21
11476,68,8029,2026-07-23 07:57,2026-07-23 09:09
11477,12,1324,2026-07-08 06:17,2026-07-08 07:10
11478,6,4720,2026-07-06 03:30,2026-07-06 04:56
11479,53,1406,2026-07-13 02:29,NULL
11480,66,6350,2026-07-06 07:00,2026-07-06 08:09
11481,58,2074,2026-07-10 10:40,2026-07-10 11:35
11482,74,8542,2026-07-16 01:54,2026-07-16 02:19
11483,50,9483,2026-07-21 10:19,2026-07-21 11:40
11484,73,1518,2026-07-15 05:32,2026-07-15 07:24
11485,28,8340,2026-07-03 01:28,2026-07-03 02:18
11486,36,7109,2026-07-13 09:57,2026-07-13 10:34
11487,64,6114,2026-07-29 03:10,2026-07-29 03:54
11488,94,225,2026-07-26 10:01,NULL
11489,67,5224,2026-07-28 14:05,2026-07-28 14:30
11490,65,3156,2026-07-07 08:33,2026-07-07 10:25
11491,52,7928,2026-07-14 08:28,2026-07-14 08:59
11492,94,3135,2026-07-05 00:07,2026-07-05 01:11
11493,7,140,2026-07-29 13:38,2026-07-29 15:28
11494,90,4206,2026-07-26 19:59,2026-07-26 21:38
11495,76,5024,2026-07-06 14:43,2026-07-06 15:21
11496,92,6279,2026-07-29 09:04,2026-07-29 09:35
11497,18,3486,2026-07-01 10:59,2026-07-01 12:47
11498,12,3644,2026-07-08 11:58,NULL
11499,6,7824,2026-07-08 18:16,2026-07-08 19:13
11500,32,1541,2026-07-12 01:16,2026-07-12 02:55
11501,13,7747,2026-07-23 03:08,2026-07-23 04:03
11502,96,2792,2026-07-12 02:16,2026-07-12 04:05
11503,91,1536,2026-07-19 06:50,2026-07-19 07:49
11504,60,7062,2026-07-17 16:00,2026-07-17 17:52
11505,77,762,2026-07-20 02:02,2026-07-20 02:22
11506,6,1930,2026-07-03 14:58,2026-07-03 15:39
11507,89,425,2026-07-29 18:19,2026-07-29 20:14
11508,20,8071,2026-07-15 11:10,2026-07-15 12:51
11509,61,6164,2026-07-28 12:33,2026-07-28 13:56
11510,21,2473,2026-07-12 09:49,2026-07-12 11:30
11511,22,7085,2026-07-16 22:49,2026-07-17 00:12
11512,55,2820,2026-07-13 00:38,2026-07-13 02:02
11513,26,9136,2026-07-11 19:57,2026-07-11 21:22
11514,56,3087,2026-07-19 19:21,NULL
11515,24,6792,2026-07-08 16:05,2026-07-08 17:27
11516,84,4861,2026-07-26 17:37,NULL
11517,26,6109,2026-07-03 04:20,2026-07-03 05:30
11518,94,6709,2026-07-24 00:49,2026-07-24 01:21
11519,86,7193,2026-07-28 10:25,2026-07-28 10:41
11520,60,4978,2026-07-17 01:31,2026-07-17 03:03
11521,24,5519,2026-07-10 15:21,2026-07-10 16:27
11522,34,7507,2026-07-19 03:35,2026-07-19 05:29
11523,66,9745,2026-07-24 22:41,2026-07-24 23:00
11524,100,9127,2026-07-14 19:29,2026-07-14 21:26
11525,46,9324,2026-07-01 08:45,2026-07-01 09:10
11526,7,4348,2026-07-14 12:52,NULL
11527,47,9383,2026-07-15 15:30,2026-07-15 17:08
11528,51,6066,2026-07-19 03:47,NULL
11529,61,8008,2026-07-21 07:03,2026-07-21 07:26
11530,39,2681,2026-07-15 22:10,2026-07-15 23:04
11531,92,4620,2026-07-09 05:16,2026-07-09 06:03
11532,62,1886,2026-07-30 05:47,2026-07-30 07:35
11533,17,7282,2026-07-11 13:39,2026-07-11 15:30
11534,50,3295,2026-07-14 23:15,2026-07-15 00:33
11535,78,1877,2026-07-14 13:23,2026-07-14 15:14
11536,5,5407,2026-07-25 15:05,2026-07-25 16:20
11537,82,3180,2026-07-11 09:52,2026-07-11 10:49
11538,92,7237,2026-07-05 21:01,NULL
11539,67,2817,2026-07-07 11:54,2026-07-07 12:56
11540,25,7804,2026-07-12 20:18,2026-07-12 21:05
11541,70,8898,2026-07-09 23:54,2026-07-10 01:54
11542,1,3507,2026-07-24 03:49,2026-07-24 05:41
11543,5,3551,2026-07-15 19:48,2026-07-15 21:18
11544,92,8295,2026-07-17 00:10,2026-07-17 00:32
11545,3,3016,2026-07-05 23:45,2026-07-06 01:21
11546,51,5689,2026-07-14 10:25,2026-07-14 11:06
11547,84,5445,2026-07-16 23:05,2026-07-16 23:56
11548,65,2494,2026-07-01 16:20,2026-07-01 17:21
11549,57,2043,2026-07-20 21:23,NULL
11550,18,2307,2026-07-06 13:22,2026-07-06 13:55
11551,52,1082,2026-07-21 12:53,2026-07-21 13:41
11552,14,5236,2026-07-11 21:29,2026-07-11 22:51
11553,64,7338,2026-07-03 06:58,2026-07-03 07:59
11554,24,5397,2026-07-25 07:16,2026-07-25 08:15
11555,94,8764,2026-07-10 16:42,2026-07-10 18:11
11556,47,8217,2026-07-13 11:54,2026-07-13 13:13
11557,17,8468,2026-07-17 18:23,2026-07-17 19:43
11558,84,2690,2026-07-24 09:20,2026-07-24 10:56
11559,44,2973,2026-07-15 12:50,2026-07-15 14:36
11560,38,8954,2026-07-21 00:39,2026-07-21 02:28
11561,57,3424,2026-07-26 10:13,2026-07-26 11:22
11562,51,4790,2026-07-24 23:48,2026-07-25 00:07
11563,6,5097,2026-07-08 23:28,2026-07-09 00:40
11564,17,6220,2026-07-16 03:08,2026-07-16 05:03
11565,39,8787,2026-07-08 19:35,2026-07-08 21:07
11566,57,1958,2026-07-10 13:25,2026-07-10 15:07
11567,41,5645,2026-07-07 03:29,2026-07-07 03:46
11568,27,399,2026-07-24 21:37,2026-07-24 22:05
11569,41,4465,2026-07-16 11:48,2026-07-16 13:47
11570,88,1480,2026-07-29 07:46,NULL
11571,75,1975,2026-07-03 16:23,2026-07-03 18:22
11572,89,7568,2026-07-15 16:47,2026-07-15 17:04
11573,37,6221,2026-07-25 12:07,2026-07-25 12:37
11574,85,8986,2026-07-07 11:13,2026-07-07 11:51
11575,22,9555,2026-07-20 06:47,2026-07-20 07:06
11576,59,933,2026-07-02 14:00,2026-07-02 15:15
11577,77,8990,2026-07-30 13:22,2026-07-30 13:43
11578,52,8764,2026-07-21 04:37,2026-07-21 05:34
11579,57,1871,2026-07-17 11:51,2026-07-17 12:47
11580,56,9593,2026-07-16 14:32,NULL
11581,74,2554,2026-07-19 07:12,2026-07-19 07:36
11582,6,5751,2026-07-02 03:24,2026-07-02 04:49
11583,80,2457,2026-07-18 22:57,2026-07-19 00:03
11584,99,5633,2026-07-28 11:28,2026-07-28 13:25
11585,82,1439,2026-07-18 03:38,NULL
11586,67,3034,2026-07-15 01:07,2026-07-15 03:03
11587,76,2873,2026-07-04 07:21,2026-07-04 08:40
11588,75,8830,2026-07-02 16:17,2026-07-02 18:06
11589,64,5539,2026-07-08 06:28,2026-07-08 07:11
11590,34,348,2026-07-14 15:38,2026-07-14 15:58
11591,97,2974,2026-07-12 05:28,2026-07-12 06:18
11592,82,6866,2026-07-16 14:30,2026-07-16 15:26
11593,6,5304,2026-07-08 13:03,2026-07-08 14:19
11594,56,3007,2026-07-10 20:27,NULL
11595,28,8104,2026-07-04 19:29,2026-07-04 21:13
11596,91,3199,2026-07-09 15:24,2026-07-09 16:10
11597,95,4526,2026-07-21 15:42,2026-07-21 16:50
11598,31,7924,2026-07-27 09:05,NULL
11599,98,6270,2026-07-24 08:08,2026-07-24 08:51
11600,33,9075,2026-07-18 03:57,NULL
11601,35,8915,2026-07-21 15:54,2026-07-21 17:26
11602,70,493,2026-07-08 18:49,NULL
11603,75,3024,2026-07-16 09:47,2026-07-16 11:31
11604,91,9349,2026-07-19 17:11,2026-07-19 19:02
11605,94,4996,2026-07-10 06:48,2026-07-10 08:32
11606,89,1749,2026-07-05 13:27,NULL
11607,96,5222,2026-07-29 21:08,2026-07-29 22:28
11608,71,9161,2026-07-08 00:01,NULL
11609,62,2197,2026-07-15 00:47,2026-07-15 01:40
11610,46,9041,2026-07-04 04:53,2026-07-04 05:55
11611,75,1000,2026-07-19 22:56,2026-07-20 00:39
11612,24,4122,2026-07-28 10:16,2026-07-28 11:19
11613,4,6691,2026-07-10 18:10,2026-07-10 18:55
11614,29,4681,2026-07-12 07:49,2026-07-12 08:26
11615,54,8003,2026-07-30 21:31,2026-07-30 22:35
11616,92,8006,2026-07-23 19:19,2026-07-23 20:14
11617,29,7345,2026-07-19 23:32,2026-07-20 01:14
11618,46,1293,2026-07-18 03:19,2026-07-18 04:04
11619,63,2361,2026-07-09 00:22,2026-07-09 01:37
11620,67,1847,2026-07-01 14:20,2026-07-01 14:53
11621,32,8195,2026-07-17 08:01,2026-07-17 09:36
11622,85,6397,2026-07-03 11:58,2026-07-03 12:25
11623,84,3843,2026-07-24 23:59,2026-07-25 00:16
11624,33,1064,2026-07-05 09:22,2026-07-05 09:59
11625,7,9214,2026-07-13 12:31,2026-07-13 13:30
11626,44,2396,2026-07-16 17:59,2026-07-16 19:28
11627,75,844,2026-07-10 11:12,2026-07-10 12:17
11628,65,9639,2026-07-08 17:39,2026-07-08 19:25
11629,25,1439,2026-07-27 15:28,2026-07-27 17:20
11630,29,1755,2026-07-12 06:47,2026-07-12 07:01
11631,22,1688,2026-07-14 06:20,2026-07-14 07:04
11632,83,7924,2026-07-11 03:05,NULL
11633,98,6837,2026-07-12 08:11,2026-07-12 09:26
11634,8,6301,2026-07-15 16:45,2026-07-15 17:54
11635,50,2606,2026-07-06 18:25,2026-07-06 19:20
11636,15,9789,2026-07-01 22:18,2026-07-01 23:32
11637,83,1148,2026-07-07 15:05,2026-07-07 15:36
11638,50,4112,2026-07-25 04:13,2026-07-25 06:00
11639,62,3351,2026-07-19 10:10,2026-07-19 10:55
11640,44,1054,2026-07-01 04:34,2026-07-01 05:41
11641,36,6155,2026-07-23 00:58,2026-07-23 02:00
11642,90,2175,2026-07-15 11:42,2026-07-15 12:18
11643,86,7394,2026-07-16 16:29,2026-07-16 17:45
11644,50,8602,2026-07-30 01:21,2026-07-30 02:21
11645,47,2414,2026-07-08 06:08,2026-07-08 07:36
11646,83,9664,2026-07-28 07:05,2026-07-28 08:34
11647,37,3228,2026-07-20 07:16,2026-07-20 09:01
11648,7,3029,2026-07-08 02:40,2026-07-08 03:00
11649,19,2501,2026-07-21 21:07,2026-07-21 22:46
11650,69,5846,2026-07-08 23:49,2026-07-09 00:34
11651,25,1041,2026-07-06 14:00,2026-07-06 15:36
11652,36,76,2026-07-21 11:23,NULL
11653,25,1651,2026-07-01 06:24,2026-07-01 08:22
11654,86,2429,2026-07-27 06:30,2026-07-27 07:15
11655,94,1394,2026-07-22 21:32,NULL
11656,60,9082,2026-07-01 22:25,2026-07-01 23:58
11657,34,6465,2026-07-29 19:22,2026-07-29 21:20
11658,93,2747,2026-07-22 05:43,NULL
11659,9,5938,2026-07-06 09:15,2026-07-06 09:35
11660,61,4497,2026-07-20 21:59,2026-07-20 23:33
11661,24,7752,2026-07-13 11:58,2026-07-13 13:46
11662,38,6703,2026-07-26 10:16,2026-07-26 11:16
11663,87,1290,2026-07-15 14:45,2026-07-15 15:09
11664,26,9489,2026-07-14 18:01,2026-07-14 19:07
11665,53,9319,2026-07-04 23:33,2026-07-05 01:10
11666,49,1122,2026-07-28 07:49,2026-07-28 09:03
11667,54,6951,2026-07-28 22:31,2026-07-28 22:54
11668,4,3576,2026-07-17 18:45,2026-07-17 20:21
11669,5,6163,2026-07-29 09:37,2026-07-29 10:54
11670,63,2570,2026-07-20 02:07,2026-07-20 02:41
11671,57,2072,2026-07-03 12:00,2026-07-03 12:50
11672,77,2803,2026-07-06 16:13,2026-07-06 16:37
11673,15,2252,2026-07-08 03:57,2026-07-08 04:08
11674,68,7315,2026-07-25 22:03,2026-07-25 23:33
11675,91,9763,2026-07-27 04:26,2026-07-27 05:53
11676,17,472,2026-07-18 18:45,2026-07-18 19:12
11677,16,340,2026-07-16 03:48,2026-07-16 04:38
11678,53,7837,2026-07-20 22:37,NULL
11679,13,5920,2026-07-16 06:18,2026-07-16 07:33
11680,63,5611,2026-07-04 01:46,2026-07-04 02:09
11681,50,1624,2026-07-18 08:25,2026-07-18 09:43
11682,44,801,2026-07-15 10:22,2026-07-15 10:59
11683,39,3595,2026-07-17 19:35,2026-07-17 19:52
11684,42,4534,2026-07-14 07:26,2026-07-14 08:57
11685,42,3975,2026-07-04 19:05,2026-07-04 20:26
11686,21,9773,2026-07-03 06:11,2026-07-03 07:08
11687,19,7168,2026-07-14 22:18,2026-07-14 22:47
11688,96,8205,2026-07-16 06:09,2026-07-16 07:47
11689,77,3927,2026-07-05 18:03,2026-07-05 19:22
11690,49,3119,2026-07-21 20:33,2026-07-21 21:13
11691,71,4677,2026-07-06 11:37,2026-07-06 12:01
11692,88,8861,2026-07-08 19:27,2026-07-08 20:30
11693,55,1357,2026-07-09 23:29,2026-07-10 00:32
11694,26,9181,2026-07-16 22:46,2026-07-16 23:43
11695,50,3127,2026-07-12 11:43,2026-07-12 13:26
11696,29,266,2026-07-21 19:07,2026-07-21 20:43
11697,18,5743,2026-07-22 09:27,2026-07-22 11:02
11698,41,7737,2026-07-17 15:42,2026-07-17 16:30
11699,89,1141,2026-07-25 21:08,2026-07-25 22:55
11700,81,8167,2026-07-21 08:09,2026-07-21 09:26
11701,58,3968,2026-07-04 09:33,NULL
11702,93,1704,2026-07-18 07:49,2026-07-18 08:09
11703,82,1069,2026-07-20 14:28,2026-07-20 15:47
11704,33,3682,2026-07-18 03:50,2026-07-18 04:04
11705,59,5153,2026-07-07 00:26,2026-07-07 02:24
11706,44,8229,2026-07-13 07:13,2026-07-13 08:29
11707,45,9288,2026-07-19 01:41,NULL
11708,86,936,2026-07-10 10:50,2026-07-10 11:10
11709,78,3099,2026-07-09 01:07,2026-07-09 01:27
11710,6,6733,2026-07-17 12:44,2026-07-17 14:34
11711,99,5058,2026-07-15 17:19,2026-07-15 19:16
11712,13,6184,2026-07-25 08:44,2026-07-25 09:33
11713,45,2784,2026-07-08 15:10,2026-07-08 17:06
11714,87,6803,2026-07-22 01:14,2026-07-22 03:13
11715,76,743,2026-07-14 06:11,2026-07-14 07:24
11716,88,9413,2026-07-20 13:32,2026-07-20 15:20
11717,54,5825,2026-07-14 15:38,NULL
11718,26,5620,2026-07-17 13:52,2026-07-17 14:13
11719,82,5450,2026-07-03 22:20,2026-07-03 22:38
11720,9,56,2026-07-17 18:43,2026-07-17 19:36
11721,54,1806,2026-07-15 12:01,2026-07-15 12:22
11722,8,9461,2026-07-03 14:25,2026-07-03 14:39
11723,61,9687,2026-07-25 14:26,2026-07-25 15:10
11724,43,821,2026-07-08 07:25,2026-07-08 08:03
11725,87,1471,2026-07-29 02:54,2026-07-29 03:57
11726,15,9024,2026-07-06 01:45,2026-07-06 02:35
11727,87,6737,2026-07-26 19:35,2026-07-26 19:56
11728,32,3910,2026-07-09 04:41,2026-07-09 06:25
11729,73,8256,2026-07-01 22:29,2026-07-01 22:58
11730,72,8283,2026-07-26 10:01,2026-07-26 11:53
11731,5,2678,2026-07-22 00:18,2026-07-22 00:39
11732,83,8948,2026-07-24 11:58,2026-07-24 13:46
11733,43,8652,2026-07-20 20:16,2026-07-20 20:52
11734,31,8033,2026-07-18 11:52,2026-07-18 13:33
11735,45,5751,2026-07-29 07:32,2026-07-29 08:38
11736,43,7428,2026-07-13 04:53,2026-07-13 06:45
11737,53,5032,2026-07-11 07:26,2026-07-11 08:55
11738,21,4234,2026-07-25 02:56,2026-07-25 03:27
11739,79,8803,2026-07-26 02:15,2026-07-26 03:57
11740,27,2904,2026-07-11 04:01,2026-07-11 04:45
11741,91,1036,2026-07-06 11:26,2026-07-06 12:54
11742,2,4127,2026-07-17 13:22,2026-07-17 14:30
11743,87,2745,2026-07-07 16:01,2026-07-07 18:01
11744,71,4938,2026-07-07 03:12,2026-07-07 04:01
11745,6,4182,2026-07-22 15:34,2026-07-22 16:12
11746,85,331,2026-07-27 04:54,2026-07-27 05:34
11747,88,3219,2026-07-10 12:21,2026-07-10 12:43
11748,56,7181,2026-07-23 17:26,2026-07-23 17:46
11749,6,6084,2026-07-10 09:36,2026-07-10 11:22
11750,2,8189,2026-07-05 18:14,2026-07-05 19:51
11751,35,6959,2026-07-07 08:57,2026-07-07 10:20
11752,12,3985,2026-07-15 20:49,2026-07-15 21:57
11753,43,1093,2026-07-18 12:08,2026-07-18 12:59
11754,86,8399,2026-07-06 18:10,2026-07-06 19:33
11755,98,1521,2026-07-23 09:44,2026-07-23 10:31
11756,45,487,2026-07-26 01:55,2026-07-26 03:32
11757,86,4278,2026-07-20 15:25,2026-07-20 15:42
11758,14,3986,2026-07-20 00:12,NULL
11759,84,7295,2026-07-07 12:13,2026-07-07 13:49
11760,70,3223,2026-07-03 15:33,2026-07-03 16:13
11761,98,4776,2026-07-07 03:21,2026-07-07 04:10
11762,3,8729,2026-07-17 22:56,2026-07-17 23:14
11763,86,2528,2026-07-24 00:53,2026-07-24 02:16
11764,60,5956,2026-07-20 16:27,2026-07-20 18:09
11765,4,9145,2026-07-18 07:52,2026-07-18 08:16
11766,56,4031,2026-07-29 02:20,2026-07-29 03:28
11767,34,6487,2026-07-04 06:17,NULL
11768,18,4006,2026-07-15 04:52,2026-07-15 06:13
11769,47,3170,2026-07-25 03:13,NULL
11770,45,8054,2026-07-23 06:25,2026-07-23 07:58
11771,53,7395,2026-07-07 00:27,2026-07-07 00:37
11772,26,8706,2026-07-04 15:49,2026-07-04 17:05
11773,33,3453,2026-07-12 22:50,2026-07-12 23:01
11774,53,1481,2026-07-12 20:40,2026-07-12 21:00
11775,39,905,2026-07-05 12:45,2026-07-05 14:11
11776,73,8768,2026-07-29 15:41,2026-07-29 16:53
11777,94,1889,2026-07-14 05:38,2026-07-14 07:20
11778,63,3873,2026-07-07 21:55,2026-07-07 22:29
11779,18,2802,2026-07-20 03:01,2026-07-20 04:21
11780,94,5012,2026-07-28 23:03,2026-07-28 23:29
11781,32,8258,2026-07-26 09:52,2026-07-26 10:51
11782,94,9327,2026-07-04 03:45,2026-07-04 04:29
11783,46,3344,2026-07-05 02:37,2026-07-05 03:06
11784,4,6724,2026-07-27 06:54,2026-07-27 07:56
11785,62,6484,2026-07-13 12:56,2026-07-13 14:06
11786,63,2326,2026-07-22 01:45,2026-07-22 02:32
11787,82,2134,2026-07-11 23:50,2026-07-12 01:22
11788,40,4961,2026-07-14 15:39,2026-07-14 16:53
11789,37,2624,2026-07-09 01:28,2026-07-09 03:26
11790,47,9333,2026-07-24 22:26,2026-07-25 00:07
11791,70,5967,2026-07-26 01:55,2026-07-26 03:49
11792,33,5667,2026-07-22 03:59,2026-07-22 04:54
11793,30,4755,2026-07-27 00:27,2026-07-27 01:40
11794,98,6746,2026-07-01 05:14,NULL
11795,65,4288,2026-07-07 22:49,NULL
11796,43,8659,2026-07-13 19:15,2026-07-13 20:24
11797,28,9140,2026-07-22 01:07,2026-07-22 01:44
11798,58,7170,2026-07-20 04:21,2026-07-20 04:33
11799,86,6904,2026-07-05 16:40,2026-07-05 17:21
11800,59,7763,2026-07-22 21:07,2026-07-22 22:23
11801,2,7602,2026-07-11 19:42,2026-07-11 21:23
11802,58,7853,2026-07-01 02:30,NULL
11803,59,6389,2026-07-10 21:19,2026-07-10 21:38
11804,49,2542,2026-07-07 22:41,2026-07-07 23:34
11805,65,1797,2026-07-28 09:32,2026-07-28 11:23
11806,27,3000,2026-07-18 13:11,2026-07-18 14:52
11807,92,1414,2026-07-16 09:47,2026-07-16 10:57
11808,26,8900,2026-07-02 17:54,2026-07-02 18:17
11809,15,3530,2026-07-07 12:11,2026-07-07 13:21
11810,79,2953,2026-07-04 17:11,NULL
11811,98,5749,2026-07-05 00:48,2026-07-05 02:12
11812,56,1241,2026-07-08 16:21,2026-07-08 18:17
11813,67,6092,2026-07-12 08:56,2026-07-12 09:37
11814,24,7580,2026-07-12 05:36,2026-07-12 06:40
11815,87,9348,2026-07-08 11:34,2026-07-08 12:38
11816,4,3325,2026-07-05 17:24,2026-07-05 17:35
11817,47,2327,2026-07-29 03:16,2026-07-29 04:30
11818,97,5491,2026-07-10 10:52,NULL
11819,47,5902,2026-07-05 02:10,2026-07-05 03:16
11820,43,309,2026-07-15 16:50,2026-07-15 18:07
11821,64,7708,2026-07-05 18:18,2026-07-05 18:39
11822,55,4093,2026-07-02 08:35,2026-07-02 10:33
11823,14,2758,2026-07-16 06:30,2026-07-16 07:25
11824,16,9208,2026-07-11 03:59,2026-07-11 05:12
11825,12,7293,2026-07-04 01:56,2026-07-04 03:50
11826,39,7075,2026-07-12 05:36,2026-07-12 06:11
11827,83,2291,2026-07-28 18:20,2026-07-28 19:56
11828,41,5016,2026-07-24 08:52,2026-07-24 10:29
11829,44,4645,2026-07-13 14:05,2026-07-13 15:42
11830,59,3527,2026-07-01 18:52,NULL
11831,25,7807,2026-07-09 06:00,2026-07-09 07:11
11832,94,7881,2026-07-22 00:18,2026-07-22 01:57
11833,59,8230,2026-07-25 20:05,2026-07-25 21:34
11834,40,5451,2026-07-07 15:00,2026-07-07 15:36
11835,62,2632,2026-07-24 22:43,2026-07-25 00:08
11836,100,418,2026-07-24 20:32,2026-07-24 20:53
11837,87,2334,2026-07-18 07:35,2026-07-18 07:58
11838,10,519,2026-07-01 07:31,2026-07-01 07:56
11839,70,4795,2026-07-26 22:43,2026-07-27 00:05
11840,61,8330,2026-07-21 13:46,2026-07-21 14:05
11841,58,7939,2026-07-10 14:56,2026-07-10 15:38
11842,89,8634,2026-07-19 12:38,2026-07-19 13:18
11843,92,8250,2026-07-27 07:54,2026-07-27 09:53
11844,68,1651,2026-07-13 10:31,2026-07-13 12:20
11845,45,3401,2026-07-26 19:51,NULL
11846,56,204,2026-07-16 15:20,2026-07-16 15:39
11847,31,1642,2026-07-09 16:15,2026-07-09 17:28
11848,75,4277,2026-07-16 09:52,2026-07-16 11:01
11849,46,9371,2026-07-13 17:21,2026-07-13 17:38
11850,19,8434,2026-07-23 02:22,2026-07-23 03:32
11851,66,5246,2026-07-23 13:33,2026-07-23 14:44
11852,88,851,2026-07-24 09:34,2026-07-24 09:53
11853,63,6980,2026-07-22 09:33,2026-07-22 10:41
11854,39,646,2026-07-14 01:37,2026-07-14 02:00
11855,65,7147,2026-07-04 01:25,2026-07-04 02:11
11856,98,7755,2026-07-06 12:57,2026-07-06 13:09
11857,84,2489,2026-07-02 16:31,2026-07-02 18:04
11858,69,4787,2026-07-13 02:39,2026-07-13 03:26
11859,64,6630,2026-07-11 10:59,2026-07-11 11:39
11860,91,6883,2026-07-22 20:27,NULL
11861,53,4733,2026-07-30 13:56,2026-07-30 14:08
11862,36,950,2026-07-07 18:00,2026-07-07 18:10
11863,71,1025,2026-07-16 22:22,2026-07-16 23:13
11864,46,8664,2026-07-28 09:57,2026-07-28 11:53
11865,9,9975,2026-07-12 15:23,2026-07-12 15:43
11866,14,5418,2026-07-07 15:39,2026-07-07 16:24
11867,8,2785,2026-07-17 13:59,2026-07-17 14:31
11868,94,5313,2026-07-21 16:44,2026-07-21 17:32
11869,9,6800,2026-07-26 14:19,2026-07-26 15:12
11870,58,4040,2026-07-01 16:00,2026-07-01 17:17
11871,33,4691,2026-07-01 22:17,2026-07-01 22:53
11872,37,3957,2026-07-25 08:50,2026-07-25 10:30
11873,69,7153,2026-07-15 06:47,2026-07-15 08:21
11874,49,7089,2026-07-01 09:05,2026-07-01 10:27
11875,3,5257,2026-07-13 20:49,2026-07-13 22:27
11876,66,9829,2026-07-17 04:34,2026-07-17 05:49
11877,28,6163,2026-07-25 17:05,2026-07-25 18:50
11878,17,4904,2026-07-02 15:39,2026-07-02 16:31
11879,23,3163,2026-07-13 06:03,2026-07-13 07:35
11880,13,7023,2026-07-25 11:45,2026-07-25 13:30
11881,85,7893,2026-07-10 23:18,2026-07-10 23:32
11882,7,9099,2026-07-13 17:28,2026-07-13 18:00
11883,68,5230,2026-07-05 15:38,2026-07-05 16:50
11884,25,4606,2026-07-14 13:04,2026-07-14 13:31
11885,57,6396,2026-07-01 02:06,2026-07-01 03:26
11886,1,5193,2026-07-26 01:10,2026-07-26 02:48
11887,62,8971,2026-07-11 00:40,2026-07-11 01:36
11888,66,3786,2026-07-02 13:17,2026-07-02 14:03
11889,83,9409,2026-07-28 07:39,NULL
11890,10,736,2026-07-21 04:59,2026-07-21 06:36
11891,74,4145,2026-07-10 05:39,2026-07-10 05:49
11892,62,2409,2026-07-27 03:27,2026-07-27 05:23
11893,83,3638,2026-07-22 22:16,NULL
11894,74,1010,2026-07-07 08:38,2026-07-07 09:12
11895,87,2434,2026-07-02 15:14,2026-07-02 16:46
11896,13,1189,2026-07-09 16:34,2026-07-09 17:33
11897,100,7649,2026-07-10 00:15,2026-07-10 01:15
11898,56,5762,2026-07-12 08:44,2026-07-12 09:06
11899,88,6590,2026-07-18 10:39,NULL
11900,51,5199,2026-07-26 04:02,2026-07-26 05:21
11901,5,5894,2026-07-04 19:35,2026-07-04 21:28
11902,76,2326,2026-07-28 03:51,2026-07-28 05:30
11903,21,555,2026-07-11 15:08,2026-07-11 16:28
11904,76,1761,2026-07-26 12:18,NULL
11905,38,4374,2026-07-13 10:19,2026-07-13 12:15
11906,63,4818,2026-07-21 10:48,2026-07-21 12:42
11907,69,6658,2026-07-21 17:40,2026-07-21 19:08
11908,58,6716,2026-07-15 12:35,NULL
11909,31,4809,2026-07-16 00:03,2026-07-16 00:57
11910,51,2915,2026-07-17 22:07,2026-07-17 23:34
11911,2,2424,2026-07-10 16:54,2026-07-10 17:30
11912,62,7635,2026-07-22 19:34,2026-07-22 19:53
11913,66,8097,2026-07-22 22:33,2026-07-22 23:46
11914,2,9164,2026-07-23 23:43,NULL
11915,74,371,2026-07-04 18:13,2026-07-04 18:57
11916,92,2871,2026-07-09 09:39,2026-07-09 11:15
11917,97,6372,2026-07-06 15:44,2026-07-06 17:21
11918,42,329,2026-07-08 19:31,2026-07-08 21:09
11919,64,831,2026-07-11 11:37,2026-07-11 11:47
11920,38,3864,2026-07-13 07:23,2026-07-13 08:47
11921,9,5838,2026-07-09 12:47,2026-07-09 13:12
11922,54,3700,2026-07-08 08:37,2026-07-08 08:59
11923,37,6341,2026-07-26 01:55,2026-07-26 02:13
11924,7,8375,2026-07-18 22:24,2026-07-18 23:19
11925,13,9162,2026-07-22 04:46,NULL
11926,89,3757,2026-07-27 02:02,2026-07-27 03:38
11927,61,609,2026-07-18 11:43,2026-07-18 12:18
11928,70,8505,2026-07-06 07:41,2026-07-06 08:44
11929,10,6462,2026-07-23 19:17,2026-07-23 20:07
11930,63,883,2026-07-20 18:30,2026-07-20 20:09
11931,97,4453,2026-07-17 23:35,2026-07-17 23:51
11932,48,8271,2026-07-26 09:35,2026-07-26 11:00
11933,96,6171,2026-07-25 10:09,2026-07-25 10:40
11934,30,4428,2026-07-13 15:08,2026-07-13 16:18
11935,42,5806,2026-07-27 12:12,2026-07-27 13:06
11936,88,6783,2026-07-18 03:50,2026-07-18 05:04
11937,96,9079,2026-07-28 08:33,2026-07-28 08:49
11938,80,3561,2026-07-03 04:11,2026-07-03 05:25
11939,61,1697,2026-07-26 13:13,2026-07-26 13:36
11940,35,5858,2026-07-04 22:53,2026-07-04 23:44
11941,97,6960,2026-07-07 12:49,2026-07-07 14:26
11942,73,3274,2026-07-29 06:56,2026-07-29 07:29
11943,7,4322,2026-07-27 13:34,2026-07-27 13:44
11944,4,3349,2026-07-23 22:13,2026-07-23 23:16
11945,70,2391,2026-07-16 04:25,2026-07-16 05:38
11946,79,7285,2026-07-20 18:16,2026-07-20 18:32
11947,44,1105,2026-07-07 20:34,NULL
11948,6,3421,2026-07-06 21:40,2026-07-06 23:16
11949,52,3399,2026-07-19 07:19,2026-07-19 08:42
11950,19,1423,2026-07-03 01:03,2026-07-03 02:39
11951,82,2816,2026-07-18 09:43,2026-07-18 09:53
11952,54,1629,2026-07-02 02:31,2026-07-02 04:10
11953,61,1187,2026-07-26 17:21,2026-07-26 18:15
11954,96,4339,2026-07-17 19:26,2026-07-17 20:31
11955,18,254,2026-07-02 00:51,2026-07-02 01:23
11956,97,4195,2026-07-09 14:11,2026-07-09 15:30
11957,52,9677,2026-07-06 12:48,2026-07-06 14:24
11958,92,9407,2026-07-26 16:11,2026-07-26 17:52
11959,18,2447,2026-07-26 00:14,2026-07-26 00:44
11960,58,5031,2026-07-30 08:25,2026-07-30 08:41
11961,97,6649,2026-07-17 01:12,2026-07-17 02:17
11962,83,646,2026-07-18 01:19,2026-07-18 02:18
11963,94,9759,2026-07-23 01:50,2026-07-23 02:28
11964,46,7865,2026-07-12 01:55,2026-07-12 02:38
11965,14,9279,2026-07-19 16:04,2026-07-19 16:27
11966,97,6663,2026-07-15 08:52,2026-07-15 09:02
11967,27,1141,2026-07-25 07:18,2026-07-25 08:25
11968,50,8356,2026-07-28 16:43,2026-07-28 16:58
11969,81,4683,2026-07-13 10:30,2026-07-13 10:49
11970,53,3072,2026-07-09 20:53,2026-07-09 21:11
11971,80,7082,2026-07-28 17:47,2026-07-28 19:47
11972,87,3536,2026-07-09 19:58,NULL
11973,85,8188,2026-07-11 21:09,2026-07-11 21:59
11974,2,4407,2026-07-09 16:09,2026-07-09 17:56
11975,31,9136,2026-07-28 10:29,2026-07-28 12:01
11976,30,5046,2026-07-08 23:03,2026-07-09 00:42
11977,21,3498,2026-07-15 08:36,2026-07-15 09:37
11978,31,6050,2026-07-20 15:47,2026-07-20 16:53
11979,43,8548,2026-07-08 06:53,2026-07-08 08:36
11980,68,338,2026-07-28 23:43,2026-07-29 00:54
11981,78,4281,2026-07-14 10:57,NULL
11982,92,856,2026-07-06 15:28,2026-07-06 16:29
11983,18,5793,2026-07-14 23:23,2026-07-15 01:22
11984,88,9614,2026-07-25 02:46,2026-07-25 04:29
11985,8,7226,2026-07-05 00:29,2026-07-05 00:54
11986,96,6345,2026-07-06 22:32,2026-07-06 22:53
11987,88,4707,2026-07-17 17:59,2026-07-17 19:59
11988,98,7210,2026-07-14 08:43,2026-07-14 10:13
11989,94,6618,2026-07-10 07:12,2026-07-10 08:14
11990,56,9063,2026-07-12 10:30,2026-07-12 12:14
11991,3,5958,2026-07-29 01:40,2026-07-29 02:07
11992,77,4941,2026-07-22 00:05,2026-07-22 00:40
11993,68,4018,2026-07-13 14:12,2026-07-13 14:59
11994,7,2364,2026-07-13 00:28,NULL
11995,35,8321,2026-07-23 16:34,2026-07-23 16:59
11996,81,2897,2026-07-23 16:18,2026-07-23 16:44
11997,74,9990,2026-07-04 12:33,2026-07-04 13:35
11998,31,3888,2026-07-19 16:50,2026-07-19 17:53
11999,99,8020,2026-07-27 11:48,2026-07-27 13:32
12000,44,9549,2026-07-30 19:05,2026-07-30 19:25
12001,53,7259,2026-07-02 01:39,2026-07-02 02:14
12002,31,3001,2026-07-08 01:34,2026-07-08 02:41
12003,37,6794,2026-07-22 00:38,2026-07-22 00:49
12004,36,8777,2026-07-11 09:35,NULL
12005,29,8275,2026-07-04 17:24,2026-07-04 17:49
12006,32,4563,2026-07-28 20:32,NULL
12007,51,990,2026-07-22 10:52,2026-07-22 12:52
12008,43,8562,2026-07-20 03:33,2026-07-20 05:31
12009,75,6937,2026-07-14 10:43,2026-07-14 11:12
12010,77,7801,2026-07-29 20:03,2026-07-29 20:46
12011,93,1650,2026-07-06 13:00,2026-07-06 13:13
12012,52,7098,2026-07-10 05:19,2026-07-10 05:54
12013,77,2235,2026-07-21 21:20,2026-07-21 23:18
12014,54,1044,2026-07-04 07:12,2026-07-04 08:25
12015,55,2310,2026-07-01 15:10,2026-07-01 16:48
12016,21,1038,2026-07-05 14:16,2026-07-05 15:27
12017,1,8416,2026-07-08 12:13,2026-07-08 13:08
12018,51,3547,2026-07-16 15:57,2026-07-16 17:38
12019,88,8619,2026-07-21 18:53,2026-07-21 20:41
12020,26,1797,2026-07-07 23:48,NULL
12021,3,6907,2026-07-18 17:01,2026-07-18 18:06
12022,41,8785,2026-07-22 12:37,2026-07-22 13:56
12023,81,3961,2026-07-11 01:17,2026-07-11 03:09
12024,9,3922,2026-07-03 01:42,2026-07-03 03:22
12025,44,1908,2026-07-05 17:30,2026-07-05 17:50
12026,31,9340,2026-07-06 01:50,2026-07-06 02:29
12027,7,8247,2026-07-05 11:30,2026-07-05 12:45
12028,52,8146,2026-07-09 11:00,2026-07-09 11:54
12029,29,6832,2026-07-10 04:29,2026-07-10 05:55
12030,34,954,2026-07-06 05:58,2026-07-06 06:17
12031,15,4041,2026-07-23 09:08,2026-07-23 09:54
12032,28,2988,2026-07-06 09:53,2026-07-06 11:47
12033,47,4967,2026-07-13 04:51,2026-07-13 05:14
12034,57,4956,2026-07-25 18:32,2026-07-25 18:44
12035,24,5728,2026-07-14 09:01,2026-07-14 10:54
12036,17,3898,2026-07-08 17:07,2026-07-08 18:41
12037,84,6639,2026-07-03 20:38,NULL
12038,31,959,2026-07-07 07:29,NULL
12039,25,2449,2026-07-30 23:14,NULL
12040,30,3093,2026-07-27 06:55,2026-07-27 08:25
12041,45,2759,2026-07-24 07:13,2026-07-24 07:33
12042,18,7589,2026-07-23 22:03,2026-07-23 23:08
12043,38,4962,2026-07-04 08:03,2026-07-04 09:44
12044,2,9756,2026-07-01 19:56,2026-07-01 20:58
12045,56,96,2026-07-13 01:34,2026-07-13 02:01
12046,97,9131,2026-07-11 08:52,2026-07-11 09:56
12047,1,2627,2026-07-19 16:18,2026-07-19 17:23
12048,66,393,2026-07-21 04:47,NULL
12049,47,2009,2026-07-16 05:36,2026-07-16 07:11
12050,53,8891,2026-07-28 03:55,2026-07-28 05:51
12051,43,2302,2026-07-09 14:41,NULL
12052,20,1250,2026-07-04 13:16,2026-07-04 13:33
12053,39,5451,2026-07-28 22:55,2026-07-29 00:39
12054,78,259,2026-07-04 00:37,2026-07-04 01:04
12055,80,600,2026-07-15 09:21,2026-07-15 09:35
12056,68,1732,2026-07-06 07:16,2026-07-06 09:10
12057,79,2111,2026-07-09 19:48,2026-07-09 20:06
12058,84,7717,2026-07-02 14:27,2026-07-02 14:53
12059,60,2254,2026-07-06 07:08,2026-07-06 08:03
12060,36,8907,2026-07-21 11:34,2026-07-21 12:57
12061,72,7291,2026-07-13 15:56,2026-07-13 17:06
12062,38,4016,2026-07-21 12:02,2026-07-21 13:25
12063,82,9953,2026-07-03 22:49,NULL
12064,41,8115,2026-07-10 07:59,2026-07-10 09:00
12065,51,8232,2026-07-04 17:45,2026-07-04 19:19
12066,20,8856,2026-07-14 22:40,2026-07-14 23:56
12067,71,2178,2026-07-18 02:27,2026-07-18 03:25
12068,48,2352,2026-07-12 18:11,2026-07-12 19:46
12069,62,8367,2026-07-29 01:05,2026-07-29 01:20
12070,80,9208,2026-07-01 19:02,2026-07-01 19:23
12071,95,6741,2026-07-28 01:25,NULL
12072,75,5815,2026-07-26 13:46,2026-07-26 15:34
12073,18,4845,2026-07-18 13:40,2026-07-18 14:32
12074,99,8106,2026-07-14 05:52,2026-07-14 06:13
12075,85,953,2026-07-04 07:33,2026-07-04 09:25
12076,40,3517,2026-07-18 23:13,2026-07-19 00:17
12077,73,6515,2026-07-29 18:55,NULL
12078,26,4849,2026-07-12 04:14,2026-07-12 04:36
12079,91,3153,2026-07-12 01:19,2026-07-12 02:39
12080,84,7043,2026-07-28 01:12,2026-07-28 01:23
12081,63,6758,2026-07-11 20:39,2026-07-11 22:29
12082,56,6747,2026-07-22 22:25,2026-07-22 23:09
12083,15,6581,2026-07-06 10:01,2026-07-06 11:57
12084,29,4004,2026-07-20 11:33,NULL
12085,1,8917,2026-07-03 02:16,2026-07-03 03:13
12086,42,6829,2026-07-12 00:35,2026-07-12 01:01
12087,60,5771,2026-07-10 08:05,2026-07-10 09:58
12088,97,8524,2026-07-22 01:39,2026-07-22 02:11
12089,24,5603,2026-07-12 02:05,2026-07-12 02:36
12090,84,1420,2026-07-18 19:34,NULL
12091,74,3789,2026-07-10 13:56,2026-07-10 14:57
12092,62,2259,2026-07-28 17:31,2026-07-28 19:08
12093,25,2104,2026-07-21 01:25,2026-07-21 03:04
12094,24,5113,2026-07-14 01:36,NULL
12095,92,3927,2026-07-14 19:38,2026-07-14 20:23
12096,98,4923,2026-07-11 05:08,2026-07-11 05:19
12097,15,2224,2026-07-01 02:00,2026-07-01 02:33
12098,11,9363,2026-07-30 20:01,2026-07-30 21:20
12099,74,2850,2026-07-25 12:32,2026-07-25 14:21
12100,14,7788,2026-07-07 04:13,NULL
12101,44,9970,2026-07-01 23:03,2026-07-02 00:56
12102,30,5933,2026-07-23 23:58,2026-07-24 00:44
12103,56,6637,2026-07-09 05:08,2026-07-09 06:51
12104,22,7482,2026-07-18 11:48,2026-07-18 13:09
12105,89,9379,2026-07-26 01:22,2026-07-26 01:38
12106,86,2634,2026-07-23 08:17,2026-07-23 08:58
12107,66,5042,2026-07-18 08:57,2026-07-18 10:03
12108,53,3022,2026-07-03 05:01,2026-07-03 06:32
12109,60,3014,2026-07-19 23:23,2026-07-20 00:29
12110,98,6907,2026-07-10 16:26,2026-07-10 17:50
12111,43,1123,2026-07-07 15:46,2026-07-07 15:59
12112,92,6668,2026-07-07 22:59,2026-07-07 23:57
12113,72,362,2026-07-13 07:56,2026-07-13 08:51
12114,28,2210,2026-07-21 02:20,2026-07-21 02:43
12115,55,6663,2026-07-11 08:03,2026-07-11 08:23
12116,14,7391,2026-07-07 04:19,2026-07-07 05:34
12117,74,9546,2026-07-30 10:19,2026-07-30 10:38
12118,79,8736,2026-07-05 05:21,2026-07-05 06:25
12119,1,3415,2026-07-12 04:27,2026-07-12 06:08
12120,26,3588,2026-07-05 10:00,2026-07-05 11:22
12121,50,2079,2026-07-11 06:16,2026-07-11 07:07
12122,58,5067,2026-07-25 01:38,2026-07-25 03:26
12123,68,6802,2026-07-09 03:32,2026-07-09 04:02
12124,76,9770,2026-07-04 10:43,2026-07-04 11:18
12125,69,3521,2026-07-20 10:42,2026-07-20 11:03
12126,16,9397,2026-07-10 17:11,2026-07-10 17:33
12127,8,4251,2026-07-20 08:46,2026-07-20 10:45
12128,35,4803,2026-07-26 11:29,2026-07-26 13:09
12129,56,8012,2026-07-28 02:56,2026-07-28 04:08
12130,88,9597,2026-07-30 08:02,2026-07-30 08:31
12131,70,1655,2026-07-14 01:31,2026-07-14 02:24
12132,20,4131,2026-07-24 18:18,2026-07-24 18:43
12133,95,4426,2026-07-24 12:16,2026-07-24 13:24
12134,24,8139,2026-07-13 18:14,2026-07-13 18:52
12135,31,2489,2026-07-23 06:47,2026-07-23 08:46
12136,100,9967,2026-07-05 18:43,2026-07-05 19:08
12137,85,2865,2026-07-16 07:03,2026-07-16 08:19
12138,73,7992,2026-07-12 20:43,2026-07-12 21:05
12139,12,6770,2026-07-06 13:06,2026-07-06 14:50
12140,40,3561,2026-07-11 17:28,2026-07-11 17:56
12141,27,2585,2026-07-12 00:04,2026-07-12 00:23
12142,25,3451,2026-07-08 21:28,2026-07-08 22:22
12143,32,6237,2026-07-28 22:41,2026-07-28 23:40
12144,33,5160,2026-07-21 22:27,2026-07-21 23:30
12145,93,3006,2026-07-19 05:38,2026-07-19 06:12
12146,87,5606,2026-07-20 01:40,2026-07-20 01:52
12147,18,1149,2026-07-19 22:35,2026-07-19 22:55
12148,81,9808,2026-07-17 06:13,2026-07-17 07:14
12149,79,4259,2026-07-10 18:51,2026-07-10 19:55
12150,46,9501,2026-07-15 16:32,2026-07-15 17:09
12151,39,7515,2026-07-09 17:05,2026-07-09 19:04
12152,49,827,2026-07-21 06:32,2026-07-21 07:02
12153,56,4701,2026-07-07 20:38,NULL
12154,2,8546,2026-07-09 03:18,2026-07-09 03:32
12155,78,3728,2026-07-03 07:45,2026-07-03 08:59
12156,57,848,2026-07-16 19:20,2026-07-16 19:44
12157,83,3218,2026-07-12 20:25,2026-07-12 21:50
12158,23,323,2026-07-13 11:23,2026-07-13 12:47
12159,70,2654,2026-07-01 01:03,2026-07-01 01:53
12160,43,2680,2026-07-11 23:37,2026-07-12 01:06
12161,7,2156,2026-07-27 21:29,2026-07-27 23:10
12162,33,7899,2026-07-01 07:52,2026-07-01 08:57
12163,23,6688,2026-07-01 03:39,2026-07-01 04:07
12164,99,1195,2026-07-09 15:09,2026-07-09 15:24
12165,32,4075,2026-07-06 04:39,NULL
12166,8,3607,2026-07-15 18:23,2026-07-15 18:47
12167,16,680,2026-07-12 20:57,2026-07-12 22:00
12168,10,7943,2026-07-19 20:51,2026-07-19 22:16
12169,68,1072,2026-07-24 20:30,2026-07-24 22:26
12170,55,2534,2026-07-17 00:43,NULL
12171,7,8974,2026-07-22 05:14,2026-07-22 05:44
12172,51,3146,2026-07-30 10:11,2026-07-30 10:42
12173,44,881,2026-07-02 19:05,2026-07-02 20:53
12174,23,5132,2026-07-18 02:21,2026-07-18 03:09
12175,100,4136,2026-07-21 05:43,2026-07-21 07:19
12176,98,6252,2026-07-05 00:25,2026-07-05 02:01
12177,86,8815,2026-07-12 07:38,2026-07-12 09:37
12178,34,3913,2026-07-01 06:49,NULL
12179,84,9630,2026-07-24 21:57,2026-07-24 22:36
12180,87,4004,2026-07-22 05:46,2026-07-22 06:11
12181,40,5914,2026-07-09 07:27,2026-07-09 09:15
12182,45,799,2026-07-12 18:54,2026-07-12 20:02
12183,8,4584,2026-07-10 08:01,2026-07-10 09:11
12184,77,4517,2026-07-07 19:58,2026-07-07 21:34
12185,65,2271,2026-07-19 21:38,NULL
12186,12,7181,2026-07-28 04:27,2026-07-28 06:12
12187,1,5785,2026-07-27 23:31,NULL
12188,29,9889,2026-07-03 12:00,2026-07-03 12:42
12189,81,1845,2026-07-12 17:06,2026-07-12 17:26
12190,27,3712,2026-07-15 03:29,2026-07-15 03:54
12191,39,3481,2026-07-24 00:25,2026-07-24 01:05
12192,84,1974,2026-07-15 10:07,2026-07-15 11:35
12193,12,3868,2026-07-22 17:39,2026-07-22 18:13
12194,88,7631,2026-07-11 02:04,2026-07-11 02:42
12195,31,8202,2026-07-09 05:04,2026-07-09 06:34
12196,29,3978,2026-07-27 20:56,2026-07-27 21:51
12197,78,6686,2026-07-25 01:58,2026-07-25 03:10
12198,47,9016,2026-07-08 02:35,2026-07-08 03:12
12199,20,7069,2026-07-07 18:02,2026-07-07 18:38
12200,89,7677,2026-07-05 01:53,2026-07-05 03:10
12201,75,1750,2026-07-19 05:36,2026-07-19 06:09
12202,59,4692,2026-07-04 13:41,NULL
12203,77,5658,2026-07-04 04:13,NULL
12204,5,9475,2026-07-17 20:25,2026-07-17 22:05
12205,78,5860,2026-07-22 05:52,2026-07-22 07:15
12206,12,8606,2026-07-01 14:17,2026-07-01 14:29
12207,17,6048,2026-07-25 13:11,2026-07-25 15:07
12208,86,8974,2026-07-15 22:28,2026-07-16 00:19
12209,19,4700,2026-07-26 01:08,2026-07-26 02:55
12210,26,1564,2026-07-24 11:34,2026-07-24 11:45
12211,12,4303,2026-07-10 20:38,2026-07-10 21:56
12212,98,5168,2026-07-30 07:43,NULL
12213,1,9718,2026-07-29 21:38,NULL
12214,52,624,2026-07-14 10:21,2026-07-14 11:52
12215,16,7331,2026-07-02 09:56,2026-07-02 11:28
12216,46,4540,2026-07-14 17:35,2026-07-14 17:59
12217,60,3710,2026-07-28 14:05,2026-07-28 15:56
12218,13,975,2026-07-05 20:07,2026-07-05 20:48
12219,78,3463,2026-07-25 06:41,2026-07-25 07:24
12220,18,2035,2026-07-09 11:01,2026-07-09 12:43
12221,84,8877,2026-07-17 04:04,2026-07-17 04:49
12222,37,7039,2026-07-07 20:36,2026-07-07 21:26
12223,52,6891,2026-07-30 07:11,2026-07-30 07:39
12224,3,6127,2026-07-23 08:15,2026-07-23 09:22
12225,16,3404,2026-07-02 17:42,2026-07-02 18:03
12226,58,9774,2026-07-14 05:01,2026-07-14 05:14
12227,43,4734,2026-07-30 03:46,2026-07-30 04:32
12228,83,8922,2026-07-05 13:23,2026-07-05 13:52
12229,14,4863,2026-07-20 16:44,2026-07-20 17:08
12230,55,3102,2026-07-22 21:56,2026-07-22 22:37
12231,51,2211,2026-07-06 13:55,2026-07-06 15:40
12232,59,9715,2026-07-28 09:36,2026-07-28 11:08
12233,91,5981,2026-07-02 17:06,2026-07-02 17:16
12234,100,7463,2026-07-28 22:58,2026-07-28 23:17
12235,85,8636,2026-07-17 13:52,2026-07-17 14:12
12236,88,557,2026-07-05 11:35,NULL
12237,24,8360,2026-07-08 12:18,2026-07-08 12:53
12238,88,2732,2026-07-04 07:22,2026-07-04 08:41
12239,30,1055,2026-07-16 13:57,2026-07-16 15:57
12240,63,9035,2026-07-30 22:36,2026-07-31 00:05
12241,82,9477,2026-07-02 06:22,2026-07-02 07:29
12242,98,4536,2026-07-10 08:01,2026-07-10 08:26
12243,92,749,2026-07-07 22:10,NULL
12244,68,8834,2026-07-24 16:28,2026-07-24 16:52
12245,48,6289,2026-07-12 12:17,2026-07-12 12:39
12246,30,2038,2026-07-05 18:13,2026-07-05 19:24
12247,30,2675,2026-07-09 23:47,2026-07-10 01:24
12248,94,9514,2026-07-12 15:17,2026-07-12 16:24
12249,35,2537,2026-07-08 20:16,2026-07-08 20:33
12250,41,4058,2026-07-29 14:46,2026-07-29 14:58
12251,81,1637,2026-07-14 17:25,NULL
12252,5,574,2026-07-07 01:58,2026-07-07 02:13
12253,13,8576,2026-07-29 10:46,2026-07-29 12:28
12254,6,4,2026-07-18 05:12,2026-07-18 05:35
12255,73,7428,2026-07-15 14:15,2026-07-15 14:50
12256,42,6360,2026-07-06 13:49,2026-07-06 15:03
12257,44,906,2026-07-30 03:53,NULL
12258,94,4394,2026-07-21 05:36,2026-07-21 07:25
12259,56,5562,2026-07-05 09:37,2026-07-05 11:12
12260,45,4436,2026-07-28 15:50,2026-07-28 16:15
12261,45,1961,2026-07-30 19:58,2026-07-30 21:43
12262,87,8390,2026-07-23 05:23,2026-07-23 05:36
12263,15,2263,2026-07-18 16:57,2026-07-18 17:53
12264,53,1494,2026-07-30 12:57,2026-07-30 14:14
12265,35,906,2026-07-05 03:04,2026-07-05 03:30
12266,3,1334,2026-07-09 13:13,2026-07-09 13:49
12267,23,6976,2026-07-20 01:17,2026-07-20 02:04
12268,85,5783,2026-07-25 20:23,2026-07-25 20:59
12269,17,868,2026-07-20 09:38,2026-07-20 10:31
12270,4,1301,2026-07-16 05:57,2026-07-16 06:11
12271,74,2996,2026-07-16 16:27,2026-07-16 16:38
12272,11,5106,2026-07-29 19:28,2026-07-29 19:38
12273,7,8926,2026-07-18 17:25,NULL
12274,5,5955,2026-07-13 23:47,2026-07-14 01:38
12275,7,8841,2026-07-09 07:12,2026-07-09 07:41
12276,57,1580,2026-07-25 13:29,NULL
12277,7,9832,2026-07-20 05:16,2026-07-20 06:24
12278,74,1471,2026-07-30 06:32,2026-07-30 07:57
12279,61,1606,2026-07-16 07:39,2026-07-16 09:35
12280,58,5985,2026-07-01 20:31,2026-07-01 20:57
12281,88,8318,2026-07-12 16:14,2026-07-12 16:44
12282,84,5064,2026-07-10 13:19,NULL
12283,83,964,2026-07-15 10:33,2026-07-15 12:00
12284,19,7311,2026-07-01 15:12,2026-07-01 17:07
12285,31,6280,2026-07-22 00:53,NULL
12286,28,9027,2026-07-21 05:52,2026-07-21 07:27
12287,18,3743,2026-07-30 01:45,2026-07-30 03:37
12288,84,5217,2026-07-07 18:09,2026-07-07 19:43
12289,32,1273,2026-07-01 02:12,2026-07-01 04:04
12290,32,8309,2026-07-10 07:17,2026-07-10 08:56
12291,91,5612,2026-07-20 16:26,2026-07-20 18:16
12292,12,7301,2026-07-16 01:02,2026-07-16 02:01
12293,73,2549,2026-07-21 14:24,2026-07-21 15:31
12294,78,1959,2026-07-21 11:16,2026-07-21 13:12
12295,4,6045,2026-07-08 21:08,2026-07-08 22:23
12296,60,2106,2026-07-30 18:29,2026-07-30 19:52
12297,49,8350,2026-07-17 15:01,2026-07-17 15:50
12298,11,9349,2026-07-17 22:45,2026-07-18 00:44
12299,27,758,2026-07-22 01:53,2026-07-22 02:14
12300,54,1412,2026-07-25 09:50,2026-07-25 10:46
12301,100,6588,2026-07-08 06:29,2026-07-08 08:13
12302,98,1871,2026-07-18 13:30,2026-07-18 15:28
12303,85,2328,2026-07-25 06:19,2026-07-25 07:20
12304,24,8109,2026-07-23 07:35,2026-07-23 07:56
12305,11,9407,2026-07-21 18:51,NULL
12306,47,529,2026-07-14 04:38,2026-07-14 05:21
12307,69,1272,2026-07-21 08:04,2026-07-21 08:31
12308,27,1837,2026-07-09 17:58,2026-07-09 19:18
12309,95,1545,2026-07-12 07:25,2026-07-12 08:41
12310,89,2902,2026-07-30 19:06,2026-07-30 19:52
12311,15,2284,2026-07-29 20:59,NULL
12312,15,5707,2026-07-18 20:48,NULL
12313,83,5577,2026-07-17 09:57,2026-07-17 11:53
12314,74,1875,2026-07-23 11:03,2026-07-23 12:39
12315,28,4624,2026-07-26 16:17,2026-07-26 17:06
12316,13,2681,2026-07-10 13:45,2026-07-10 14:59
12317,89,9942,2026-07-07 05:39,2026-07-07 06:46
12318,91,3288,2026-07-25 10:07,2026-07-25 12:06
12319,44,9563,2026-07-18 17:32,2026-07-18 18:12
12320,58,733,2026-07-20 14:56,2026-07-20 15:22
12321,36,9575,2026-07-27 07:40,2026-07-27 08:53
12322,92,2638,2026-07-10 11:53,2026-07-10 13:00
12323,53,2354,2026-07-24 06:17,2026-07-24 06:50
12324,99,1412,2026-07-28 17:00,2026-07-28 18:03
12325,28,2237,2026-07-04 21:29,2026-07-04 22:19
12326,83,6969,2026-07-07 21:31,2026-07-07 22:10
12327,49,8973,2026-07-18 00:37,NULL
12328,97,3162,2026-07-16 21:45,2026-07-16 23:12
12329,2,3937,2026-07-02 13:16,2026-07-02 13:52
12330,35,5037,2026-07-07 03:34,2026-07-07 05:17
12331,15,8390,2026-07-25 17:34,2026-07-25 18:20
12332,77,971,2026-07-12 00:26,2026-07-12 02:10
12333,73,4061,2026-07-24 15:51,2026-07-24 16:56
12334,99,4265,2026-07-26 11:27,2026-07-26 11:55
12335,1,5799,2026-07-10 11:46,2026-07-10 12:49
12336,90,3027,2026-07-25 17:34,2026-07-25 18:12
12337,66,2925,2026-07-10 14:41,2026-07-10 16:20
12338,13,9813,2026-07-22 23:00,2026-07-23 00:07
12339,97,6347,2026-07-20 04:16,2026-07-20 05:47
12340,38,3273,2026-07-07 00:27,2026-07-07 01:47
12341,12,2501,2026-07-11 19:26,2026-07-11 20:23
12342,2,139,2026-07-02 02:28,2026-07-02 02:51
12343,3,6174,2026-07-08 03:22,2026-07-08 04:40
12344,14,4594,2026-07-07 19:30,NULL
12345,81,2268,2026-07-18 00:10,2026-07-18 01:41
12346,98,1493,2026-07-05 01:31,2026-07-05 02:15
12347,2,7341,2026-07-30 00:48,2026-07-30 01:09
12348,76,5085,2026-07-24 23:03,2026-07-25 00:15
12349,100,1454,2026-07-12 16:51,NULL
12350,96,5731,2026-07-13 04:41,2026-07-13 06:04
12351,81,5465,2026-07-13 23:24,2026-07-13 23:48
12352,63,8094,2026-07-12 13:55,2026-07-12 14:31
12353,56,3942,2026-07-30 14:01,2026-07-30 14:27
12354,64,7077,2026-07-15 14:16,2026-07-15 15:33
12355,43,9518,2026-07-23 06:35,2026-07-23 08:14
12356,76,3494,2026-07-26 10:03,NULL
12357,23,6680,2026-07-16 15:35,2026-07-16 17:12
12358,51,6550,2026-07-15 18:20,2026-07-15 19:14
12359,17,1461,2026-07-18 13:44,NULL
12360,86,6433,2026-07-04 23:29,2026-07-05 00:25
12361,12,8018,2026-07-27 18:39,2026-07-27 19:57
12362,91,400,2026-07-15 05:30,2026-07-15 05:50
12363,32,6408,2026-07-14 22:57,2026-07-15 00:30
12364,1,4505,2026-07-14 00:23,2026-07-14 01:12
12365,75,6190,2026-07-13 00:14,2026-07-13 01:30
12366,43,8259,2026-07-15 09:54,2026-07-15 11:28
12367,26,5655,2026-07-12 00:17,2026-07-12 02:05
12368,87,885,2026-07-02 03:58,2026-07-02 04:32
12369,34,1680,2026-07-22 16:26,2026-07-22 18:02
12370,94,8850,2026-07-08 22:50,2026-07-08 23:40
12371,33,1105,2026-07-18 14:52,2026-07-18 15:39
12372,77,6373,2026-07-02 11:43,NULL
12373,79,5695,2026-07-24 14:33,2026-07-24 15:05
12374,1,7870,2026-07-22 15:42,2026-07-22 16:58
12375,92,7611,2026-07-03 21:02,2026-07-03 21:29
12376,44,8115,2026-07-03 18:35,2026-07-03 19:59
12377,41,1685,2026-07-07 07:22,2026-07-07 09:05
12378,58,3400,2026-07-30 05:28,2026-07-30 07:22
12379,1,2453,2026-07-12 20:20,2026-07-12 21:36
12380,88,1070,2026-07-22 22:52,2026-07-23 00:05
12381,22,4312,2026-07-14 09:14,2026-07-14 09:58
12382,62,2421,2026-07-15 16:25,2026-07-15 18:03
12383,91,4544,2026-07-19 14:31,2026-07-19 16:28
12384,22,3637,2026-07-23 00:44,2026-07-23 01:36
12385,28,45,2026-07-23 16:35,2026-07-23 18:11
12386,79,9775,2026-07-19 17:35,2026-07-19 19:10
12387,96,2626,2026-07-04 09:23,2026-07-04 10:30
12388,15,515,2026-07-18 06:31,2026-07-18 08:12
12389,32,4103,2026-07-19 23:11,2026-07-19 23:28
12390,43,5113,2026-07-13 08:44,2026-07-13 09:53
12391,63,1002,2026-07-11 12:51,2026-07-11 14:18
12392,59,2942,2026-07-02 08:47,2026-07-02 09:28
12393,84,5271,2026-07-02 00:54,2026-07-02 01:44
12394,13,6183,2026-07-15 19:52,2026-07-15 20:29
12395,72,8602,2026-07-02 15:18,2026-07-02 16:19
12396,48,7522,2026-07-13 12:28,2026-07-13 13:36
12397,43,4471,2026-07-24 11:48,2026-07-24 12:01
12398,98,7214,2026-07-14 16:01,2026-07-14 16:28
12399,30,7925,2026-07-17 19:13,2026-07-17 19:40
12400,12,4273,2026-07-01 06:30,2026-07-01 07:54
12401,83,4141,2026-07-24 21:15,NULL
12402,3,7891,2026-07-08 02:16,2026-07-08 02:29
12403,91,4810,2026-07-01 16:00,2026-07-01 17:32
12404,75,8834,2026-07-29 22:51,2026-07-30 00:16
12405,71,1413,2026-07-29 14:10,2026-07-29 15:27
12406,31,785,2026-07-28 06:55,2026-07-28 07:45
12407,88,3358,2026-07-08 19:53,2026-07-08 21:18
12408,25,7518,2026-07-04 17:54,2026-07-04 18:34
12409,16,9661,2026-07-13 13:34,NULL
12410,42,7289,2026-07-25 05:13,2026-07-25 06:39
12411,25,5597,2026-07-30 14:59,2026-07-30 15:25
12412,21,1286,2026-07-10 02:17,2026-07-10 04:07
12413,58,4344,2026-07-27 01:14,2026-07-27 02:33
12414,46,6871,2026-07-30 10:18,2026-07-30 11:36
12415,88,1202,2026-07-14 23:11,2026-07-15 01:01
12416,56,5793,2026-07-17 10:33,2026-07-17 11:18
12417,86,2853,2026-07-07 12:44,2026-07-07 12:57
12418,72,7973,2026-07-24 18:38,2026-07-24 20:12
12419,8,6997,2026-07-05 22:36,2026-07-05 23:23
12420,48,2473,2026-07-04 14:19,2026-07-04 15:57
12421,66,6734,2026-07-05 22:06,2026-07-05 22:39
12422,46,2263,2026-07-23 10:49,2026-07-23 11:25
12423,1,7712,2026-07-18 13:08,NULL
12424,29,9816,2026-07-29 18:35,2026-07-29 19:05
12425,59,112,2026-07-08 16:31,2026-07-08 18:02
12426,57,6752,2026-07-30 05:25,2026-07-30 06:01
12427,16,8483,2026-07-09 06:06,2026-07-09 07:41
12428,43,3056,2026-07-25 00:29,2026-07-25 01:17
12429,20,7447,2026-07-05 16:20,2026-07-05 17:16
12430,86,9537,2026-07-27 23:31,2026-07-28 00:55
12431,32,6045,2026-07-07 21:29,2026-07-07 21:50
12432,84,342,2026-07-03 08:26,NULL
12433,100,5364,2026-07-27 11:03,NULL
12434,57,3353,2026-07-01 04:05,2026-07-01 04:46
12435,12,5161,2026-07-13 18:01,2026-07-13 19:44
12436,35,2249,2026-07-06 02:47,2026-07-06 03:43
12437,83,6734,2026-07-09 11:37,2026-07-09 13:21
12438,38,3667,2026-07-01 18:33,2026-07-01 19:46
12439,22,4477,2026-07-24 10:00,2026-07-24 10:50
12440,18,9972,2026-07-14 09:44,2026-07-14 10:28
12441,14,2112,2026-07-28 15:18,2026-07-28 17:04
12442,21,6494,2026-07-12 05:32,2026-07-12 06:22
12443,100,9649,2026-07-16 23:13,2026-07-16 23:31
12444,86,6089,2026-07-01 09:06,2026-07-01 09:26
12445,82,9153,2026-07-05 08:56,2026-07-05 10:48
12446,93,5843,2026-07-02 19:34,2026-07-02 21:34
12447,36,2422,2026-07-15 06:33,2026-07-15 07:23
12448,32,2955,2026-07-04 16:34,2026-07-04 17:23
12449,76,1241,2026-07-13 06:02,2026-07-13 08:02
12450,82,9481,2026-07-09 07:25,NULL
12451,65,3188,2026-07-28 09:07,2026-07-28 09:27
12452,93,6946,2026-07-29 06:08,2026-07-29 08:03
12453,62,4077,2026-07-11 18:13,2026-07-11 20:13
12454,88,5606,2026-07-18 07:01,2026-07-18 08:26
12455,77,1330,2026-07-27 07:28,2026-07-27 08:54
12456,83,2994,2026-07-30 16:43,2026-07-30 18:14
12457,20,9210,2026-07-01 05:20,2026-07-01 07:20
12458,45,3271,2026-07-30 01:29,2026-07-30 02:49
12459,79,7075,2026-07-24 11:38,2026-07-24 12:56
12460,9,2902,2026-07-22 04:15,NULL
12461,40,5250,2026-07-04 11:17,2026-07-04 12:41
12462,47,8727,2026-07-25 16:04,2026-07-25 16:44
12463,24,296,2026-07-10 13:09,2026-07-10 15:01
12464,14,1940,2026-07-09 12:26,2026-07-09 13:26
12465,20,2072,2026-07-26 10:04,2026-07-26 11:12
12466,2,6349,2026-07-30 02:39,NULL
12467,5,1071,2026-07-23 12:53,2026-07-23 14:11
12468,34,5955,2026-07-15 10:19,2026-07-15 11:13
12469,88,5129,2026-07-01 21:46,2026-07-01 22:27
12470,48,6170,2026-07-08 10:20,2026-07-08 12:17
12471,92,8873,2026-07-17 09:34,2026-07-17 10:54
12472,74,555,2026-07-21 20:21,2026-07-21 21:30
12473,97,7974,2026-07-22 17:35,2026-07-22 18:18
12474,27,8453,2026-07-09 20:13,2026-07-09 20:58
12475,86,2478,2026-07-21 21:29,2026-07-21 21:42
12476,19,6796,2026-07-27 20:05,2026-07-27 20:18
12477,87,8942,2026-07-09 00:47,NULL
12478,98,4475,2026-07-10 08:45,2026-07-10 10:23
12479,11,2832,2026-07-12 03:30,2026-07-12 05:22
12480,74,670,2026-07-11 07:56,2026-07-11 09:41
12481,14,3629,2026-07-27 06:07,2026-07-27 08:06
12482,70,9128,2026-07-08 22:29,2026-07-08 23:11
12483,95,1513,2026-07-09 21:19,NULL
12484,76,3299,2026-07-21 10:34,2026-07-21 10:53
12485,63,7249,2026-07-08 01:21,NULL
12486,6,9038,2026-07-30 09:24,2026-07-30 10:52
12487,57,8614,2026-07-29 18:51,2026-07-29 19:21
12488,36,3146,2026-07-16 22:29,2026-07-17 00:04
12489,100,3845,2026-07-21 16:43,NULL
12490,8,8905,2026-07-10 10:06,2026-07-10 11:18
12491,39,9823,2026-07-11 20:29,NULL
12492,76,3607,2026-07-21 11:43,2026-07-21 13:36
12493,99,2845,2026-07-22 08:47,2026-07-22 09:37
12494,77,6712,2026-07-21 01:00,2026-07-21 01:33
12495,47,2732,2026-07-14 05:20,2026-07-14 07:08
12496,30,8998,2026-07-19 16:22,2026-07-19 16:50
12497,54,1241,2026-07-11 17:35,2026-07-11 18:50
12498,27,7967,2026-07-15 22:46,2026-07-15 23:12
12499,73,7578,2026-07-18 15:09,2026-07-18 15:25
12500,100,9481,2026-07-08 08:16,2026-07-08 09:00
12501,100,6292,2026-07-17 20:32,2026-07-17 20:49
12502,54,5590,2026-07-06 13:54,2026-07-06 15:27
12503,41,1699,2026-07-29 02:25,2026-07-29 02:38
12504,97,51,2026-07-30 06:34,2026-07-30 07:06
12505,92,8093,2026-07-01 19:23,2026-07-01 19:33
12506,43,9987,2026-07-04 01:23,2026-07-04 01:43
12507,14,9744,2026-07-22 23:04,2026-07-23 00:31
12508,78,6879,2026-07-12 22:43,2026-07-12 23:48
12509,40,7672,2026-07-24 12:07,2026-07-24 13:35
12510,53,1090,2026-07-23 16:47,2026-07-23 18:02
12511,48,5662,2026-07-07 12:41,2026-07-07 13:07
12512,54,974,2026-07-06 18:45,2026-07-06 19:57
12513,51,7952,2026-07-23 12:40,2026-07-23 12:57
12514,49,5164,2026-07-18 07:35,2026-07-18 08:19
12515,38,1344,2026-07-28 15:47,2026-07-28 16:17
12516,61,984,2026-07-10 13:48,NULL
12517,22,2708,2026-07-26 11:18,2026-07-26 13:10
12518,44,9307,2026-07-02 14:23,2026-07-02 15:29
12519,2,4138,2026-07-11 07:27,2026-07-11 08:45
12520,95,2499,2026-07-08 23:43,2026-07-09 00:07
12521,79,7678,2026-07-22 15:38,2026-07-22 17:25
12522,58,9475,2026-07-08 01:25,2026-07-08 02:46
12523,75,7858,2026-07-03 06:28,2026-07-03 06:40
12524,53,5918,2026-07-30 18:56,NULL
12525,58,6313,2026-07-02 08:29,2026-07-02 09:44
12526,28,1329,2026-07-03 17:14,2026-07-03 18:44
12527,88,6799,2026-07-04 05:17,2026-07-04 05:44
12528,80,2208,2026-07-28 20:42,2026-07-28 22:07
12529,33,8,2026-07-14 05:35,2026-07-14 06:30
12530,22,53,2026-07-09 00:39,2026-07-09 02:10
12531,39,7517,2026-07-27 13:23,2026-07-27 14:45
12532,43,554,2026-07-18 22:28,2026-07-18 22:56
12533,64,7693,2026-07-03 00:22,2026-07-03 00:39
12534,17,5663,2026-07-30 13:07,2026-07-30 14:57
12535,100,4852,2026-07-17 02:14,2026-07-17 04:03
12536,21,5282,2026-07-13 15:43,2026-07-13 16:21
12537,3,9395,2026-07-23 18:39,NULL
12538,69,7019,2026-07-15 13:57,2026-07-15 15:53
12539,23,8625,2026-07-21 15:08,2026-07-21 15:50
12540,58,9179,2026-07-18 13:03,2026-07-18 13:17
12541,89,1498,2026-07-06 03:01,2026-07-06 03:41
12542,55,6439,2026-07-13 14:53,2026-07-13 15:04
12543,10,348,2026-07-17 10:30,2026-07-17 11:57
12544,90,6771,2026-07-21 02:49,2026-07-21 04:03
12545,22,8747,2026-07-11 01:54,2026-07-11 03:24
12546,37,5207,2026-07-16 14:42,2026-07-16 15:46
12547,94,2980,2026-07-27 12:37,2026-07-27 13:33
12548,50,8640,2026-07-09 07:32,2026-07-09 09:06
12549,9,2610,2026-07-04 04:09,NULL
12550,94,8789,2026-07-03 08:27,2026-07-03 08:54
12551,68,794,2026-07-15 16:33,2026-07-15 17:38
12552,9,186,2026-07-14 15:59,2026-07-14 16:33
12553,79,9473,2026-07-19 18:29,2026-07-19 20:11
12554,26,7602,2026-07-28 01:41,2026-07-28 02:34
12555,83,342,2026-07-03 19:47,2026-07-03 21:08
12556,2,5150,2026-07-23 23:46,NULL
12557,28,9381,2026-07-24 05:51,NULL
12558,13,5451,2026-07-01 12:46,2026-07-01 13:06
12559,74,2953,2026-07-21 07:32,2026-07-21 08:55
12560,3,4870,2026-07-23 20:44,2026-07-23 21:47
12561,91,1017,2026-07-24 10:25,2026-07-24 12:20
12562,68,6623,2026-07-13 05:20,NULL
12563,81,5183,2026-07-13 02:21,2026-07-13 03:46
12564,11,9503,2026-07-04 15:01,2026-07-04 15:35
12565,62,4,2026-07-28 16:27,2026-07-28 16:56
12566,16,5815,2026-07-12 10:33,2026-07-12 12:01
12567,33,2171,2026-07-14 11:08,2026-07-14 12:03
12568,14,4467,2026-07-30 04:04,2026-07-30 04:53
12569,78,456,2026-07-29 22:09,2026-07-29 22:55
12570,20,15,2026-07-12 04:32,2026-07-12 05:30
12571,29,5743,2026-07-27 13:19,2026-07-27 13:55
12572,89,4290,2026-07-06 04:32,2026-07-06 05:37
12573,6,8645,2026-07-10 05:17,2026-07-10 07:16
12574,61,2499,2026-07-19 22:56,2026-07-20 00:23
12575,49,3139,2026-07-05 06:36,2026-07-05 08:24
12576,7,6065,2026-07-04 22:20,2026-07-04 23:08
12577,11,7939,2026-07-04 02:45,2026-07-04 04:07
12578,96,8591,2026-07-01 08:42,2026-07-01 09:49
12579,74,6104,2026-07-08 11:21,2026-07-08 13:00
12580,86,456,2026-07-18 14:45,2026-07-18 15:56
12581,86,1448,2026-07-29 16:31,2026-07-29 16:47
12582,91,8022,2026-07-10 02:05,NULL
12583,85,6367,2026-07-22 12:51,2026-07-22 13:41
12584,84,8399,2026-07-14 05:26,2026-07-14 06:23
12585,7,309,2026-07-08 10:02,2026-07-08 11:16
12586,73,428,2026-07-04 16:34,2026-07-04 17:21
12587,97,2203,2026-07-15 03:28,2026-07-15 04:02
12588,6,2721,2026-07-14 16:08,2026-07-14 16:35
12589,18,7233,2026-07-10 17:38,2026-07-10 18:57
12590,9,4310,2026-07-13 07:19,2026-07-13 08:30
12591,48,4964,2026-07-14 11:27,NULL
12592,4,5383,2026-07-18 10:10,2026-07-18 11:11
12593,83,4946,2026-07-15 14:03,2026-07-15 14:15
12594,57,8028,2026-07-12 22:39,2026-07-13 00:35
12595,53,8282,2026-07-08 10:04,2026-07-08 11:05
12596,26,7110,2026-07-23 08:23,NULL
12597,46,4160,2026-07-10 11:57,2026-07-10 12:40
12598,36,7107,2026-07-27 18:35,2026-07-27 20:02
12599,82,1930,2026-07-08 12:38,2026-07-08 14:25
12600,90,4318,2026-07-26 19:58,2026-07-26 21:05
12601,16,5379,2026-07-04 02:43,2026-07-04 04:21
12602,65,8603,2026-07-24 14:54,2026-07-24 15:51
12603,17,9367,2026-07-04 11:04,2026-07-04 12:20
12604,5,1008,2026-07-04 14:24,2026-07-04 15:08
12605,39,1448,2026-07-16 09:22,2026-07-16 10:59
12606,12,5444,2026-07-25 21:41,2026-07-25 23:15
12607,63,7730,2026-07-07 06:13,2026-07-07 06:38
12608,30,421,2026-07-13 22:39,2026-07-13 23:51
12609,26,9696,2026-07-30 03:26,2026-07-30 04:44
12610,32,4082,2026-07-20 06:04,2026-07-20 07:36
12611,7,7163,2026-07-15 12:47,2026-07-15 13:57
12612,9,4539,2026-07-08 14:02,2026-07-08 15:08
12613,35,3012,2026-07-05 19:14,2026-07-05 20:10
12614,95,6828,2026-07-28 09:46,2026-07-28 10:57
12615,18,5187,2026-07-25 08:01,2026-07-25 08:28
12616,11,4347,2026-07-13 12:57,2026-07-13 13:33
12617,9,9999,2026-07-13 07:29,2026-07-13 08:17
12618,1,748,2026-07-17 03:28,2026-07-17 05:23
12619,45,3455,2026-07-18 12:37,2026-07-18 13:11
12620,77,7514,2026-07-22 06:03,2026-07-22 06:45
12621,39,1594,2026-07-24 00:41,2026-07-24 01:39
12622,13,5302,2026-07-11 17:39,2026-07-11 18:11
12623,29,3063,2026-07-06 23:58,2026-07-07 01:31
12624,3,864,2026-07-24 19:15,2026-07-24 20:48
12625,53,781,2026-07-16 05:36,2026-07-16 06:57
12626,96,2075,2026-07-01 20:34,2026-07-01 21:19
12627,10,9858,2026-07-30 00:47,2026-07-30 02:35
12628,70,7868,2026-07-14 02:15,2026-07-14 02:52
12629,74,614,2026-07-23 16:35,2026-07-23 17:58
12630,45,8479,2026-07-02 12:47,NULL
12631,5,2340,2026-07-25 00:52,2026-07-25 02:13
12632,7,158,2026-07-03 15:12,2026-07-03 16:59
12633,8,2040,2026-07-19 12:30,2026-07-19 14:15
12634,10,212,2026-07-30 08:32,2026-07-30 10:30
12635,45,9341,2026-07-07 06:24,2026-07-07 07:09
12636,69,2726,2026-07-21 16:35,2026-07-21 17:36
12637,66,5429,2026-07-23 05:41,2026-07-23 07:06
12638,26,2009,2026-07-29 17:28,2026-07-29 18:26
12639,68,8172,2026-07-28 16:31,NULL
12640,17,6962,2026-07-17 03:33,2026-07-17 04:57
12641,47,9132,2026-07-17 22:52,2026-07-17 23:23
12642,10,6955,2026-07-30 22:20,2026-07-30 22:36
12643,14,9738,2026-07-21 12:43,2026-07-21 12:59
12644,80,7146,2026-07-21 18:33,2026-07-21 19:52
12645,24,5649,2026-07-11 00:34,2026-07-11 00:59
12646,4,8016,2026-07-19 16:46,NULL
12647,91,932,2026-07-22 09:15,NULL
12648,19,8098,2026-07-22 19:50,2026-07-22 21:34
12649,30,2922,2026-07-14 04:12,2026-07-14 05:08
12650,15,5004,2026-07-19 07:07,2026-07-19 09:01
12651,22,1549,2026-07-08 01:14,2026-07-08 02:20
12652,22,4906,2026-07-08 19:56,2026-07-08 21:21
12653,4,2124,2026-07-15 01:08,2026-07-15 03:04
12654,44,3449,2026-07-08 21:46,2026-07-08 22:15
12655,33,457,2026-07-18 10:13,2026-07-18 10:24
12656,57,8404,2026-07-02 20:14,2026-07-02 20:38
12657,87,7833,2026-07-07 22:23,2026-07-08 00:03
12658,33,1118,2026-07-29 14:35,NULL
12659,14,2032,2026-07-03 19:13,NULL
12660,50,9421,2026-07-12 23:40,2026-07-12 23:52
12661,89,3245,2026-07-17 22:10,2026-07-17 22:58
12662,85,9364,2026-07-24 11:54,2026-07-24 12:59
12663,86,5348,2026-07-23 07:29,2026-07-23 08:02
12664,73,8944,2026-07-02 06:12,2026-07-02 06:57
12665,10,8780,2026-07-20 02:50,2026-07-20 03:12
12666,64,58,2026-07-19 20:56,2026-07-19 21:31
12667,36,8721,2026-07-05 23:39,2026-07-06 00:13
12668,33,1910,2026-07-09 15:16,2026-07-09 16:00
12669,60,2758,2026-07-10 04:37,2026-07-10 05:51
12670,17,465,2026-07-02 15:59,2026-07-02 16:29
12671,78,6759,2026-07-20 06:47,2026-07-20 08:08
12672,35,8044,2026-07-11 00:32,NULL
12673,55,8187,2026-07-08 22:41,2026-07-09 00:03
12674,42,5499,2026-07-24 08:16,NULL
12675,51,467,2026-07-30 16:35,2026-07-30 17:10
12676,76,8774,2026-07-29 04:20,2026-07-29 05:35
12677,69,4559,2026-07-30 08:15,2026-07-30 09:07
12678,98,3523,2026-07-07 18:03,NULL
12679,73,9506,2026-07-02 07:12,2026-07-02 09:10
12680,10,1230,2026-07-04 07:07,NULL
12681,21,5761,2026-07-26 23:16,2026-07-27 01:00
12682,24,5661,2026-07-09 20:42,2026-07-09 21:38
12683,4,5300,2026-07-18 11:57,2026-07-18 12:41
12684,17,8709,2026-07-12 17:36,2026-07-12 18:17
12685,95,4444,2026-07-21 09:04,NULL
12686,69,1415,2026-07-18 16:05,2026-07-18 16:26
12687,35,9358,2026-07-21 00:34,2026-07-21 02:12
12688,46,2876,2026-07-26 15:11,2026-07-26 16:09
12689,17,5171,2026-07-23 21:43,NULL
12690,97,4524,2026-07-24 22:24,2026-07-24 23:35
12691,3,413,2026-07-23 16:24,2026-07-23 17:07
12692,80,8449,2026-07-19 14:24,2026-07-19 16:08
12693,35,9058,2026-07-05 22:01,2026-07-05 22:55
12694,48,7244,2026-07-27 01:58,NULL
12695,99,1703,2026-07-29 10:55,2026-07-29 11:24
12696,16,8617,2026-07-11 03:54,2026-07-11 05:42
12697,49,5328,2026-07-05 04:24,2026-07-05 05:31
12698,97,4429,2026-07-18 20:57,2026-07-18 21:59
12699,72,9845,2026-07-28 17:51,2026-07-28 18:02
12700,49,5929,2026-07-17 20:22,2026-07-17 21:16
12701,93,7659,2026-07-19 07:00,2026-07-19 08:32
12702,89,5176,2026-07-29 05:04,2026-07-29 05:38
12703,57,8954,2026-07-07 09:22,2026-07-07 09:47
12704,65,2959,2026-07-03 22:46,2026-07-04 00:19
12705,38,5082,2026-07-18 23:28,2026-07-19 00:00
12706,72,66,2026-07-22 23:34,2026-07-23 00:14
12707,22,1009,2026-07-16 12:33,2026-07-16 12:59
12708,53,1747,2026-07-06 03:42,NULL
12709,48,221,2026-07-09 18:47,2026-07-09 19:51
12710,28,7054,2026-07-16 06:11,NULL
12711,29,5129,2026-07-25 09:36,2026-07-25 10:01
12712,43,1254,2026-07-17 14:27,2026-07-17 15:22
12713,49,6273,2026-07-08 23:23,2026-07-09 01:11
12714,88,263,2026-07-26 06:22,2026-07-26 07:49
12715,34,6582,2026-07-10 15:35,2026-07-10 16:12
12716,7,8095,2026-07-23 04:22,2026-07-23 05:18
12717,36,904,2026-07-27 08:21,NULL
12718,34,8382,2026-07-20 07:57,2026-07-20 09:56
12719,37,1605,2026-07-05 02:43,2026-07-05 03:37
12720,49,312,2026-07-20 22:02,NULL
12721,47,4337,2026-07-16 17:38,2026-07-16 19:32
12722,14,2041,2026-07-30 08:24,2026-07-30 09:25
12723,65,503,2026-07-11 15:19,2026-07-11 17:13
12724,38,2374,2026-07-30 10:10,2026-07-30 11:56
12725,24,4195,2026-07-11 11:21,2026-07-11 11:35
12726,56,163,2026-07-07 23:49,2026-07-08 00:23
12727,10,1031,2026-07-08 14:30,2026-07-08 14:53
12728,44,7245,2026-07-02 12:06,NULL
12729,34,765,2026-07-08 06:06,2026-07-08 07:24
12730,37,8331,2026-07-07 17:22,2026-07-07 18:52
12731,30,2381,2026-07-23 21:22,2026-07-23 22:09
12732,75,8435,2026-07-28 08:02,2026-07-28 08:39
12733,84,5358,2026-07-15 16:47,2026-07-15 17:54
12734,23,8555,2026-07-08 13:21,2026-07-08 15:12
12735,5,8702,2026-07-15 21:46,NULL
12736,56,8558,2026-07-29 15:21,2026-07-29 17:06
12737,90,6089,2026-07-29 20:08,2026-07-29 21:57
12738,19,703,2026-07-10 09:10,2026-07-10 09:44
12739,17,3395,2026-07-14 00:33,2026-07-14 00:52
12740,74,4281,2026-07-10 14:35,2026-07-10 16:03
12741,28,6041,2026-07-28 21:33,2026-07-28 22:42
12742,88,1210,2026-07-27 20:08,2026-07-27 21:33
12743,12,6633,2026-07-17 10:00,2026-07-17 11:02
12744,39,596,2026-07-26 13:32,2026-07-26 14:32
12745,75,1292,2026-07-22 18:06,2026-07-22 19:37
12746,22,6729,2026-07-01 15:44,NULL
12747,29,430,2026-07-04 01:33,NULL
12748,69,4384,2026-07-23 07:58,2026-07-23 09:06
12749,22,7650,2026-07-20 15:31,2026-07-20 16:01
12750,70,3471,2026-07-24 14:47,2026-07-24 15:54
12751,90,8029,2026-07-25 17:44,2026-07-25 19:29
12752,94,2408,2026-07-12 22:15,2026-07-12 23:50
12753,51,4821,2026-07-20 04:58,2026-07-20 06:27
12754,91,9698,2026-07-29 13:03,2026-07-29 13:37
12755,17,4575,2026-07-05 05:43,2026-07-05 06:17
12756,64,1040,2026-07-11 11:19,2026-07-11 11:49
12757,3,1176,2026-07-22 22:58,2026-07-23 00:02
12758,18,9919,2026-07-18 15:31,2026-07-18 17:06
12759,97,3031,2026-07-22 06:58,2026-07-22 08:10
12760,84,4430,2026-07-19 16:20,2026-07-19 17:33
12761,62,5226,2026-07-14 13:22,2026-07-14 13:58
12762,45,7438,2026-07-10 21:06,2026-07-10 21:51
12763,12,4909,2026-07-03 11:56,2026-07-03 13:36
12764,31,2959,2026-07-14 15:39,2026-07-14 16:57
12765,80,6904,2026-07-07 16:11,2026-07-07 17:45
12766,63,5193,2026-07-21 18:44,2026-07-21 20:20
12767,34,8489,2026-07-24 02:11,2026-07-24 03:57
12768,62,2317,2026-07-24 17:01,2026-07-24 17:33
12769,7,8619,2026-07-20 05:06,2026-07-20 06:26
12770,76,2484,2026-07-27 13:25,2026-07-27 14:36
12771,14,5512,2026-07-17 02:56,2026-07-17 03:18
12772,50,4668,2026-07-18 22:18,2026-07-18 23:16
12773,46,7297,2026-07-25 11:15,NULL
12774,73,832,2026-07-04 08:30,NULL
12775,34,277,2026-07-10 20:57,2026-07-10 21:58
12776,20,2468,2026-07-26 20:36,2026-07-26 20:49
12777,64,2591,2026-07-17 20:32,2026-07-17 21:58
12778,92,5445,2026-07-23 10:22,NULL
12779,26,7875,2026-07-04 15:25,2026-07-04 16:37
12780,52,6135,2026-07-18 22:46,2026-07-19 00:31
12781,83,2599,2026-07-10 20:54,2026-07-10 22:21
12782,76,3797,2026-07-26 11:09,2026-07-26 11:20
12783,88,1572,2026-07-03 16:36,2026-07-03 18:17
12784,37,2650,2026-07-09 17:32,2026-07-09 19:13
12785,26,2629,2026-07-04 20:53,2026-07-04 21:40
12786,49,4585,2026-07-21 14:43,NULL
12787,71,8178,2026-07-07 11:20,2026-07-07 12:43
12788,6,5577,2026-07-20 19:12,2026-07-20 20:50
12789,7,4849,2026-07-03 11:30,2026-07-03 13:20
12790,58,8036,2026-07-25 01:04,2026-07-25 01:26
12791,48,497,2026-07-29 00:02,2026-07-29 01:47
12792,27,7443,2026-07-06 08:02,2026-07-06 09:23
12793,80,4724,2026-07-22 22:09,2026-07-22 22:35
12794,66,2327,2026-07-10 04:20,2026-07-10 06:08
12795,57,5853,2026-07-02 21:59,NULL
12796,39,7147,2026-07-15 04:10,2026-07-15 04:25
12797,97,9675,2026-07-23 23:16,2026-07-23 23:30
12798,96,812,2026-07-04 01:01,2026-07-04 01:55
12799,67,3389,2026-07-23 16:55,2026-07-23 17:31
12800,20,3155,2026-07-10 16:00,2026-07-10 16:53
12801,58,2037,2026-07-08 08:19,2026-07-08 09:58
12802,37,8864,2026-07-28 04:31,2026-07-28 05:21
12803,65,6828,2026-07-07 12:03,2026-07-07 12:19
12804,60,4952,2026-07-02 01:10,2026-07-02 02:08
12805,99,9609,2026-07-24 11:12,2026-07-24 11:49
12806,95,2977,2026-07-27 00:15,2026-07-27 00:59
12807,70,2158,2026-07-06 03:25,2026-07-06 05:07
12808,12,1941,2026-07-24 01:33,2026-07-24 03:08
12809,19,1745,2026-07-28 02:19,NULL
12810,63,4664,2026-07-26 06:17,2026-07-26 08:14
12811,75,1198,2026-07-15 18:38,2026-07-15 20:28
12812,29,1043,2026-07-14 11:56,2026-07-14 13:51
12813,31,4702,2026-07-14 14:15,2026-07-14 15:54
12814,21,498,2026-07-25 08:17,2026-07-25 09:39
12815,87,6316,2026-07-27 10:24,2026-07-27 11:03
12816,96,332,2026-07-16 02:28,2026-07-16 03:58
12817,72,5209,2026-07-18 02:46,NULL
12818,35,8500,2026-07-13 08:35,2026-07-13 09:38
12819,3,6617,2026-07-18 20:47,2026-07-18 21:06
12820,99,8415,2026-07-01 00:48,NULL
12821,12,9760,2026-07-18 08:12,2026-07-18 09:18
12822,92,8765,2026-07-07 14:58,2026-07-07 15:28
12823,58,6566,2026-07-05 21:13,2026-07-05 22:36
12824,49,748,2026-07-14 21:56,2026-07-14 22:12
12825,39,7719,2026-07-18 08:28,2026-07-18 09:47
12826,89,2024,2026-07-20 15:21,2026-07-20 16:25
12827,85,6296,2026-07-26 12:08,2026-07-26 12:26
12828,48,8446,2026-07-01 14:31,2026-07-01 15:02
12829,81,4788,2026-07-08 14:39,NULL
12830,83,4092,2026-07-14 13:28,2026-07-14 13:41
12831,3,8989,2026-07-06 21:16,2026-07-06 23:16
12832,74,9901,2026-07-09 21:42,2026-07-09 22:19
12833,54,7944,2026-07-13 05:06,2026-07-13 05:16
12834,47,6776,2026-07-28 20:20,2026-07-28 21:13
12835,95,9645,2026-07-20 06:11,NULL
12836,27,8835,2026-07-05 15:44,2026-07-05 16:07
12837,90,4122,2026-07-30 08:25,2026-07-30 09:35
12838,13,3809,2026-07-27 14:15,2026-07-27 16:04
12839,11,934,2026-07-09 16:43,2026-07-09 18:16
12840,46,5640,2026-07-04 03:18,2026-07-04 03:38
12841,31,8959,2026-07-18 12:01,2026-07-18 13:57
12842,3,1825,2026-07-20 20:58,2026-07-20 22:21
12843,30,886,2026-07-10 08:19,2026-07-10 09:17
12844,46,4323,2026-07-07 15:58,2026-07-07 17:45
12845,2,6424,2026-07-23 05:51,2026-07-23 07:38
12846,38,1746,2026-07-04 12:28,2026-07-04 14:13
12847,41,5074,2026-07-12 07:43,2026-07-12 09:02
12848,29,5165,2026-07-07 02:43,2026-07-07 03:58
12849,21,2398,2026-07-21 09:32,2026-07-21 11:09
12850,92,6740,2026-07-16 05:10,2026-07-16 05:27
12851,8,8676,2026-07-13 18:44,2026-07-13 19:40
12852,41,7492,2026-07-19 05:03,2026-07-19 06:34
12853,79,9707,2026-07-10 16:11,2026-07-10 17:02
12854,87,5697,2026-07-10 09:56,NULL
12855,96,5535,2026-07-01 19:40,2026-07-01 20:19
12856,12,7910,2026-07-03 13:49,2026-07-03 14:31
12857,99,9459,2026-07-16 11:44,2026-07-16 13:37
12858,76,2153,2026-07-10 17:00,2026-07-10 18:38
12859,58,4705,2026-07-23 19:18,2026-07-23 19:31
12860,93,1691,2026-07-24 04:28,2026-07-24 05:25
12861,35,4927,2026-07-06 18:38,2026-07-06 19:23
12862,19,647,2026-07-29 19:20,2026-07-29 19:51
12863,39,733,2026-07-19 03:42,2026-07-19 04:32
12864,81,4961,2026-07-06 21:13,2026-07-06 22:03
12865,71,6219,2026-07-03 03:28,2026-07-03 04:58
12866,79,5595,2026-07-18 00:55,2026-07-18 02:13
12867,80,8624,2026-07-07 14:06,NULL
12868,100,524,2026-07-11 13:26,2026-07-11 15:20
12869,18,1957,2026-07-12 10:38,2026-07-12 11:30
12870,87,7038,2026-07-10 13:59,2026-07-10 15:15
12871,50,4614,2026-07-15 06:15,2026-07-15 07:36
12872,55,3653,2026-07-11 03:00,2026-07-11 04:20
12873,40,5062,2026-07-12 23:01,2026-07-13 00:16
12874,59,8291,2026-07-11 23:29,2026-07-12 00:21
12875,1,5757,2026-07-07 06:50,2026-07-07 08:00
12876,93,1146,2026-07-27 09:18,2026-07-27 11:18
12877,19,1117,2026-07-18 22:05,2026-07-18 23:16
12878,28,2397,2026-07-10 10:48,2026-07-10 12:17
12879,60,1240,2026-07-09 15:44,2026-07-09 16:40
12880,93,4369,2026-07-20 17:25,2026-07-20 18:08
12881,37,6168,2026-07-30 08:47,2026-07-30 10:46
12882,67,2592,2026-07-16 13:52,NULL
12883,18,4005,2026-07-01 05:26,2026-07-01 06:36
12884,89,1108,2026-07-16 08:00,2026-07-16 08:16
12885,94,9123,2026-07-04 04:14,2026-07-04 05:14
12886,78,3310,2026-07-22 23:20,2026-07-23 00:45
12887,11,8230,2026-07-28 03:07,2026-07-28 04:01
12888,14,6879,2026-07-09 01:36,2026-07-09 02:41
12889,13,5449,2026-07-04 17:56,2026-07-04 19:44
12890,17,3348,2026-07-28 07:59,2026-07-28 08:43
12891,99,9844,2026-07-12 22:11,2026-07-12 22:56
12892,64,7446,2026-07-27 08:59,2026-07-27 09:51
12893,20,2170,2026-07-16 21:03,2026-07-16 22:32
12894,76,1158,2026-07-19 09:42,2026-07-19 10:39
12895,84,7809,2026-07-21 18:19,2026-07-21 20:15
12896,70,7331,2026-07-01 13:49,NULL
12897,7,8927,2026-07-26 06:55,2026-07-26 07:55
12898,59,5824,2026-07-24 01:50,2026-07-24 02:42
12899,23,9848,2026-07-11 18:59,2026-07-11 19:53
12900,92,9263,2026-07-27 09:05,2026-07-27 10:20
12901,16,563,2026-07-02 06:22,2026-07-02 08:19
12902,25,165,2026-07-23 18:12,2026-07-23 20:06
12903,10,8633,2026-07-25 14:45,2026-07-25 15:44
12904,79,7491,2026-07-14 05:20,NULL
12905,32,5998,2026-07-09 06:54,2026-07-09 08:31
12906,22,4606,2026-07-09 19:43,2026-07-09 20:08
12907,41,2214,2026-07-26 14:28,2026-07-26 15:09
12908,91,4515,2026-07-19 05:54,2026-07-19 06:20
12909,84,8455,2026-07-11 14:52,2026-07-11 16:38
12910,55,5343,2026-07-08 20:52,2026-07-08 22:45
12911,4,1291,2026-07-15 12:04,NULL
12912,5,8209,2026-07-07 18:14,2026-07-07 19:03
12913,47,57,2026-07-04 02:47,2026-07-04 04:21
12914,86,9493,2026-07-29 19:05,2026-07-29 20:37
12915,52,1616,2026-07-20 09:50,2026-07-20 10:24
12916,8,6091,2026-07-06 20:41,2026-07-06 21:49
12917,48,1151,2026-07-04 15:20,2026-07-04 17:05
12918,8,9079,2026-07-19 18:11,2026-07-19 19:55
12919,56,1794,2026-07-11 00:04,NULL
12920,26,8629,2026-07-30 11:44,2026-07-30 12:03
12921,7,1409,2026-07-11 11:36,2026-07-11 12:18
12922,85,6272,2026-07-14 00:18,2026-07-14 01:16
12923,5,3220,2026-07-28 05:01,2026-07-28 06:35
12924,27,9684,2026-07-26 21:07,2026-07-26 22:49
12925,43,246,2026-07-14 23:54,2026-07-15 00:08
12926,87,3676,2026-07-30 08:14,2026-07-30 09:04
12927,71,2748,2026-07-14 08:53,NULL
12928,10,8998,2026-07-09 09:03,2026-07-09 09:57
12929,78,5455,2026-07-06 03:11,2026-07-06 03:54
12930,17,804,2026-07-26 10:00,2026-07-26 11:29
12931,40,7432,2026-07-19 06:23,2026-07-19 08:01
12932,34,3792,2026-07-14 18:42,2026-07-14 20:29
12933,57,4627,2026-07-26 12:55,2026-07-26 14:30
12934,65,581,2026-07-11 18:10,2026-07-11 19:25
12935,56,1134,2026-07-16 20:38,NULL
12936,44,1811,2026-07-15 12:59,2026-07-15 13:48
12937,89,1141,2026-07-16 18:56,2026-07-16 20:40
12938,20,1632,2026-07-25 07:34,2026-07-25 08:16
12939,19,8707,2026-07-01 22:11,2026-07-01 23:49
12940,48,7317,2026-07-10 19:27,2026-07-10 19:40
12941,84,1279,2026-07-13 11:12,2026-07-13 12:02
12942,49,6083,2026-07-08 07:25,2026-07-08 08:49
12943,4,932,2026-07-02 10:53,2026-07-02 11:18
12944,3,9130,2026-07-29 19:35,NULL
12945,37,6202,2026-07-03 15:28,2026-07-03 16:13
12946,95,8233,2026-07-14 11:02,2026-07-14 12:28
12947,95,3218,2026-07-19 11:23,2026-07-19 13:08
12948,94,7166,2026-07-27 10:47,2026-07-27 11:27
12949,50,9310,2026-07-27 10:28,2026-07-27 11:27
12950,4,7949,2026-07-10 22:20,2026-07-10 23:43
12951,6,9360,2026-07-02 08:05,2026-07-02 09:25
12952,31,3862,2026-07-26 15:11,2026-07-26 17:00
12953,96,5986,2026-07-22 15:40,2026-07-22 16:14
12954,18,1768,2026-07-13 17:46,NULL
12955,54,4937,2026-07-03 01:39,2026-07-03 03:14
12956,72,4721,2026-07-14 08:39,2026-07-14 10:16
12957,4,2171,2026-07-07 06:47,2026-07-07 08:15
12958,6,7583,2026-07-21 05:59,2026-07-21 06:50
12959,43,3185,2026-07-09 11:41,2026-07-09 13:20
12960,83,7870,2026-07-16 18:14,2026-07-16 19:31
12961,60,3390,2026-07-20 05:36,2026-07-20 06:49
12962,57,2352,2026-07-17 17:58,2026-07-17 18:12
12963,63,7586,2026-07-09 07:03,NULL
12964,2,5438,2026-07-04 08:45,2026-07-04 10:19
12965,97,3655,2026-07-22 04:59,2026-07-22 06:21
12966,9,4771,2026-07-06 21:59,2026-07-06 22:52
12967,98,3939,2026-07-03 08:49,2026-07-03 09:54
12968,36,1065,2026-07-07 16:58,2026-07-07 18:58
12969,50,5014,2026-07-10 10:28,2026-07-10 11:22
12970,92,4914,2026-07-20 23:42,2026-07-21 00:17
12971,4,7345,2026-07-09 18:03,2026-07-09 18:45
12972,42,7274,2026-07-12 13:46,2026-07-12 15:19
12973,24,1972,2026-07-17 12:22,2026-07-17 12:51
12974,93,57,2026-07-08 05:29,2026-07-08 07:13
12975,68,9918,2026-07-10 06:18,2026-07-10 08:04
12976,86,3016,2026-07-14 11:45,2026-07-14 12:55
12977,76,523,2026-07-16 19:52,2026-07-16 21:31
12978,28,940,2026-07-28 08:50,2026-07-28 10:14
12979,96,7894,2026-07-14 01:25,2026-07-14 03:19
12980,2,5145,2026-07-04 08:05,2026-07-04 08:54
12981,1,4995,2026-07-23 14:30,2026-07-23 16:27
12982,37,3230,2026-07-14 09:34,2026-07-14 11:09
12983,94,591,2026-07-10 09:12,2026-07-10 10:59
12984,31,9416,2026-07-26 18:23,2026-07-26 19:11
12985,34,6473,2026-07-28 16:38,2026-07-28 18:08
12986,3,6198,2026-07-17 02:32,2026-07-17 03:56
12987,57,7380,2026-07-20 00:11,2026-07-20 00:28
12988,46,7122,2026-07-21 18:37,2026-07-21 20:10
12989,3,3482,2026-07-25 13:17,2026-07-25 14:36
12990,44,5990,2026-07-02 06:47,2026-07-02 08:28
12991,29,7690,2026-07-10 14:57,2026-07-10 16:51
12992,51,5284,2026-07-29 20:49,NULL
12993,81,167,2026-07-22 02:49,2026-07-22 04:20
12994,43,8304,2026-07-24 03:12,2026-07-24 03:27
12995,28,2951,2026-07-06 23:47,2026-07-07 01:03
12996,88,9512,2026-07-27 19:11,2026-07-27 20:44
12997,62,7531,2026-07-09 21:01,2026-07-09 22:12
12998,76,724,2026-07-01 20:01,2026-07-01 21:36
12999,90,5595,2026-07-30 14:58,2026-07-30 15:57
13000,9,6323,2026-07-17 01:29,2026-07-17 02:05
13001,34,7219,2026-07-12 17:29,2026-07-12 18:59
13002,73,4273,2026-07-02 15:57,2026-07-02 16:32
13003,77,4126,2026-07-26 14:22,2026-07-26 15:16
13004,65,683,2026-07-12 10:09,2026-07-12 10:43
13005,65,1522,2026-07-21 20:43,2026-07-21 21:22
13006,25,5690,2026-07-19 00:34,2026-07-19 00:44
13007,92,6338,2026-07-16 05:38,2026-07-16 06:58
13008,8,62,2026-07-15 02:52,2026-07-15 04:12
13009,66,2881,2026-07-30 14:51,2026-07-30 16:44
13010,60,7047,2026-07-13 16:02,2026-07-13 16:20
13011,10,7980,2026-07-10 14:46,2026-07-10 16:06
13012,69,8995,2026-07-27 01:58,2026-07-27 02:12
13013,64,5423,2026-07-24 22:18,2026-07-24 23:42
13014,44,22,2026-07-21 22:26,2026-07-21 23:00
13015,9,5979,2026-07-05 21:16,2026-07-05 23:00
13016,79,737,2026-07-07 10:18,2026-07-07 11:40
13017,53,7445,2026-07-05 13:51,2026-07-05 15:04
13018,43,3122,2026-07-06 04:09,2026-07-06 04:22
13019,28,5466,2026-07-02 14:32,2026-07-02 15:16
13020,95,4565,2026-07-24 05:08,2026-07-24 05:50
13021,68,9064,2026-07-07 01:13,2026-07-07 02:08
13022,77,6118,2026-07-06 04:45,2026-07-06 05:03
13023,18,5118,2026-07-14 06:54,2026-07-14 08:15
13024,36,6233,2026-07-13 13:58,2026-07-13 15:33
13025,89,9757,2026-07-27 01:58,NULL
13026,85,7965,2026-07-12 13:08,2026-07-12 14:15
13027,100,3849,2026-07-25 04:30,2026-07-25 05:51
13028,53,588,2026-07-25 00:41,2026-07-25 01:54
13029,92,9063,2026-07-03 11:25,2026-07-03 11:42
13030,67,2946,2026-07-24 12:28,2026-07-24 13:29
13031,22,6928,2026-07-18 15:00,2026-07-18 15:36
13032,54,9784,2026-07-05 00:20,2026-07-05 01:30
13033,38,7081,2026-07-01 13:39,2026-07-01 14:17
13034,59,8664,2026-07-25 07:25,2026-07-25 09:23
13035,33,7342,2026-07-23 14:19,2026-07-23 15:59
13036,91,2697,2026-07-06 07:58,2026-07-06 08:23
13037,74,4614,2026-07-28 15:07,2026-07-28 16:09
13038,52,3460,2026-07-21 03:51,2026-07-21 04:54
13039,22,379,2026-07-07 18:34,2026-07-07 19:13
13040,100,4391,2026-07-03 18:26,2026-07-03 19:03
13041,54,8126,2026-07-10 22:17,2026-07-10 22:31
13042,71,8539,2026-07-02 20:22,2026-07-02 20:44
13043,29,706,2026-07-28 17:05,2026-07-28 18:13
13044,69,2217,2026-07-17 09:03,2026-07-17 09:27
13045,70,6308,2026-07-09 08:54,2026-07-09 09:53
13046,59,5597,2026-07-24 09:06,2026-07-24 10:07
13047,41,870,2026-07-03 16:39,NULL
13048,72,8212,2026-07-27 16:17,NULL
13049,49,1916,2026-07-15 09:16,2026-07-15 11:12
13050,16,2496,2026-07-18 05:52,2026-07-18 07:49
13051,16,9143,2026-07-12 22:34,2026-07-12 23:31
13052,2,4279,2026-07-14 00:45,2026-07-14 01:04
13053,76,243,2026-07-24 00:26,2026-07-24 01:19
13054,35,7162,2026-07-23 14:26,NULL
13055,40,1110,2026-07-01 21:14,2026-07-01 21:26
13056,96,3004,2026-07-07 16:07,NULL
13057,95,2190,2026-07-07 17:48,NULL
13058,46,7006,2026-07-08 23:24,2026-07-08 23:58
13059,42,8322,2026-07-08 00:49,2026-07-08 01:17
13060,2,5102,2026-07-12 16:49,2026-07-12 17:21
13061,86,2381,2026-07-22 01:04,2026-07-22 02:01
13062,89,4502,2026-07-12 11:00,2026-07-12 11:56
13063,96,5223,2026-07-16 20:27,NULL
13064,57,374,2026-07-09 01:11,2026-07-09 01:32
13065,74,247,2026-07-28 13:07,2026-07-28 14:18
13066,89,3315,2026-07-06 16:41,2026-07-06 17:08
13067,45,3655,2026-07-19 17:19,2026-07-19 17:37
13068,12,5716,2026-07-28 03:31,2026-07-28 03:41
13069,39,2223,2026-07-30 09:22,2026-07-30 10:04
13070,56,467,2026-07-11 09:58,NULL
13071,4,7347,2026-07-25 12:24,2026-07-25 13:17
13072,60,5217,2026-07-06 05:35,2026-07-06 07:20
13073,14,7533,2026-07-19 08:50,2026-07-19 09:37
13074,91,8318,2026-07-26 13:58,2026-07-26 14:58
13075,63,3433,2026-07-03 14:00,2026-07-03 14:46
13076,90,710,2026-07-22 11:57,NULL
13077,27,7151,2026-07-04 20:30,2026-07-04 21:44
13078,18,3770,2026-07-26 07:40,2026-07-26 07:51
13079,49,4450,2026-07-06 06:55,NULL
13080,16,1224,2026-07-02 04:47,2026-07-02 05:19
13081,23,5558,2026-07-09 15:53,2026-07-09 17:25
13082,11,3785,2026-07-17 15:40,2026-07-17 16:45
13083,34,5346,2026-07-14 09:15,NULL
13084,44,5140,2026-07-24 08:45,2026-07-24 09:37
13085,26,531,2026-07-23 01:52,2026-07-23 03:16
13086,5,2146,2026-07-13 22:17,NULL
13087,51,1421,2026-07-30 20:36,2026-07-30 21:59
13088,95,3904,2026-07-23 08:34,2026-07-23 09:36
13089,65,3586,2026-07-26 18:03,2026-07-26 19:16
13090,57,5421,2026-07-01 06:30,2026-07-01 07:07
13091,36,8165,2026-07-09 19:48,2026-07-09 20:24
13092,71,4627,2026-07-17 07:01,2026-07-17 08:58
13093,29,5037,2026-07-18 22:55,2026-07-18 23:26
13094,72,3098,2026-07-05 19:18,2026-07-05 19:36
13095,91,6504,2026-07-29 10:56,NULL
13096,40,3185,2026-07-04 14:03,NULL
13097,87,2809,2026-07-03 01:29,2026-07-03 03:19
13098,69,2798,2026-07-11 20:08,2026-07-11 21:55
13099,86,8419,2026-07-05 19:23,2026-07-05 20:57
13100,9,10,2026-07-14 09:47,2026-07-14 11:15
13101,35,2501,2026-07-06 08:37,2026-07-06 10:00
13102,80,4563,2026-07-08 08:21,2026-07-08 09:57
13103,9,5825,2026-07-06 15:14,2026-07-06 15:25
13104,33,1646,2026-07-04 23:19,NULL
13105,91,3576,2026-07-19 05:53,2026-07-19 07:22
13106,40,7196,2026-07-04 16:48,2026-07-04 17:20
13107,89,6847,2026-07-01 17:49,NULL
13108,24,205,2026-07-21 02:50,2026-07-21 04:02
13109,96,9943,2026-07-14 01:45,NULL
13110,14,6296,2026-07-12 12:57,NULL
13111,25,7365,2026-07-08 23:16,2026-07-09 00:55
13112,1,5900,2026-07-12 23:40,2026-07-13 01:22
13113,71,3001,2026-07-14 17:13,2026-07-14 17:26
13114,57,1224,2026-07-22 09:22,2026-07-22 11:18
13115,2,38,2026-07-16 07:36,2026-07-16 09:31
13116,85,2854,2026-07-19 05:55,2026-07-19 07:35
13117,4,3310,2026-07-12 11:27,NULL
13118,14,4439,2026-07-19 04:06,2026-07-19 05:46
13119,29,1316,2026-07-14 07:38,2026-07-14 08:44
13120,51,3012,2026-07-22 20:15,2026-07-22 22:05
13121,86,628,2026-07-17 20:50,2026-07-17 22:36
13122,95,3530,2026-07-02 07:21,2026-07-02 08:26
13123,95,1475,2026-07-05 14:55,NULL
13124,28,9428,2026-07-30 11:21,2026-07-30 12:37
13125,41,3711,2026-07-03 01:35,2026-07-03 02:34
13126,34,6256,2026-07-03 00:18,2026-07-03 02:12
13127,15,6070,2026-07-17 04:36,2026-07-17 05:03
13128,50,9776,2026-07-11 03:00,2026-07-11 04:29
13129,13,5975,2026-07-08 11:22,2026-07-08 12:11
13130,41,4491,2026-07-26 12:51,2026-07-26 14:50
13131,76,3976,2026-07-25 23:23,2026-07-26 00:52
13132,9,211,2026-07-03 09:12,NULL
13133,96,972,2026-07-24 18:09,2026-07-24 18:28
13134,20,651,2026-07-26 18:15,2026-07-26 19:29
13135,17,4462,2026-07-22 03:27,2026-07-22 04:36
13136,43,8576,2026-07-24 18:03,2026-07-24 18:59
13137,16,3246,2026-07-22 13:32,2026-07-22 15:09
13138,16,1021,2026-07-25 09:20,2026-07-25 11:16
13139,79,4437,2026-07-30 09:10,2026-07-30 09:21
13140,3,6106,2026-07-06 03:19,2026-07-06 04:05
13141,77,3943,2026-07-20 23:09,2026-07-20 23:57
13142,46,3719,2026-07-16 04:03,2026-07-16 04:13
13143,97,191,2026-07-25 14:58,2026-07-25 15:35
13144,59,4920,2026-07-18 22:53,2026-07-19 00:29
13145,37,6623,2026-07-14 16:21,2026-07-14 17:25
13146,35,7380,2026-07-10 00:39,2026-07-10 02:07
13147,78,2216,2026-07-19 23:41,2026-07-20 01:11
13148,35,2446,2026-07-04 20:21,2026-07-04 21:41
13149,51,5699,2026-07-23 21:00,2026-07-23 21:43
13150,90,2991,2026-07-11 04:09,2026-07-11 04:50
13151,37,2200,2026-07-13 01:30,2026-07-13 02:51
13152,40,9617,2026-07-14 10:49,2026-07-14 11:34
13153,63,25,2026-07-20 02:18,2026-07-20 04:17
13154,84,4964,2026-07-04 04:40,2026-07-04 05:35
13155,8,5087,2026-07-05 03:21,2026-07-05 04:34
13156,16,3841,2026-07-30 23:46,2026-07-31 00:43
13157,95,1930,2026-07-17 09:03,2026-07-17 10:31
13158,67,5740,2026-07-18 07:37,2026-07-18 07:48
13159,70,3949,2026-07-06 01:30,2026-07-06 02:29
13160,99,5045,2026-07-19 14:04,2026-07-19 14:45
13161,71,5007,2026-07-19 00:39,2026-07-19 02:16
13162,82,1171,2026-07-27 07:40,2026-07-27 08:20
13163,53,1071,2026-07-23 08:01,2026-07-23 08:50
13164,81,2298,2026-07-02 00:54,2026-07-02 01:28
13165,54,9835,2026-07-06 07:43,2026-07-06 09:09
13166,51,9856,2026-07-11 19:32,2026-07-11 20:28
13167,59,1369,2026-07-19 22:18,2026-07-19 22:41
13168,81,8763,2026-07-25 02:59,2026-07-25 04:03
13169,91,179,2026-07-04 13:23,2026-07-04 13:39
13170,88,6806,2026-07-29 02:10,2026-07-29 03:27
13171,47,214,2026-07-16 01:02,2026-07-16 01:46
13172,100,4310,2026-07-03 22:45,NULL
13173,68,6498,2026-07-16 15:33,2026-07-16 16:59
13174,71,692,2026-07-24 18:04,2026-07-24 19:28
13175,49,4157,2026-07-09 17:08,2026-07-09 18:53
13176,74,2518,2026-07-22 21:09,2026-07-22 22:26
13177,94,1574,2026-07-26 18:07,2026-07-26 18:20
13178,31,2395,2026-07-21 05:59,2026-07-21 07:09
13179,57,3817,2026-07-13 16:54,2026-07-13 17:25
13180,25,7762,2026-07-11 19:34,2026-07-11 21:26
13181,32,5377,2026-07-03 16:46,2026-07-03 17:17
13182,3,1051,2026-07-21 10:07,2026-07-21 11:37
13183,87,6523,2026-07-23 03:02,2026-07-23 04:38
13184,59,2406,2026-07-05 16:08,2026-07-05 17:52
13185,29,9562,2026-07-14 19:25,2026-07-14 20:39
13186,51,4788,2026-07-18 12:16,2026-07-18 12:38
13187,60,8113,2026-07-17 21:40,2026-07-17 23:34
13188,91,9094,2026-07-17 23:36,2026-07-18 01:08
13189,69,1181,2026-07-19 12:04,2026-07-19 13:57
13190,70,8693,2026-07-29 21:44,2026-07-29 22:16
13191,77,9940,2026-07-01 03:02,2026-07-01 04:56
13192,42,9658,2026-07-14 12:43,NULL
13193,66,6685,2026-07-04 20:21,2026-07-04 21:47
13194,90,9193,2026-07-27 09:46,2026-07-27 10:38
13195,1,6117,2026-07-23 20:51,2026-07-23 21:39
13196,67,7441,2026-07-22 22:20,2026-07-22 23:24
13197,96,3075,2026-07-24 00:20,2026-07-24 02:16
13198,56,414,2026-07-15 10:31,NULL
13199,60,5328,2026-07-27 00:17,2026-07-27 00:47
13200,99,62,2026-07-23 17:47,NULL
13201,13,6523,2026-07-08 09:43,2026-07-08 10:49
13202,11,1219,2026-07-17 01:17,2026-07-17 01:32
13203,16,8753,2026-07-03 17:27,2026-07-03 18:15
13204,4,4941,2026-07-06 02:38,2026-07-06 02:54
13205,78,7520,2026-07-19 16:21,NULL
13206,61,1542,2026-07-23 01:23,2026-07-23 02:32
13207,75,2452,2026-07-27 00:07,2026-07-27 00:54
13208,89,2850,2026-07-30 14:50,2026-07-30 15:04
13209,73,9235,2026-07-03 11:12,2026-07-03 12:35
13210,15,6848,2026-07-14 17:58,2026-07-14 18:57
13211,74,4636,2026-07-12 17:19,2026-07-12 17:32
13212,95,5793,2026-07-20 02:12,2026-07-20 04:04
13213,100,3228,2026-07-02 10:29,NULL
13214,54,8416,2026-07-14 02:05,2026-07-14 03:07
13215,74,3020,2026-07-23 21:14,2026-07-23 22:09
13216,98,5811,2026-07-12 17:01,2026-07-12 17:36
13217,13,3794,2026-07-30 14:36,2026-07-30 16:23
13218,64,6998,2026-07-07 11:39,2026-07-07 13:14
13219,55,2162,2026-07-10 11:07,2026-07-10 11:31
13220,59,221,2026-07-24 21:08,2026-07-24 21:39
13221,87,2380,2026-07-17 04:46,2026-07-17 05:08
13222,96,4079,2026-07-12 03:18,2026-07-12 04:10
13223,2,1736,2026-07-12 22:49,2026-07-12 23:56
13224,70,9955,2026-07-30 07:08,2026-07-30 08:28
13225,11,3261,2026-07-13 05:36,NULL
13226,48,7844,2026-07-15 10:51,2026-07-15 11:15
13227,100,5512,2026-07-11 07:20,2026-07-11 08:03
13228,13,3541,2026-07-26 14:22,2026-07-26 15:00
13229,88,9301,2026-07-22 21:05,2026-07-22 22:16
13230,38,9847,2026-07-12 17:50,2026-07-12 19:18
13231,65,6229,2026-07-28 07:16,2026-07-28 08:04
13232,81,6019,2026-07-20 05:05,NULL
13233,58,5219,2026-07-01 16:57,NULL
13234,1,9611,2026-07-14 14:40,2026-07-14 15:02
13235,12,9810,2026-07-14 18:50,2026-07-14 20:38
13236,26,9960,2026-07-21 17:50,2026-07-21 18:12
13237,57,254,2026-07-19 21:36,NULL
13238,2,4161,2026-07-09 01:48,2026-07-09 03:05
13239,1,5061,2026-07-26 15:59,NULL
13240,9,4221,2026-07-05 20:30,2026-07-05 22:24
13241,36,8349,2026-07-07 01:05,2026-07-07 02:52
13242,75,8858,2026-07-09 18:40,2026-07-09 19:52
13243,63,3742,2026-07-10 12:56,2026-07-10 14:14
13244,59,1715,2026-07-30 23:40,NULL
13245,44,9583,2026-07-25 21:56,2026-07-25 22:27
13246,31,9080,2026-07-10 15:05,2026-07-10 16:40
13247,20,5303,2026-07-28 01:27,2026-07-28 03:23
13248,23,9333,2026-07-30 15:10,2026-07-30 16:24
13249,46,2792,2026-07-14 11:36,2026-07-14 12:26
13250,33,9411,2026-07-07 08:36,2026-07-07 10:33
13251,92,5981,2026-07-15 05:03,2026-07-15 06:46
13252,76,2312,2026-07-05 22:50,2026-07-06 00:32
13253,37,4402,2026-07-03 14:49,2026-07-03 16:34
13254,44,1061,2026-07-26 22:10,2026-07-26 23:50
13255,10,6007,2026-07-05 06:40,2026-07-05 07:08
13256,10,3768,2026-07-01 02:19,2026-07-01 04:02
13257,73,5562,2026-07-29 13:23,NULL
13258,92,7902,2026-07-29 12:33,2026-07-29 13:14
13259,52,1222,2026-07-18 21:33,2026-07-18 23:05
13260,22,4488,2026-07-08 14:32,2026-07-08 15:43
13261,50,3909,2026-07-28 10:55,2026-07-28 11:17
13262,77,5751,2026-07-11 03:51,2026-07-11 04:38
13263,47,6613,2026-07-26 22:00,2026-07-26 22:25
13264,82,3130,2026-07-01 01:55,2026-07-01 03:06
13265,90,4234,2026-07-13 22:31,2026-07-13 23:35
13266,8,780,2026-07-27 18:44,2026-07-27 19:44
13267,76,5697,2026-07-10 10:30,2026-07-10 11:45
13268,59,4498,2026-07-16 07:06,2026-07-16 07:53
13269,6,9572,2026-07-05 01:57,2026-07-05 03:11
13270,89,9042,2026-07-21 06:06,2026-07-21 06:45
13271,23,8650,2026-07-20 09:22,2026-07-20 11:17
13272,90,7793,2026-07-01 17:37,2026-07-01 18:19
13273,83,8091,2026-07-10 10:14,2026-07-10 11:22
13274,39,5096,2026-07-16 12:40,2026-07-16 13:31
13275,87,5666,2026-07-18 17:47,2026-07-18 18:30
13276,56,9415,2026-07-03 11:57,NULL
13277,100,3867,2026-07-12 04:55,2026-07-12 06:37
13278,13,683,2026-07-18 19:25,2026-07-18 20:01
13279,43,1375,2026-07-12 07:29,2026-07-12 09:19
13280,91,224,2026-07-28 05:38,2026-07-28 07:01
13281,83,2922,2026-07-19 14:35,2026-07-19 16:27
13282,52,4159,2026-07-08 11:49,2026-07-08 12:52
13283,19,753,2026-07-27 09:41,2026-07-27 10:29
13284,72,4877,2026-07-08 20:15,2026-07-08 20:58
13285,99,3576,2026-07-18 09:19,2026-07-18 10:22
13286,23,3350,2026-07-03 19:33,2026-07-03 21:01
13287,61,4149,2026-07-14 12:13,NULL
13288,39,2920,2026-07-28 23:23,2026-07-29 00:43
13289,3,5133,2026-07-05 03:49,2026-07-05 04:01
13290,11,4580,2026-07-16 15:50,2026-07-16 17:44
13291,14,300,2026-07-17 01:15,2026-07-17 02:13
13292,86,4473,2026-07-13 00:35,2026-07-13 02:22
13293,20,5627,2026-07-27 15:47,2026-07-27 17:43
13294,39,9474,2026-07-03 09:49,2026-07-03 11:16
13295,40,8124,2026-07-06 03:06,2026-07-06 03:51
13296,89,1866,2026-07-09 00:17,2026-07-09 01:31
13297,30,3050,2026-07-03 21:04,2026-07-03 21:59
13298,39,2947,2026-07-27 09:30,2026-07-27 10:57
13299,97,9230,2026-07-02 03:55,2026-07-02 04:20
13300,82,3631,2026-07-01 16:12,2026-07-01 16:41
13301,92,1935,2026-07-07 00:34,2026-07-07 01:40
13302,71,3961,2026-07-13 14:21,2026-07-13 15:00
13303,73,4997,2026-07-07 16:54,2026-07-07 17:07
13304,5,1685,2026-07-05 04:41,2026-07-05 05:48
13305,46,8565,2026-07-20 19:06,NULL
13306,78,4723,2026-07-30 05:56,2026-07-30 06:25
13307,31,289,2026-07-29 03:42,2026-07-29 03:57
13308,37,6438,2026-07-16 05:25,2026-07-16 05:58
13309,42,6457,2026-07-09 07:41,NULL
13310,10,763,2026-07-12 01:27,2026-07-12 01:50
13311,63,229,2026-07-29 02:16,NULL
13312,9,4190,2026-07-20 21:41,2026-07-20 22:46
13313,5,8532,2026-07-20 12:53,2026-07-20 14:45
13314,48,696,2026-07-04 18:43,2026-07-04 20:04
13315,95,7291,2026-07-27 04:19,2026-07-27 05:30
13316,59,5864,2026-07-21 18:44,2026-07-21 19:11
13317,6,8826,2026-07-18 07:34,2026-07-18 08:26
13318,98,7062,2026-07-05 01:00,2026-07-05 01:19
13319,30,8675,2026-07-25 03:53,NULL
13320,26,8003,2026-07-13 11:20,2026-07-13 12:10
13321,25,3480,2026-07-22 15:27,2026-07-22 15:45
13322,94,3158,2026-07-05 07:33,2026-07-05 08:01
13323,74,6769,2026-07-21 06:05,2026-07-21 07:03
13324,3,4713,2026-07-08 18:44,NULL
13325,32,7556,2026-07-15 01:35,NULL
13326,83,4026,2026-07-10 20:14,2026-07-10 21:51
13327,78,4775,2026-07-26 10:39,2026-07-26 11:54
13328,96,9689,2026-07-12 10:27,2026-07-12 11:55
13329,34,9087,2026-07-23 11:07,2026-07-23 11:40
13330,77,4583,2026-07-20 06:23,2026-07-20 08:01
13331,94,9195,2026-07-13 18:50,2026-07-13 20:31
13332,71,7051,2026-07-24 07:55,2026-07-24 09:34
13333,43,3301,2026-07-05 09:14,2026-07-05 09:49
13334,46,1245,2026-07-13 03:41,2026-07-13 04:27
13335,25,8572,2026-07-18 01:33,2026-07-18 02:03
13336,6,5706,2026-07-08 22:42,NULL
13337,30,5202,2026-07-22 23:03,2026-07-22 23:43
13338,4,6665,2026-07-30 00:42,2026-07-30 01:00
13339,61,8216,2026-07-24 22:04,2026-07-24 23:18
13340,3,8998,2026-07-08 06:51,2026-07-08 07:52
13341,61,1494,2026-07-19 04:32,2026-07-19 06:30
13342,15,9267,2026-07-27 23:08,2026-07-28 01:08
13343,80,6481,2026-07-04 16:10,2026-07-04 17:36
13344,51,1556,2026-07-02 06:03,2026-07-02 06:32
13345,72,9518,2026-07-06 08:28,2026-07-06 10:22
13346,3,6974,2026-07-29 04:35,2026-07-29 05:49
13347,97,6167,2026-07-28 08:30,2026-07-28 09:18
13348,31,7348,2026-07-11 11:07,2026-07-11 13:07
13349,36,9500,2026-07-30 06:04,NULL
13350,73,7769,2026-07-10 23:18,2026-07-11 00:01
13351,12,3471,2026-07-05 20:13,2026-07-05 21:06
13352,65,2808,2026-07-22 01:42,2026-07-22 02:21
13353,97,9117,2026-07-02 15:55,2026-07-02 17:25
13354,19,5554,2026-07-06 18:07,2026-07-06 18:41
13355,83,5783,2026-07-14 18:53,2026-07-14 19:48
13356,78,9548,2026-07-14 07:23,2026-07-14 08:29
13357,15,8761,2026-07-09 12:57,2026-07-09 13:18
13358,71,591,2026-07-15 08:32,2026-07-15 10:28
13359,92,6074,2026-07-07 16:47,NULL
13360,86,7060,2026-07-01 06:28,2026-07-01 07:59
13361,67,7010,2026-07-07 13:01,2026-07-07 13:33
13362,40,6464,2026-07-11 17:29,2026-07-11 18:39
13363,76,1302,2026-07-16 05:39,NULL
13364,30,6409,2026-07-08 23:35,2026-07-09 00:41
13365,2,8797,2026-07-07 23:22,2026-07-08 00:45
13366,78,399,2026-07-02 04:48,2026-07-02 05:46
13367,52,4269,2026-07-28 14:39,2026-07-28 14:50
13368,98,1915,2026-07-20 03:03,2026-07-20 04:00
13369,53,8017,2026-07-15 06:00,2026-07-15 07:43
13370,27,3113,2026-07-01 07:33,NULL
13371,57,149,2026-07-17 23:35,NULL
13372,39,6734,2026-07-15 21:59,2026-07-15 23:52
13373,9,3383,2026-07-08 18:19,2026-07-08 19:56
13374,62,659,2026-07-04 05:18,2026-07-04 06:47
13375,14,5004,2026-07-02 20:56,2026-07-02 21:13
13376,43,2612,2026-07-11 20:25,2026-07-11 21:00
13377,95,4982,2026-07-09 07:23,2026-07-09 08:59
13378,62,7035,2026-07-24 03:53,2026-07-24 04:27
13379,87,1827,2026-07-26 01:22,2026-07-26 03:20
13380,87,3446,2026-07-13 11:52,2026-07-13 12:46
13381,31,9545,2026-07-22 00:45,2026-07-22 01:52
13382,79,1972,2026-07-01 22:49,2026-07-01 23:33
13383,8,3304,2026-07-13 13:09,2026-07-13 14:22
13384,23,2505,2026-07-21 22:35,2026-07-21 23:57
13385,72,866,2026-07-27 04:48,2026-07-27 05:39
13386,27,3693,2026-07-08 11:59,2026-07-08 13:59
13387,59,5326,2026-07-20 17:42,2026-07-20 18:45
13388,92,9465,2026-07-10 21:24,2026-07-10 21:47
13389,97,9330,2026-07-15 22:13,2026-07-16 00:03
13390,66,8369,2026-07-21 03:06,2026-07-21 03:26
13391,55,8960,2026-07-08 14:22,2026-07-08 15:05
13392,64,8532,2026-07-19 06:58,2026-07-19 07:30
13393,85,2551,2026-07-13 08:38,2026-07-13 10:29
13394,67,184,2026-07-16 00:43,2026-07-16 01:30
13395,67,4071,2026-07-03 09:36,2026-07-03 11:10
13396,26,2387,2026-07-20 17:00,2026-07-20 18:39
13397,80,5422,2026-07-15 15:32,2026-07-15 16:26
13398,7,7261,2026-07-27 14:58,2026-07-27 16:33
13399,30,3744,2026-07-22 00:39,NULL
13400,29,1585,2026-07-16 06:19,2026-07-16 07:12
13401,45,8165,2026-07-24 09:34,2026-07-24 10:10
13402,26,639,2026-07-17 04:27,2026-07-17 04:38
13403,67,9600,2026-07-10 19:57,2026-07-10 20:36
13404,70,9219,2026-07-17 11:21,2026-07-17 12:45
13405,23,3338,2026-07-04 12:01,2026-07-04 12:45
13406,66,9893,2026-07-02 18:00,2026-07-02 18:38
13407,12,7492,2026-07-25 19:32,2026-07-25 20:40
13408,64,402,2026-07-12 14:35,2026-07-12 15:01
13409,90,5029,2026-07-11 01:52,2026-07-11 03:39
13410,55,7197,2026-07-09 18:00,2026-07-09 18:35
13411,55,153,2026-07-26 10:15,2026-07-26 11:34
13412,33,9859,2026-07-06 06:25,NULL
13413,87,1323,2026-07-24 12:20,NULL
13414,18,259,2026-07-30 13:09,2026-07-30 13:31
13415,70,6352,2026-07-08 08:31,2026-07-08 08:59
13416,40,166,2026-07-12 00:25,2026-07-12 00:48
13417,35,7753,2026-07-23 14:24,2026-07-23 14:40
13418,42,6166,2026-07-02 07:49,2026-07-02 08:30
13419,56,1918,2026-07-15 13:51,2026-07-15 14:36
13420,24,1977,2026-07-12 14:49,2026-07-12 15:40
13421,28,4505,2026-07-20 10:24,2026-07-20 12:02
13422,58,307,2026-07-29 10:52,2026-07-29 11:37
13423,35,6376,2026-07-24 05:33,2026-07-24 07:25
13424,42,620,2026-07-24 07:10,2026-07-24 08:15
13425,38,885,2026-07-18 12:27,2026-07-18 14:14
13426,17,7273,2026-07-08 20:23,2026-07-08 21:11
13427,19,2262,2026-07-09 02:02,2026-07-09 03:47
13428,63,7925,2026-07-30 02:28,2026-07-30 04:21
13429,31,7062,2026-07-03 00:02,2026-07-03 01:30
13430,18,4239,2026-07-10 12:57,2026-07-10 13:39
13431,47,4990,2026-07-13 09:25,2026-07-13 09:59
13432,98,1264,2026-07-20 16:38,2026-07-20 16:49
13433,23,4080,2026-07-15 17:27,2026-07-15 19:22
13434,68,3444,2026-07-28 01:38,2026-07-28 02:57
13435,87,263,2026-07-08 02:04,2026-07-08 02:20
13436,3,6533,2026-07-24 13:50,2026-07-24 15:06
13437,76,114,2026-07-08 07:55,2026-07-08 08:24
13438,40,2865,2026-07-24 05:12,2026-07-24 07:08
13439,1,181,2026-07-12 23:44,2026-07-13 01:01
13440,56,6429,2026-07-27 02:01,2026-07-27 03:52
13441,16,5172,2026-07-22 12:28,2026-07-22 14:27
13442,12,3006,2026-07-21 21:52,2026-07-21 22:16
13443,30,1332,2026-07-25 15:31,2026-07-25 16:50
13444,78,1974,2026-07-23 05:52,2026-07-23 07:35
13445,47,9812,2026-07-16 07:22,NULL
13446,15,5875,2026-07-29 02:00,2026-07-29 03:12
13447,10,1254,2026-07-02 16:25,2026-07-02 16:35
13448,48,4114,2026-07-26 05:52,2026-07-26 06:47
13449,58,6437,2026-07-01 07:26,2026-07-01 08:27
13450,53,110,2026-07-15 21:16,2026-07-15 22:01
13451,71,1028,2026-07-24 06:22,NULL
13452,40,9870,2026-07-09 21:35,2026-07-09 23:28
13453,44,382,2026-07-02 17:14,2026-07-02 18:05
13454,9,6262,2026-07-24 12:40,2026-07-24 13:20
13455,65,5440,2026-07-04 11:34,2026-07-04 13:32
13456,90,1451,2026-07-12 15:07,2026-07-12 15:50
13457,17,925,2026-07-13 11:50,2026-07-13 13:30
13458,55,1239,2026-07-12 12:27,2026-07-12 13:25
13459,81,9215,2026-07-29 08:57,2026-07-29 09:53
13460,4,6715,2026-07-06 04:57,2026-07-06 05:16
13461,94,6816,2026-07-06 21:52,2026-07-06 22:24
13462,4,2031,2026-07-18 09:43,NULL
13463,69,2792,2026-07-20 13:18,2026-07-20 13:59
13464,18,2764,2026-07-27 12:34,2026-07-27 13:27
13465,29,2268,2026-07-07 19:12,2026-07-07 20:29
13466,63,2749,2026-07-27 00:28,2026-07-27 01:40
13467,81,9174,2026-07-23 22:56,2026-07-23 23:41
13468,26,9131,2026-07-07 06:21,2026-07-07 07:15
13469,89,8343,2026-07-11 13:51,2026-07-11 14:49
13470,82,4512,2026-07-09 09:03,2026-07-09 09:16
13471,41,3067,2026-07-25 05:00,2026-07-25 06:06
13472,30,178,2026-07-02 12:37,2026-07-02 13:37
13473,3,2453,2026-07-14 10:47,2026-07-14 11:19
13474,88,4575,2026-07-23 10:40,2026-07-23 11:37
13475,10,2054,2026-07-07 14:31,2026-07-07 16:28
13476,18,5480,2026-07-06 10:50,2026-07-06 11:50
13477,36,9452,2026-07-20 21:17,2026-07-20 22:50
13478,15,9682,2026-07-07 01:20,2026-07-07 02:45
13479,86,6531,2026-07-18 00:00,2026-07-18 01:56
13480,91,6077,2026-07-24 21:39,2026-07-24 23:12
13481,72,3338,2026-07-04 05:35,2026-07-04 06:39
13482,86,7573,2026-07-30 17:26,2026-07-30 19:23
13483,46,829,2026-07-23 10:25,2026-07-23 11:37
13484,36,1104,2026-07-09 16:04,2026-07-09 17:54
13485,91,6293,2026-07-26 22:32,2026-07-26 23:00
13486,33,4327,2026-07-22 16:35,2026-07-22 17:59
13487,73,8088,2026-07-10 15:51,2026-07-10 17:39
13488,57,7734,2026-07-02 11:21,2026-07-02 12:51
13489,25,3163,2026-07-13 11:06,2026-07-13 12:49
13490,9,3710,2026-07-04 08:57,2026-07-04 09:29
13491,90,6500,2026-07-12 13:23,2026-07-12 13:49
13492,33,124,2026-07-26 13:21,2026-07-26 13:49
13493,81,3271,2026-07-11 18:15,2026-07-11 18:48
13494,24,9671,2026-07-23 23:23,2026-07-23 23:57
13495,97,6411,2026-07-04 01:22,2026-07-04 02:30
13496,39,6415,2026-07-28 16:03,2026-07-28 17:32
13497,9,3084,2026-07-26 11:54,2026-07-26 12:18
13498,11,9837,2026-07-08 17:40,2026-07-08 19:34
13499,56,4204,2026-07-06 01:11,2026-07-06 02:34
13500,88,1654,2026-07-14 13:58,2026-07-14 14:22
13501,76,2617,2026-07-24 13:13,2026-07-24 14:44
13502,71,538,2026-07-11 21:27,2026-07-11 23:06
13503,23,306,2026-07-03 18:21,2026-07-03 19:41
13504,9,6815,2026-07-21 21:53,NULL
13505,100,7333,2026-07-26 22:58,2026-07-27 00:33
13506,100,1000,2026-07-26 18:02,NULL
13507,38,2888,2026-07-09 19:56,2026-07-09 20:55
13508,68,3761,2026-07-05 03:07,2026-07-05 04:27
13509,97,2459,2026-07-03 10:38,2026-07-03 11:06
13510,56,6707,2026-07-22 21:07,2026-07-22 22:49
13511,50,9241,2026-07-21 21:56,NULL
13512,36,5940,2026-07-28 09:29,2026-07-28 11:04
13513,86,7579,2026-07-16 23:24,2026-07-17 01:01
13514,30,1704,2026-07-29 15:46,2026-07-29 16:38
13515,42,4406,2026-07-11 15:45,2026-07-11 16:08
13516,6,3888,2026-07-01 05:11,2026-07-01 07:04
13517,81,2480,2026-07-08 13:54,2026-07-08 14:30
13518,36,1639,2026-07-11 12:30,2026-07-11 13:48
13519,42,7683,2026-07-09 05:59,2026-07-09 06:39
13520,8,3893,2026-07-19 18:05,2026-07-19 18:49
13521,49,7513,2026-07-04 00:15,NULL
13522,9,9721,2026-07-14 05:25,2026-07-14 07:18
13523,82,1324,2026-07-13 06:10,2026-07-13 07:59
13524,84,1019,2026-07-08 17:49,2026-07-08 19:30
13525,61,2606,2026-07-06 20:25,2026-07-06 21:17
13526,10,6972,2026-07-28 06:31,2026-07-28 08:04
13527,14,3077,2026-07-12 12:43,2026-07-12 13:11
13528,48,3269,2026-07-09 05:49,2026-07-09 06:58
13529,16,8635,2026-07-27 06:59,2026-07-27 08:06
13530,38,9055,2026-07-28 22:43,2026-07-28 23:26
13531,3,1313,2026-07-27 14:51,NULL
13532,86,2732,2026-07-25 15:25,NULL
13533,72,1486,2026-07-28 00:07,2026-07-28 00:26
13534,50,3726,2026-07-21 07:12,2026-07-21 09:00
13535,75,7575,2026-07-17 02:43,NULL
13536,99,2860,2026-07-12 10:11,2026-07-12 11:19
13537,82,8177,2026-07-16 17:22,2026-07-16 19:13
13538,47,9889,2026-07-18 05:54,2026-07-18 07:11
13539,66,4198,2026-07-25 11:17,2026-07-25 12:34
13540,47,9660,2026-07-21 03:02,2026-07-21 03:42
13541,29,3936,2026-07-03 08:35,2026-07-03 10:08
13542,28,3415,2026-07-02 08:24,2026-07-02 10:17
13543,29,8810,2026-07-02 11:03,NULL
13544,13,4684,2026-07-06 09:13,NULL
13545,77,1269,2026-07-10 14:54,2026-07-10 15:25
13546,73,7261,2026-07-29 05:58,2026-07-29 06:50
13547,60,2989,2026-07-02 09:12,2026-07-02 10:19
13548,11,1900,2026-07-16 02:38,2026-07-16 03:33
13549,69,9735,2026-07-19 07:50,2026-07-19 08:44
13550,24,7309,2026-07-05 06:03,2026-07-05 07:07
13551,58,6998,2026-07-01 16:30,NULL
13552,14,8112,2026-07-24 15:38,2026-07-24 15:56
13553,68,3537,2026-07-24 16:53,2026-07-24 17:24
13554,55,8970,2026-07-09 21:03,2026-07-09 22:58
13555,18,661,2026-07-28 09:16,2026-07-28 10:01
13556,10,6788,2026-07-08 05:12,2026-07-08 06:41
13557,39,1241,2026-07-14 13:56,2026-07-14 14:53
13558,28,8560,2026-07-02 07:10,2026-07-02 08:48
13559,21,3495,2026-07-02 10:31,2026-07-02 11:09
13560,85,6082,2026-07-21 16:38,2026-07-21 17:42
13561,28,490,2026-07-29 21:33,2026-07-29 22:52
13562,5,6625,2026-07-28 05:55,2026-07-28 06:57
13563,100,9251,2026-07-25 05:22,2026-07-25 06:22
13564,35,7451,2026-07-10 19:46,2026-07-10 20:07
13565,56,135,2026-07-11 03:17,2026-07-11 03:52
13566,95,1955,2026-07-25 15:02,NULL
13567,92,8526,2026-07-22 13:52,2026-07-22 15:04
13568,49,3620,2026-07-04 03:07,2026-07-04 04:59
13569,81,790,2026-07-26 13:39,NULL
13570,76,4445,2026-07-01 06:27,2026-07-01 07:03
13571,10,5260,2026-07-13 01:23,2026-07-13 01:36
13572,29,7911,2026-07-04 11:17,2026-07-04 11:46
13573,42,4372,2026-07-20 09:21,2026-07-20 10:52
13574,66,5399,2026-07-04 02:54,2026-07-04 03:50
13575,22,3040,2026-07-06 03:11,2026-07-06 04:08
13576,69,1638,2026-07-20 02:51,2026-07-20 04:40
13577,83,5018,2026-07-29 08:01,2026-07-29 10:00
13578,36,8291,2026-07-21 18:55,2026-07-21 19:21
13579,46,1422,2026-07-10 14:43,2026-07-10 15:02
13580,97,3536,2026-07-21 09:57,NULL
13581,82,7314,2026-07-18 11:49,2026-07-18 13:45
13582,55,884,2026-07-28 15:05,2026-07-28 16:00
13583,29,8908,2026-07-25 02:23,2026-07-25 04:01
13584,30,3496,2026-07-27 18:22,NULL
13585,10,9828,2026-07-27 00:18,2026-07-27 01:23
13586,80,2342,2026-07-23 19:24,2026-07-23 21:15
13587,91,7882,2026-07-29 21:18,2026-07-29 22:53
13588,92,4937,2026-07-30 14:58,2026-07-30 15:14
13589,45,6793,2026-07-11 03:08,2026-07-11 03:57
13590,62,5704,2026-07-04 10:59,2026-07-04 11:42
13591,13,3277,2026-07-06 18:58,2026-07-06 19:42
13592,61,6061,2026-07-15 08:53,2026-07-15 09:09
13593,13,6754,2026-07-19 14:14,NULL
13594,50,5803,2026-07-27 08:20,2026-07-27 09:17
13595,94,7383,2026-07-24 21:02,2026-07-24 22:34
13596,45,2264,2026-07-01 21:03,2026-07-01 22:51
13597,39,1347,2026-07-28 12:33,2026-07-28 13:38
13598,8,9468,2026-07-07 03:21,2026-07-07 05:17
13599,27,5719,2026-07-04 20:52,2026-07-04 21:45
13600,8,1668,2026-07-15 06:27,NULL
13601,56,3772,2026-07-14 06:25,NULL
13602,65,2590,2026-07-07 00:19,2026-07-07 01:12
13603,25,3798,2026-07-16 22:33,2026-07-17 00:20
13604,60,7920,2026-07-16 02:56,2026-07-16 04:24
13605,34,5111,2026-07-22 20:44,NULL
13606,53,341,2026-07-18 01:18,2026-07-18 02:37
13607,53,2247,2026-07-27 01:30,2026-07-27 02:53
13608,19,6144,2026-07-12 05:11,2026-07-12 05:22
13609,50,5315,2026-07-13 05:02,2026-07-13 06:44
13610,54,9778,2026-07-09 21:51,2026-07-09 22:19
13611,84,4367,2026-07-08 12:17,2026-07-08 14:01
13612,81,9666,2026-07-28 15:47,2026-07-28 17:21
13613,92,130,2026-07-12 17:48,2026-07-12 18:50
13614,52,3021,2026-07-16 05:28,2026-07-16 06:30
13615,80,1155,2026-07-23 08:15,2026-07-23 09:27
13616,24,2949,2026-07-04 10:50,2026-07-04 12:12
13617,34,9116,2026-07-17 04:29,2026-07-17 05:00
13618,79,2270,2026-07-05 02:24,2026-07-05 03:50
13619,50,775,2026-07-09 04:24,NULL
13620,81,8356,2026-07-04 06:58,NULL
13621,89,8864,2026-07-20 18:05,2026-07-20 19:37
13622,63,6965,2026-07-15 00:24,2026-07-15 01:19
13623,32,6922,2026-07-04 16:27,2026-07-04 17:46
13624,96,1931,2026-07-20 22:19,2026-07-20 23:57
13625,34,5896,2026-07-30 19:54,NULL
13626,91,8664,2026-07-15 12:27,2026-07-15 12:40
13627,40,1669,2026-07-20 04:31,2026-07-20 06:29
13628,15,7683,2026-07-12 13:55,2026-07-12 14:06
13629,34,2703,2026-07-05 09:02,2026-07-05 10:03
13630,30,9338,2026-07-28 09:16,NULL
13631,34,9420,2026-07-21 14:40,2026-07-21 16:08
13632,58,1595,2026-07-19 06:54,2026-07-19 07:13
13633,9,5513,2026-07-30 06:59,2026-07-30 07:45
13634,48,8799,2026-07-07 02:13,2026-07-07 04:03
13635,77,92,2026-07-09 06:14,2026-07-09 06:35
13636,80,6602,2026-07-12 01:35,2026-07-12 03:33
13637,98,9192,2026-07-03 08:43,2026-07-03 10:06
13638,70,8574,2026-07-23 22:20,NULL
13639,51,3117,2026-07-29 12:09,2026-07-29 13:54
13640,99,7703,2026-07-14 13:11,2026-07-14 14:34
13641,83,7591,2026-07-11 13:32,2026-07-11 15:19
13642,4,2245,2026-07-02 18:46,2026-07-02 20:09
13643,18,1380,2026-07-02 16:07,2026-07-02 17:12
13644,54,4932,2026-07-26 22:39,2026-07-27 00:00
13645,6,3732,2026-07-14 09:51,NULL
13646,24,4004,2026-07-02 00:57,2026-07-02 02:29
13647,43,383,2026-07-01 05:44,2026-07-01 07:37
13648,63,1145,2026-07-24 16:03,2026-07-24 17:34
13649,21,4862,2026-07-06 14:14,2026-07-06 15:02
13650,73,6298,2026-07-26 13:28,2026-07-26 15:09
13651,70,4293,2026-07-30 02:01,2026-07-30 03:36
13652,80,2216,2026-07-24 17:32,2026-07-24 17:46
13653,32,8847,2026-07-09 13:31,2026-07-09 13:58
13654,48,2668,2026-07-30 08:18,2026-07-30 10:17
13655,13,8542,2026-07-15 18:26,NULL
13656,98,1629,2026-07-25 15:41,2026-07-25 17:20
13657,60,4584,2026-07-02 13:14,2026-07-02 14:10
13658,13,2607,2026-07-23 08:21,2026-07-23 08:31
13659,54,7378,2026-07-22 15:16,2026-07-22 16:08
13660,2,1627,2026-07-05 14:48,2026-07-05 15:08
13661,51,982,2026-07-18 06:34,2026-07-18 07:14
13662,31,3179,2026-07-27 20:37,2026-07-27 21:04
13663,88,7068,2026-07-12 05:54,2026-07-12 07:39
13664,69,361,2026-07-03 02:44,2026-07-03 03:07
13665,15,7877,2026-07-03 17:48,2026-07-03 18:04
13666,88,3766,2026-07-27 13:49,2026-07-27 15:04
13667,7,1472,2026-07-09 17:34,2026-07-09 18:54
13668,71,7483,2026-07-24 12:32,NULL
13669,15,542,2026-07-18 16:52,2026-07-18 17:27
13670,18,8200,2026-07-06 06:06,2026-07-06 07:41
13671,95,1225,2026-07-10 05:51,2026-07-10 06:35
13672,81,3819,2026-07-19 06:44,2026-07-19 07:15
13673,39,1571,2026-07-06 02:44,2026-07-06 04:09
13674,28,2852,2026-07-06 16:35,2026-07-06 17:11
13675,50,6517,2026-07-14 13:53,2026-07-14 14:27
13676,49,531,2026-07-30 09:56,2026-07-30 10:34
13677,54,6713,2026-07-07 08:05,NULL
13678,18,787,2026-07-18 00:37,2026-07-18 01:26
13679,26,7568,2026-07-15 23:33,2026-07-16 00:06
13680,87,8571,2026-07-27 20:27,2026-07-27 21:49
13681,42,5254,2026-07-06 07:47,2026-07-06 08:52
13682,50,6688,2026-07-03 16:05,NULL
13683,54,5013,2026-07-10 18:03,2026-07-10 18:22
13684,24,8594,2026-07-11 14:39,2026-07-11 15:04
13685,55,7340,2026-07-08 11:35,2026-07-08 12:49
13686,66,1468,2026-07-05 20:41,2026-07-05 22:21
13687,58,49,2026-07-02 23:31,2026-07-03 01:12
13688,17,5744,2026-07-27 23:18,2026-07-28 00:34
13689,60,3827,2026-07-09 17:18,2026-07-09 17:41
13690,36,7032,2026-07-07 10:36,2026-07-07 12:16
13691,6,8119,2026-07-22 11:49,2026-07-22 11:59
13692,99,554,2026-07-07 00:40,NULL
13693,20,3615,2026-07-20 05:08,2026-07-20 05:55
13694,32,546,2026-07-08 00:31,2026-07-08 01:01
13695,88,5958,2026-07-03 05:43,2026-07-03 07:15
13696,18,6225,2026-07-02 01:15,2026-07-02 02:25
13697,90,7464,2026-07-20 10:41,2026-07-20 12:32
13698,68,2451,2026-07-13 12:25,2026-07-13 14:14
13699,72,2260,2026-07-18 17:49,2026-07-18 18:57
13700,73,4162,2026-07-27 04:29,2026-07-27 05:21
13701,26,9280,2026-07-19 11:47,2026-07-19 12:10
13702,21,8278,2026-07-30 01:05,2026-07-30 01:30
13703,48,4668,2026-07-22 21:23,2026-07-22 22:01
13704,58,6430,2026-07-18 05:04,2026-07-18 05:52
13705,43,7622,2026-07-14 00:26,2026-07-14 00:37
13706,7,9886,2026-07-05 02:31,NULL
13707,73,6588,2026-07-01 09:48,2026-07-01 10:48
13708,9,7159,2026-07-18 19:57,2026-07-18 21:13
13709,33,8510,2026-07-12 13:47,2026-07-12 14:34
13710,70,4473,2026-07-11 09:48,2026-07-11 11:29
13711,86,2404,2026-07-12 16:05,2026-07-12 16:34
13712,99,6473,2026-07-30 21:00,2026-07-30 22:34
13713,95,2789,2026-07-25 08:02,2026-07-25 09:53
13714,25,8080,2026-07-03 02:54,2026-07-03 03:25
13715,40,1370,2026-07-21 12:19,2026-07-21 13:56
13716,95,9211,2026-07-01 16:43,2026-07-01 17:45
13717,52,9414,2026-07-04 00:23,2026-07-04 01:17
13718,80,2013,2026-07-12 14:14,2026-07-12 14:50
13719,19,7697,2026-07-23 06:43,2026-07-23 07:09
13720,77,3763,2026-07-08 07:24,2026-07-08 07:56
13721,60,7392,2026-07-08 16:29,2026-07-08 18:29
13722,39,1703,2026-07-07 12:01,2026-07-07 13:48
13723,81,8867,2026-07-19 04:55,2026-07-19 06:30
13724,48,8031,2026-07-21 00:17,2026-07-21 00:37
13725,36,3721,2026-07-21 08:10,2026-07-21 09:04
13726,54,5686,2026-07-07 18:59,2026-07-07 20:25
13727,34,596,2026-07-05 13:28,2026-07-05 15:23
13728,21,1195,2026-07-03 19:35,2026-07-03 21:13
13729,54,4344,2026-07-01 10:28,NULL
13730,96,9375,2026-07-15 17:12,2026-07-15 18:11
13731,68,8073,2026-07-30 09:24,2026-07-30 10:21
13732,70,6515,2026-07-04 23:42,2026-07-05 01:05
13733,51,5775,2026-07-27 19:01,2026-07-27 19:39
13734,89,7259,2026-07-29 00:03,2026-07-29 01:52
13735,74,8260,2026-07-14 00:52,2026-07-14 01:15
13736,25,4199,2026-07-19 21:28,2026-07-19 22:23
13737,81,1022,2026-07-20 01:20,2026-07-20 01:32
13738,39,385,2026-07-19 17:09,NULL
13739,88,7651,2026-07-27 06:28,2026-07-27 07:00
13740,1,9604,2026-07-30 19:39,2026-07-30 20:31
13741,59,7160,2026-07-30 04:43,2026-07-30 04:53
13742,59,8627,2026-07-01 01:43,2026-07-01 03:20
13743,63,9605,2026-07-12 04:57,NULL
13744,97,8258,2026-07-05 11:35,2026-07-05 13:14
13745,34,7512,2026-07-12 03:13,2026-07-12 03:55
13746,83,9424,2026-07-28 16:04,2026-07-28 18:00
13747,46,4705,2026-07-04 04:19,2026-07-04 04:37
13748,69,9074,2026-07-18 09:49,2026-07-18 11:08
13749,1,6043,2026-07-21 14:24,2026-07-21 16:19
13750,19,826,2026-07-25 05:19,2026-07-25 06:44
13751,58,1524,2026-07-12 02:31,2026-07-12 03:21
13752,12,8792,2026-07-23 13:26,2026-07-23 14:47
13753,5,2493,2026-07-18 19:02,2026-07-18 20:45
13754,1,2654,2026-07-14 04:47,2026-07-14 06:27
13755,46,3175,2026-07-20 08:02,2026-07-20 09:01
13756,92,9592,2026-07-11 12:19,2026-07-11 14:12
13757,98,5630,2026-07-11 11:39,2026-07-11 13:26
13758,39,5330,2026-07-28 12:02,2026-07-28 13:09
13759,53,515,2026-07-01 11:33,2026-07-01 12:34
13760,77,6714,2026-07-29 23:26,2026-07-30 01:20
13761,35,4320,2026-07-25 12:15,2026-07-25 13:01
13762,59,3390,2026-07-28 09:37,2026-07-28 09:51
13763,35,3123,2026-07-20 13:47,2026-07-20 15:02
13764,73,1852,2026-07-14 11:59,2026-07-14 13:18
13765,56,7131,2026-07-19 20:56,2026-07-19 21:58
13766,67,1737,2026-07-28 12:13,2026-07-28 13:08
13767,11,350,2026-07-06 12:23,2026-07-06 13:15
13768,21,846,2026-07-12 09:25,2026-07-12 10:56
13769,16,6259,2026-07-29 09:03,2026-07-29 10:35
13770,14,687,2026-07-25 20:40,2026-07-25 20:52
13771,72,9565,2026-07-23 14:51,2026-07-23 15:51
13772,14,9246,2026-07-13 17:26,2026-07-13 19:24
13773,73,8397,2026-07-20 02:35,2026-07-20 04:23
13774,48,1300,2026-07-03 21:19,2026-07-03 23:10
13775,72,5070,2026-07-25 13:58,2026-07-25 14:59
13776,54,4526,2026-07-15 08:34,2026-07-15 10:22
13777,12,6423,2026-07-02 11:58,2026-07-02 13:26
13778,16,4108,2026-07-18 08:02,2026-07-18 08:42
13779,23,6363,2026-07-23 02:05,2026-07-23 03:01
13780,75,5697,2026-07-11 16:26,2026-07-11 18:21
13781,32,5348,2026-07-13 20:47,NULL
13782,49,3038,2026-07-26 16:06,2026-07-26 17:47
13783,37,8172,2026-07-08 22:17,2026-07-09 00:06
13784,75,5515,2026-07-07 18:57,NULL
13785,37,2935,2026-07-17 06:41,2026-07-17 07:32
13786,36,3099,2026-07-01 06:35,2026-07-01 08:27
13787,23,2632,2026-07-09 08:20,2026-07-09 10:02
13788,7,9085,2026-07-12 07:55,NULL
13789,34,5566,2026-07-09 02:18,NULL
13790,90,8795,2026-07-29 09:05,2026-07-29 10:29
13791,90,5980,2026-07-23 23:35,2026-07-24 00:49
13792,35,988,2026-07-05 02:22,2026-07-05 03:37
13793,52,5887,2026-07-21 15:00,2026-07-21 15:12
13794,88,2118,2026-07-07 19:45,2026-07-07 21:35
13795,8,1142,2026-07-08 13:32,2026-07-08 14:56
13796,65,5890,2026-07-09 18:57,2026-07-09 20:17
13797,35,4713,2026-07-10 23:57,2026-07-11 01:15
13798,91,6554,2026-07-24 23:58,NULL
13799,30,2810,2026-07-16 06:05,2026-07-16 07:48
13800,54,4282,2026-07-17 11:47,2026-07-17 12:09
13801,100,7441,2026-07-06 16:09,2026-07-06 17:29
13802,85,991,2026-07-01 12:21,NULL
13803,66,6658,2026-07-01 05:48,2026-07-01 06:34
13804,70,6759,2026-07-29 14:21,2026-07-29 15:01
13805,72,2449,2026-07-11 13:40,2026-07-11 14:33
13806,88,4481,2026-07-14 18:54,2026-07-14 19:42
13807,51,4578,2026-07-03 23:16,2026-07-04 01:02
13808,40,3436,2026-07-21 14:55,NULL
13809,56,715,2026-07-15 08:17,2026-07-15 10:03
13810,30,6100,2026-07-06 03:16,2026-07-06 04:12
13811,42,9359,2026-07-15 13:17,2026-07-15 14:24
13812,15,1152,2026-07-16 09:34,2026-07-16 11:23
13813,40,3905,2026-07-16 02:21,2026-07-16 03:48
13814,92,5974,2026-07-13 11:22,2026-07-13 12:09
13815,70,9697,2026-07-24 05:42,2026-07-24 06:23
13816,21,1427,2026-07-26 16:41,NULL
13817,10,9578,2026-07-08 14:49,2026-07-08 15:39
13818,9,1245,2026-07-07 02:52,2026-07-07 03:29
13819,96,3028,2026-07-27 07:48,2026-07-27 09:38
13820,23,9545,2026-07-05 18:20,2026-07-05 20:03
13821,14,872,2026-07-27 22:09,2026-07-27 23:42
13822,82,7398,2026-07-03 15:56,2026-07-03 16:25
13823,100,1671,2026-07-10 08:36,2026-07-10 09:08
13824,34,3344,2026-07-06 07:04,2026-07-06 09:01
13825,37,725,2026-07-30 05:12,2026-07-30 06:49
13826,39,5282,2026-07-26 10:02,2026-07-26 11:17
13827,47,4584,2026-07-01 17:45,2026-07-01 19:08
13828,1,5314,2026-07-04 13:31,2026-07-04 14:54
13829,47,9665,2026-07-17 06:34,2026-07-17 08:32
13830,15,8303,2026-07-06 17:41,2026-07-06 17:55
13831,11,9839,2026-07-04 07:25,2026-07-04 08:18
13832,20,9714,2026-07-26 09:10,2026-07-26 09:30
13833,35,1398,2026-07-24 21:36,2026-07-24 22:29
13834,80,2963,2026-07-09 02:13,2026-07-09 02:52
13835,58,2671,2026-07-11 05:32,NULL
13836,93,8550,2026-07-26 16:49,2026-07-26 17:43
13837,15,6353,2026-07-14 02:52,2026-07-14 04:16
13838,44,9241,2026-07-18 17:14,2026-07-18 18:17
13839,57,4753,2026-07-01 10:44,2026-07-01 12:14
13840,48,9692,2026-07-02 11:24,2026-07-02 13:18
13841,2,5722,2026-07-01 17:26,2026-07-01 18:33
13842,73,2480,2026-07-29 16:49,2026-07-29 17:20
13843,82,8507,2026-07-27 23:10,2026-07-27 23:24
13844,67,8766,2026-07-02 12:48,NULL
13845,61,796,2026-07-27 02:13,2026-07-27 02:46
13846,62,621,2026-07-03 22:19,2026-07-03 23:29
13847,71,4466,2026-07-14 17:23,2026-07-14 18:59
13848,45,5624,2026-07-26 20:41,2026-07-26 22:04
13849,61,2314,2026-07-08 06:22,2026-07-08 07:44
13850,26,6559,2026-07-26 02:53,2026-07-26 03:21
13851,46,1220,2026-07-04 22:56,2026-07-05 00:49
13852,10,6304,2026-07-23 07:56,2026-07-23 08:20
13853,56,137,2026-07-23 15:18,2026-07-23 16:32
13854,69,5506,2026-07-06 18:20,2026-07-06 19:47
13855,57,6963,2026-07-21 21:09,2026-07-21 22:07
13856,59,6220,2026-07-17 14:24,2026-07-17 14:37
13857,47,8599,2026-07-09 01:00,2026-07-09 02:19
13858,70,9462,2026-07-05 07:09,2026-07-05 08:46
13859,12,537,2026-07-23 14:50,2026-07-23 16:27
13860,53,7254,2026-07-11 15:25,2026-07-11 16:49
13861,82,1343,2026-07-10 19:49,2026-07-10 20:57
13862,43,831,2026-07-26 20:17,2026-07-26 21:56
13863,65,4908,2026-07-02 15:01,2026-07-02 15:51
13864,60,7116,2026-07-03 09:34,NULL
13865,39,485,2026-07-29 08:32,2026-07-29 10:03
13866,14,5688,2026-07-13 23:32,2026-07-14 00:22
13867,91,7121,2026-07-08 21:19,2026-07-08 22:01
13868,94,2711,2026-07-07 12:09,2026-07-07 13:44
13869,79,2090,2026-07-01 08:16,NULL
13870,36,9225,2026-07-19 09:15,2026-07-19 10:15
13871,72,191,2026-07-28 02:22,2026-07-28 02:54
13872,58,9019,2026-07-05 06:21,2026-07-05 08:21
13873,20,2224,2026-07-28 02:56,2026-07-28 04:17
13874,95,2965,2026-07-06 08:26,2026-07-06 09:43
13875,10,5937,2026-07-10 04:34,2026-07-10 06:26
13876,94,1661,2026-07-12 11:27,2026-07-12 11:38
13877,5,9349,2026-07-06 22:11,2026-07-06 22:45
13878,37,4985,2026-07-05 10:28,2026-07-05 11:36
13879,79,1908,2026-07-25 09:27,2026-07-25 10:50
13880,43,1089,2026-07-06 00:38,2026-07-06 01:45
13881,70,4382,2026-07-08 00:38,2026-07-08 02:01
13882,36,3267,2026-07-21 00:24,2026-07-21 02:17
13883,6,741,2026-07-18 12:53,2026-07-18 14:09
13884,97,7043,2026-07-14 21:12,2026-07-14 21:32
13885,65,1008,2026-07-11 21:26,2026-07-11 22:48
13886,58,9701,2026-07-21 19:33,2026-07-21 19:56
13887,74,1820,2026-07-18 11:07,2026-07-18 12:15
13888,6,2168,2026-07-12 00:44,2026-07-12 01:41
13889,62,9198,2026-07-15 20:46,2026-07-15 21:02
13890,80,4559,2026-07-06 22:46,2026-07-06 23:34
13891,31,8741,2026-07-11 01:08,2026-07-11 01:41
13892,60,7219,2026-07-05 01:45,2026-07-05 02:12
13893,28,5811,2026-07-05 15:58,2026-07-05 16:32
13894,83,4654,2026-07-22 17:19,2026-07-22 17:55
13895,67,5847,2026-07-28 07:06,2026-07-28 08:49
13896,78,7272,2026-07-07 16:02,2026-07-07 17:39
13897,82,2054,2026-07-18 10:41,2026-07-18 10:54
13898,37,959,2026-07-16 14:28,2026-07-16 15:52
13899,87,8870,2026-07-17 18:25,NULL
13900,17,7439,2026-07-04 08:14,2026-07-04 09:11
13901,58,6786,2026-07-05 13:13,NULL
13902,56,3744,2026-07-23 09:06,2026-07-23 09:26
13903,11,7445,2026-07-09 06:37,2026-07-09 07:31
13904,14,446,2026-07-17 11:24,2026-07-17 11:47
13905,16,6034,2026-07-07 20:31,2026-07-07 21:37
13906,39,3434,2026-07-22 03:18,2026-07-22 04:47
13907,85,9666,2026-07-25 11:06,2026-07-25 11:40
13908,69,4072,2026-07-17 16:55,2026-07-17 17:29
13909,74,4758,2026-07-03 07:34,2026-07-03 08:31
13910,19,5927,2026-07-25 12:59,2026-07-25 14:31
13911,32,9534,2026-07-27 02:23,NULL
13912,24,8648,2026-07-01 09:31,2026-07-01 11:13
13913,3,2501,2026-07-05 00:42,2026-07-05 02:08
13914,97,2627,2026-07-13 23:40,2026-07-14 00:10
13915,23,2322,2026-07-29 14:41,2026-07-29 16:35
13916,65,1597,2026-07-22 06:18,2026-07-22 08:02
13917,84,1230,2026-07-12 02:29,2026-07-12 03:03
13918,32,4428,2026-07-23 03:02,2026-07-23 03:26
13919,81,3744,2026-07-11 02:10,NULL
13920,23,1834,2026-07-30 01:41,2026-07-30 02:32
13921,67,24,2026-07-04 14:22,2026-07-04 16:15
13922,20,5839,2026-07-27 22:36,2026-07-28 00:16
13923,4,1425,2026-07-24 22:41,2026-07-24 23:29
13924,43,4659,2026-07-22 10:11,2026-07-22 10:27
13925,77,2488,2026-07-19 16:37,2026-07-19 17:16
13926,77,1083,2026-07-03 14:49,2026-07-03 15:17
13927,90,5671,2026-07-25 01:52,2026-07-25 02:47
13928,41,2520,2026-07-11 10:07,2026-07-11 10:51
13929,46,4151,2026-07-28 17:56,2026-07-28 18:48
13930,62,9083,2026-07-21 12:19,2026-07-21 13:20
13931,79,6254,2026-07-13 09:46,2026-07-13 10:28
13932,74,6295,2026-07-09 19:52,2026-07-09 20:32
13933,66,9081,2026-07-04 12:13,2026-07-04 14:00
13934,25,6818,2026-07-28 23:37,NULL
13935,100,9071,2026-07-26 18:28,2026-07-26 18:55
13936,77,1016,2026-07-20 21:20,2026-07-20 22:42
13937,100,6663,2026-07-30 20:27,2026-07-30 20:51
13938,25,2051,2026-07-03 23:35,2026-07-04 01:00
13939,16,3242,2026-07-24 10:03,2026-07-24 10:42
13940,2,7774,2026-07-21 16:46,2026-07-21 18:32
13941,68,7395,2026-07-11 01:18,2026-07-11 01:36
13942,80,2136,2026-07-28 15:38,2026-07-28 17:12
13943,75,4738,2026-07-06 02:18,2026-07-06 02:37
13944,3,4932,2026-07-19 13:16,2026-07-19 13:28
13945,87,9935,2026-07-16 20:14,2026-07-16 21:49
13946,75,9236,2026-07-01 11:09,2026-07-01 11:45
13947,47,7194,2026-07-25 10:27,2026-07-25 10:55
13948,32,2221,2026-07-09 14:04,2026-07-09 15:33
13949,25,1862,2026-07-22 12:16,2026-07-22 14:04
13950,64,6917,2026-07-15 05:11,2026-07-15 06:58
13951,40,9394,2026-07-05 18:44,2026-07-05 19:20
13952,74,358,2026-07-28 20:49,2026-07-28 21:06
13953,97,8277,2026-07-19 16:16,2026-07-19 17:38
13954,15,5514,2026-07-20 16:12,NULL
13955,44,5183,2026-07-27 07:54,2026-07-27 08:13
13956,21,4222,2026-07-21 11:54,2026-07-21 13:45
13957,90,3689,2026-07-29 22:49,2026-07-30 00:46
13958,99,2639,2026-07-03 08:42,2026-07-03 10:13
13959,86,6164,2026-07-28 15:44,2026-07-28 16:17
13960,8,3188,2026-07-10 11:16,2026-07-10 12:13
13961,23,470,2026-07-29 10:25,2026-07-29 12:10
13962,54,2696,2026-07-24 10:47,2026-07-24 11:11
13963,47,5591,2026-07-09 19:16,2026-07-09 19:26
13964,100,497,2026-07-13 06:03,NULL
13965,58,5766,2026-07-23 10:52,2026-07-23 12:03
13966,77,4342,2026-07-28 21:30,2026-07-28 23:12
13967,79,1949,2026-07-09 05:38,2026-07-09 06:46
13968,74,686,2026-07-20 03:04,2026-07-20 04:32
13969,100,2926,2026-07-27 09:48,2026-07-27 10:47
13970,63,1162,2026-07-10 14:21,2026-07-10 15:08
13971,70,6824,2026-07-23 21:35,2026-07-23 22:47
13972,1,6391,2026-07-01 12:37,2026-07-01 13:51
13973,44,4590,2026-07-29 10:50,2026-07-29 11:50
13974,50,2678,2026-07-02 03:44,2026-07-02 05:13
13975,63,7274,2026-07-09 21:54,2026-07-09 22:58
13976,97,4944,2026-07-05 10:29,2026-07-05 11:25
13977,76,2146,2026-07-21 07:06,2026-07-21 08:18
13978,63,5851,2026-07-14 04:35,2026-07-14 06:25
13979,50,108,2026-07-14 05:49,2026-07-14 07:02
13980,67,8468,2026-07-09 02:30,2026-07-09 03:11
13981,56,9903,2026-07-05 12:15,2026-07-05 12:32
13982,12,7934,2026-07-21 00:23,2026-07-21 01:29
13983,42,7120,2026-07-28 15:06,2026-07-28 16:45
13984,17,7118,2026-07-25 18:16,2026-07-25 20:14
13985,28,769,2026-07-01 04:53,2026-07-01 06:26
13986,50,7152,2026-07-15 23:47,2026-07-16 00:38
13987,33,2693,2026-07-13 17:24,2026-07-13 19:01
13988,46,2676,2026-07-20 09:59,NULL
13989,33,8160,2026-07-12 11:23,2026-07-12 11:56
13990,55,5180,2026-07-08 21:56,2026-07-08 22:11
13991,45,3225,2026-07-04 12:20,2026-07-04 14:16
13992,100,5160,2026-07-05 18:42,2026-07-05 20:04
13993,93,8815,2026-07-21 07:17,2026-07-21 07:55
13994,59,4617,2026-07-09 05:54,2026-07-09 06:32
13995,87,109,2026-07-20 01:51,2026-07-20 02:27
13996,15,7578,2026-07-21 02:18,2026-07-21 02:55
13997,66,479,2026-07-30 19:36,2026-07-30 20:26
13998,79,6393,2026-07-11 13:32,2026-07-11 14:06
13999,79,9362,2026-07-18 21:49,2026-07-18 22:01
14000,63,4262,2026-07-25 22:39,2026-07-25 22:59
14001,1,1038,2026-07-07 02:19,2026-07-07 02:56
14002,82,4197,2026-07-09 11:47,2026-07-09 12:07
14003,80,8161,2026-07-11 23:12,2026-07-12 00:31
14004,24,7994,2026-07-13 16:28,2026-07-13 16:53
14005,92,6573,2026-07-02 19:53,NULL
14006,50,976,2026-07-27 06:49,2026-07-27 07:04
14007,37,8744,2026-07-29 07:18,NULL
14008,77,885,2026-07-17 20:57,2026-07-17 22:20
14009,72,1832,2026-07-13 17:16,2026-07-13 18:24
14010,86,7469,2026-07-03 05:09,2026-07-03 05:37
14011,63,9361,2026-07-10 16:44,2026-07-10 18:38
14012,24,9229,2026-07-15 04:59,2026-07-15 05:39
14013,39,4489,2026-07-28 14:18,2026-07-28 15:16
14014,75,2464,2026-07-02 19:59,2026-07-02 21:22
14015,46,6388,2026-07-12 01:10,2026-07-12 01:31
14016,35,6635,2026-07-24 00:20,2026-07-24 01:15
14017,49,76,2026-07-27 09:23,NULL
14018,47,1685,2026-07-10 01:28,2026-07-10 02:29
14019,97,5395,2026-07-11 10:56,2026-07-11 12:01
14020,18,4077,2026-07-05 05:42,2026-07-05 06:35
14021,100,2527,2026-07-30 16:46,2026-07-30 18:10
14022,53,3279,2026-07-11 00:54,NULL
14023,35,4997,2026-07-18 07:30,2026-07-18 08:47
14024,45,9441,2026-07-08 04:55,2026-07-08 06:01
14025,85,8323,2026-07-03 13:13,2026-07-03 15:11
14026,4,6871,2026-07-02 16:25,NULL
14027,63,7874,2026-07-27 23:26,NULL
14028,37,7316,2026-07-29 17:36,2026-07-29 18:37
14029,57,2127,2026-07-18 06:21,2026-07-18 07:44
14030,32,7406,2026-07-11 07:09,2026-07-11 07:33
14031,42,8722,2026-07-30 12:27,2026-07-30 13:28
14032,71,6469,2026-07-08 15:01,2026-07-08 15:37
14033,66,1789,2026-07-28 04:03,2026-07-28 05:16
14034,91,8266,2026-07-15 14:41,2026-07-15 15:08
14035,9,1279,2026-07-03 17:19,2026-07-03 18:47
14036,41,3571,2026-07-30 13:09,2026-07-30 14:18
14037,23,3847,2026-07-27 22:25,2026-07-28 00:10
14038,97,7414,2026-07-07 18:39,NULL
14039,12,5490,2026-07-06 21:08,2026-07-06 21:38
14040,8,6477,2026-07-07 06:25,2026-07-07 07:03
14041,48,7402,2026-07-15 19:53,2026-07-15 20:15
14042,78,4105,2026-07-11 20:58,2026-07-11 22:46
14043,86,9834,2026-07-24 16:43,2026-07-24 18:21
14044,58,1269,2026-07-16 05:12,2026-07-16 06:16
14045,16,6724,2026-07-22 03:41,2026-07-22 05:05
14046,69,3985,2026-07-05 01:34,2026-07-05 02:34
14047,84,5229,2026-07-03 10:47,2026-07-03 11:40
14048,33,7148,2026-07-24 11:53,2026-07-24 13:52
14049,13,2596,2026-07-15 19:39,2026-07-15 20:40
14050,81,5511,2026-07-10 04:59,2026-07-10 06:27
14051,90,1132,2026-07-01 15:02,2026-07-01 16:15
14052,68,5811,2026-07-29 12:11,2026-07-29 12:41
14053,46,4529,2026-07-11 07:39,2026-07-11 07:50
14054,73,2493,2026-07-26 22:02,2026-07-26 23:38
14055,53,2295,2026-07-19 17:53,2026-07-19 18:07
14056,45,7978,2026-07-21 10:22,2026-07-21 11:07
14057,43,510,2026-07-23 22:01,2026-07-23 23:13
14058,39,925,2026-07-02 01:43,2026-07-02 02:44
14059,78,1900,2026-07-23 10:59,2026-07-23 12:06
14060,41,4042,2026-07-05 15:28,2026-07-05 17:04
14061,35,6815,2026-07-17 01:51,2026-07-17 02:33
14062,92,58,2026-07-04 03:55,NULL
14063,71,8826,2026-07-10 06:12,2026-07-10 08:03
14064,57,1794,2026-07-09 21:31,2026-07-09 22:50
14065,26,5652,2026-07-21 15:42,2026-07-21 17:21
14066,56,1308,2026-07-30 10:19,2026-07-30 11:32
14067,100,310,2026-07-24 01:26,2026-07-24 03:00
14068,29,8681,2026-07-06 06:58,2026-07-06 07:36
14069,41,6815,2026-07-07 10:42,2026-07-07 12:15
14070,74,5095,2026-07-22 13:12,2026-07-22 13:40
14071,8,5760,2026-07-09 18:11,2026-07-09 19:08
14072,95,6531,2026-07-10 09:42,2026-07-10 09:56
14073,46,3538,2026-07-05 02:41,2026-07-05 04:26
14074,41,3713,2026-07-24 14:44,2026-07-24 16:44
14075,41,4242,2026-07-13 14:04,2026-07-13 15:08
14076,19,2301,2026-07-04 11:09,2026-07-04 12:46
14077,54,5921,2026-07-06 01:02,2026-07-06 02:48
14078,6,8773,2026-07-07 14:01,2026-07-07 14:39
14079,61,5323,2026-07-03 02:46,2026-07-03 03:01
14080,44,7783,2026-07-20 04:56,2026-07-20 06:30
14081,46,1333,2026-07-17 10:53,2026-07-17 12:32
14082,58,2669,2026-07-04 04:53,2026-07-04 06:17
14083,63,8060,2026-07-24 16:58,2026-07-24 18:26
14084,2,4599,2026-07-12 13:19,2026-07-12 15:09
14085,59,3169,2026-07-05 02:31,NULL
14086,37,3249,2026-07-09 03:26,2026-07-09 03:42
14087,77,7673,2026-07-18 06:53,2026-07-18 07:44
14088,4,6474,2026-07-25 14:31,2026-07-25 16:09
14089,81,3170,2026-07-06 03:38,2026-07-06 04:15
14090,10,8492,2026-07-16 21:06,2026-07-16 21:30
14091,90,5835,2026-07-28 04:35,2026-07-28 05:35
14092,74,7686,2026-07-01 11:44,NULL
14093,11,1663,2026-07-09 02:30,2026-07-09 03:22
14094,70,5694,2026-07-09 22:18,2026-07-09 22:32
14095,8,2145,2026-07-29 06:49,2026-07-29 08:07
14096,18,8033,2026-07-19 02:34,2026-07-19 03:18
14097,7,3703,2026-07-28 05:09,2026-07-28 05:35
14098,75,7572,2026-07-17 23:30,2026-07-18 00:35
14099,33,573,2026-07-13 07:22,NULL
14100,45,9305,2026-07-23 06:42,2026-07-23 08:33
14101,29,7340,2026-07-09 12:15,NULL
14102,80,1551,2026-07-10 01:33,2026-07-10 01:59
14103,48,784,2026-07-06 23:26,2026-07-07 00:50
14104,73,3947,2026-07-21 02:38,2026-07-21 03:27
14105,11,1568,2026-07-08 16:09,2026-07-08 17:42
14106,16,669,2026-07-13 12:38,2026-07-13 13:44
14107,79,3546,2026-07-11 21:59,2026-07-11 22:15
14108,75,3219,2026-07-29 22:10,2026-07-29 23:18
14109,91,4226,2026-07-30 15:12,2026-07-30 15:53
14110,8,9138,2026-07-29 22:49,2026-07-30 00:38
14111,67,1337,2026-07-13 02:16,2026-07-13 03:29
14112,96,5250,2026-07-06 20:31,2026-07-06 20:50
14113,94,4437,2026-07-10 16:40,2026-07-10 17:39
14114,23,9514,2026-07-16 01:56,2026-07-16 03:22
14115,40,5077,2026-07-05 07:25,2026-07-05 08:59
14116,72,2836,2026-07-02 13:49,2026-07-02 14:07
14117,20,1899,2026-07-21 20:49,2026-07-21 22:27
14118,45,5054,2026-07-14 23:55,2026-07-15 01:29
14119,70,2094,2026-07-29 04:13,2026-07-29 04:23
14120,66,4559,2026-07-18 12:16,2026-07-18 12:40
14121,40,7960,2026-07-04 12:43,2026-07-04 14:12
14122,78,1279,2026-07-24 22:31,2026-07-24 23:17
14123,29,2736,2026-07-28 19:44,2026-07-28 21:12
14124,45,6610,2026-07-04 13:02,2026-07-04 14:47
14125,66,4692,2026-07-23 11:52,2026-07-23 13:32
14126,83,1503,2026-07-19 16:21,2026-07-19 17:47
14127,70,7118,2026-07-10 17:53,2026-07-10 18:15
14128,1,8464,2026-07-01 14:28,2026-07-01 14:52
14129,40,7871,2026-07-11 07:34,2026-07-11 09:07
14130,32,3538,2026-07-20 01:56,2026-07-20 02:42
14131,16,1540,2026-07-20 23:21,2026-07-21 00:07
14132,65,3881,2026-07-11 11:08,2026-07-11 11:52
14133,89,7798,2026-07-01 10:01,2026-07-01 11:51
14134,83,3351,2026-07-07 14:30,NULL
14135,88,3248,2026-07-15 00:10,2026-07-15 00:41
14136,18,8985,2026-07-28 02:28,2026-07-28 03:53
14137,11,2124,2026-07-29 15:41,2026-07-29 16:18
14138,99,1516,2026-07-05 21:04,2026-07-05 22:46
14139,26,4997,2026-07-24 20:52,NULL
14140,55,6001,2026-07-05 12:09,2026-07-05 14:03
14141,94,2774,2026-07-14 20:23,2026-07-14 21:02
14142,23,4764,2026-07-25 11:29,2026-07-25 12:09
14143,63,8224,2026-07-06 22:29,2026-07-06 23:59
14144,70,3009,2026-07-20 00:01,2026-07-20 01:55
14145,14,840,2026-07-05 05:43,2026-07-05 06:35
14146,76,8113,2026-07-22 15:18,2026-07-22 15:48
14147,21,267,2026-07-12 08:42,NULL
14148,30,9217,2026-07-24 00:10,2026-07-24 00:46
14149,27,3799,2026-07-26 21:45,2026-07-26 21:58
14150,24,1478,2026-07-27 22:27,2026-07-27 23:04
14151,77,8631,2026-07-03 19:41,2026-07-03 20:43
14152,55,1187,2026-07-20 13:56,2026-07-20 14:29
14153,82,241,2026-07-19 15:41,2026-07-19 16:05
14154,99,7643,2026-07-26 12:55,2026-07-26 14:19
14155,87,6923,2026-07-23 14:02,2026-07-23 14:16
14156,44,5791,2026-07-30 21:43,2026-07-30 22:08
14157,26,5193,2026-07-05 18:49,2026-07-05 19:26
14158,60,3547,2026-07-15 16:15,2026-07-15 17:56
14159,19,9017,2026-07-15 17:03,2026-07-15 17:22
14160,70,6250,2026-07-17 16:40,2026-07-17 18:26
14161,53,7815,2026-07-01 18:26,NULL
14162,63,3599,2026-07-22 02:00,2026-07-22 03:03
14163,12,7583,2026-07-26 20:31,2026-07-26 22:25
14164,92,6651,2026-07-05 14:21,2026-07-05 15:45
14165,51,8763,2026-07-02 14:54,2026-07-02 15:22
14166,14,5159,2026-07-26 03:04,2026-07-26 04:36
14167,11,1291,2026-07-14 09:22,2026-07-14 10:34
14168,12,3970,2026-07-01 04:44,2026-07-01 05:09
14169,27,1634,2026-07-24 17:20,NULL
14170,52,6644,2026-07-28 11:33,2026-07-28 12:01
14171,85,5345,2026-07-11 04:13,2026-07-11 04:59
14172,52,5301,2026-07-22 22:05,2026-07-22 23:54
14173,70,7180,2026-07-22 01:06,2026-07-22 02:37
14174,16,3508,2026-07-29 12:49,2026-07-29 14:11
14175,17,347,2026-07-24 10:00,2026-07-24 11:29
14176,18,2865,2026-07-09 20:00,2026-07-09 21:00
14177,65,6137,2026-07-04 20:22,2026-07-04 21:17
14178,94,4925,2026-07-03 09:30,2026-07-03 10:55
14179,62,654,2026-07-11 15:48,2026-07-11 16:57
14180,46,6879,2026-07-17 19:31,2026-07-17 19:49
14181,4,7146,2026-07-16 13:57,NULL
14182,99,7156,2026-07-13 13:14,2026-07-13 14:38
14183,23,5829,2026-07-30 07:37,2026-07-30 07:59
14184,53,439,2026-07-19 02:31,2026-07-19 03:28
14185,78,8680,2026-07-28 11:19,2026-07-28 12:13
14186,48,2678,2026-07-02 00:16,2026-07-02 00:36
14187,77,102,2026-07-06 08:18,2026-07-06 09:22
14188,67,9922,2026-07-05 07:44,2026-07-05 09:08
14189,100,7677,2026-07-09 15:56,2026-07-09 17:46
14190,64,8830,2026-07-05 08:00,NULL
14191,26,1637,2026-07-05 04:33,2026-07-05 05:11
14192,91,7064,2026-07-23 07:30,2026-07-23 09:05
14193,14,8407,2026-07-02 20:46,2026-07-02 22:10
14194,62,2661,2026-07-27 22:58,2026-07-28 00:57
14195,54,2930,2026-07-02 13:55,2026-07-02 14:13
14196,70,7657,2026-07-19 00:01,NULL
14197,9,4515,2026-07-22 12:08,2026-07-22 13:04
14198,23,6532,2026-07-18 11:56,2026-07-18 13:41
14199,36,4209,2026-07-07 19:37,2026-07-07 21:04
14200,30,4061,2026-07-30 20:37,2026-07-30 22:05
14201,59,5502,2026-07-02 23:05,2026-07-03 00:12
14202,71,3792,2026-07-21 06:50,2026-07-21 07:06
14203,78,3884,2026-07-06 13:08,2026-07-06 13:56
14204,12,2408,2026-07-26 13:43,2026-07-26 14:47
14205,4,5920,2026-07-11 05:40,2026-07-11 06:49
14206,44,2870,2026-07-02 04:45,2026-07-02 06:13
14207,87,7519,2026-07-07 10:29,2026-07-07 12:04
14208,59,862,2026-07-26 00:40,2026-07-26 02:22
14209,61,5673,2026-07-20 23:51,2026-07-21 01:21
14210,28,5749,2026-07-16 03:05,2026-07-16 03:30
14211,56,1544,2026-07-23 13:30,2026-07-23 15:07
14212,88,1535,2026-07-19 16:06,2026-07-19 16:29
14213,91,9023,2026-07-23 19:44,2026-07-23 21:38
14214,94,1419,2026-07-21 06:07,2026-07-21 06:39
14215,60,7512,2026-07-23 07:16,2026-07-23 08:19
14216,58,4689,2026-07-19 22:30,2026-07-19 22:46
14217,45,6291,2026-07-22 09:09,2026-07-22 09:27
14218,66,9353,2026-07-02 11:49,2026-07-02 12:46
14219,71,207,2026-07-03 09:55,2026-07-03 11:31
14220,50,1541,2026-07-01 21:34,NULL
14221,66,6967,2026-07-22 18:54,2026-07-22 19:42
14222,84,2878,2026-07-23 11:28,NULL
14223,87,1133,2026-07-02 13:36,2026-07-02 13:56
14224,78,4114,2026-07-26 19:12,2026-07-26 19:27
14225,8,4718,2026-07-08 08:44,2026-07-08 10:38
14226,3,6507,2026-07-13 00:29,2026-07-13 01:12
14227,57,6257,2026-07-12 19:27,2026-07-12 20:02
14228,59,9644,2026-07-26 21:11,NULL
14229,84,9717,2026-07-03 19:32,2026-07-03 20:20
14230,60,7064,2026-07-22 04:15,2026-07-22 05:14
14231,6,2983,2026-07-05 05:56,2026-07-05 07:14
14232,25,7281,2026-07-13 01:19,2026-07-13 01:36
14233,1,8874,2026-07-19 14:34,NULL
14234,26,6488,2026-07-23 12:30,NULL
14235,47,1933,2026-07-05 01:52,NULL
14236,75,813,2026-07-08 00:19,2026-07-08 01:59
14237,5,1062,2026-07-21 15:24,NULL
14238,57,2283,2026-07-27 05:52,2026-07-27 06:52
14239,6,3295,2026-07-08 13:04,2026-07-08 14:08
14240,72,8696,2026-07-13 07:19,2026-07-13 09:09
14241,93,8619,2026-07-01 12:33,2026-07-01 13:37
14242,64,6992,2026-07-25 10:41,2026-07-25 11:05
14243,21,9645,2026-07-20 20:54,2026-07-20 22:27
14244,77,4565,2026-07-08 06:00,2026-07-08 06:57
14245,32,3147,2026-07-23 15:03,2026-07-23 16:51
14246,42,4925,2026-07-25 05:40,2026-07-25 06:25
14247,82,4441,2026-07-29 16:08,2026-07-29 17:07
14248,44,5341,2026-07-08 18:30,2026-07-08 20:23
14249,76,1200,2026-07-22 01:51,2026-07-22 02:37
14250,79,8275,2026-07-02 03:55,2026-07-02 05:55
14251,17,4508,2026-07-09 17:42,2026-07-09 19:07
14252,87,8764,2026-07-07 21:01,2026-07-07 21:52
14253,86,926,2026-07-24 22:30,2026-07-25 00:21
14254,76,7725,2026-07-13 10:30,2026-07-13 10:55
14255,69,7961,2026-07-19 08:48,NULL
14256,85,4751,2026-07-22 03:14,2026-07-22 03:38
14257,66,5848,2026-07-26 10:46,2026-07-26 12:25
14258,31,2674,2026-07-03 12:50,2026-07-03 13:03
14259,35,8369,2026-07-12 09:11,2026-07-12 10:47
14260,70,4028,2026-07-12 09:42,2026-07-12 11:33
14261,43,6023,2026-07-28 15:11,2026-07-28 15:28
14262,46,1264,2026-07-10 17:22,2026-07-10 19:12
14263,36,5461,2026-07-15 04:31,2026-07-15 04:53
14264,67,1119,2026-07-19 12:41,2026-07-19 13:31
14265,1,5404,2026-07-04 15:43,2026-07-04 17:12
14266,40,1547,2026-07-25 23:47,2026-07-26 01:38
14267,11,2507,2026-07-23 08:27,NULL
14268,81,6949,2026-07-14 05:31,2026-07-14 06:57
14269,23,7863,2026-07-09 10:01,2026-07-09 11:46
14270,63,9438,2026-07-09 11:20,2026-07-09 12:17
14271,47,4165,2026-07-06 23:02,2026-07-06 23:18
14272,92,4962,2026-07-02 02:55,2026-07-02 03:38
14273,10,8886,2026-07-02 23:15,2026-07-03 00:26
14274,43,9121,2026-07-15 15:06,2026-07-15 16:38
14275,13,4073,2026-07-25 20:50,2026-07-25 22:47
14276,12,8012,2026-07-28 12:38,2026-07-28 13:38
14277,28,4624,2026-07-14 11:44,2026-07-14 12:20
14278,59,7162,2026-07-18 17:37,2026-07-18 18:11
14279,45,6929,2026-07-24 16:51,2026-07-24 17:36
14280,76,3055,2026-07-12 20:49,2026-07-12 22:43
14281,44,7563,2026-07-21 08:01,NULL
14282,44,4196,2026-07-04 02:22,2026-07-04 03:36
14283,61,9442,2026-07-28 11:22,2026-07-28 11:46
14284,81,1669,2026-07-08 13:18,2026-07-08 14:54
14285,54,5211,2026-07-08 19:02,NULL
14286,53,266,2026-07-16 13:09,2026-07-16 15:09
14287,65,2819,2026-07-29 08:53,2026-07-29 10:53
14288,67,8735,2026-07-24 15:07,2026-07-24 16:45
14289,90,4219,2026-07-23 23:28,2026-07-24 00:50
14290,62,91,2026-07-01 16:12,2026-07-01 16:29
14291,33,7582,2026-07-25 16:26,2026-07-25 17:24
14292,64,4297,2026-07-13 06:59,2026-07-13 08:18
14293,24,8724,2026-07-29 04:32,2026-07-29 05:09
14294,57,2894,2026-07-05 11:51,NULL
14295,90,1853,2026-07-07 20:07,2026-07-07 21:45
14296,17,4906,2026-07-20 07:56,2026-07-20 08:10
14297,6,6273,2026-07-05 04:03,2026-07-05 05:00
14298,49,2885,2026-07-24 09:41,2026-07-24 11:27
14299,60,9213,2026-07-21 09:43,2026-07-21 10:46
14300,59,710,2026-07-18 11:47,2026-07-18 13:27
14301,52,4311,2026-07-01 15:32,2026-07-01 16:21
14302,96,467,2026-07-05 11:29,2026-07-05 12:17
14303,84,3717,2026-07-25 23:48,2026-07-26 01:43
14304,79,18,2026-07-19 19:06,2026-07-19 19:31
14305,54,6334,2026-07-11 00:39,NULL
14306,70,9096,2026-07-18 23:07,2026-07-19 00:53
14307,32,6681,2026-07-27 03:01,2026-07-27 03:43
14308,69,4803,2026-07-21 23:55,2026-07-22 01:41
14309,97,2055,2026-07-07 11:59,2026-07-07 12:56
14310,11,1809,2026-07-07 06:04,2026-07-07 06:29
14311,75,5285,2026-07-25 08:34,2026-07-25 09:19
14312,33,9641,2026-07-19 01:17,2026-07-19 01:50
14313,51,2261,2026-07-09 17:33,2026-07-09 18:08
14314,18,6579,2026-07-06 12:12,2026-07-06 13:08
14315,80,6240,2026-07-07 11:38,NULL
14316,30,3058,2026-07-04 14:26,2026-07-04 14:59
14317,84,817,2026-07-30 03:56,2026-07-30 05:25
14318,1,9983,2026-07-26 06:48,2026-07-26 07:58
14319,32,2594,2026-07-05 17:12,2026-07-05 19:06
14320,58,636,2026-07-24 00:08,2026-07-24 00:57
14321,16,9862,2026-07-01 07:27,2026-07-01 09:18
14322,27,5412,2026-07-23 08:53,2026-07-23 10:12
14323,83,7490,2026-07-07 19:04,2026-07-07 20:28
14324,64,4571,2026-07-07 16:14,2026-07-07 16:52
14325,73,9681,2026-07-16 11:09,2026-07-16 12:13
14326,41,3354,2026-07-21 07:48,2026-07-21 08:49
14327,69,291,2026-07-04 15:34,2026-07-04 17:11
14328,95,4105,2026-07-24 21:17,2026-07-24 21:54
14329,26,2478,2026-07-23 09:06,2026-07-23 10:30
14330,16,6773,2026-07-19 14:49,2026-07-19 16:26
14331,64,4275,2026-07-15 19:23,2026-07-15 20:59
14332,24,8385,2026-07-22 18:24,2026-07-22 19:11
14333,53,8587,2026-07-02 15:43,2026-07-02 17:29
14334,26,2975,2026-07-22 14:00,2026-07-22 14:53
14335,76,151,2026-07-16 07:25,2026-07-16 08:18
14336,100,9123,2026-07-03 14:52,2026-07-03 15:10
14337,49,4143,2026-07-03 15:17,NULL
14338,71,9900,2026-07-11 08:35,2026-07-11 10:23
14339,17,676,2026-07-02 16:58,NULL
14340,2,403,2026-07-05 04:34,2026-07-05 04:50
14341,73,7861,2026-07-07 09:23,NULL
14342,99,6895,2026-07-18 19:56,2026-07-18 20:30
14343,24,6055,2026-07-21 05:26,2026-07-21 06:53
14344,60,4994,2026-07-10 02:52,2026-07-10 03:21
14345,73,7294,2026-07-20 08:33,2026-07-20 10:18
14346,55,2842,2026-07-24 12:52,2026-07-24 13:25
14347,43,5970,2026-07-08 04:28,NULL
14348,82,4225,2026-07-01 17:49,2026-07-01 19:30
14349,53,214,2026-07-09 14:00,2026-07-09 15:09
14350,14,921,2026-07-16 18:26,NULL
14351,72,1822,2026-07-21 01:58,2026-07-21 02:17
14352,60,5091,2026-07-12 00:56,2026-07-12 01:38
14353,50,2016,2026-07-06 07:02,2026-07-06 08:29
14354,43,8291,2026-07-20 10:17,2026-07-20 11:08
14355,79,1333,2026-07-19 07:25,2026-07-19 08:37
14356,88,528,2026-07-11 08:57,2026-07-11 10:56
14357,88,220,2026-07-13 03:47,2026-07-13 04:59
14358,70,534,2026-07-29 04:51,2026-07-29 05:09
14359,31,1164,2026-07-09 14:26,2026-07-09 15:05
14360,71,2931,2026-07-10 20:57,2026-07-10 21:39
14361,4,4986,2026-07-08 21:49,2026-07-08 23:49
14362,61,4756,2026-07-27 09:25,2026-07-27 10:25
14363,48,2106,2026-07-10 22:45,2026-07-11 00:40
14364,31,4241,2026-07-07 15:05,2026-07-07 15:18
14365,25,2561,2026-07-05 13:37,2026-07-05 14:19
14366,21,1674,2026-07-24 18:56,2026-07-24 20:36
14367,92,2908,2026-07-18 14:48,2026-07-18 15:12
14368,93,8932,2026-07-12 05:07,2026-07-12 05:39
14369,96,7971,2026-07-19 21:51,2026-07-19 22:53
14370,86,663,2026-07-28 12:58,2026-07-28 14:36
14371,46,9407,2026-07-28 23:09,2026-07-28 23:25
14372,89,5595,2026-07-08 22:05,2026-07-08 22:37
14373,53,1933,2026-07-17 07:46,2026-07-17 09:26
14374,63,4719,2026-07-27 23:42,2026-07-27 23:57
14375,32,1413,2026-07-20 15:00,NULL
14376,43,8329,2026-07-01 19:17,2026-07-01 19:57
14377,14,2441,2026-07-05 18:05,2026-07-05 18:25
14378,65,8341,2026-07-24 18:18,2026-07-24 19:10
14379,90,5516,2026-07-25 01:29,2026-07-25 02:48
14380,77,9303,2026-07-07 09:48,2026-07-07 11:35
14381,82,5904,2026-07-09 12:26,NULL
14382,65,9509,2026-07-25 12:21,2026-07-25 12:56
14383,12,5172,2026-07-05 09:33,2026-07-05 10:59
14384,92,283,2026-07-09 08:58,2026-07-09 09:12
14385,55,44,2026-07-18 10:25,2026-07-18 12:09
14386,54,9315,2026-07-03 16:12,2026-07-03 16:35
14387,16,1176,2026-07-26 16:55,2026-07-26 18:00
14388,55,4302,2026-07-19 00:33,2026-07-19 01:36
14389,18,94,2026-07-15 17:22,2026-07-15 18:30
14390,61,796,2026-07-30 12:30,2026-07-30 13:41
14391,24,4694,2026-07-07 20:27,2026-07-07 21:09
14392,15,3797,2026-07-29 05:16,2026-07-29 05:45
14393,2,1830,2026-07-07 02:53,NULL
14394,81,7815,2026-07-12 06:55,2026-07-12 08:46
14395,2,38,2026-07-11 16:57,2026-07-11 18:15
14396,33,6368,2026-07-23 22:55,NULL
14397,10,4089,2026-07-26 10:41,2026-07-26 10:56
14398,86,1333,2026-07-02 17:58,2026-07-02 19:36
14399,44,5273,2026-07-30 15:28,2026-07-30 17:18
14400,100,63,2026-07-21 05:16,2026-07-21 06:07
14401,13,7882,2026-07-24 16:28,2026-07-24 18:27
14402,97,2031,2026-07-03 05:52,2026-07-03 06:04
14403,80,1298,2026-07-14 01:34,2026-07-14 03:10
14404,5,8448,2026-07-03 09:12,2026-07-03 10:33
14405,72,8062,2026-07-15 07:24,2026-07-15 09:18
14406,62,8633,2026-07-22 05:41,2026-07-22 07:07
14407,3,6225,2026-07-12 01:27,2026-07-12 03:15
14408,40,579,2026-07-26 10:41,2026-07-26 11:32
14409,53,655,2026-07-10 00:21,2026-07-10 00:54
14410,49,2781,2026-07-10 20:52,NULL
14411,17,3047,2026-07-11 04:50,2026-07-11 05:54
14412,80,6807,2026-07-25 15:52,NULL
14413,93,5683,2026-07-15 10:32,2026-07-15 10:49
14414,47,1285,2026-07-07 06:57,2026-07-07 07:22
14415,44,7196,2026-07-05 04:24,2026-07-05 05:04
14416,10,3199,2026-07-03 04:48,2026-07-03 05:50
14417,11,44,2026-07-02 11:06,NULL
14418,51,4587,2026-07-20 19:42,2026-07-20 20:46
14419,2,8919,2026-07-24 23:42,2026-07-24 23:58
14420,56,1811,2026-07-03 19:45,2026-07-03 21:02
14421,67,3392,2026-07-24 07:02,NULL
14422,83,1286,2026-07-01 11:10,2026-07-01 12:04
14423,93,173,2026-07-03 09:59,2026-07-03 10:55
14424,64,6303,2026-07-04 00:25,2026-07-04 00:43
14425,75,4339,2026-07-13 09:47,2026-07-13 11:06
14426,17,3546,2026-07-08 14:25,2026-07-08 16:10
14427,75,638,2026-07-02 05:01,NULL
14428,57,6391,2026-07-13 12:07,2026-07-13 13:03
14429,86,573,2026-07-25 10:20,2026-07-25 11:14
14430,44,8280,2026-07-19 15:13,2026-07-19 15:39
14431,64,4238,2026-07-08 14:23,2026-07-08 14:49
14432,68,511,2026-07-29 10:17,2026-07-29 10:52
14433,59,4537,2026-07-04 06:56,2026-07-04 08:31
14434,70,2023,2026-07-07 20:09,NULL
14435,40,9894,2026-07-15 22:41,2026-07-15 23:09
14436,99,8167,2026-07-30 14:51,2026-07-30 15:53
14437,66,4334,2026-07-11 12:44,NULL
14438,51,7327,2026-07-26 05:41,2026-07-26 06:43
14439,100,3201,2026-07-20 02:11,2026-07-20 03:19
14440,11,2821,2026-07-02 01:27,2026-07-02 01:46
14441,3,3872,2026-07-19 18:11,2026-07-19 18:51
14442,65,2631,2026-07-20 16:30,2026-07-20 16:45
14443,74,3653,2026-07-28 00:09,2026-07-28 01:50
14444,99,2844,2026-07-09 22:55,2026-07-09 23:54
14445,86,6732,2026-07-09 06:17,2026-07-09 06:59
14446,95,4798,2026-07-04 14:56,2026-07-04 16:01
14447,93,9975,2026-07-27 13:20,2026-07-27 14:32
14448,35,3927,2026-07-24 22:59,2026-07-25 00:53
14449,59,2344,2026-07-16 07:50,2026-07-16 08:45
14450,38,6938,2026-07-02 16:46,2026-07-02 17:49
14451,24,2571,2026-07-09 01:59,2026-07-09 02:23
14452,88,6039,2026-07-08 03:20,2026-07-08 03:56
14453,81,9334,2026-07-20 12:31,2026-07-20 12:46
14454,5,955,2026-07-07 03:27,2026-07-07 05:01
14455,4,5180,2026-07-01 05:30,2026-07-01 06:29
14456,24,3790,2026-07-29 08:35,2026-07-29 09:26
14457,21,1462,2026-07-17 06:58,2026-07-17 08:20
14458,34,2310,2026-07-10 00:23,2026-07-10 01:29
14459,71,6316,2026-07-28 05:58,2026-07-28 07:12
14460,31,905,2026-07-14 12:30,2026-07-14 12:46
14461,7,6184,2026-07-14 08:23,2026-07-14 09:08
14462,90,7923,2026-07-29 10:15,2026-07-29 11:50
14463,51,4718,2026-07-07 20:06,2026-07-07 21:52
14464,26,5797,2026-07-11 19:19,2026-07-11 19:59
14465,75,5835,2026-07-10 21:55,2026-07-10 22:43
14466,89,1702,2026-07-12 15:07,2026-07-12 16:44
14467,33,2059,2026-07-08 19:56,2026-07-08 21:49
14468,82,5625,2026-07-21 06:13,2026-07-21 06:45
14469,60,7628,2026-07-25 12:02,2026-07-25 13:15
14470,44,4058,2026-07-27 02:07,2026-07-27 02:20
14471,32,9028,2026-07-28 11:03,2026-07-28 11:25
14472,22,6297,2026-07-12 12:36,2026-07-12 12:56
14473,69,2973,2026-07-15 04:21,2026-07-15 05:19
14474,39,7362,2026-07-12 21:19,2026-07-12 22:47
14475,88,4942,2026-07-29 02:08,2026-07-29 03:13
14476,21,609,2026-07-26 12:48,2026-07-26 14:44
14477,48,2857,2026-07-13 08:23,2026-07-13 09:34
14478,69,8147,2026-07-12 01:45,2026-07-12 03:30
14479,54,3844,2026-07-25 07:57,2026-07-25 08:30
14480,97,1936,2026-07-10 01:13,2026-07-10 02:46
14481,97,5336,2026-07-08 23:30,2026-07-09 00:21
14482,18,3580,2026-07-13 23:48,2026-07-14 00:26
14483,83,4042,2026-07-20 01:04,2026-07-20 02:37
14484,20,5009,2026-07-07 03:23,2026-07-07 03:45
14485,32,9889,2026-07-26 08:31,2026-07-26 08:57
14486,73,9664,2026-07-06 18:48,2026-07-06 20:17
14487,72,7453,2026-07-23 17:30,2026-07-23 18:19
14488,67,5266,2026-07-22 14:22,NULL
14489,18,3830,2026-07-05 07:55,2026-07-05 09:48
14490,54,9014,2026-07-16 07:03,2026-07-16 07:35
14491,70,2475,2026-07-26 15:36,2026-07-26 17:21
14492,94,636,2026-07-21 03:05,2026-07-21 04:54
14493,46,3826,2026-07-23 04:39,2026-07-23 05:27
14494,44,5009,2026-07-04 15:40,2026-07-04 17:15
14495,69,4199,2026-07-25 07:49,2026-07-25 08:22
14496,81,1849,2026-07-09 08:43,2026-07-09 08:56
14497,38,416,2026-07-13 16:31,2026-07-13 18:24
14498,45,913,2026-07-13 16:34,2026-07-13 17:11
14499,92,9303,2026-07-10 10:36,2026-07-10 11:09
14500,26,5234,2026-07-04 04:51,2026-07-04 06:20
14501,77,864,2026-07-29 16:14,2026-07-29 16:34
14502,55,6165,2026-07-15 18:17,2026-07-15 19:35
14503,64,8028,2026-07-12 05:02,2026-07-12 06:12
14504,68,6866,2026-07-19 02:15,2026-07-19 02:25
14505,64,6328,2026-07-16 20:05,2026-07-16 20:34
14506,28,6469,2026-07-02 12:37,2026-07-02 14:23
14507,93,5850,2026-07-04 06:41,2026-07-04 08:29
14508,22,5576,2026-07-25 13:04,2026-07-25 13:43
14509,97,1558,2026-07-05 11:32,2026-07-05 13:17
14510,18,5168,2026-07-06 08:37,2026-07-06 10:04
14511,29,9749,2026-07-23 20:29,2026-07-23 22:03
14512,3,1568,2026-07-27 02:35,2026-07-27 03:51
14513,3,2565,2026-07-03 17:02,2026-07-03 17:40
14514,57,6262,2026-07-29 17:39,2026-07-29 17:59
14515,20,5061,2026-07-06 19:50,2026-07-06 20:01
14516,9,3280,2026-07-23 11:24,2026-07-23 12:13
14517,71,1697,2026-07-04 21:55,2026-07-04 23:24
14518,16,7461,2026-07-09 10:56,2026-07-09 11:40
14519,100,4593,2026-07-20 15:32,2026-07-20 16:31
14520,10,2496,2026-07-04 01:53,NULL
14521,12,7371,2026-07-11 13:27,2026-07-11 13:45
14522,85,9911,2026-07-17 22:12,2026-07-17 23:37
14523,89,4840,2026-07-02 20:40,2026-07-02 21:56
14524,5,2610,2026-07-18 01:52,2026-07-18 03:23
14525,81,4307,2026-07-20 07:04,2026-07-20 08:11
14526,22,9487,2026-07-24 07:39,2026-07-24 08:23
14527,48,3606,2026-07-16 07:46,NULL
14528,49,3672,2026-07-19 01:11,2026-07-19 02:04
14529,13,2714,2026-07-04 17:05,2026-07-04 18:00
14530,65,3477,2026-07-26 18:00,NULL
14531,27,6291,2026-07-04 07:31,2026-07-04 09:03
14532,6,5506,2026-07-02 21:55,2026-07-02 23:26
14533,22,9664,2026-07-20 20:54,2026-07-20 22:29
14534,57,1481,2026-07-20 23:38,2026-07-21 00:08
14535,30,7381,2026-07-18 08:02,2026-07-18 09:50
14536,68,2777,2026-07-01 13:19,2026-07-01 13:35
14537,33,3111,2026-07-09 14:31,2026-07-09 15:53
14538,99,5667,2026-07-24 04:32,2026-07-24 06:00
14539,1,1174,2026-07-10 00:24,2026-07-10 02:19
14540,42,5304,2026-07-16 00:27,2026-07-16 01:58
14541,85,2070,2026-07-05 19:10,2026-07-05 20:02
14542,58,8114,2026-07-14 08:25,2026-07-14 08:54
14543,71,6328,2026-07-18 22:25,2026-07-18 23:48
14544,17,8567,2026-07-30 05:49,2026-07-30 06:18
14545,59,9430,2026-07-29 02:22,2026-07-29 02:37
14546,61,2178,2026-07-12 04:55,2026-07-12 06:27
14547,48,3446,2026-07-15 22:45,2026-07-16 00:14
14548,25,1958,2026-07-30 09:50,2026-07-30 10:52
14549,8,6296,2026-07-29 05:51,NULL
14550,80,6681,2026-07-06 23:32,2026-07-07 01:07
14551,40,926,2026-07-23 13:02,2026-07-23 14:07
14552,70,1318,2026-07-27 14:15,2026-07-27 15:37
14553,1,3493,2026-07-15 05:47,2026-07-15 06:24
14554,55,4301,2026-07-09 21:29,2026-07-09 22:53
14555,3,5098,2026-07-30 13:46,2026-07-30 15:02
14556,11,4884,2026-07-24 21:27,2026-07-24 21:56
14557,23,7271,2026-07-27 05:08,2026-07-27 05:36
14558,21,7412,2026-07-20 20:43,2026-07-20 22:04
14559,90,2172,2026-07-12 18:17,2026-07-12 18:59
14560,23,7289,2026-07-06 09:42,NULL
14561,62,2197,2026-07-02 04:08,2026-07-02 06:02
14562,34,7692,2026-07-10 08:50,NULL
14563,6,3465,2026-07-20 05:02,2026-07-20 05:27
14564,87,289,2026-07-03 05:16,2026-07-03 06:38
14565,49,1091,2026-07-27 13:32,2026-07-27 14:38
14566,87,5181,2026-07-12 16:30,2026-07-12 17:00
14567,17,3839,2026-07-03 18:29,2026-07-03 19:48
14568,90,4873,2026-07-24 01:55,NULL
14569,11,6739,2026-07-01 03:22,2026-07-01 04:42
14570,44,2142,2026-07-03 16:37,2026-07-03 18:06
14571,57,747,2026-07-04 23:44,2026-07-04 23:54
14572,33,175,2026-07-15 13:23,2026-07-15 15:23
14573,65,2865,2026-07-29 18:37,2026-07-29 20:26
14574,97,4746,2026-07-02 22:24,NULL
14575,73,5760,2026-07-02 07:18,2026-07-02 09:11
14576,90,8866,2026-07-22 01:00,2026-07-22 01:56
14577,62,7928,2026-07-06 00:06,2026-07-06 00:16
14578,77,9401,2026-07-27 22:29,2026-07-28 00:07
14579,79,2690,2026-07-28 00:23,2026-07-28 01:15
14580,18,5904,2026-07-26 12:23,2026-07-26 12:38
14581,40,5523,2026-07-15 15:15,NULL
14582,68,1642,2026-07-26 23:45,2026-07-27 01:00
14583,63,5739,2026-07-15 09:17,2026-07-15 10:00
14584,77,2703,2026-07-14 06:59,2026-07-14 08:35
14585,27,1094,2026-07-06 18:55,2026-07-06 19:06
14586,85,3923,2026-07-07 05:43,NULL
14587,20,7235,2026-07-19 04:23,NULL
14588,58,2636,2026-07-16 14:23,2026-07-16 15:50
14589,53,3510,2026-07-01 10:30,2026-07-01 11:58
14590,42,9855,2026-07-02 00:25,2026-07-02 02:23
14591,9,7546,2026-07-25 21:21,2026-07-25 23:06
14592,3,2362,2026-07-21 04:11,2026-07-21 05:06
14593,63,1045,2026-07-16 07:37,2026-07-16 08:00
14594,17,4217,2026-07-13 04:05,2026-07-13 05:28
14595,15,2143,2026-07-15 10:28,2026-07-15 11:05
14596,77,7303,2026-07-29 09:00,2026-07-29 10:31
14597,33,6631,2026-07-11 10:22,2026-07-11 11:16
14598,50,8134,2026-07-10 05:45,2026-07-10 07:09
14599,11,4628,2026-07-15 18:28,2026-07-15 19:08
14600,28,3487,2026-07-19 18:07,2026-07-19 19:07
14601,78,2253,2026-07-01 14:43,NULL
14602,47,5325,2026-07-23 22:16,2026-07-23 23:28
14603,52,2892,2026-07-06 12:43,2026-07-06 14:26
14604,38,85,2026-07-30 12:31,2026-07-30 13:44
14605,68,2277,2026-07-15 09:15,2026-07-15 10:26
14606,48,5794,2026-07-28 19:19,NULL
14607,50,6955,2026-07-01 17:40,NULL
14608,31,993,2026-07-09 06:52,2026-07-09 07:09
14609,88,7379,2026-07-22 23:52,2026-07-23 01:04
14610,70,5203,2026-07-20 16:16,2026-07-20 17:24
14611,71,7817,2026-07-03 06:35,2026-07-03 06:51
14612,16,397,2026-07-10 16:19,2026-07-10 16:53
14613,49,919,2026-07-25 04:50,2026-07-25 05:51
14614,8,9641,2026-07-02 08:41,2026-07-02 09:29
14615,8,8953,2026-07-03 19:43,2026-07-03 19:57
14616,84,7838,2026-07-10 11:31,NULL
14617,62,7926,2026-07-03 11:02,2026-07-03 12:49
14618,59,4777,2026-07-14 05:52,2026-07-14 07:41
14619,49,1189,2026-07-11 22:33,2026-07-11 23:55
14620,87,6695,2026-07-24 21:39,2026-07-24 22:16
14621,9,1177,2026-07-28 01:07,2026-07-28 02:04
14622,81,7293,2026-07-01 08:20,2026-07-01 10:14
14623,48,654,2026-07-19 22:45,2026-07-20 00:12
14624,100,8557,2026-07-06 03:59,2026-07-06 05:15
14625,64,8570,2026-07-03 01:46,2026-07-03 03:44
14626,78,3291,2026-07-21 20:21,2026-07-21 21:47
14627,7,5617,2026-07-18 20:05,2026-07-18 21:01
14628,60,9929,2026-07-14 11:55,2026-07-14 13:03
14629,44,9607,2026-07-25 10:10,2026-07-25 12:00
14630,29,5397,2026-07-29 13:13,2026-07-29 14:57
14631,97,9794,2026-07-12 01:20,NULL
14632,49,4110,2026-07-07 12:24,2026-07-07 14:23
14633,40,1688,2026-07-20 12:44,2026-07-20 13:56
14634,58,4263,2026-07-06 01:50,2026-07-06 02:26
14635,61,4303,2026-07-09 02:56,2026-07-09 04:55
14636,39,9919,2026-07-02 03:00,2026-07-02 04:24
14637,19,6210,2026-07-24 15:54,NULL
14638,33,1135,2026-07-12 07:12,2026-07-12 07:38
14639,24,5783,2026-07-13 17:24,2026-07-13 18:25
14640,15,5081,2026-07-29 11:33,2026-07-29 13:21
14641,96,3647,2026-07-27 10:34,2026-07-27 11:52
14642,59,5094,2026-07-30 13:34,2026-07-30 13:48
14643,23,2432,2026-07-17 01:37,2026-07-17 02:12
14644,98,3304,2026-07-12 10:03,2026-07-12 11:16
14645,11,6458,2026-07-14 22:04,2026-07-14 23:55
14646,8,5546,2026-07-04 07:38,2026-07-04 08:52
14647,93,607,2026-07-23 02:37,2026-07-23 02:50
14648,64,2315,2026-07-13 21:13,2026-07-13 22:38
14649,26,8585,2026-07-21 10:01,2026-07-21 10:36
14650,95,416,2026-07-22 10:51,2026-07-22 11:51
14651,8,8546,2026-07-27 01:00,NULL
14652,19,3191,2026-07-14 23:24,2026-07-15 00:52
14653,73,8368,2026-07-02 03:42,2026-07-02 04:57
14654,37,3475,2026-07-12 12:05,NULL
14655,43,9687,2026-07-08 09:43,2026-07-08 10:11
14656,15,1667,2026-07-19 06:27,2026-07-19 07:51
14657,49,7017,2026-07-26 20:08,NULL
14658,4,1661,2026-07-09 10:19,2026-07-09 11:51
14659,86,3909,2026-07-01 04:59,NULL
14660,53,6709,2026-07-04 07:50,NULL
14661,10,9181,2026-07-10 10:09,NULL
14662,5,670,2026-07-09 15:35,2026-07-09 17:23
14663,93,8863,2026-07-01 07:39,2026-07-01 08:26
14664,20,2678,2026-07-21 19:06,2026-07-21 20:05
14665,86,6550,2026-07-20 06:21,2026-07-20 08:00
14666,11,2296,2026-07-03 10:19,2026-07-03 11:06
14667,6,4094,2026-07-03 09:22,2026-07-03 11:04
14668,51,8021,2026-07-12 17:24,2026-07-12 18:35
14669,30,8765,2026-07-30 13:03,2026-07-30 13:39
14670,11,4009,2026-07-06 14:36,2026-07-06 15:00
14671,11,4861,2026-07-09 08:57,2026-07-09 10:38
14672,88,1916,2026-07-24 16:52,2026-07-24 18:29
14673,1,5429,2026-07-08 18:32,2026-07-08 19:21
14674,27,2396,2026-07-24 02:52,2026-07-24 03:56
14675,95,4364,2026-07-16 21:38,2026-07-16 23:12
14676,99,49,2026-07-13 20:44,2026-07-13 22:43
14677,59,5483,2026-07-26 08:37,NULL
14678,46,8694,2026-07-10 13:31,2026-07-10 15:11
14679,39,939,2026-07-14 15:07,2026-07-14 16:48
14680,63,3782,2026-07-29 19:20,NULL
14681,100,970,2026-07-24 09:54,2026-07-24 11:42
14682,34,3990,2026-07-17 09:46,2026-07-17 10:10
14683,25,3794,2026-07-22 22:20,2026-07-22 23:37
14684,52,9609,2026-07-13 14:58,2026-07-13 15:36
14685,51,2128,2026-07-16 02:41,NULL
14686,65,2627,2026-07-07 08:35,2026-07-07 09:32
14687,46,850,2026-07-28 01:59,NULL
14688,31,3740,2026-07-04 20:24,2026-07-04 21:03
14689,65,7871,2026-07-15 09:06,2026-07-15 09:31
14690,63,6540,2026-07-02 03:37,2026-07-02 05:10
14691,98,4806,2026-07-26 01:17,2026-07-26 02:28
14692,14,1233,2026-07-05 14:19,NULL
14693,73,9445,2026-07-21 20:26,2026-07-21 22:02
14694,37,8711,2026-07-12 17:37,2026-07-12 18:38
14695,50,9351,2026-07-19 02:39,2026-07-19 04:07
14696,74,9807,2026-07-28 23:13,2026-07-29 00:31
14697,99,5620,2026-07-28 02:39,2026-07-28 03:47
14698,68,225,2026-07-19 21:55,2026-07-19 22:34
14699,14,9782,2026-07-25 22:51,2026-07-25 23:30
14700,27,5802,2026-07-07 11:25,2026-07-07 11:55
14701,83,4642,2026-07-16 21:46,2026-07-16 23:18
14702,47,9747,2026-07-06 19:17,2026-07-06 20:56
14703,93,1373,2026-07-20 12:22,2026-07-20 13:35
14704,27,7466,2026-07-21 05:36,2026-07-21 05:51
14705,33,2043,2026-07-08 06:24,NULL
14706,70,21,2026-07-27 20:06,2026-07-27 21:25
14707,76,9896,2026-07-27 14:04,2026-07-27 14:56
14708,1,3090,2026-07-26 08:44,2026-07-26 09:44
14709,55,9880,2026-07-02 12:27,2026-07-02 13:37
14710,52,549,2026-07-27 04:50,2026-07-27 06:02
14711,59,1427,2026-07-23 22:14,2026-07-23 23:55
14712,10,4745,2026-07-19 15:22,2026-07-19 17:11
14713,39,8244,2026-07-11 08:47,2026-07-11 10:39
14714,66,631,2026-07-08 01:44,2026-07-08 02:26
14715,31,4011,2026-07-29 18:51,2026-07-29 20:45
14716,44,8326,2026-07-18 23:18,2026-07-18 23:44
14717,51,4155,2026-07-18 19:44,2026-07-18 20:52
14718,94,3949,2026-07-06 09:14,2026-07-06 10:48
14719,15,3852,2026-07-17 01:42,NULL
14720,64,6275,2026-07-20 23:11,2026-07-21 01:05
14721,13,2503,2026-07-12 04:03,2026-07-12 05:58
14722,41,9336,2026-07-15 16:38,2026-07-15 18:14
14723,37,1590,2026-07-03 00:06,2026-07-03 00:35
14724,81,9193,2026-07-18 14:49,2026-07-18 15:44
14725,54,1282,2026-07-10 09:01,2026-07-10 10:11
14726,9,933,2026-07-28 12:59,2026-07-28 13:09
14727,46,2112,2026-07-23 13:00,2026-07-23 13:17
14728,36,9091,2026-07-04 06:03,2026-07-04 07:36
14729,87,3710,2026-07-20 06:19,2026-07-20 07:09
14730,52,631,2026-07-18 15:39,NULL
14731,62,6778,2026-07-15 21:26,2026-07-15 21:44
14732,43,3946,2026-07-18 05:57,2026-07-18 06:30
14733,60,8882,2026-07-28 05:52,2026-07-28 06:27
14734,69,8911,2026-07-15 18:21,2026-07-15 20:12
14735,45,1368,2026-07-15 07:57,2026-07-15 08:23
14736,43,9144,2026-07-28 22:46,2026-07-28 23:32
14737,28,7320,2026-07-20 17:11,2026-07-20 18:02
14738,24,7362,2026-07-10 06:59,2026-07-10 08:27
14739,29,3969,2026-07-09 06:36,2026-07-09 08:27
14740,67,1281,2026-07-23 03:52,2026-07-23 05:46
14741,93,6100,2026-07-22 18:39,2026-07-22 19:37
14742,56,4796,2026-07-26 09:54,2026-07-26 11:28
14743,82,4245,2026-07-09 17:30,2026-07-09 19:27
14744,53,8760,2026-07-19 23:19,2026-07-20 00:12
14745,32,7717,2026-07-06 19:09,2026-07-06 20:37
14746,62,2325,2026-07-25 23:03,2026-07-25 23:18
14747,99,597,2026-07-18 22:06,NULL
14748,23,4347,2026-07-07 13:27,2026-07-07 13:42
14749,7,5624,2026-07-27 05:19,2026-07-27 05:33
14750,42,7460,2026-07-14 18:18,2026-07-14 18:47
14751,42,6415,2026-07-21 22:13,2026-07-21 22:36
14752,59,6147,2026-07-28 02:37,2026-07-28 03:06
14753,33,1692,2026-07-05 04:58,2026-07-05 06:21
14754,18,694,2026-07-03 22:45,2026-07-03 23:25
14755,95,5526,2026-07-07 07:18,2026-07-07 08:36
14756,97,7436,2026-07-22 12:22,2026-07-22 13:05
14757,24,4272,2026-07-08 23:58,NULL
14758,80,6419,2026-07-03 14:57,2026-07-03 16:23
14759,33,1881,2026-07-09 17:47,2026-07-09 18:11
14760,98,275,2026-07-20 20:10,2026-07-20 22:07
14761,82,685,2026-07-06 15:20,2026-07-06 17:01
14762,6,7997,2026-07-24 11:16,2026-07-24 11:29
14763,43,1141,2026-07-08 18:36,2026-07-08 20:34
14764,69,183,2026-07-20 17:43,2026-07-20 17:53
14765,74,2142,2026-07-08 11:41,2026-07-08 12:26
14766,4,2275,2026-07-02 22:53,2026-07-02 23:58
14767,8,1362,2026-07-12 19:31,2026-07-12 20:26
14768,31,3531,2026-07-15 07:12,2026-07-15 08:32
14769,47,7181,2026-07-08 04:28,2026-07-08 04:51
14770,56,9728,2026-07-19 07:37,2026-07-19 07:55
14771,87,6286,2026-07-01 14:21,2026-07-01 15:53
14772,99,5922,2026-07-17 03:03,NULL
14773,81,6433,2026-07-20 03:40,2026-07-20 05:11
14774,11,9856,2026-07-23 18:43,2026-07-23 20:01
14775,43,8632,2026-07-11 09:59,2026-07-11 11:09
14776,82,84,2026-07-14 15:37,2026-07-14 17:19
14777,51,1036,2026-07-27 21:56,NULL
14778,30,3120,2026-07-01 02:53,2026-07-01 03:43
14779,75,3726,2026-07-21 13:49,2026-07-21 14:52
14780,42,3771,2026-07-18 07:15,2026-07-18 08:37
14781,22,9859,2026-07-01 15:35,2026-07-01 15:54
14782,54,6521,2026-07-09 20:20,2026-07-09 22:09
14783,86,8271,2026-07-29 05:58,2026-07-29 06:18
14784,2,4580,2026-07-27 05:31,2026-07-27 05:45
14785,93,4669,2026-07-22 06:11,2026-07-22 07:50
14786,68,1118,2026-07-02 13:45,2026-07-02 15:36
14787,57,3821,2026-07-11 17:30,2026-07-11 18:08
14788,9,5551,2026-07-18 07:07,2026-07-18 09:06
14789,30,5786,2026-07-12 04:26,2026-07-12 04:41
14790,23,5404,2026-07-25 17:39,2026-07-25 19:03
14791,27,1708,2026-07-26 16:17,2026-07-26 18:14
14792,37,5862,2026-07-21 21:55,NULL
14793,60,6601,2026-07-15 07:41,2026-07-15 08:33
14794,4,3682,2026-07-01 11:07,2026-07-01 11:25
14795,40,483,2026-07-14 10:46,2026-07-14 12:29
14796,77,4213,2026-07-24 21:45,2026-07-24 23:10
14797,70,373,2026-07-05 23:23,2026-07-06 00:51
14798,41,2026,2026-07-17 09:06,2026-07-17 09:38
14799,26,3368,2026-07-06 20:47,2026-07-06 21:36
14800,78,4757,2026-07-05 04:16,2026-07-05 06:02
14801,17,3906,2026-07-08 22:40,2026-07-08 23:04
14802,2,4910,2026-07-18 01:28,2026-07-18 02:53
14803,91,1838,2026-07-22 13:44,2026-07-22 14:53
14804,86,3966,2026-07-28 08:18,2026-07-28 08:54
14805,12,4205,2026-07-08 22:55,2026-07-08 23:32
14806,46,964,2026-07-29 06:18,2026-07-29 07:51
14807,49,3527,2026-07-11 07:07,2026-07-11 08:19
14808,13,7096,2026-07-15 22:38,2026-07-15 23:25
14809,1,5408,2026-07-08 03:36,2026-07-08 05:22
14810,37,7740,2026-07-28 23:12,NULL
14811,77,6293,2026-07-23 02:57,2026-07-23 03:44
14812,84,4118,2026-07-28 20:48,2026-07-28 21:35
14813,49,3779,2026-07-04 10:50,NULL
14814,53,3135,2026-07-18 17:55,2026-07-18 19:31
14815,52,5412,2026-07-26 05:50,2026-07-26 07:24
14816,14,8143,2026-07-17 12:54,2026-07-17 14:43
14817,61,5515,2026-07-27 13:22,2026-07-27 15:12
14818,9,1797,2026-07-05 05:46,2026-07-05 07:14
14819,5,9214,2026-07-08 15:04,NULL
14820,20,6332,2026-07-05 22:46,2026-07-05 22:59
14821,46,4362,2026-07-23 02:52,2026-07-23 04:15
14822,67,9616,2026-07-22 17:54,NULL
14823,88,4604,2026-07-14 05:42,2026-07-14 06:35
14824,52,2056,2026-07-11 08:29,2026-07-11 09:57
14825,42,271,2026-07-04 08:51,2026-07-04 09:01
14826,93,9034,2026-07-23 07:45,2026-07-23 09:38
14827,91,8688,2026-07-02 15:42,2026-07-02 17:34
14828,85,4542,2026-07-08 05:07,2026-07-08 05:48
14829,18,247,2026-07-27 03:28,2026-07-27 04:24
14830,1,1776,2026-07-29 14:17,2026-07-29 15:25
14831,36,5947,2026-07-22 01:57,2026-07-22 02:51
14832,70,6719,2026-07-23 11:48,2026-07-23 12:27
14833,24,7062,2026-07-12 07:33,2026-07-12 08:56
14834,36,970,2026-07-19 23:31,2026-07-20 00:29
14835,99,3933,2026-07-19 20:32,2026-07-19 21:19
14836,41,2504,2026-07-08 10:19,2026-07-08 11:34
14837,38,3853,2026-07-28 21:30,2026-07-28 22:18
14838,63,3499,2026-07-10 10:01,2026-07-10 11:04
14839,85,2767,2026-07-14 00:48,2026-07-14 01:30
14840,26,6068,2026-07-18 09:05,2026-07-18 10:17
14841,16,2432,2026-07-13 05:09,2026-07-13 07:05
14842,97,8453,2026-07-11 19:31,2026-07-11 20:39
14843,4,347,2026-07-11 11:47,NULL
14844,60,2678,2026-07-01 17:25,2026-07-01 18:28
14845,5,4578,2026-07-26 11:12,2026-07-26 12:42
14846,72,2672,2026-07-16 07:26,NULL
14847,55,1941,2026-07-02 06:19,2026-07-02 07:24
14848,67,3124,2026-07-23 16:18,2026-07-23 17:52
14849,64,2531,2026-07-11 20:56,2026-07-11 22:02
14850,26,2441,2026-07-26 16:11,2026-07-26 17:05
14851,76,6353,2026-07-08 03:24,NULL
14852,54,9258,2026-07-07 13:55,2026-07-07 15:32
14853,76,7669,2026-07-17 22:48,2026-07-17 23:40
14854,20,2087,2026-07-30 02:21,2026-07-30 03:28
14855,66,6639,2026-07-30 09:59,2026-07-30 11:42
14856,73,1386,2026-07-13 15:55,2026-07-13 16:15
14857,12,1767,2026-07-07 22:40,2026-07-08 00:06
14858,27,1548,2026-07-28 23:10,NULL
14859,40,9284,2026-07-05 18:14,2026-07-05 18:52
14860,31,4725,2026-07-15 04:58,NULL
14861,19,2196,2026-07-25 17:44,2026-07-25 18:02
14862,28,4622,2026-07-24 01:09,2026-07-24 02:22
14863,80,6420,2026-07-14 17:22,2026-07-14 17:39
14864,41,8410,2026-07-28 06:41,2026-07-28 07:16
14865,58,4797,2026-07-12 00:42,2026-07-12 02:03
14866,36,7367,2026-07-23 11:38,2026-07-23 11:56
14867,72,2042,2026-07-28 07:49,2026-07-28 08:16
14868,72,1064,2026-07-16 19:39,2026-07-16 19:50
14869,74,8014,2026-07-17 09:35,2026-07-17 10:04
14870,52,4915,2026-07-18 13:38,2026-07-18 15:01
14871,15,366,2026-07-28 13:03,2026-07-28 13:31
14872,78,8545,2026-07-27 18:44,NULL
14873,73,5740,2026-07-21 17:25,2026-07-21 18:21
14874,7,6902,2026-07-10 16:13,2026-07-10 16:24
14875,15,9221,2026-07-13 12:34,2026-07-13 13:55
14876,69,8317,2026-07-03 17:02,2026-07-03 18:56
14877,23,3630,2026-07-01 22:58,2026-07-01 23:37
14878,9,9845,2026-07-10 11:37,2026-07-10 12:46
14879,50,264,2026-07-29 15:07,2026-07-29 16:59
14880,59,1048,2026-07-26 23:00,2026-07-27 00:53
14881,91,8214,2026-07-08 17:15,2026-07-08 18:29
14882,72,8624,2026-07-02 19:20,2026-07-02 21:11
14883,7,8484,2026-07-16 05:05,2026-07-16 05:47
14884,97,5563,2026-07-03 19:40,2026-07-03 20:59
14885,13,4033,2026-07-09 04:11,2026-07-09 05:19
14886,57,1769,2026-07-28 17:24,2026-07-28 18:48
14887,40,2773,2026-07-21 05:06,2026-07-21 05:47
14888,51,2017,2026-07-15 13:22,2026-07-15 14:18
14889,46,2299,2026-07-30 18:16,2026-07-30 19:15
14890,78,3005,2026-07-02 21:18,2026-07-02 22:19
14891,18,470,2026-07-23 13:00,2026-07-23 14:53
14892,98,6066,2026-07-08 02:10,2026-07-08 02:39
14893,94,2710,2026-07-06 12:29,2026-07-06 13:24
14894,80,1656,2026-07-24 16:14,2026-07-24 16:46
14895,31,9304,2026-07-01 00:59,2026-07-01 02:35
14896,5,870,2026-07-08 22:45,2026-07-09 00:31
14897,25,7014,2026-07-06 03:15,2026-07-06 05:15
14898,30,5300,2026-07-02 08:33,2026-07-02 08:48
14899,13,3893,2026-07-21 10:17,2026-07-21 11:13
14900,15,5991,2026-07-15 21:42,2026-07-15 23:42
14901,9,7654,2026-07-05 23:08,NULL
14902,8,2002,2026-07-03 18:25,2026-07-03 19:10
14903,15,7713,2026-07-13 19:08,2026-07-13 20:44
14904,91,8809,2026-07-02 13:58,2026-07-02 14:12
14905,74,341,2026-07-20 22:01,2026-07-20 23:15
14906,70,7197,2026-07-10 15:13,NULL
14907,31,8647,2026-07-12 07:10,NULL
14908,58,165,2026-07-20 23:05,2026-07-20 23:54
14909,53,6818,2026-07-26 21:04,2026-07-26 21:40
14910,31,2726,2026-07-19 01:37,2026-07-19 03:06
14911,99,2543,2026-07-26 17:49,2026-07-26 19:01
14912,34,7780,2026-07-24 01:59,2026-07-24 03:28
14913,75,1894,2026-07-17 19:32,NULL
14914,18,9878,2026-07-26 20:02,2026-07-26 20:18
14915,48,9757,2026-07-05 14:33,2026-07-05 15:34
14916,89,2284,2026-07-05 05:14,2026-07-05 05:31
14917,29,7350,2026-07-20 15:54,2026-07-20 16:27
14918,4,6190,2026-07-15 13:30,2026-07-15 14:22
14919,66,6950,2026-07-19 10:21,2026-07-19 11:54
14920,46,640,2026-07-07 22:39,2026-07-08 00:32
14921,65,8857,2026-07-02 20:05,2026-07-02 21:48
14922,34,6353,2026-07-10 07:50,2026-07-10 08:19
14923,91,6366,2026-07-10 06:31,NULL
14924,15,2405,2026-07-04 01:37,2026-07-04 03:14
14925,74,1524,2026-07-21 14:35,2026-07-21 15:34
14926,35,8632,2026-07-08 15:18,2026-07-08 16:37
14927,37,260,2026-07-13 02:59,2026-07-13 04:01
14928,22,1194,2026-07-08 12:23,2026-07-08 13:39
14929,17,4900,2026-07-10 08:51,2026-07-10 10:03
14930,21,7760,2026-07-13 04:56,2026-07-13 06:03
14931,82,9144,2026-07-25 04:01,2026-07-25 05:57
14932,75,4490,2026-07-02 22:16,2026-07-02 23:22
14933,67,4565,2026-07-24 00:48,2026-07-24 01:22
14934,96,4283,2026-07-18 09:36,2026-07-18 11:33
14935,18,9862,2026-07-27 18:36,2026-07-27 19:24
14936,28,5803,2026-07-08 22:38,2026-07-08 23:00
14937,25,568,2026-07-30 14:59,2026-07-30 15:20
14938,78,1259,2026-07-06 18:33,2026-07-06 19:21
14939,65,9357,2026-07-17 06:54,2026-07-17 07:16
14940,50,218,2026-07-23 13:46,2026-07-23 14:30
14941,67,2495,2026-07-19 04:34,2026-07-19 06:27
14942,81,9479,2026-07-25 21:26,2026-07-25 22:17
14943,9,5802,2026-07-13 11:43,NULL
14944,46,5061,2026-07-15 01:18,2026-07-15 01:32
14945,84,3508,2026-07-16 13:10,2026-07-16 13:43
14946,6,2963,2026-07-30 08:48,2026-07-30 09:48
14947,50,4335,2026-07-28 10:32,2026-07-28 11:52
14948,4,3270,2026-07-30 01:04,2026-07-30 02:46
14949,11,975,2026-07-01 00:41,2026-07-01 01:47
14950,12,9248,2026-07-11 20:22,2026-07-11 22:02
14951,46,7762,2026-07-13 09:36,2026-07-13 10:24
14952,45,4619,2026-07-28 19:52,NULL
14953,42,7380,2026-07-09 08:00,2026-07-09 09:27
14954,24,3033,2026-07-23 11:59,2026-07-23 12:49
14955,38,6981,2026-07-11 08:43,NULL
14956,57,1754,2026-07-25 23:38,2026-07-26 01:03
14957,49,521,2026-07-25 23:00,2026-07-25 23:48
14958,98,7927,2026-07-30 23:28,2026-07-30 23:47
14959,13,1627,2026-07-25 05:30,2026-07-25 06:15
14960,2,7393,2026-07-16 11:30,2026-07-16 11:59
14961,91,3533,2026-07-13 04:42,2026-07-13 05:29
14962,17,130,2026-07-10 02:59,2026-07-10 03:10
14963,45,5349,2026-07-06 10:31,2026-07-06 11:32
14964,19,7349,2026-07-24 18:27,2026-07-24 18:54
14965,40,5732,2026-07-06 22:42,2026-07-06 23:14
14966,96,4839,2026-07-01 02:37,2026-07-01 04:12
14967,8,739,2026-07-19 07:41,2026-07-19 09:04
14968,74,5581,2026-07-23 00:44,2026-07-23 02:39
14969,86,8439,2026-07-11 11:39,2026-07-11 12:04
14970,77,29,2026-07-18 09:33,2026-07-18 10:57
14971,74,5261,2026-07-02 14:04,2026-07-02 15:10
14972,62,1690,2026-07-21 08:19,2026-07-21 09:22
14973,86,8527,2026-07-23 04:18,2026-07-23 05:25
14974,35,1676,2026-07-08 23:17,2026-07-09 01:13
14975,24,4110,2026-07-14 12:25,NULL
14976,17,9900,2026-07-22 15:28,2026-07-22 15:58
14977,28,2921,2026-07-04 13:13,2026-07-04 13:54
14978,29,4132,2026-07-12 07:59,2026-07-12 08:22
14979,27,349,2026-07-21 16:13,2026-07-21 17:38
14980,29,6614,2026-07-07 04:50,2026-07-07 05:54
14981,34,2220,2026-07-06 21:17,2026-07-06 23:15
14982,51,5312,2026-07-10 18:36,2026-07-10 19:46
14983,72,785,2026-07-16 00:37,2026-07-16 02:12
14984,19,9824,2026-07-11 14:05,2026-07-11 14:36
14985,39,1691,2026-07-29 18:36,2026-07-29 19:22
14986,31,1593,2026-07-03 06:27,2026-07-03 08:03
14987,42,291,2026-07-14 16:35,2026-07-14 17:28
14988,93,6560,2026-07-14 03:47,2026-07-14 04:27
14989,58,1964,2026-07-25 13:39,2026-07-25 14:28
14990,52,2260,2026-07-22 11:57,2026-07-22 13:23
14991,21,6884,2026-07-17 04:12,2026-07-17 05:38
14992,82,7708,2026-07-13 00:05,NULL
14993,61,4559,2026-07-15 13:25,2026-07-15 14:25
14994,86,6099,2026-07-01 20:15,2026-07-01 20:57
14995,8,9964,2026-07-25 16:00,2026-07-25 17:03
14996,90,6838,2026-07-17 15:10,NULL
14997,36,1056,2026-07-27 09:13,2026-07-27 09:33
14998,56,1042,2026-07-04 14:50,NULL
14999,37,6490,2026-07-06 21:16,2026-07-06 21:57
15000,95,7899,2026-07-01 16:46,2026-07-01 18:42
